pair_id,story_a_id,story_b_id,ok,error,num_events_a,num_events_b,num_matches,D_alignment,alignment_similarity,D_semantic,semantic_similarity,pred_event_rating_mean_joint
1x53zg__4g4wtc,1x53zg,4g4wtc,True,,2,3,2,0.3333333333333333,0.6666666666666667,0.4224654445424676,0.5775345554575324,2.2570928546751228
9rprs0__3986p3,9rprs0,3986p3,True,,2,1,0,1.0,0.0,1.0,0.0,1.583
5w3bgs__7au7vs,5w3bgs,7au7vs,True,,1,6,0,1.0,0.0,1.0,0.0,1.583
3w07bi__6iaas5,3w07bi,6iaas5,True,,5,5,0,1.0,0.0,1.0,0.0,1.583
2schv9__3wqhqs,2schv9,3wqhqs,True,,5,5,1,0.8,0.19999999999999996,0.4996474757499527,0.5003525242500473,2.090699222397119
3j10zp__9emwqh,3j10zp,9emwqh,True,,5,6,0,1.0,0.0,1.0,0.0,1.583
1ac7q4__32imuk,1ac7q4,32imuk,True,,3,6,0,1.0,0.0,1.0,0.0,1.583
5o26o4__7elzya,5o26o4,7elzya,True,,4,2,1,0.6666666666666666,0.33333333333333337,0.3901929333806038,0.6098070666193962,2.2198654861825204
8ge2ek__25ro35,8ge2ek,25ro35,True,,6,4,0,1.0,0.0,1.0,0.0,1.583
1rc1no__2v9w6p,1rc1no,2v9w6p,True,,1,2,0,1.0,0.0,1.0,0.0,1.583
8i9lfg__8njvt9,8i9lfg,8njvt9,True,,5,5,2,0.6363636363636364,0.36363636363636365,0.32442861795425415,0.6755713820457458,2.287407022783431
4gzg7v__2mevbz,4gzg7v,2mevbz,True,,1,1,0,1.0,0.0,1.0,0.0,1.583
5bjvga__y42hw,5bjvga,y42hw,True,,2,2,0,1.0,0.0,1.0,0.0,1.583
29ua8m__8n3mjd,29ua8m,8n3mjd,True,,2,7,0,1.0,0.0,1.0,0.0,1.583
9dzpzz__29jih0,9dzpzz,29jih0,True,,3,3,0,1.0,0.0,1.0,0.0,1.583
1as6r9__y42hw,1as6r9,y42hw,True,,2,2,0,1.0,0.0,1.0,0.0,1.583
3fp0de__96kqec,3fp0de,96kqec,True,,3,2,0,1.0,0.0,1.0,0.0,1.583
8jdjf5__353ue6,8jdjf5,353ue6,True,,8,5,2,0.6428571428571429,0.3571428571428571,0.3643919304013252,0.6356080695986748,2.2487729476267737
1wbauw__4i5p4t,1wbauw,4i5p4t,True,,5,3,0,1.0,0.0,1.0,0.0,1.583
9xjd3x__971q3u,9xjd3x,971q3u,True,,4,7,1,0.8181818181818182,0.18181818181818177,0.3745671212673187,0.6254328787326813,2.203837219993906
8l326g__2zjyg6,8l326g,2zjyg6,True,,2,4,0,1.0,0.0,1.0,0.0,1.583
3buckq__3l39lv,3buckq,3l39lv,True,,3,3,1,0.6666666666666666,0.33333333333333337,0.362093523144722,0.637906476855278,2.246107525401811
1415p2__1sjl2f,1415p2,1sjl2f,True,,7,2,0,1.0,0.0,1.0,0.0,1.583
1y1mz7__2ff1of,1y1mz7,2ff1of,True,,2,3,0,1.0,0.0,1.0,0.0,1.583
502drk__6tyozg,502drk,6tyozg,True,,3,2,0,1.0,0.0,1.0,0.0,1.583
5ehdls__2msnfr,5ehdls,2msnfr,True,,2,3,0,1.0,0.0,1.0,0.0,1.583
29q3hn__4y12yp,29q3hn,4y12yp,True,,2,3,1,0.6,0.4,0.3434271365404129,0.6565728634595871,2.2770133971849082
2xea49__38kilh,2xea49,38kilh,True,,7,6,0,1.0,0.0,1.0,0.0,1.583
7f5ora__3lvuz1,7f5ora,3lvuz1,True,,6,5,0,1.0,0.0,1.0,0.0,1.583
37rh73__5fhgl8,37rh73,5fhgl8,True,,7,5,0,1.0,0.0,1.0,0.0,1.583
5izors__2mfhiq,5izors,2mfhiq,True,,3,2,0,1.0,0.0,1.0,0.0,1.583
2wge7k__2fskc9,2wge7k,2fskc9,True,,11,7,0,1.0,0.0,1.0,0.0,1.583
8gsnbq__9964bf,8gsnbq,9964bf,True,,3,4,0,1.0,0.0,1.0,0.0,1.583
2oj1pl__28fdxn,2oj1pl,28fdxn,True,,4,3,1,0.7142857142857143,0.2857142857142857,0.3924058750271797,0.6075941249728203,2.208175010454974
1h06fn__1ojy01,1h06fn,1ojy01,True,,4,2,0,1.0,0.0,1.0,0.0,1.583
5yscw5__2xg8ik,5yscw5,2xg8ik,True,,7,7,0,1.0,0.0,1.0,0.0,1.583
1gk4tx__6xr1jp,1gk4tx,6xr1jp,True,,7,4,0,1.0,0.0,1.0,0.0,1.583
37j2ct__3891sp,37j2ct,3891sp,True,,1,5,1,0.6666666666666666,0.33333333333333337,0.3823105990886688,0.6176894009113312,2.2272267981777585
1izgna__683kfz,1izgna,683kfz,True,,4,4,0,1.0,0.0,1.0,0.0,1.583
2skg8w__91wjn1,2skg8w,91wjn1,True,,3,2,0,1.0,0.0,1.0,0.0,1.583
3hcjac__6xueqq,3hcjac,6xueqq,True,,2,4,0,1.0,0.0,1.0,0.0,1.583
1772fd__21gfms,1772fd,21gfms,True,,2,3,0,1.0,0.0,1.0,0.0,1.583
39iaxb__326riq,39iaxb,326riq,True,,2,2,2,0.0,1.0,0.43675824254751205,0.563241757452488,2.3111114772848786
9fn4bl__91gste,9fn4bl,91gste,True,,4,5,0,1.0,0.0,1.0,0.0,1.583
2bg6b2__8ochrf,2bg6b2,8ochrf,True,,2,5,0,1.0,0.0,1.0,0.0,1.583
1elmr1__4uxety,1elmr1,4uxety,True,,1,5,1,0.6666666666666666,0.33333333333333337,0.36674171686172485,0.6332582831382751,2.2417665772895017
33u714__6wpmy8,33u714,6wpmy8,True,,5,2,0,1.0,0.0,1.0,0.0,1.583
3iaoho__30u5ne,3iaoho,30u5ne,True,,3,1,0,1.0,0.0,1.0,0.0,1.583
90vqpv__9ah10q,90vqpv,9ah10q,True,,2,1,0,1.0,0.0,1.0,0.0,1.583
5m4jaf__7bn63c,5m4jaf,7bn63c,True,,5,4,4,0.13333333333333333,0.8666666666666667,0.40380167309194803,0.596198326908052,2.314942950832763
3mao95__66ch5s,3mao95,66ch5s,True,,4,5,0,1.0,0.0,1.0,0.0,1.583
1re5gy__4jrscz,1re5gy,4jrscz,True,,3,2,0,1.0,0.0,1.0,0.0,1.583
phdv7__83l8xu,phdv7,83l8xu,True,,2,2,0,1.0,0.0,1.0,0.0,1.583
53azlv__1hhf0a,53azlv,1hhf0a,True,,5,2,0,1.0,0.0,1.0,0.0,1.583
1tehkn__55ax7u,1tehkn,55ax7u,True,,5,1,0,1.0,0.0,1.0,0.0,1.583
3o1w3s__63qo85,3o1w3s,63qo85,True,,2,2,0,1.0,0.0,1.0,0.0,1.583
3hge8r__3m71t9,3hge8r,3m71t9,True,,5,7,0,1.0,0.0,1.0,0.0,1.583
887vxr__2jefth,887vxr,2jefth,True,,2,1,0,1.0,0.0,1.0,0.0,1.583
2fdrv3__88gqbg,2fdrv3,88gqbg,True,,3,2,0,1.0,0.0,1.0,0.0,1.583
333pog__9xuf51,333pog,9xuf51,True,,3,13,2,0.5,0.5,0.37151932567358015,0.6284806743264199,2.2709881017534435
27u6yl__5i7ich,27u6yl,5i7ich,True,,4,10,0,1.0,0.0,1.0,0.0,1.583
9wm7uw__8slz1u,9wm7uw,8slz1u,True,,4,3,0,1.0,0.0,1.0,0.0,1.583
3yuepy__3jaewk,3yuepy,3jaewk,True,,2,2,0,1.0,0.0,1.0,0.0,1.583
9iorwv__6ex4v1,9iorwv,6ex4v1,True,,5,3,0,1.0,0.0,1.0,0.0,1.583
19xpm3__3986p3,19xpm3,3986p3,True,,2,1,0,1.0,0.0,1.0,0.0,1.583
1g7odx__8wv9n9,1g7odx,8wv9n9,True,,3,5,0,1.0,0.0,1.0,0.0,1.583
9buvtz__4sex1x,9buvtz,4sex1x,True,,5,2,0,1.0,0.0,1.0,0.0,1.583
6tah0m__514yvt,6tah0m,514yvt,True,,1,4,0,1.0,0.0,1.0,0.0,1.583
67aiaq__3n6qh1,67aiaq,3n6qh1,True,,4,1,0,1.0,0.0,1.0,0.0,1.583
39elx7__7fjspz,39elx7,7fjspz,True,,4,4,0,1.0,0.0,1.0,0.0,1.583
9yz9ba__5csrb0,9yz9ba,5csrb0,True,,3,4,0,1.0,0.0,1.0,0.0,1.583
2khn79__5oezne,2khn79,5oezne,True,,4,7,0,1.0,0.0,1.0,0.0,1.583
37n97t__8a5r0w,37n97t,8a5r0w,True,,4,7,0,1.0,0.0,1.0,0.0,1.583
87btxe__23kgs6,87btxe,23kgs6,True,,4,1,0,1.0,0.0,1.0,0.0,1.583
8ixe7x__7bw8f0,8ixe7x,7bw8f0,True,,2,3,1,0.3333333333333333,0.6666666666666667,0.3195294439792633,0.6804705560207367,2.3532247856010993
4p094x__46lr6r,4p094x,46lr6r,True,,3,2,0,1.0,0.0,1.0,0.0,1.583
8720ac__94kczb,8720ac,94kczb,True,,3,3,0,1.0,0.0,1.0,0.0,1.583
9ncfn1__30h4rd,9ncfn1,30h4rd,True,,1,6,0,1.0,0.0,1.0,0.0,1.583
4qe1wr__3hdhbh,4qe1wr,3hdhbh,True,,4,6,2,0.2,0.8,0.4401460520923138,0.5598539479076863,2.267527601950988
3hjon8__xxoyg,3hjon8,xxoyg,True,,8,3,1,0.8181818181818182,0.18181818181818177,0.30766867101192474,0.6923313289880753,2.266313682687418
2lbtw2__9upmxa,2lbtw2,9upmxa,True,,4,8,4,0.14814814814814814,0.8518518518518519,0.36026203880707425,0.6397379611929257,2.3526105412173326
87l9et__5kygn0,87l9et,5kygn0,True,,4,3,0,1.0,0.0,1.0,0.0,1.583
2jwrj2__6vofg7,2jwrj2,6vofg7,True,,3,1,0,1.0,0.0,1.0,0.0,1.583
6y69hj__74tfh8,6y69hj,74tfh8,True,,5,5,0,1.0,0.0,1.0,0.0,1.583
30a38r__9kxk5t,30a38r,9kxk5t,True,,8,2,0,1.0,0.0,1.0,0.0,1.583
3yv1k4__59087l,3yv1k4,59087l,True,,3,4,2,0.375,0.625,0.41340313479304314,0.5865968652069569,2.257135312416777
30n3q1__3i8xmg,30n3q1,3i8xmg,True,,7,3,0,1.0,0.0,1.0,0.0,1.583
6mx77z__3s5l2e,6mx77z,3s5l2e,True,,6,4,0,1.0,0.0,1.0,0.0,1.583
3ac45f__6itpob,3ac45f,6itpob,True,,5,4,1,0.7777777777777778,0.2222222222222222,0.4703967086970806,0.5296032913029194,2.1225076248589074
25o4ua__7dhsaf,25o4ua,7dhsaf,True,,2,3,0,1.0,0.0,1.0,0.0,1.583
2tk1fa__54wp4l,2tk1fa,54wp4l,True,,3,6,2,0.5,0.5,0.44858518242836,0.55141481757164,2.1990162981301546
2u7osc__79whkn,2u7osc,79whkn,True,,6,3,0,1.0,0.0,1.0,0.0,1.583
8ti1e1__93sdjk,8ti1e1,93sdjk,True,,2,2,0,1.0,0.0,1.0,0.0,1.583
1tedbh__5kygn0,1tedbh,5kygn0,True,,3,3,0,1.0,0.0,1.0,0.0,1.583
9kaxbv__4wox7e,9kaxbv,4wox7e,True,,2,1,0,1.0,0.0,1.0,0.0,1.583
2tkhnt__74r1qc,2tkhnt,74r1qc,True,,4,2,0,1.0,0.0,1.0,0.0,1.583
73qhpq__8t3kbl,73qhpq,8t3kbl,True,,4,5,0,1.0,0.0,1.0,0.0,1.583
334ntb__68j3ss,334ntb,68j3ss,True,,7,5,3,0.4666666666666667,0.5333333333333333,0.35973264028628665,0.6402673597137134,2.2887323539033035
6s8bz6__78879g,6s8bz6,78879g,True,,8,3,0,1.0,0.0,1.0,0.0,1.583
9bw365__2pig0s,9bw365,2pig0s,True,,4,5,0,1.0,0.0,1.0,0.0,1.583
5csypo__3duaos,5csypo,3duaos,True,,1,9,0,1.0,0.0,1.0,0.0,1.583
9xvf4a__94xwcr,9xvf4a,94xwcr,True,,4,6,1,0.8,0.19999999999999996,0.3655136525630951,0.6344863474369049,2.2159667998713255
5q2c2k__2ukxv9,5q2c2k,2ukxv9,True,,3,5,1,0.75,0.25,0.4087093248963356,0.5912906751036644,2.185731361479312
307bvy__3wpg9w,307bvy,3wpg9w,True,,3,8,3,0.35714285714285715,0.6428571428571428,0.4089175599316756,0.5910824400683243,2.2649333193512367
281acy__3p4nzv,281acy,3p4nzv,True,,3,5,0,1.0,0.0,1.0,0.0,1.583
6hqo8q__6pcbnk,6hqo8q,6pcbnk,True,,8,4,1,0.8333333333333334,0.16666666666666663,0.3704075366258621,0.6295924633741379,2.2046597348784407
21a18i__3fo7q3,21a18i,3fo7q3,True,,6,4,0,1.0,0.0,1.0,0.0,1.583
51zpzl__96stdq,51zpzl,96stdq,True,,2,2,0,1.0,0.0,1.0,0.0,1.583
57l6sk__9j9f3q,57l6sk,9j9f3q,True,,5,4,0,1.0,0.0,1.0,0.0,1.583
28r9cz__2lnilb,28r9cz,2lnilb,True,,7,6,4,0.47368421052631576,0.5263157894736843,0.42000481206923723,0.5799951879307628,2.2310259270611708
5fnht8__5ry23k,5fnht8,5ry23k,True,,3,6,0,1.0,0.0,1.0,0.0,1.583
3uykt9__5fmwkk,3uykt9,5fmwkk,True,,5,4,1,0.7777777777777778,0.2222222222222222,0.37342655658721924,0.6265734434127808,2.213068049914307
3w3rbr__6jl42e,3w3rbr,6jl42e,True,,3,3,0,1.0,0.0,1.0,0.0,1.583
3hvkpb__971u5n,3hvkpb,971u5n,True,,9,1,0,1.0,0.0,1.0,0.0,1.583
5zgub0__3l0qyk,5zgub0,3l0qyk,True,,6,1,0,1.0,0.0,1.0,0.0,1.583
8dl6rp__9ho75i,8dl6rp,9ho75i,True,,6,5,0,1.0,0.0,1.0,0.0,1.583
30zdwx__2v5zur,30zdwx,2v5zur,True,,4,8,0,1.0,0.0,1.0,0.0,1.583
4sk00f__qaok7,4sk00f,qaok7,True,,2,2,0,1.0,0.0,1.0,0.0,1.583
6uj5wx__4k97ji,6uj5wx,4k97ji,True,,5,1,0,1.0,0.0,1.0,0.0,1.583
32mrno__586qfg,32mrno,586qfg,True,,3,3,0,1.0,0.0,1.0,0.0,1.583
3t239x__4h7pj3,3t239x,4h7pj3,True,,2,4,0,1.0,0.0,1.0,0.0,1.583
56l0kx__3sav5t,56l0kx,3sav5t,True,,1,7,0,1.0,0.0,1.0,0.0,1.583
2ylksx__99mq9j,2ylksx,99mq9j,True,,2,3,0,1.0,0.0,1.0,0.0,1.583
5gfmt7__2e5m9c,5gfmt7,2e5m9c,True,,2,5,0,1.0,0.0,1.0,0.0,1.583
4brvbf__26k4yj,4brvbf,26k4yj,True,,3,3,0,1.0,0.0,1.0,0.0,1.583
2i21zx__7dif2o,2i21zx,7dif2o,True,,3,3,3,0.1111111111111111,0.8888888888888888,0.37740552177031833,0.6225944782296817,2.344085427663144
30nstm__2mevbz,30nstm,2mevbz,True,,6,1,1,0.7142857142857143,0.2857142857142857,0.33121804893016815,0.6687819510698318,2.2653183212469727
3ny3ow__3dxcyw,3ny3ow,3dxcyw,True,,4,1,0,1.0,0.0,1.0,0.0,1.583
8u968j__1v0jia,8u968j,1v0jia,True,,2,4,0,1.0,0.0,1.0,0.0,1.583
2jygpe__v4w8g,2jygpe,v4w8g,True,,3,7,0,1.0,0.0,1.0,0.0,1.583
33n861__6dpbhl,33n861,6dpbhl,True,,5,3,1,0.75,0.25,0.3358190804719925,0.6641809195280075,2.253803560747206
312pfc__9ah10q,312pfc,9ah10q,True,,3,1,0,1.0,0.0,1.0,0.0,1.583
9gfoe6__5yaz9g,9gfoe6,5yaz9g,True,,1,1,0,1.0,0.0,1.0,0.0,1.583
4u8v3k__3d80pf,4u8v3k,3d80pf,True,,1,4,0,1.0,0.0,1.0,0.0,1.583
9593yh__1fjwp6,9593yh,1fjwp6,True,,2,3,0,1.0,0.0,1.0,0.0,1.583
937jwv__7dib0y,937jwv,7dib0y,True,,1,3,0,1.0,0.0,1.0,0.0,1.583
3dnymz__2t6v9q,3dnymz,2t6v9q,True,,4,6,0,1.0,0.0,1.0,0.0,1.583
30pa3a__2jw2ta,30pa3a,2jw2ta,True,,6,1,0,1.0,0.0,1.0,0.0,1.583
1r22cq__9liiq9,1r22cq,9liiq9,True,,4,2,0,1.0,0.0,1.0,0.0,1.583
26mztu__3n9ewr,26mztu,3n9ewr,True,,3,3,1,0.6666666666666666,0.33333333333333337,0.39017415046691895,0.609825849533081,2.219883027545611
73qhpq__7n1jw5,73qhpq,7n1jw5,True,,4,7,0,1.0,0.0,1.0,0.0,1.583
8kwkop__259dar,8kwkop,259dar,True,,5,2,0,1.0,0.0,1.0,0.0,1.583
8ti1e1__9xb7rw,8ti1e1,9xb7rw,True,,2,4,2,0.42857142857142855,0.5714285714285714,0.3818509876728058,0.6181490123271942,2.2757750768980807
898xwh__8o7cco,898xwh,8o7cco,True,,3,3,1,0.6666666666666666,0.33333333333333337,0.34373559057712555,0.6562644094228745,2.263251998626689
3vzbyj__1hko3z,3vzbyj,1hko3z,True,,4,7,0,1.0,0.0,1.0,0.0,1.583
3wwf29__3oo97a,3wwf29,3oo97a,True,,3,1,0,1.0,0.0,1.0,0.0,1.583
1bplco__25bpf5,1bplco,25bpf5,True,,8,3,0,1.0,0.0,1.0,0.0,1.583
9uhpcm__3reprk,9uhpcm,3reprk,True,,6,4,1,0.8,0.19999999999999996,0.45275823399424553,0.5472417660057545,2.134489085272774
8v1xps__62n803,8v1xps,62n803,True,,5,5,0,1.0,0.0,1.0,0.0,1.583
2uzdy9__4llf7y,2uzdy9,4llf7y,True,,4,5,2,0.5,0.5,0.48551164974924177,0.5144883502507582,2.1645306702991833
3j8e0o__3fnfij,3j8e0o,3fnfij,True,,3,6,0,1.0,0.0,1.0,0.0,1.583
5czknh__91k0re,5czknh,91k0re,True,,2,1,0,1.0,0.0,1.0,0.0,1.583
1aw3go__3lig2p,1aw3go,3lig2p,True,,3,2,2,0.3333333333333333,0.6666666666666667,0.17277856171131134,0.8272214382886887,2.4902754345511395
95zhsi__6g7k9q,95zhsi,6g7k9q,True,,1,3,0,1.0,0.0,1.0,0.0,1.583
9cpvnj__41y82h,9cpvnj,41y82h,True,,4,2,0,1.0,0.0,1.0,0.0,1.583
44vthc__99isuk,44vthc,99isuk,True,,7,3,0,1.0,0.0,1.0,0.0,1.583
3a8bv6__3nwle2,3a8bv6,3nwle2,True,,3,3,1,0.6666666666666666,0.33333333333333337,0.290315642952919,0.709684357047081,2.3131408877129354
5pl7ai__2jf5xj,5pl7ai,2jf5xj,True,,1,3,0,1.0,0.0,1.0,0.0,1.583
2rxfxj__9y4moo,2rxfxj,9y4moo,True,,2,2,0,1.0,0.0,1.0,0.0,1.583
2khn79__5kcz6s,2khn79,5kcz6s,True,,4,3,0,1.0,0.0,1.0,0.0,1.583
33n861__9y4woq,33n861,9y4woq,True,,5,6,0,1.0,0.0,1.0,0.0,1.583
3g02hj__4zucna,3g02hj,4zucna,True,,5,3,0,1.0,0.0,1.0,0.0,1.583
2f8mdj__3c0itn,2f8mdj,3c0itn,True,,2,3,0,1.0,0.0,1.0,0.0,1.583
8mt5pb__9y8e9j,8mt5pb,9y8e9j,True,,12,7,0,1.0,0.0,1.0,0.0,1.583
2906qd__3kuy1d,2906qd,3kuy1d,True,,6,2,0,1.0,0.0,1.0,0.0,1.583
2t442r__76u4lw,2t442r,76u4lw,True,,3,6,0,1.0,0.0,1.0,0.0,1.583
26eo14__wobgi,26eo14,wobgi,True,,4,3,0,1.0,0.0,1.0,0.0,1.583
3bprbv__4fprls,3bprbv,4fprls,True,,2,3,2,0.16666666666666666,0.8333333333333334,0.3551637940108776,0.6448362059891224,2.353629199439908
3vwlke__7b8oiq,3vwlke,7b8oiq,True,,5,2,0,1.0,0.0,1.0,0.0,1.583
297i60__1zr9bd,297i60,1zr9bd,True,,5,2,0,1.0,0.0,1.0,0.0,1.583
8fwgjm__3d9znn,8fwgjm,3d9znn,True,,6,2,1,0.5555555555555556,0.4444444444444444,0.2953210175037384,0.7046789824962616,2.330921923975481
8ak3s0__34esxc,8ak3s0,34esxc,True,,7,6,0,1.0,0.0,1.0,0.0,1.583
607n1w__5omf8l,607n1w,5omf8l,True,,2,2,0,1.0,0.0,1.0,0.0,1.583
9epbwo__2thezp,9epbwo,2thezp,True,,4,9,0,1.0,0.0,1.0,0.0,1.583
1ezsgy__94fbfu,1ezsgy,94fbfu,True,,4,4,1,0.75,0.25,0.39194372296333313,0.6080562770366669,2.201388757124543
1x261u__2lxexs,1x261u,2lxexs,True,,2,8,0,1.0,0.0,1.0,0.0,1.583
6yvln9__2idacb,6yvln9,2idacb,True,,6,6,2,0.6153846153846154,0.3846153846153846,0.3358462192118168,0.6641537807881832,2.280983985108853
4jtzoj__942lt5,4jtzoj,942lt5,True,,7,2,1,0.7777777777777778,0.2222222222222222,0.2480689287185669,0.7519310712814331,2.330139538580841
2rrz5d__1vkqoy,2rrz5d,1vkqoy,True,,5,7,0,1.0,0.0,1.0,0.0,1.583
8acyid__79l5xe,8acyid,79l5xe,True,,4,3,2,0.5,0.5,0.4057380445301533,0.5942619554698467,2.23903124021329
2jzjhl__3gs2z3,2jzjhl,3gs2z3,True,,1,2,0,1.0,0.0,1.0,0.0,1.583
4hz1cj__4pbny1,4hz1cj,4pbny1,True,,3,2,0,1.0,0.0,1.0,0.0,1.583
34qay8__106tz1,34qay8,106tz1,True,,2,7,0,1.0,0.0,1.0,0.0,1.583
8y7ito__8mdkbb,8y7ito,8mdkbb,True,,5,1,0,1.0,0.0,1.0,0.0,1.583
95rrwx__6ii4hn,95rrwx,6ii4hn,True,,5,3,1,0.75,0.25,0.3787987381219864,0.6212012618780136,2.213664858467877
3qk2e2__3cizzd,3qk2e2,3cizzd,True,,2,6,0,1.0,0.0,1.0,0.0,1.583
8k0l33__39q2p2,8k0l33,39q2p2,True,,4,3,0,1.0,0.0,1.0,0.0,1.583
3yv7bv__6pzim7,3yv7bv,6pzim7,True,,4,6,0,1.0,0.0,1.0,0.0,1.583
3acvgm__9b2exw,3acvgm,9b2exw,True,,5,1,0,1.0,0.0,1.0,0.0,1.583
1x3c9s__91a2q1,1x3c9s,91a2q1,True,,3,6,0,1.0,0.0,1.0,0.0,1.583
92as36__9lzoxi,92as36,9lzoxi,True,,2,4,0,1.0,0.0,1.0,0.0,1.583
428fod__8dcey9,428fod,8dcey9,True,,3,5,0,1.0,0.0,1.0,0.0,1.583
3ghq0f__7he666,3ghq0f,7he666,True,,2,2,0,1.0,0.0,1.0,0.0,1.583
5e193z__27lcsm,5e193z,27lcsm,True,,3,3,0,1.0,0.0,1.0,0.0,1.583
1whvet__7e7lur,1whvet,7e7lur,True,,3,4,0,1.0,0.0,1.0,0.0,1.583
3iziu2__3qlbez,3iziu2,3qlbez,True,,4,1,0,1.0,0.0,1.0,0.0,1.583
3lih95__2uzdy9,3lih95,2uzdy9,True,,2,4,1,0.6666666666666666,0.33333333333333337,0.4022912234067917,0.5977087765932083,2.2085668931270637
3m2m8j__3akf5s,3m2m8j,3akf5s,True,,2,8,0,1.0,0.0,1.0,0.0,1.583
35g4j0__5xztwj,35g4j0,5xztwj,True,,1,5,0,1.0,0.0,1.0,0.0,1.583
3s5jsu__4uxoo7,3s5jsu,4uxoo7,True,,3,8,0,1.0,0.0,1.0,0.0,1.583
2xg450__4ykgvj,2xg450,4ykgvj,True,,4,2,0,1.0,0.0,1.0,0.0,1.583
4c14gd__6ijoy3,4c14gd,6ijoy3,True,,1,3,0,1.0,0.0,1.0,0.0,1.583
h38y4__4vum09,h38y4,4vum09,True,,2,3,1,0.6,0.4,0.4316943287849426,0.5683056712150574,2.194580666347742
38hxgf__8fp2sv,38hxgf,8fp2sv,True,,6,2,0,1.0,0.0,1.0,0.0,1.583
5kuayt__2wce6b,5kuayt,2wce6b,True,,4,1,0,1.0,0.0,1.0,0.0,1.583
3gqkb2__3sz3r7,3gqkb2,3sz3r7,True,,2,7,1,0.7777777777777778,0.2222222222222222,0.3863506615161896,0.6136493384838104,2.200998228321142
3sz3r7__34ooeq,3sz3r7,34ooeq,True,,7,6,0,1.0,0.0,1.0,0.0,1.583
3s5jsu__53yi05,3s5jsu,53yi05,True,,3,11,0,1.0,0.0,1.0,0.0,1.583
8spe0d__3mllmu,8spe0d,3mllmu,True,,5,3,0,1.0,0.0,1.0,0.0,1.583
2wb42l__9e9j61,2wb42l,9e9j61,True,,1,6,0,1.0,0.0,1.0,0.0,1.583
fue5h__5gn8mw,fue5h,5gn8mw,True,,2,5,0,1.0,0.0,1.0,0.0,1.583
26aywh__9268xx,26aywh,9268xx,True,,2,6,0,1.0,0.0,1.0,0.0,1.583
2n08s9__1uqutz,2n08s9,1uqutz,True,,5,4,0,1.0,0.0,1.0,0.0,1.583
9dzpzz__2mfukj,9dzpzz,2mfukj,True,,3,3,0,1.0,0.0,1.0,0.0,1.583
3hw2s6__2pl8b3,3hw2s6,2pl8b3,True,,4,4,3,0.2727272727272727,0.7272727272727273,0.36131219814221066,0.6386878018577893,2.3264523563368074
4sk860__4vwu63,4sk860,4vwu63,True,,3,6,0,1.0,0.0,1.0,0.0,1.583
1mvj6s__8d78fl,1mvj6s,8d78fl,True,,6,4,0,1.0,0.0,1.0,0.0,1.583
8tf0i8__3awsyk,8tf0i8,3awsyk,True,,4,3,0,1.0,0.0,1.0,0.0,1.583
66kck1__93nlcp,66kck1,93nlcp,True,,3,4,0,1.0,0.0,1.0,0.0,1.583
13z2e9__87l9et,13z2e9,87l9et,True,,4,4,0,1.0,0.0,1.0,0.0,1.583
3r06wf__9qutv2,3r06wf,9qutv2,True,,3,10,0,1.0,0.0,1.0,0.0,1.583
3a8924__2pq65b,3a8924,2pq65b,True,,4,3,2,0.375,0.625,0.3740534782409668,0.6259465217590332,2.293883956670761
4jj4xb__5v975j,4jj4xb,5v975j,True,,4,5,1,0.7777777777777778,0.2222222222222222,0.34130237996578217,0.6586976200342178,2.243068818461067
8szlbk__19havq,8szlbk,19havq,True,,3,2,0,1.0,0.0,1.0,0.0,1.583
2ejscn__7bvsnl,2ejscn,7bvsnl,True,,3,12,0,1.0,0.0,1.0,0.0,1.583
9asfmg__74yb1r,9asfmg,74yb1r,True,,4,2,0,1.0,0.0,1.0,0.0,1.583
32mgmz__5upgp2,32mgmz,5upgp2,True,,4,1,0,1.0,0.0,1.0,0.0,1.583
1c8xxq__9yc5cc,1c8xxq,9yc5cc,True,,3,9,1,0.5333333333333333,0.4666666666666667,0.4361694020529588,0.5638305979470413,2.203874728756075
92e43u__3jo8p6,92e43u,3jo8p6,True,,7,5,0,1.0,0.0,1.0,0.0,1.583
68mv2n__94ey40,68mv2n,94ey40,True,,4,4,0,1.0,0.0,1.0,0.0,1.583
282v1z__4qt2lw,282v1z,4qt2lw,True,,5,3,0,1.0,0.0,1.0,0.0,1.583
8j5a3t__6ge0a3,8j5a3t,6ge0a3,True,,2,3,0,1.0,0.0,1.0,0.0,1.583
331kgg__8oo1h0,331kgg,8oo1h0,True,,4,8,0,1.0,0.0,1.0,0.0,1.583
6fjgx0__3tqjke,6fjgx0,3tqjke,True,,7,4,0,1.0,0.0,1.0,0.0,1.583
8hf28l__53zp22,8hf28l,53zp22,True,,3,1,0,1.0,0.0,1.0,0.0,1.583
9mwkfr__3d351o,9mwkfr,3d351o,True,,2,2,0,1.0,0.0,1.0,0.0,1.583
6ecb9i__9q7zgy,6ecb9i,9q7zgy,True,,2,6,0,1.0,0.0,1.0,0.0,1.583
3r8l7h__8zpq1u,3r8l7h,8zpq1u,True,,6,5,0,1.0,0.0,1.0,0.0,1.583
36hncq__3jgl49,36hncq,3jgl49,True,,1,5,0,1.0,0.0,1.0,0.0,1.583
31l0p1__3ipv73,31l0p1,3ipv73,True,,6,2,0,1.0,0.0,1.0,0.0,1.583
6hif0h__2xu5hi,6hif0h,2xu5hi,True,,2,1,0,1.0,0.0,1.0,0.0,1.583
3lx5wf__2ho3kz,3lx5wf,2ho3kz,True,,7,4,0,1.0,0.0,1.0,0.0,1.583
3lenza__6j6cae,3lenza,6j6cae,True,,4,5,0,1.0,0.0,1.0,0.0,1.583
4nf4fx__1n16a7,4nf4fx,1n16a7,True,,6,1,0,1.0,0.0,1.0,0.0,1.583
2906qd__91v3kp,2906qd,91v3kp,True,,6,4,0,1.0,0.0,1.0,0.0,1.583
30k79b__4nhiba,30k79b,4nhiba,True,,3,1,0,1.0,0.0,1.0,0.0,1.583
3fpazx__651fex,3fpazx,651fex,True,,5,2,0,1.0,0.0,1.0,0.0,1.583
8ups7k__1jh4wt,8ups7k,1jh4wt,True,,2,5,0,1.0,0.0,1.0,0.0,1.583
9wac48__3j7s5q,9wac48,3j7s5q,True,,3,1,0,1.0,0.0,1.0,0.0,1.583
89jedl__3sav5t,89jedl,3sav5t,True,,2,7,0,1.0,0.0,1.0,0.0,1.583
5i8o8h__866n22,5i8o8h,866n22,True,,1,5,0,1.0,0.0,1.0,0.0,1.583
2awdu0__5r3j4n,2awdu0,5r3j4n,True,,5,8,2,0.6428571428571429,0.3571428571428571,0.38292812556028366,0.6170718744397163,2.2314619949678223
3sp070__2nm147,3sp070,2nm147,True,,1,7,0,1.0,0.0,1.0,0.0,1.583
2wxk3l__9awkbc,2wxk3l,9awkbc,True,,6,10,0,1.0,0.0,1.0,0.0,1.583
19lzl3__2ig13f,19lzl3,2ig13f,True,,5,4,0,1.0,0.0,1.0,0.0,1.583
5vadjc__5kygn0,5vadjc,5kygn0,True,,5,3,1,0.75,0.25,0.41362476348876953,0.5863752365112305,2.181140833377838
8k5clm__3a8924,8k5clm,3a8924,True,,1,4,0,1.0,0.0,1.0,0.0,1.583
5k4fwf__2ha2ks,5k4fwf,2ha2ks,True,,5,4,0,1.0,0.0,1.0,0.0,1.583
366rmx__8d6bhz,366rmx,8d6bhz,True,,1,8,0,1.0,0.0,1.0,0.0,1.583
2byq9o__2xg450,2byq9o,2xg450,True,,1,4,0,1.0,0.0,1.0,0.0,1.583
99jqoq__9jsz5u,99jqoq,9jsz5u,True,,3,8,0,1.0,0.0,1.0,0.0,1.583
2aotk2__73v1nw,2aotk2,73v1nw,True,,1,2,0,1.0,0.0,1.0,0.0,1.583
39ixii__5yfvd3,39ixii,5yfvd3,True,,3,6,0,1.0,0.0,1.0,0.0,1.583
2jqfmm__9f1k3z,2jqfmm,9f1k3z,True,,5,5,0,1.0,0.0,1.0,0.0,1.583
3le596__3hx1wg,3le596,3hx1wg,True,,3,3,0,1.0,0.0,1.0,0.0,1.583
3nai9b__4jsfb5,3nai9b,4jsfb5,True,,3,4,3,0.3,0.7,0.42802897840738297,0.571971021592617,2.258633737065345
7jgqis__4h4iva,7jgqis,4h4iva,True,,1,8,0,1.0,0.0,1.0,0.0,1.583
2lhadb__3a04v8,2lhadb,3a04v8,True,,2,4,0,1.0,0.0,1.0,0.0,1.583
8ic75t__976yl7,8ic75t,976yl7,True,,2,7,0,1.0,0.0,1.0,0.0,1.583
3jo8p6__5id6gg,3jo8p6,5id6gg,True,,5,2,0,1.0,0.0,1.0,0.0,1.583
1zo18j__2d9key,1zo18j,2d9key,True,,4,6,4,0.125,0.875,0.4515983536839485,0.5484016463160515,2.2719897974945606
4d6gfk__6347ek,4d6gfk,6347ek,True,,4,5,0,1.0,0.0,1.0,0.0,1.583
5ybscp__7hbq0g,5ybscp,7hbq0g,True,,4,6,1,0.8,0.19999999999999996,0.4469938389956951,0.5530061610043049,2.13987245376192
28z1ad__9ah10q,28z1ad,9ah10q,True,,5,1,0,1.0,0.0,1.0,0.0,1.583
3b15mm__21iokn,3b15mm,21iokn,True,,5,8,0,1.0,0.0,1.0,0.0,1.583
537hkt__4z4kfb,537hkt,4z4kfb,True,,4,1,0,1.0,0.0,1.0,0.0,1.583
4qd7jo__9hmjz9,4qd7jo,9hmjz9,True,,6,1,1,0.7142857142857143,0.2857142857142857,0.403194323182106,0.596805676817894,2.1980996787230884
19n8es__67r7jc,19n8es,67r7jc,True,,2,2,0,1.0,0.0,1.0,0.0,1.583
39wx5m__3foggt,39wx5m,3foggt,True,,2,4,0,1.0,0.0,1.0,0.0,1.583
9xbs2k__3am0dm,9xbs2k,3am0dm,True,,3,3,0,1.0,0.0,1.0,0.0,1.583
4hz1cj__1ae9mh,4hz1cj,1ae9mh,True,,3,6,0,1.0,0.0,1.0,0.0,1.583
1aya01__8bkvuc,1aya01,8bkvuc,True,,1,4,0,1.0,0.0,1.0,0.0,1.583
1jtrxi__9ksgrx,1jtrxi,9ksgrx,True,,6,9,3,0.4,0.6,0.4011659577488899,0.59883404225111,2.2635111120583113
9km8dp__6plwx7,9km8dp,6plwx7,True,,4,3,0,1.0,0.0,1.0,0.0,1.583
8u5yk6__280in0,8u5yk6,280in0,True,,1,4,0,1.0,0.0,1.0,0.0,1.583
1n4pa8__k6v31,1n4pa8,k6v31,True,,1,6,0,1.0,0.0,1.0,0.0,1.583
9j9f3q__273hv9,9j9f3q,273hv9,True,,4,2,2,0.2857142857142857,0.7142857142857143,0.3597191721200943,0.6402808278799057,2.3253154080141867
9p2hsi__3aua9o,9p2hsi,3aua9o,True,,2,1,0,1.0,0.0,1.0,0.0,1.583
19n8es__96czpo,19n8es,96czpo,True,,2,1,0,1.0,0.0,1.0,0.0,1.583
9ijwfe__55lrlr,9ijwfe,55lrlr,True,,1,2,0,1.0,0.0,1.0,0.0,1.583
8rloc0__6nt6eg,8rloc0,6nt6eg,True,,2,1,0,1.0,0.0,1.0,0.0,1.583
1s9l96__8vdlfn,1s9l96,8vdlfn,True,,1,5,0,1.0,0.0,1.0,0.0,1.583
2ylksx__7anabi,2ylksx,7anabi,True,,2,4,0,1.0,0.0,1.0,0.0,1.583
6w26un__2mrsnz,6w26un,2mrsnz,True,,2,3,0,1.0,0.0,1.0,0.0,1.583
2dlwkq__3gmpu3,2dlwkq,3gmpu3,True,,12,4,0,1.0,0.0,1.0,0.0,1.583
2tvjbb__1p5ssy,2tvjbb,1p5ssy,True,,1,1,0,1.0,0.0,1.0,0.0,1.583
5nw6ct__38r3t8,5nw6ct,38r3t8,True,,1,4,0,1.0,0.0,1.0,0.0,1.583
3ba0z2__6v9i6k,3ba0z2,6v9i6k,True,,7,4,1,0.8181818181818182,0.18181818181818177,0.2960941344499588,0.7039058655500412,2.277123142382638
5oezne__3rnkrs,5oezne,3rnkrs,True,,7,4,0,1.0,0.0,1.0,0.0,1.583
45ig5d__3a2e33,45ig5d,3a2e33,True,,1,3,0,1.0,0.0,1.0,0.0,1.583
2lu28k__95jom2,2lu28k,95jom2,True,,5,6,1,0.8181818181818182,0.18181818181818177,0.3747144341468811,0.6252855658531189,2.2036996444956825
2w5gbx__6gg1ug,2w5gbx,6gg1ug,True,,5,4,0,1.0,0.0,1.0,0.0,1.583
282v1z__8k0l33,282v1z,8k0l33,True,,5,4,2,0.5,0.5,0.45746067608706653,0.5425393239129335,2.1907274746022884
1zo0y8__3l1ndo,1zo0y8,3l1ndo,True,,2,4,0,1.0,0.0,1.0,0.0,1.583
3plppn__2nbpyp,3plppn,2nbpyp,True,,8,5,2,0.6428571428571429,0.3571428571428571,0.3282116763293743,0.6717883236706257,2.2825616869045686
3bacnm__7dif2o,3bacnm,7dif2o,True,,11,3,2,0.6666666666666666,0.33333333333333337,0.3819713816046715,0.6180286183953285,2.2275435933860637
3fs7k4__962tw7,3fs7k4,962tw7,True,,2,2,0,1.0,0.0,1.0,0.0,1.583
67m2rx__86xgw1,67m2rx,86xgw1,True,,1,6,0,1.0,0.0,1.0,0.0,1.583
96xrz6__36k1t2,96xrz6,36k1t2,True,,4,2,0,1.0,0.0,1.0,0.0,1.583
5fzgcs__6vofg7,5fzgcs,6vofg7,True,,2,1,0,1.0,0.0,1.0,0.0,1.583
3s8lyt__2zwvla,3s8lyt,2zwvla,True,,1,7,1,0.75,0.25,0.3916817009449005,0.6083182990550995,2.2016334594875575
31axlu__585qss,31axlu,585qss,True,,1,3,0,1.0,0.0,1.0,0.0,1.583
3hclak__9qb8l1,3hclak,9qb8l1,True,,4,3,0,1.0,0.0,1.0,0.0,1.583
30j89q__16e94p,30j89q,16e94p,True,,5,3,0,1.0,0.0,1.0,0.0,1.583
398u01__2zo04p,398u01,2zo04p,True,,7,11,0,1.0,0.0,1.0,0.0,1.583
1tqt7j__9h0bo6,1tqt7j,9h0bo6,True,,4,4,0,1.0,0.0,1.0,0.0,1.583
3ef6ng__3f3ddr,3ef6ng,3f3ddr,True,,3,4,0,1.0,0.0,1.0,0.0,1.583
5v232t__5m49bb,5v232t,5m49bb,True,,3,8,0,1.0,0.0,1.0,0.0,1.583
3pi1oh__2zagjt,3pi1oh,2zagjt,True,,7,2,0,1.0,0.0,1.0,0.0,1.583
9j9ksc__9e91ud,9j9ksc,9e91ud,True,,3,5,0,1.0,0.0,1.0,0.0,1.583
38hxgf__2jby8a,38hxgf,2jby8a,True,,6,6,0,1.0,0.0,1.0,0.0,1.583
1m3fm7__7bxi65,1m3fm7,7bxi65,True,,1,3,0,1.0,0.0,1.0,0.0,1.583
9rrz1p__5mezjy,9rrz1p,5mezjy,True,,8,5,0,1.0,0.0,1.0,0.0,1.583
35ms7h__29bg4a,35ms7h,29bg4a,True,,1,9,0,1.0,0.0,1.0,0.0,1.583
333pqt__9jvbv3,333pqt,9jvbv3,True,,1,3,0,1.0,0.0,1.0,0.0,1.583
9eqmb2__2xuccl,9eqmb2,2xuccl,True,,3,3,0,1.0,0.0,1.0,0.0,1.583
1wlimc__2pdhwk,1wlimc,2pdhwk,True,,10,1,0,1.0,0.0,1.0,0.0,1.583
3zv8bb__91ch3w,3zv8bb,91ch3w,True,,3,6,3,0.25,0.75,0.38052628686030704,0.619473713139693,2.3131015007011593
2m9f6i__74gbs9,2m9f6i,74gbs9,True,,3,8,0,1.0,0.0,1.0,0.0,1.583
3lx5wf__7rdzr3,3lx5wf,7rdzr3,True,,7,5,0,1.0,0.0,1.0,0.0,1.583
35m4x6__3cdxln,35m4x6,3cdxln,True,,2,6,0,1.0,0.0,1.0,0.0,1.583
3oh9p5__2mrgws,3oh9p5,2mrgws,True,,3,2,1,0.6,0.4,0.40935784578323364,0.5906421542167664,2.215440707823038
9tshxn__3h65zl,9tshxn,3h65zl,True,,5,8,1,0.8461538461538461,0.15384615384615385,0.4018341302871704,0.5981658697128296,2.172719413417119
1sp0cx__921key,1sp0cx,921key,True,,4,3,0,1.0,0.0,1.0,0.0,1.583
2u7isf__1nqz8a,2u7isf,1nqz8a,True,,7,3,0,1.0,0.0,1.0,0.0,1.583
3kq8kd__6wy1ty,3kq8kd,6wy1ty,True,,7,2,0,1.0,0.0,1.0,0.0,1.583
2tgsnn__9nwoj4,2tgsnn,9nwoj4,True,,7,2,0,1.0,0.0,1.0,0.0,1.583
8azp1l__22vrzb,8azp1l,22vrzb,True,,2,5,0,1.0,0.0,1.0,0.0,1.583
31s194__3a19s7,31s194,3a19s7,True,,8,6,0,1.0,0.0,1.0,0.0,1.583
8gaghn__8eqh4f,8gaghn,8eqh4f,True,,6,2,1,0.75,0.25,0.42976146191358566,0.5702385380864143,2.1660707707189024
3fg828__86iutx,3fg828,86iutx,True,,3,7,1,0.32,0.6799999999999999,0.39340190247943,0.60659809752057,2.2869299632744604
20qxus__6hy4jg,20qxus,6hy4jg,True,,5,2,0,1.0,0.0,1.0,0.0,1.583
3hf0d7__653iw7,3hf0d7,653iw7,True,,4,8,0,1.0,0.0,1.0,0.0,1.583
8jvp0b__9iahi1,8jvp0b,9iahi1,True,,9,3,0,1.0,0.0,1.0,0.0,1.583
73qhpq__1p408s,73qhpq,1p408s,True,,4,3,0,1.0,0.0,1.0,0.0,1.583
37xcq6__2jwrj2,37xcq6,2jwrj2,True,,2,3,0,1.0,0.0,1.0,0.0,1.583
49sh2r__33a0aq,49sh2r,33a0aq,True,,6,4,1,0.8,0.19999999999999996,0.19928622245788574,0.8007137775421143,2.37120659684658
3bpim9__961xso,3bpim9,961xso,True,,3,2,0,1.0,0.0,1.0,0.0,1.583
8ftuku__621nm9,8ftuku,621nm9,True,,2,2,1,0.5,0.5,0.32409484684467316,0.6759051531553268,2.3152778225317596
5xo3z1__2hl343,5xo3z1,2hl343,True,,1,8,0,1.0,0.0,1.0,0.0,1.583
2zxu7z__9i5kbc,2zxu7z,9i5kbc,True,,2,7,0,1.0,0.0,1.0,0.0,1.583
71qiun__8yucpi,71qiun,8yucpi,True,,6,5,0,1.0,0.0,1.0,0.0,1.583
95yz7n__9tj0je,95yz7n,9tj0je,True,,2,3,0,1.0,0.0,1.0,0.0,1.583
6ua3t2__6ge0a3,6ua3t2,6ge0a3,True,,8,3,0,1.0,0.0,1.0,0.0,1.583
2ei3iq__8uecdk,2ei3iq,8uecdk,True,,6,1,0,1.0,0.0,1.0,0.0,1.583
3gtztm__4ekt7n,3gtztm,4ekt7n,True,,6,3,2,0.3333333333333333,0.6666666666666667,0.45289195235818624,0.5471080476418138,2.228677539026023
3u8we2__8dkcws,3u8we2,8dkcws,True,,5,5,1,0.8,0.19999999999999996,0.41102899610996246,0.5889710038900375,2.173460020532906
9y2e6w__2nm147,9y2e6w,2nm147,True,,3,7,0,1.0,0.0,1.0,0.0,1.583
87o9y2__71vhcu,87o9y2,71vhcu,True,,6,1,0,1.0,0.0,1.0,0.0,1.583
3mlyjm__344p54,3mlyjm,344p54,True,,1,3,0,1.0,0.0,1.0,0.0,1.583
3j3l55__2i71nd,3j3l55,2i71nd,True,,4,2,2,0.2857142857142857,0.7142857142857143,0.42056939424946904,0.579430605750531,2.2684873855675636
5gp15g__9k3zj1,5gp15g,9k3zj1,True,,2,3,0,1.0,0.0,1.0,0.0,1.583
8vj6vd__8z6jta,8vj6vd,8z6jta,True,,6,5,1,0.8181818181818182,0.18181818181818177,0.41578444838523865,0.5842155516147614,2.16534435819848
3i4igv__2ipjal,3i4igv,2ipjal,True,,1,2,0,1.0,0.0,1.0,0.0,1.583
3extm3__9f02xx,3extm3,9f02xx,True,,3,8,0,1.0,0.0,1.0,0.0,1.583
4xwdei__3t7slw,4xwdei,3t7slw,True,,4,2,0,1.0,0.0,1.0,0.0,1.583
4vtbbc__64uql4,4vtbbc,64uql4,True,,5,4,0,1.0,0.0,1.0,0.0,1.583
2ukmgi__8aefe0,2ukmgi,8aefe0,True,,5,7,0,1.0,0.0,1.0,0.0,1.583
2g0m7t__4dgh7a,2g0m7t,4dgh7a,True,,5,1,0,1.0,0.0,1.0,0.0,1.583
3w1w2t__2s1m4d,3w1w2t,2s1m4d,True,,4,6,0,1.0,0.0,1.0,0.0,1.583
1ip9ft__5v9sks,1ip9ft,5v9sks,True,,1,4,1,0.6,0.4,0.3883221969008446,0.6116778030991554,2.235085900314301
8jpmx0__4x5ukm,8jpmx0,4x5ukm,True,,2,9,2,0.5833333333333334,0.41666666666666663,0.3205677829682827,0.6794322170317173,2.301730080819254
2ipjal__5sy3q8,2ipjal,5sy3q8,True,,2,3,0,1.0,0.0,1.0,0.0,1.583
2ywzst__1pfusv,2ywzst,1pfusv,True,,7,11,0,1.0,0.0,1.0,0.0,1.583
35b5jv__6us7ot,35b5jv,6us7ot,True,,1,3,0,1.0,0.0,1.0,0.0,1.583
3it7k3__9yeozz,3it7k3,9yeozz,True,,3,2,0,1.0,0.0,1.0,0.0,1.583
6dosob__8avjjr,6dosob,8avjjr,True,,4,3,2,0.625,0.375,0.34960466623306274,0.6503953337669373,2.2661917022049423
3pp38v__38mzb3,3pp38v,38mzb3,True,,3,1,0,1.0,0.0,1.0,0.0,1.583
928cyw__99i9ic,928cyw,99i9ic,True,,1,4,0,1.0,0.0,1.0,0.0,1.583
3tvfnr__68j3ss,3tvfnr,68j3ss,True,,4,5,0,1.0,0.0,1.0,0.0,1.583
3j0u42__3kfxa2,3j0u42,3kfxa2,True,,2,5,0,1.0,0.0,1.0,0.0,1.583
94559v__2ncpls,94559v,2ncpls,True,,1,7,0,1.0,0.0,1.0,0.0,1.583
4eqpx3__5v5y6o,4eqpx3,5v5y6o,True,,2,2,1,0.5,0.5,0.3516603261232376,0.6483396738767624,2.2895344214335083
9j9c41__4wix5t,9j9c41,4wix5t,True,,4,1,0,1.0,0.0,1.0,0.0,1.583
9w71lm__38o6td,9w71lm,38o6td,True,,5,5,0,1.0,0.0,1.0,0.0,1.583
33u714__34ooeq,33u714,34ooeq,True,,5,6,0,1.0,0.0,1.0,0.0,1.583
2k05ga__4fgyb5,2k05ga,4fgyb5,True,,1,2,0,1.0,0.0,1.0,0.0,1.583
2l21cu__5u537g,2l21cu,5u537g,True,,3,3,0,1.0,0.0,1.0,0.0,1.583
2v594q__8548g1,2v594q,8548g1,True,,2,4,1,0.6666666666666666,0.33333333333333337,0.40005355328321457,0.5999464467167854,2.2106566532554726
8io4co__43lveq,8io4co,43lveq,True,,1,4,0,1.0,0.0,1.0,0.0,1.583
38yqri__96mp9b,38yqri,96mp9b,True,,8,4,0,1.0,0.0,1.0,0.0,1.583
2gdz0a__30k5j9,2gdz0a,30k5j9,True,,2,4,1,0.6666666666666666,0.33333333333333337,0.28658293187618256,0.7134170681238174,2.3166268665875
7bw8n4__1x8oor,7bw8n4,1x8oor,True,,2,3,0,1.0,0.0,1.0,0.0,1.583
3lye5i__5foyp2,3lye5i,5foyp2,True,,8,2,0,1.0,0.0,1.0,0.0,1.583
45tsq1__2ws20j,45tsq1,2ws20j,True,,2,5,1,0.7142857142857143,0.2857142857142857,0.32151971757411957,0.6784802824258804,2.2743755929003866
31l1ud__10gy3g,31l1ud,10gy3g,True,,3,7,0,1.0,0.0,1.0,0.0,1.583
3pp38v__3and4i,3pp38v,3and4i,True,,3,5,1,0.75,0.25,0.2676265984773636,0.7323734015226364,2.31748851968199
3360w7__5nsnrc,3360w7,5nsnrc,True,,8,2,0,1.0,0.0,1.0,0.0,1.583
2yyams__353ik1,2yyams,353ik1,True,,5,1,0,1.0,0.0,1.0,0.0,1.583
2h63aw__9crg6e,2h63aw,9crg6e,True,,5,2,1,0.5,0.5,0.3514459654688835,0.6485540345311165,2.28973461284861
2bvudi__397inu,2bvudi,397inu,True,,1,1,0,1.0,0.0,1.0,0.0,1.583
986z8f__6v777s,986z8f,6v777s,True,,1,7,0,1.0,0.0,1.0,0.0,1.583
2tc9n7__7be8bv,2tc9n7,7be8bv,True,,4,2,1,0.6666666666666666,0.33333333333333337,0.22395408153533936,0.7760459184646606,2.375115949920813
9wvkzr__62gk1x,9wvkzr,62gk1x,True,,4,3,0,1.0,0.0,1.0,0.0,1.583
93tzo4__3ilkxv,93tzo4,3ilkxv,True,,5,1,0,1.0,0.0,1.0,0.0,1.583
15zgnv__96neqf,15zgnv,96neqf,True,,4,3,0,1.0,0.0,1.0,0.0,1.583
50dilt__3gixqh,50dilt,3gixqh,True,,4,1,0,1.0,0.0,1.0,0.0,1.583
3jdrqp__66hstu,3jdrqp,66hstu,True,,6,1,0,1.0,0.0,1.0,0.0,1.583
866n22__5xo3z1,866n22,5xo3z1,True,,5,1,0,1.0,0.0,1.0,0.0,1.583
3osn9p__33z1sl,3osn9p,33z1sl,True,,5,2,2,0.07692307692307693,0.9230769230769231,0.43174726655706763,0.5682527334429324,2.3002450739162006
3psmzd__9eu0is,3psmzd,9eu0is,True,,8,2,0,1.0,0.0,1.0,0.0,1.583
3960vd__3cdwnl,3960vd,3cdwnl,True,,6,4,0,1.0,0.0,1.0,0.0,1.583
7axi2n__1fyy5g,7axi2n,1fyy5g,True,,2,2,0,1.0,0.0,1.0,0.0,1.583
3wwf0a__8pfnw9,3wwf0a,8pfnw9,True,,3,3,0,1.0,0.0,1.0,0.0,1.583
7uwplb__7ci16f,7uwplb,7ci16f,True,,2,5,0,1.0,0.0,1.0,0.0,1.583
9tfn8g__44gzyk,9tfn8g,44gzyk,True,,3,1,0,1.0,0.0,1.0,0.0,1.583
95g23j__5gvnk8,95g23j,5gvnk8,True,,7,6,0,1.0,0.0,1.0,0.0,1.583
5mo7pp__2wopzf,5mo7pp,2wopzf,True,,4,6,3,0.3076923076923077,0.6923076923076923,0.41905123367905617,0.5809487663209438,2.2654634374825138
3mal0u__7cl53q,3mal0u,7cl53q,True,,2,2,0,1.0,0.0,1.0,0.0,1.583
365p4c__840bt0,365p4c,840bt0,True,,11,8,0,1.0,0.0,1.0,0.0,1.583
131o3k__9sxvau,131o3k,9sxvau,True,,2,5,0,1.0,0.0,1.0,0.0,1.583
1cv23n__5bipzh,1cv23n,5bipzh,True,,6,11,0,1.0,0.0,1.0,0.0,1.583
4virgd__2ksl18,4virgd,2ksl18,True,,3,3,0,1.0,0.0,1.0,0.0,1.583
4qjshf__9iz7e8,4qjshf,9iz7e8,True,,2,2,0,1.0,0.0,1.0,0.0,1.583
397ahd__865wai,397ahd,865wai,True,,3,1,0,1.0,0.0,1.0,0.0,1.583
3qp7bu__7gqz6w,3qp7bu,7gqz6w,True,,6,4,0,1.0,0.0,1.0,0.0,1.583
3gf9tt__6otsc0,3gf9tt,6otsc0,True,,2,3,0,1.0,0.0,1.0,0.0,1.583
5as1y1__6fcvf4,5as1y1,6fcvf4,True,,3,2,2,0.16666666666666666,0.8333333333333334,0.32591813802719116,0.6740818619728088,2.380941717563073
1nd2ly__32lw23,1nd2ly,32lw23,True,,4,2,0,1.0,0.0,1.0,0.0,1.583
3apcv7__964jdv,3apcv7,964jdv,True,,8,1,0,1.0,0.0,1.0,0.0,1.583
3732p0__3dcau9,3732p0,3dcau9,True,,1,3,0,1.0,0.0,1.0,0.0,1.583
4endwe__2z2kug,4endwe,2z2kug,True,,3,5,0,1.0,0.0,1.0,0.0,1.583
63w2rb__970nac,63w2rb,970nac,True,,5,13,0,1.0,0.0,1.0,0.0,1.583
8lm9px__6ivkvf,8lm9px,6ivkvf,True,,1,1,1,0.0,1.0,0.4324369505047798,0.5675630494952202,2.315147131923586
2mfhiq__36vk3y,2mfhiq,36vk3y,True,,2,6,0,1.0,0.0,1.0,0.0,1.583
35vr6t__4dgh7a,35vr6t,4dgh7a,True,,2,1,0,1.0,0.0,1.0,0.0,1.583
2g3w87__36d2kv,2g3w87,36d2kv,True,,3,2,0,1.0,0.0,1.0,0.0,1.583
11rm5n__2s1m4d,11rm5n,2s1m4d,True,,4,6,0,1.0,0.0,1.0,0.0,1.583
59udek__71w8cn,59udek,71w8cn,True,,5,3,0,1.0,0.0,1.0,0.0,1.583
2ubuni__9yf9mz,2ubuni,9yf9mz,True,,2,3,0,1.0,0.0,1.0,0.0,1.583
4k97ji__2jw2ta,4k97ji,2jw2ta,True,,1,1,0,1.0,0.0,1.0,0.0,1.583
3010z7__3m0881,3010z7,3m0881,True,,3,2,0,1.0,0.0,1.0,0.0,1.583
4eyukz__54duku,4eyukz,54duku,True,,1,4,0,1.0,0.0,1.0,0.0,1.583
5u9jws__6yks8k,5u9jws,6yks8k,True,,5,6,0,1.0,0.0,1.0,0.0,1.583
2yiwaa__15urjv,2yiwaa,15urjv,True,,2,4,0,1.0,0.0,1.0,0.0,1.583
5j0hkz__9c7d7f,5j0hkz,9c7d7f,True,,2,2,0,1.0,0.0,1.0,0.0,1.583
4kjjtx__872e04,4kjjtx,872e04,True,,6,6,0,1.0,0.0,1.0,0.0,1.583
76ja77__39abra,76ja77,39abra,True,,3,4,0,1.0,0.0,1.0,0.0,1.583
3a8508__2yr44v,3a8508,2yr44v,True,,2,2,0,1.0,0.0,1.0,0.0,1.583
4rg6p5__8cy7j7,4rg6p5,8cy7j7,True,,6,2,0,1.0,0.0,1.0,0.0,1.583
6jolt7__2oxz6s,6jolt7,2oxz6s,True,,5,4,2,0.5,0.5,0.37309429980814457,0.6269057001918554,2.2695172334091738
5zutat__7dq070,5zutat,7dq070,True,,4,8,0,1.0,0.0,1.0,0.0,1.583
349uo7__1jktkx,349uo7,1jktkx,True,,3,4,0,1.0,0.0,1.0,0.0,1.583
960vyx__8cwbkm,960vyx,8cwbkm,True,,3,1,0,1.0,0.0,1.0,0.0,1.583
32oz2j__15ndzt,32oz2j,15ndzt,True,,5,4,4,0.06666666666666667,0.9333333333333333,0.45416370313614607,0.5458362968638539,2.2813831843078196
9y7q3q__2kbhyx,9y7q3q,2kbhyx,True,,1,4,1,0.6,0.4,0.2782546877861023,0.7217453122138977,2.337877947076559
phkfv__3dkhb9,phkfv,3dkhb9,True,,3,2,0,1.0,0.0,1.0,0.0,1.583
4lgfdg__1ugokb,4lgfdg,1ugokb,True,,5,3,0,1.0,0.0,1.0,0.0,1.583
5m4874__781zak,5m4874,781zak,True,,9,2,0,1.0,0.0,1.0,0.0,1.583
31zxim__phdv7,31zxim,phdv7,True,,6,2,0,1.0,0.0,1.0,0.0,1.583
9ycju3__6q1lm3,9ycju3,6q1lm3,True,,8,3,0,1.0,0.0,1.0,0.0,1.583
2xm0sc__6c4pk4,2xm0sc,6c4pk4,True,,1,4,0,1.0,0.0,1.0,0.0,1.583
1rwf2n__16axa6,1rwf2n,16axa6,True,,4,3,0,1.0,0.0,1.0,0.0,1.583
2azplx__2tlxmo,2azplx,2tlxmo,True,,2,5,1,0.3,0.7,0.34649641315142315,0.6535035868485768,2.334776999757886
9csbo2__1pr167,9csbo2,1pr167,True,,4,3,0,1.0,0.0,1.0,0.0,1.583
5e22xi__9hzpzf,5e22xi,9hzpzf,True,,1,1,1,0.0,1.0,0.3089565485715866,0.6910434514284134,2.430465479288995
4qt2lw__71aw3g,4qt2lw,71aw3g,True,,3,5,0,1.0,0.0,1.0,0.0,1.583
1bxafi__3h3ohp,1bxafi,3h3ohp,True,,4,1,0,1.0,0.0,1.0,0.0,1.583
3s5l2e__569a4j,3s5l2e,569a4j,True,,4,9,0,1.0,0.0,1.0,0.0,1.583
31l0p1__1kuayq,31l0p1,1kuayq,True,,6,3,0,1.0,0.0,1.0,0.0,1.583
9hmjz9__3s1jo6,9hmjz9,3s1jo6,True,,1,6,0,1.0,0.0,1.0,0.0,1.583
2wm1vp__6ex4v1,2wm1vp,6ex4v1,True,,7,3,2,0.5454545454545454,0.4545454545454546,0.4253649525344372,0.5746350474655628,2.2115153071917253
2rvumo__2brpdv,2rvumo,2brpdv,True,,5,3,0,1.0,0.0,1.0,0.0,1.583
89kk4t__2o8h4y,89kk4t,2o8h4y,True,,8,1,0,1.0,0.0,1.0,0.0,1.583
39x85v__9wloun,39x85v,9wloun,True,,10,12,0,1.0,0.0,1.0,0.0,1.583
11huhu__2zmin8,11huhu,2zmin8,True,,3,6,1,0.6,0.4,0.4002174995839596,0.5997825004160404,2.22397687713854
2wxk3l__2gxbf2,2wxk3l,2gxbf2,True,,6,3,0,1.0,0.0,1.0,0.0,1.583
6fux1w__2xr99j,6fux1w,2xr99j,True,,5,2,0,1.0,0.0,1.0,0.0,1.583
1ansm3__x3sjx,1ansm3,x3sjx,True,,2,6,0,1.0,0.0,1.0,0.0,1.583
529csb__57ij86,529csb,57ij86,True,,2,7,1,0.08333333333333333,0.9166666666666666,0.4385266949733098,0.5614733050266902,2.2926182528977592
8o2uys__8aefe0,8o2uys,8aefe0,True,,1,7,0,1.0,0.0,1.0,0.0,1.583
3jha1g__1urdwq,3jha1g,1urdwq,True,,2,1,0,1.0,0.0,1.0,0.0,1.583
8w8rpi__2mfukj,8w8rpi,2mfukj,True,,4,3,2,0.5,0.5,0.38475513085722923,0.6152448691427708,2.2586271832924334
38nolt__3e6vd5,38nolt,3e6vd5,True,,5,5,4,0.125,0.875,0.4285148670896888,0.5714851329103112,2.2935474656249397
28oztj__31nrvw,28oztj,31nrvw,True,,4,2,0,1.0,0.0,1.0,0.0,1.583
30n3q1__76ja77,30n3q1,76ja77,True,,7,3,0,1.0,0.0,1.0,0.0,1.583
2thno0__8wvem4,2thno0,8wvem4,True,,4,4,0,1.0,0.0,1.0,0.0,1.583
2ff1of__6ur078,2ff1of,6ur078,True,,3,5,0,1.0,0.0,1.0,0.0,1.583
4d0e6x__3z92ks,4d0e6x,3z92ks,True,,3,2,1,0.6,0.4,0.39485184103250504,0.605148158967495,2.2289878656597435
31l0p1__3dsake,31l0p1,3dsake,True,,6,6,3,0.0970873786407767,0.9029126213592233,0.4435561458979334,0.5564438541020666,2.285141556122619
6dck1n__14wy3f,6dck1n,14wy3f,True,,6,3,0,1.0,0.0,1.0,0.0,1.583
87rj7a__9odteg,87rj7a,9odteg,True,,8,5,0,1.0,0.0,1.0,0.0,1.583
2myhs6__j1x1x,2myhs6,j1x1x,True,,5,1,0,1.0,0.0,1.0,0.0,1.583
4cxkub__pt37t,4cxkub,pt37t,True,,2,7,0,1.0,0.0,1.0,0.0,1.583
170qo0__7ert3c,170qo0,7ert3c,True,,5,4,2,0.5,0.5,0.36209962889552116,0.6379003711044788,2.279785156574473
3jk9wh__3cxfnl,3jk9wh,3cxfnl,True,,3,3,0,1.0,0.0,1.0,0.0,1.583
3n0nfm__2f8nr4,3n0nfm,2f8nr4,True,,2,4,0,1.0,0.0,1.0,0.0,1.583
9wu6o9__8nwwf9,9wu6o9,8nwwf9,True,,1,2,0,1.0,0.0,1.0,0.0,1.583
2dd322__1y9q71,2dd322,1y9q71,True,,3,4,0,1.0,0.0,1.0,0.0,1.583
2uqrrp__12u8p8,2uqrrp,12u8p8,True,,4,11,0,1.0,0.0,1.0,0.0,1.583
2rq7ui__1hj3jn,2rq7ui,1hj3jn,True,,5,5,0,1.0,0.0,1.0,0.0,1.583
9gzhqv__9alwa4,9gzhqv,9alwa4,True,,3,4,1,0.5,0.5,0.36419031396508217,0.6358096860349178,2.2778326657880097
34ntti__7dq070,34ntti,7dq070,True,,5,8,2,0.6428571428571429,0.3571428571428571,0.36045556515455246,0.6395444348454475,2.252449119130735
1gw7h7__3udb3l,1gw7h7,3udb3l,True,,9,7,0,1.0,0.0,1.0,0.0,1.583
3vj3e4__vt58z,3vj3e4,vt58z,True,,1,1,0,1.0,0.0,1.0,0.0,1.583
6y2qf9__454zq5,6y2qf9,454zq5,True,,5,2,0,1.0,0.0,1.0,0.0,1.583
6uiiye__5iy7p1,6uiiye,5iy7p1,True,,5,4,0,1.0,0.0,1.0,0.0,1.583
35yv1l__683kfz,35yv1l,683kfz,True,,1,4,1,0.3333333333333333,0.6666666666666667,0.3078956827521324,0.6921043172478676,2.364089555211117
4ipz3m__514yvt,4ipz3m,514yvt,True,,4,4,2,0.16666666666666666,0.8333333333333334,0.379869145154953,0.620130854845047,2.330556872006456
2uohjo__2hafga,2uohjo,2hafga,True,,7,6,1,0.8461538461538461,0.15384615384615385,0.44090089946985245,0.5590991005301476,2.1362349576774124
52t2cx__8y1m4e,52t2cx,8y1m4e,True,,8,7,0,1.0,0.0,1.0,0.0,1.583
3fs7k4__4fk05t,3fs7k4,4fk05t,True,,2,10,2,0.6153846153846154,0.3846153846153846,0.22518275678157806,0.7748172432184219,2.3843325926724535
9r2859__2jr8mu,9r2859,2jr8mu,True,,4,3,3,0.1,0.9,0.42777938147385913,0.5722206185261409,2.2992868356415626
6vuzas__3bfp81,6vuzas,3bfp81,True,,1,2,0,1.0,0.0,1.0,0.0,1.583
2nb9di__7ahi2b,2nb9di,7ahi2b,True,,5,1,0,1.0,0.0,1.0,0.0,1.583
28r9cz__3i4igv,28r9cz,3i4igv,True,,7,1,0,1.0,0.0,1.0,0.0,1.583
3gkak0__6jcu1p,3gkak0,6jcu1p,True,,3,7,0,1.0,0.0,1.0,0.0,1.583
6fy3xi__4guiyj,6fy3xi,4guiyj,True,,3,5,2,0.45454545454545453,0.5454545454545454,0.41130514442920685,0.5886948555707932,2.2430184892539273
9qfwwe__4zvv52,9qfwwe,4zvv52,True,,1,7,1,0.75,0.25,0.3329835385084152,0.6670164614915848,2.256451673386991
1f87y4__2i3jm6,1f87y4,2i3jm6,True,,4,7,3,0.23529411764705882,0.7647058823529411,0.461330140940845,0.538669859059155,2.2406108401988742
8uruff__8l35wk,8uruff,8l35wk,True,,5,4,0,1.0,0.0,1.0,0.0,1.583
5d6v5r__4hc5bj,5d6v5r,4hc5bj,True,,4,5,0,1.0,0.0,1.0,0.0,1.583
1ixldm__2hl0me,1ixldm,2hl0me,True,,7,5,0,1.0,0.0,1.0,0.0,1.583
5q2c2k__96mp9b,5q2c2k,96mp9b,True,,3,4,0,1.0,0.0,1.0,0.0,1.583
4jhavz__2hais9,4jhavz,2hais9,True,,2,5,0,1.0,0.0,1.0,0.0,1.583
8m2mtj__5e2hl7,8m2mtj,5e2hl7,True,,3,2,0,1.0,0.0,1.0,0.0,1.583
6vvb17__hwo4n,6vvb17,hwo4n,True,,5,6,0,1.0,0.0,1.0,0.0,1.583
4endwe__73gdc5,4endwe,73gdc5,True,,3,8,0,1.0,0.0,1.0,0.0,1.583
9lvg4z__6xn1o1,9lvg4z,6xn1o1,True,,5,6,0,1.0,0.0,1.0,0.0,1.583
9hbfph__9ki50h,9hbfph,9ki50h,True,,7,4,2,0.5833333333333334,0.41666666666666663,0.44918855372816324,0.5508114462718368,2.181611143006602
7d4sw3__3duaos,7d4sw3,3duaos,True,,2,9,1,0.8181818181818182,0.18181818181818177,0.3547057956457138,0.6452942043542862,2.2223857119919224
99ozh1__2gbp90,99ozh1,2gbp90,True,,2,5,0,1.0,0.0,1.0,0.0,1.583
4jl10w__8dbqo5,4jl10w,8dbqo5,True,,4,5,0,1.0,0.0,1.0,0.0,1.583
1a8s1t__7atbzh,1a8s1t,7atbzh,True,,3,2,0,1.0,0.0,1.0,0.0,1.583
3rfu5h__7ckoau,3rfu5h,7ckoau,True,,4,3,0,1.0,0.0,1.0,0.0,1.583
8a4y6s__6kk6fm,8a4y6s,6kk6fm,True,,10,6,0,1.0,0.0,1.0,0.0,1.583
8g4jdm__3p0lsk,8g4jdm,3p0lsk,True,,8,1,0,1.0,0.0,1.0,0.0,1.583
9cqyap__3li9oz,9cqyap,3li9oz,True,,8,4,0,1.0,0.0,1.0,0.0,1.583
38hmg6__6i053h,38hmg6,6i053h,True,,4,2,0,1.0,0.0,1.0,0.0,1.583
1zkowq__qajw0,1zkowq,qajw0,True,,2,2,0,1.0,0.0,1.0,0.0,1.583
3ush3j__5iy2i1,3ush3j,5iy2i1,True,,4,2,0,1.0,0.0,1.0,0.0,1.583
53y5m4__2roi15,53y5m4,2roi15,True,,4,2,0,1.0,0.0,1.0,0.0,1.583
68lfvt__w8jwe,68lfvt,w8jwe,True,,6,5,3,0.35714285714285715,0.6428571428571428,0.38876929382483166,0.6112307061751683,2.283749785068418
4cimj6__9tg4wc,4cimj6,9tg4wc,True,,6,6,2,0.6153846153846154,0.3846153846153846,0.34998683631420135,0.6500131636857986,2.2677780627969364
33z1sl__29bg4a,33z1sl,29bg4a,True,,2,9,0,1.0,0.0,1.0,0.0,1.583
4ujh5f__3ggjon,4ujh5f,3ggjon,True,,4,1,0,1.0,0.0,1.0,0.0,1.583
31ceoj__9f6l0o,31ceoj,9f6l0o,True,,1,3,0,1.0,0.0,1.0,0.0,1.583
38vfsk__48bj25,38vfsk,48bj25,True,,6,2,0,1.0,0.0,1.0,0.0,1.583
47kzfp__9h4h27,47kzfp,9h4h27,True,,2,8,0,1.0,0.0,1.0,0.0,1.583
8xzrti__1xgwr6,8xzrti,1xgwr6,True,,7,2,0,1.0,0.0,1.0,0.0,1.583
25rt18__3hn8fm,25rt18,3hn8fm,True,,1,2,0,1.0,0.0,1.0,0.0,1.583
35ao2c__7dufmn,35ao2c,7dufmn,True,,3,5,0,1.0,0.0,1.0,0.0,1.583
73b7z4__3in6zf,73b7z4,3in6zf,True,,8,12,4,0.225,0.775,0.44888343242928386,0.5511165675707161,2.2543152624542917
4mp96m__8gl46k,4mp96m,8gl46k,True,,2,3,0,1.0,0.0,1.0,0.0,1.583
7dfjrp__6iaas5,7dfjrp,6iaas5,True,,10,5,0,1.0,0.0,1.0,0.0,1.583
4ewhzr__3rwv15,4ewhzr,3rwv15,True,,6,5,0,1.0,0.0,1.0,0.0,1.583
tt6a4__2rmo6o,tt6a4,2rmo6o,True,,10,5,0,1.0,0.0,1.0,0.0,1.583
3540js__8er3n4,3540js,8er3n4,True,,2,2,2,0.0,1.0,0.4983390043489635,0.5016609956510365,2.2536012038385027
6zojox__23wxuw,6zojox,23wxuw,True,,5,3,2,0.4444444444444444,0.5555555555555556,0.39851735159754753,0.6014826484024525,2.257002423120828
3dn1wb__9lgt6w,3dn1wb,9lgt6w,True,,4,5,0,1.0,0.0,1.0,0.0,1.583
3mnmrg__2rzreg,3mnmrg,2rzreg,True,,3,2,0,1.0,0.0,1.0,0.0,1.583
5x0xd5__7g76r1,5x0xd5,7g76r1,True,,3,4,0,1.0,0.0,1.0,0.0,1.583
2swuki__6hqo8q,2swuki,6hqo8q,True,,11,8,0,1.0,0.0,1.0,0.0,1.583
1jjdlq__2youtl,1jjdlq,2youtl,True,,5,3,0,1.0,0.0,1.0,0.0,1.583
9xjera__3nri4x,9xjera,3nri4x,True,,3,7,0,1.0,0.0,1.0,0.0,1.583
33zeje__6tyhlx,33zeje,6tyhlx,True,,2,1,0,1.0,0.0,1.0,0.0,1.583
5qvdj5__35c1k7,5qvdj5,35c1k7,True,,5,3,0,1.0,0.0,1.0,0.0,1.583
43bs7y__2t7tpc,43bs7y,2t7tpc,True,,1,3,0,1.0,0.0,1.0,0.0,1.583
6uf31y__44appq,6uf31y,44appq,True,,7,1,0,1.0,0.0,1.0,0.0,1.583
9gp3rx__6s08pr,9gp3rx,6s08pr,True,,5,1,0,1.0,0.0,1.0,0.0,1.583
63c2ox__75m6f0,63c2ox,75m6f0,True,,3,3,0,1.0,0.0,1.0,0.0,1.583
2thno0__2d1da3,2thno0,2d1da3,True,,4,2,1,0.6666666666666666,0.33333333333333337,0.2966058999300003,0.7033941000699997,2.3072664167220394
3nkx29__3wwf9q,3nkx29,3wwf9q,True,,7,3,0,1.0,0.0,1.0,0.0,1.583
2schv9__5cjod7,2schv9,5cjod7,True,,5,4,0,1.0,0.0,1.0,0.0,1.583
3dqvy9__7upuj6,3dqvy9,7upuj6,True,,20,2,1,0.0047169811320754715,0.9952830188679245,0.4223466596915387,0.5776533403084614,2.3236171526272793
3uuczw__2opwzl,3uuczw,2opwzl,True,,2,3,0,1.0,0.0,1.0,0.0,1.583
37m5w9__zb6h7,37m5w9,zb6h7,True,,5,1,0,1.0,0.0,1.0,0.0,1.583
3qozqi__3eiokw,3qozqi,3eiokw,True,,4,7,0,1.0,0.0,1.0,0.0,1.583
8vo4kx__1g3mif,8vo4kx,1g3mif,True,,3,4,1,0.7142857142857143,0.2857142857142857,0.37357349693775177,0.6264265030622482,2.2257625683526907
26mg30__5i4z9r,26mg30,5i4z9r,True,,3,1,0,1.0,0.0,1.0,0.0,1.583
31c3yw__8o0hje,31c3yw,8o0hje,True,,2,10,2,0.6153846153846154,0.3846153846153846,0.32144151628017426,0.6785584837198257,2.2944365371767144
8k6dwp__2bkghf,8k6dwp,2bkghf,True,,6,5,2,0.5833333333333334,0.41666666666666663,0.4536050106398761,0.5463949893601239,2.177486613896753
9wr718__3pk808,9wr718,3pk808,True,,2,4,0,1.0,0.0,1.0,0.0,1.583
326bb7__2pl8b3,326bb7,2pl8b3,True,,3,4,0,1.0,0.0,1.0,0.0,1.583
5j97rz__522cj6,5j97rz,522cj6,True,,6,3,0,1.0,0.0,1.0,0.0,1.583
324xse__4xd8s0,324xse,4xd8s0,True,,4,7,2,0.5833333333333334,0.41666666666666663,0.46921209804713726,0.5307879019528627,2.162911154967112
2fa484__554zsk,2fa484,554zsk,True,,3,5,0,1.0,0.0,1.0,0.0,1.583
3wnbvn__5rdlzq,3wnbvn,5rdlzq,True,,2,6,0,1.0,0.0,1.0,0.0,1.583
7thm5o__3snkr4,7thm5o,3snkr4,True,,1,4,0,1.0,0.0,1.0,0.0,1.583
3rmutn__9kctc9,3rmutn,9kctc9,True,,8,4,0,1.0,0.0,1.0,0.0,1.583
7000m2__7ug4hn,7000m2,7ug4hn,True,,2,6,1,0.75,0.25,0.42720527946949005,0.57279472053051,2.1684579895034433
8t5sww__3rmzig,8t5sww,3rmzig,True,,6,5,0,1.0,0.0,1.0,0.0,1.583
67aiaq__23litm,67aiaq,23litm,True,,4,7,0,1.0,0.0,1.0,0.0,1.583
4y0t6c__78ce5q,4y0t6c,78ce5q,True,,5,5,0,1.0,0.0,1.0,0.0,1.583
32vz6b__4hc5bj,32vz6b,4hc5bj,True,,3,5,0,1.0,0.0,1.0,0.0,1.583
3osl20__erv52,3osl20,erv52,True,,4,1,0,1.0,0.0,1.0,0.0,1.583
75ydwd__1fyy5g,75ydwd,1fyy5g,True,,4,2,0,1.0,0.0,1.0,0.0,1.583
8b7742__6wmvdm,8b7742,6wmvdm,True,,4,4,0,1.0,0.0,1.0,0.0,1.583
5i7ich__8yhwcp,5i7ich,8yhwcp,True,,10,5,0,1.0,0.0,1.0,0.0,1.583
3r7jlv__54wp4l,3r7jlv,54wp4l,True,,5,6,3,0.42857142857142855,0.5714285714285714,0.4337930704156558,0.5662069295843442,2.227266365824533
8k8n13__3jde79,8k8n13,3jde79,True,,3,3,1,0.6666666666666666,0.33333333333333337,0.3294229656457901,0.6705770343542099,2.276618559050063
2b3zcz__323e9a,2b3zcz,323e9a,True,,5,1,0,1.0,0.0,1.0,0.0,1.583
10gy3g__4guiyj,10gy3g,4guiyj,True,,7,5,0,1.0,0.0,1.0,0.0,1.583
9b96y0__8zfjqp,9b96y0,8zfjqp,True,,5,2,0,1.0,0.0,1.0,0.0,1.583
2sjfba__3dz210,2sjfba,3dz210,True,,1,6,0,1.0,0.0,1.0,0.0,1.583
1nd2ly__970l0d,1nd2ly,970l0d,True,,4,4,0,1.0,0.0,1.0,0.0,1.583
8ge2ek__6ib5t6,8ge2ek,6ib5t6,True,,6,1,1,0.7142857142857143,0.2857142857142857,0.3868144080042839,0.6131855919957161,2.2133968815076566
8zlpfe__38ve65,8zlpfe,38ve65,True,,1,5,0,1.0,0.0,1.0,0.0,1.583
35x8i2__2nfy03,35x8i2,2nfy03,True,,2,2,0,1.0,0.0,1.0,0.0,1.583
3jjtae__213blp,3jjtae,213blp,True,,5,3,3,0.18181818181818182,0.8181818181818181,0.40516748279333115,0.5948325172066689,2.3038686332738534
3pvxp9__4k0r9i,3pvxp9,4k0r9i,True,,4,4,1,0.5555555555555556,0.4444444444444444,0.21664577722549438,0.7833542227745056,2.404396730871333
2o8h4y__9n08k2,2o8h4y,9n08k2,True,,1,4,0,1.0,0.0,1.0,0.0,1.583
2s8u3j__3cvaqz,2s8u3j,3cvaqz,True,,1,1,0,1.0,0.0,1.0,0.0,1.583
9ncfn1__1klp6h,9ncfn1,1klp6h,True,,1,2,0,1.0,0.0,1.0,0.0,1.583
5n7669__9u5srr,5n7669,9u5srr,True,,2,1,0,1.0,0.0,1.0,0.0,1.583
45tsq1__9rxruo,45tsq1,9rxruo,True,,2,8,0,1.0,0.0,1.0,0.0,1.583
9f12ql__9bns4e,9f12ql,9bns4e,True,,5,4,3,0.25,0.75,0.4355304402609666,0.5644695597390335,2.261733121840283
9ovjbg__900dqs,9ovjbg,900dqs,True,,1,6,0,1.0,0.0,1.0,0.0,1.583
95rq1u__57fv4t,95rq1u,57fv4t,True,,5,10,0,1.0,0.0,1.0,0.0,1.583
2g4ytp__8bf3lm,2g4ytp,8bf3lm,True,,2,4,0,1.0,0.0,1.0,0.0,1.583
37e2ct__8e3gws,37e2ct,8e3gws,True,,2,1,0,1.0,0.0,1.0,0.0,1.583
4kpyc9__3nri4x,4kpyc9,3nri4x,True,,3,7,0,1.0,0.0,1.0,0.0,1.583
38cvmh__2schv9,38cvmh,2schv9,True,,4,5,1,0.7777777777777778,0.2222222222222222,0.18940716981887817,0.8105928301811218,2.384923755217261
5h72d8__2dngd6,5h72d8,2dngd6,True,,2,6,0,1.0,0.0,1.0,0.0,1.583
3epkwu__3uozx0,3epkwu,3uozx0,True,,3,2,1,0.6,0.4,0.31160227954387665,0.6883977204561234,2.3067346311339736
1hj3jn__2rg84h,1hj3jn,2rg84h,True,,5,3,2,0.4444444444444444,0.5555555555555556,0.40144650638103485,0.5985534936189651,2.254266885468529
36eo8d__5gp15g,36eo8d,5gp15g,True,,1,2,0,1.0,0.0,1.0,0.0,1.583
3tmxwp__6or1v9,3tmxwp,6or1v9,True,,3,4,0,1.0,0.0,1.0,0.0,1.583
59fm5k__3o0q3d,59fm5k,3o0q3d,True,,4,4,0,1.0,0.0,1.0,0.0,1.583
4o5cny__679a21,4o5cny,679a21,True,,5,4,3,0.3333333333333333,0.6666666666666667,0.38380496203899384,0.6161950379610062,2.293197879285117
6us7ot__9clzb2,6us7ot,9clzb2,True,,3,2,0,1.0,0.0,1.0,0.0,1.583
6z4nym__9e6ny2,6z4nym,9e6ny2,True,,1,4,0,1.0,0.0,1.0,0.0,1.583
1jbpkf__29q3hn,1jbpkf,29q3hn,True,,4,2,1,0.6666666666666666,0.33333333333333337,0.5172563828527927,0.48274361714720726,2.1012009307204433
9cyw40__73qhpq,9cyw40,73qhpq,True,,3,4,0,1.0,0.0,1.0,0.0,1.583
57p8y6__91dtox,57p8y6,91dtox,True,,3,2,0,1.0,0.0,1.0,0.0,1.583
2wqo3y__3tcqyj,2wqo3y,3tcqyj,True,,3,1,0,1.0,0.0,1.0,0.0,1.583
9cu3k9__9thkwn,9cu3k9,9thkwn,True,,3,12,3,0.38095238095238093,0.6190476190476191,0.40480423253029585,0.5951957674697042,2.2639628510494805
87cpzs__15zgnv,87cpzs,15zgnv,True,,6,4,0,1.0,0.0,1.0,0.0,1.583
1756w4__3das1s,1756w4,3das1s,True,,5,4,0,1.0,0.0,1.0,0.0,1.583
3ex3m7__2ii3kq,3ex3m7,2ii3kq,True,,4,7,0,1.0,0.0,1.0,0.0,1.583
16axa6__22edfw,16axa6,22edfw,True,,3,1,0,1.0,0.0,1.0,0.0,1.583
715npn__94s49i,715npn,94s49i,True,,1,4,0,1.0,0.0,1.0,0.0,1.583
9ouiuv__9c2ygj,9ouiuv,9c2ygj,True,,1,2,0,1.0,0.0,1.0,0.0,1.583
1ayq7j__40s7kk,1ayq7j,40s7kk,True,,6,7,0,1.0,0.0,1.0,0.0,1.583
72dghi__77tsog,72dghi,77tsog,True,,3,6,2,0.6,0.4,0.3651922047138214,0.6348077952861786,2.256687000017762
8snmf6__8t7dqc,8snmf6,8t7dqc,True,,13,3,0,1.0,0.0,1.0,0.0,1.583
2jawh6__2zi8w9,2jawh6,2zi8w9,True,,1,6,0,1.0,0.0,1.0,0.0,1.583
979g87__59vj4v,979g87,59vj4v,True,,6,5,1,0.8181818181818182,0.18181818181818177,0.4418712593615055,0.5581287406384945,2.1409818854277445
88e54t__31bywp,88e54t,31bywp,True,,2,4,1,0.6666666666666666,0.33333333333333337,0.43627890199422836,0.5637210980057716,2.1768258000942566
2mrsnz__72xtkk,2mrsnz,72xtkk,True,,3,2,0,1.0,0.0,1.0,0.0,1.583
3gn2q2__1gjxbt,3gn2q2,1gjxbt,True,,7,2,0,1.0,0.0,1.0,0.0,1.583
2uqrrp__36o3q3,2uqrrp,36o3q3,True,,4,4,0,1.0,0.0,1.0,0.0,1.583
2zucl4__1f87y4,2zucl4,1f87y4,True,,2,4,0,1.0,0.0,1.0,0.0,1.583
2xurfn__79ev5x,2xurfn,79ev5x,True,,3,2,0,1.0,0.0,1.0,0.0,1.583
34mvcm__21mnb2,34mvcm,21mnb2,True,,3,1,0,1.0,0.0,1.0,0.0,1.583
5wd5ov__7279rb,5wd5ov,7279rb,True,,2,2,0,1.0,0.0,1.0,0.0,1.583
1mx5bb__98qj16,1mx5bb,98qj16,True,,5,6,1,0.8181818181818182,0.18181818181818177,0.27066096663475037,0.7293390333652496,2.300875177805261
89yso5__6obmtx,89yso5,6obmtx,True,,9,4,0,1.0,0.0,1.0,0.0,1.583
8uacw4__23litm,8uacw4,23litm,True,,4,7,3,0.42857142857142855,0.5714285714285714,0.28784913072983426,0.7121508692701657,2.3635634110971218
7cb69f__4erion,7cb69f,4erion,True,,1,1,0,1.0,0.0,1.0,0.0,1.583
3jstdl__3fo7q3,3jstdl,3fo7q3,True,,3,4,0,1.0,0.0,1.0,0.0,1.583
3933va__34j09q,3933va,34j09q,True,,2,2,0,1.0,0.0,1.0,0.0,1.583
3gqu16__2jqhtx,3gqu16,2jqhtx,True,,3,7,0,1.0,0.0,1.0,0.0,1.583
3sqqq8__9yyet3,3sqqq8,9yyet3,True,,2,9,0,1.0,0.0,1.0,0.0,1.583
2ces7r__yg0mt,2ces7r,yg0mt,True,,3,8,2,0.19696969696969696,0.803030303030303,0.4448704462159764,0.5551295537840236,2.263727914521324
3esb5z__7dju4w,3esb5z,7dju4w,True,,3,6,0,1.0,0.0,1.0,0.0,1.583
31o6rc__3ltd8v,31o6rc,3ltd8v,True,,11,3,0,1.0,0.0,1.0,0.0,1.583
3ha1o9__1gw7h7,3ha1o9,1gw7h7,True,,8,9,0,1.0,0.0,1.0,0.0,1.583
1j2b5d__j8r6f,1j2b5d,j8r6f,True,,5,3,0,1.0,0.0,1.0,0.0,1.583
6wuy20__9plbum,6wuy20,9plbum,True,,1,3,0,1.0,0.0,1.0,0.0,1.583
54wp4l__8nfg1q,54wp4l,8nfg1q,True,,6,6,0,1.0,0.0,1.0,0.0,1.583
39x85v__3rkyfy,39x85v,3rkyfy,True,,10,5,0,1.0,0.0,1.0,0.0,1.583
8j9am6__31ceoj,8j9am6,31ceoj,True,,2,1,1,0.3333333333333333,0.6666666666666667,0.2601645439863205,0.7398354560136795,2.4086656657045085
26ewqy__9123mh,26ewqy,9123mh,True,,6,3,0,1.0,0.0,1.0,0.0,1.583
87004i__8b2tei,87004i,8b2tei,True,,3,3,0,1.0,0.0,1.0,0.0,1.583
69cpwr__35t1xv,69cpwr,35t1xv,True,,1,3,0,1.0,0.0,1.0,0.0,1.583
2ygsgn__8lg4ya,2ygsgn,8lg4ya,True,,2,9,0,1.0,0.0,1.0,0.0,1.583
27x4li__40jdm4,27x4li,40jdm4,True,,3,2,1,0.6,0.4,0.24590203166007996,0.75409796833992,2.368092092632651
3m6gsu__43s963,3m6gsu,43s963,True,,2,5,0,1.0,0.0,1.0,0.0,1.583
29ot8n__92jpwu,29ot8n,92jpwu,True,,3,2,1,0.6,0.4,0.37195824086666107,0.6280417591333389,2.250368198854625
8lz9ln__1l0pqs,8lz9ln,1l0pqs,True,,6,3,0,1.0,0.0,1.0,0.0,1.583
9r4n9k__5wiq0v,9r4n9k,5wiq0v,True,,4,2,0,1.0,0.0,1.0,0.0,1.583
4wjk6f__6m2npm,4wjk6f,6m2npm,True,,2,5,0,1.0,0.0,1.0,0.0,1.583
35aeig__38yusq,35aeig,38yusq,True,,6,4,0,1.0,0.0,1.0,0.0,1.583
638zpo__56h33e,638zpo,56h33e,True,,2,6,0,1.0,0.0,1.0,0.0,1.583
5ap8ub__2lx35v,5ap8ub,2lx35v,True,,6,3,0,1.0,0.0,1.0,0.0,1.583
30o2fq__6pyj66,30o2fq,6pyj66,True,,6,4,0,1.0,0.0,1.0,0.0,1.583
1dy3m8__3e31xg,1dy3m8,3e31xg,True,,1,4,0,1.0,0.0,1.0,0.0,1.583
8glg72__78x5q0,8glg72,78x5q0,True,,4,8,2,0.6153846153846154,0.3846153846153846,0.40765654668211937,0.5923434533178806,2.2139203202843376
98oyr5__51cd1g,98oyr5,51cd1g,True,,2,7,0,1.0,0.0,1.0,0.0,1.583
5r4u55__2d5eyz,5r4u55,2d5eyz,True,,8,5,4,0.2631578947368421,0.736842105263158,0.4100624034181237,0.5899375965818763,2.282858510921498
3z1nss__j8r6f,3z1nss,j8r6f,True,,8,3,0,1.0,0.0,1.0,0.0,1.583
5xedmi__9ah10q,5xedmi,9ah10q,True,,7,1,0,1.0,0.0,1.0,0.0,1.583
85vkck__4pbny1,85vkck,4pbny1,True,,7,2,0,1.0,0.0,1.0,0.0,1.583
9j9eem__386yin,9j9eem,386yin,True,,1,6,0,1.0,0.0,1.0,0.0,1.583
3810c6__79kr46,3810c6,79kr46,True,,1,2,0,1.0,0.0,1.0,0.0,1.583
4spacd__8azp1l,4spacd,8azp1l,True,,5,2,0,1.0,0.0,1.0,0.0,1.583
6d7bkd__809e8n,6d7bkd,809e8n,True,,3,4,0,1.0,0.0,1.0,0.0,1.583
2zi8w9__2o3xki,2zi8w9,2o3xki,True,,6,5,0,1.0,0.0,1.0,0.0,1.583
2bbenr__703gbi,2bbenr,703gbi,True,,3,4,0,1.0,0.0,1.0,0.0,1.583
3exy3y__1x8zce,3exy3y,1x8zce,True,,7,1,1,0.0,1.0,0.38925367646983694,0.6107463235301631,2.3554759915448193
27kqtz__pt37t,27kqtz,pt37t,True,,1,7,1,0.0,1.0,0.4523071103862354,0.5476928896137646,2.2965903896102944
2wm1vp__3fbqyr,2wm1vp,3fbqyr,True,,7,8,1,0.8666666666666667,0.1333333333333333,0.34062884747982025,0.6593711525201797,2.2257333860052624
7xwio3__1qxc7l,7xwio3,1qxc7l,True,,4,4,0,1.0,0.0,1.0,0.0,1.583
74r1qc__2b5nu8,74r1qc,2b5nu8,True,,2,4,0,1.0,0.0,1.0,0.0,1.583
9lyefq__2pdhwk,9lyefq,2pdhwk,True,,5,1,0,1.0,0.0,1.0,0.0,1.583
1km7lv__5y8x98,1km7lv,5y8x98,True,,1,3,1,0.5,0.5,0.30871792137622833,0.6912820786237717,2.3296383332267405
5khves__3ur6ts,5khves,3ur6ts,True,,6,7,0,1.0,0.0,1.0,0.0,1.583
975rou__3pzt46,975rou,3pzt46,True,,3,2,0,1.0,0.0,1.0,0.0,1.583
73mhgh__1p5ssy,73mhgh,1p5ssy,True,,3,1,0,1.0,0.0,1.0,0.0,1.583
8i4a3p__2w22o9,8i4a3p,2w22o9,True,,2,1,0,1.0,0.0,1.0,0.0,1.583
3n6eh5__9ytfxq,3n6eh5,9ytfxq,True,,8,3,0,1.0,0.0,1.0,0.0,1.583
3gkak0__44nwh5,3gkak0,44nwh5,True,,3,1,0,1.0,0.0,1.0,0.0,1.583
2cqsgr__3m0881,2cqsgr,3m0881,True,,6,2,0,1.0,0.0,1.0,0.0,1.583
34cj0a__8edsf3,34cj0a,8edsf3,True,,1,1,0,1.0,0.0,1.0,0.0,1.583
49knna__6o1zfv,49knna,6o1zfv,True,,8,7,5,0.36,0.64,0.32782320473343135,0.6721767952665687,2.3400899090994485
8vmoan__3j3l55,8vmoan,3j3l55,True,,1,4,0,1.0,0.0,1.0,0.0,1.583
307bvy__7bxi65,307bvy,7bxi65,True,,3,3,0,1.0,0.0,1.0,0.0,1.583
6zypk4__5j8476,6zypk4,5j8476,True,,3,2,0,1.0,0.0,1.0,0.0,1.583
3aobp4__9hbfph,3aobp4,9hbfph,True,,4,7,2,0.5833333333333334,0.41666666666666663,0.41690467670559883,0.5830953232944012,2.2117610557579748
3jas05__9pbs08,3jas05,9pbs08,True,,2,4,0,1.0,0.0,1.0,0.0,1.583
2z8ut7__6mpxwl,2z8ut7,6mpxwl,True,,7,3,1,0.8,0.19999999999999996,0.3477887511253357,0.6522112488746643,2.2325200853240488
3bf5cv__8yvnh1,3bf5cv,8yvnh1,True,,4,5,0,1.0,0.0,1.0,0.0,1.583
5zutat__942lt5,5zutat,942lt5,True,,4,2,1,0.2222222222222222,0.7777777777777778,0.27943521241346997,0.72056478758653,2.413124344015949
9wp74i__3co7s1,9wp74i,3co7s1,True,,3,3,0,1.0,0.0,1.0,0.0,1.583
9e7gqt__8eeyex,9e7gqt,8eeyex,True,,11,1,0,1.0,0.0,1.0,0.0,1.583
30q810__3nre55,30q810,3nre55,True,,2,1,0,1.0,0.0,1.0,0.0,1.583
32ejqd__96jzhc,32ejqd,96jzhc,True,,5,5,0,1.0,0.0,1.0,0.0,1.583
955w8h__5fqe8c,955w8h,5fqe8c,True,,5,7,2,0.6153846153846154,0.3846153846153846,0.4213485158979893,0.5786514841020107,2.201133390233637
8hvkvx__7c3nfl,8hvkvx,7c3nfl,True,,1,3,0,1.0,0.0,1.0,0.0,1.583
8lkrv8__9acoj7,8lkrv8,9acoj7,True,,4,2,0,1.0,0.0,1.0,0.0,1.583
9cqyap__74hrpn,9cqyap,74hrpn,True,,8,2,0,1.0,0.0,1.0,0.0,1.583
60vcsa__3p6rv0,60vcsa,3p6rv0,True,,2,4,2,0.2857142857142857,0.7142857142857143,0.35197629779577255,0.6480237022042274,2.332546478345671
28gdc5__6nww88,28gdc5,6nww88,True,,2,5,0,1.0,0.0,1.0,0.0,1.583
5v232t__36d2kv,5v232t,36d2kv,True,,3,2,0,1.0,0.0,1.0,0.0,1.583
89kk4t__19eh5n,89kk4t,19eh5n,True,,8,3,0,1.0,0.0,1.0,0.0,1.583
5ga1ng__6a213h,5ga1ng,6a213h,True,,3,2,0,1.0,0.0,1.0,0.0,1.583
90vyrb__1apev4,90vyrb,1apev4,True,,2,6,2,0.2727272727272727,0.7272727272727273,0.43204157675306004,0.5679584232469399,2.2603981896521352
2fqw49__3f61n3,2fqw49,3f61n3,True,,3,1,0,1.0,0.0,1.0,0.0,1.583
4674t5__8njxy2,4674t5,8njxy2,True,,3,5,0,1.0,0.0,1.0,0.0,1.583
6gjp9c__380r9v,6gjp9c,380r9v,True,,5,1,1,0.6666666666666666,0.33333333333333337,0.14102736115455627,0.8589726388454437,2.4525612140844264
5q23dw__3azhsc,5q23dw,3azhsc,True,,5,3,1,0.75,0.25,0.38175491243600845,0.6182450875639915,2.2109040872760115
4rdm1b__985dy9,4rdm1b,985dy9,True,,7,1,0,1.0,0.0,1.0,0.0,1.583
1359f0__8ae608,1359f0,8ae608,True,,4,4,0,1.0,0.0,1.0,0.0,1.583
5mezjy__3w1w2t,5mezjy,3w1w2t,True,,5,4,0,1.0,0.0,1.0,0.0,1.583
4z4x0n__3jyqk1,4z4x0n,3jyqk1,True,,1,4,0,1.0,0.0,1.0,0.0,1.583
4392n1__4hc8t0,4392n1,4hc8t0,True,,2,1,0,1.0,0.0,1.0,0.0,1.583
6xu2b1__9gmodo,6xu2b1,9gmodo,True,,4,7,0,1.0,0.0,1.0,0.0,1.583
34fman__2zlfjh,34fman,2zlfjh,True,,3,2,0,1.0,0.0,1.0,0.0,1.583
1tedbh__205p3n,1tedbh,205p3n,True,,3,4,3,0.2,0.8,0.4314778169306616,0.5685221830693383,2.275622866768455
31pxsd__274ioe,31pxsd,274ioe,True,,3,3,1,0.6666666666666666,0.33333333333333337,0.41803406924009323,0.5819659307599068,2.1938646494033436
5kby10__5z1e0v,5kby10,5z1e0v,True,,10,9,0,1.0,0.0,1.0,0.0,1.583
3pu2aq__9hlsac,3pu2aq,9hlsac,True,,1,3,0,1.0,0.0,1.0,0.0,1.583
4pbny1__9etscs,4pbny1,9etscs,True,,2,3,1,0.3333333333333333,0.6666666666666667,0.36689265072345734,0.6331073492765427,2.3089922868226966
8n3mjd__970nac,8n3mjd,970nac,True,,7,13,0,1.0,0.0,1.0,0.0,1.583
2gpzf6__2i71nd,2gpzf6,2i71nd,True,,8,2,0,1.0,0.0,1.0,0.0,1.583
3fh8vx__277oip,3fh8vx,277oip,True,,3,4,0,1.0,0.0,1.0,0.0,1.583
2zmwsn__79bw0n,2zmwsn,79bw0n,True,,2,2,0,1.0,0.0,1.0,0.0,1.583
5h8xl3__63q7jd,5h8xl3,63q7jd,True,,4,10,0,1.0,0.0,1.0,0.0,1.583
2yzsid__5lr2ec,2yzsid,5lr2ec,True,,4,3,1,0.7142857142857143,0.2857142857142857,0.36522749066352844,0.6347725093364716,2.233556903612188
5dnvqu__2zlfjh,5dnvqu,2zlfjh,True,,3,2,0,1.0,0.0,1.0,0.0,1.583
uj9x9__26mg30,uj9x9,26mg30,True,,4,3,1,0.7142857142857143,0.2857142857142857,0.3901670277118683,0.6098329722881317,2.2102658699627433
60zwee__3x50ef,60zwee,3x50ef,True,,7,4,0,1.0,0.0,1.0,0.0,1.583
4vkw2j__2oqf07,4vkw2j,2oqf07,True,,7,5,0,1.0,0.0,1.0,0.0,1.583
1debp9__4m8ter,1debp9,4m8ter,True,,2,3,1,0.6,0.4,0.35737335681915283,0.6426266431808472,2.263989022066593
4zie1v__6ecb9i,4zie1v,6ecb9i,True,,4,2,0,1.0,0.0,1.0,0.0,1.583
2wy2mp__86hdrn,2wy2mp,86hdrn,True,,3,2,1,0.6,0.4,0.4201445057988167,0.5798554942011833,2.205367046034485
2ha4p2__38ve65,2ha4p2,38ve65,True,,1,5,0,1.0,0.0,1.0,0.0,1.583
41ghjh__15pjbl,41ghjh,15pjbl,True,,3,4,0,1.0,0.0,1.0,0.0,1.583
5k0umf__35ngzx,5k0umf,35ngzx,True,,6,5,0,1.0,0.0,1.0,0.0,1.583
2ftwq7__43lveq,2ftwq7,43lveq,True,,1,4,0,1.0,0.0,1.0,0.0,1.583
72ay9s__274ioe,72ay9s,274ioe,True,,10,3,0,1.0,0.0,1.0,0.0,1.583
9amb30__8n6rsd,9amb30,8n6rsd,True,,10,4,0,1.0,0.0,1.0,0.0,1.583
5qyjlk__536777,5qyjlk,536777,True,,3,1,1,0.5,0.5,0.302317351102829,0.697682648897171,2.335615825805068
73wgq7__5zlr3h,73wgq7,5zlr3h,True,,5,3,0,1.0,0.0,1.0,0.0,1.583
3jjugv__2j5tz2,3jjugv,2j5tz2,True,,1,5,0,1.0,0.0,1.0,0.0,1.583
3ehlnp__2lew3h,3ehlnp,2lew3h,True,,2,6,1,0.75,0.25,0.31442891061306,0.68557108938694,2.273779840378463
zhmah__1j34yy,zhmah,1j34yy,True,,7,4,0,1.0,0.0,1.0,0.0,1.583
3fb0r5__3sh10o,3fb0r5,3sh10o,True,,8,3,2,0.6666666666666666,0.33333333333333337,0.46109065786004066,0.5389093421399593,2.1536541012911745
3gtztm__73akvm,3gtztm,73akvm,True,,6,5,2,0.5833333333333334,0.41666666666666663,0.4034135676920414,0.5965864323079586,2.224360402465736
2ylksx__4688f2,2ylksx,4688f2,True,,2,2,0,1.0,0.0,1.0,0.0,1.583
1dtdke__8483sc,1dtdke,8483sc,True,,4,8,0,1.0,0.0,1.0,0.0,1.583
29u7m1__4es909,29u7m1,4es909,True,,2,4,0,1.0,0.0,1.0,0.0,1.583
32qx6h__2oe8fw,32qx6h,2oe8fw,True,,4,9,0,1.0,0.0,1.0,0.0,1.583
38600c__8bmnqu,38600c,8bmnqu,True,,9,1,0,1.0,0.0,1.0,0.0,1.583
3vfmrb__3jmye3,3vfmrb,3jmye3,True,,1,4,0,1.0,0.0,1.0,0.0,1.583
135o9l__3dxcyw,135o9l,3dxcyw,True,,4,1,0,1.0,0.0,1.0,0.0,1.583
14g81n__7bmz2m,14g81n,7bmz2m,True,,3,5,0,1.0,0.0,1.0,0.0,1.583
87w0l6__1pfusv,87w0l6,1pfusv,True,,3,11,0,1.0,0.0,1.0,0.0,1.583
39x85v__3hzbjr,39x85v,3hzbjr,True,,10,3,0,1.0,0.0,1.0,0.0,1.583
30q810__39xm8q,30q810,39xm8q,True,,2,3,0,1.0,0.0,1.0,0.0,1.583
3c0itn__53vivz,3c0itn,53vivz,True,,3,2,0,1.0,0.0,1.0,0.0,1.583
2nke19__75rgpm,2nke19,75rgpm,True,,7,4,0,1.0,0.0,1.0,0.0,1.583
35wcah__1ultj4,35wcah,1ultj4,True,,7,1,0,1.0,0.0,1.0,0.0,1.583
4fy0ew__9npt9o,4fy0ew,9npt9o,True,,4,3,0,1.0,0.0,1.0,0.0,1.583
3pe0tt__5fmmpb,3pe0tt,5fmmpb,True,,6,3,0,1.0,0.0,1.0,0.0,1.583
9awe7a__9k3jsw,9awe7a,9k3jsw,True,,6,5,0,1.0,0.0,1.0,0.0,1.583
9xkbmx__3m55qv,9xkbmx,3m55qv,True,,1,6,0,1.0,0.0,1.0,0.0,1.583
3oldln__yonl2,3oldln,yonl2,True,,5,5,0,1.0,0.0,1.0,0.0,1.583
8cc55e__4lae1y,8cc55e,4lae1y,True,,6,6,0,1.0,0.0,1.0,0.0,1.583
36f4q1__6d71wn,36f4q1,6d71wn,True,,3,4,0,1.0,0.0,1.0,0.0,1.583
312pfc__7n1jw5,312pfc,7n1jw5,True,,3,7,0,1.0,0.0,1.0,0.0,1.583
878ttc__7d7y1v,878ttc,7d7y1v,True,,3,4,0,1.0,0.0,1.0,0.0,1.583
73wgq7__2b172c,73wgq7,2b172c,True,,5,5,0,1.0,0.0,1.0,0.0,1.583
6tai9n__9j5pt1,6tai9n,9j5pt1,True,,3,4,0,1.0,0.0,1.0,0.0,1.583
33qqa6__34yo8w,33qqa6,34yo8w,True,,3,2,2,0.16666666666666666,0.8333333333333334,0.4026866015046835,0.5973133984953165,2.309247649521443
9i3wci__6v3cdb,9i3wci,6v3cdb,True,,3,2,0,1.0,0.0,1.0,0.0,1.583
2xgrya__6f7op0,2xgrya,6f7op0,True,,4,6,0,1.0,0.0,1.0,0.0,1.583
37x2f1__2k05ga,37x2f1,2k05ga,True,,2,1,0,1.0,0.0,1.0,0.0,1.583
1xeiyg__8f2guk,1xeiyg,8f2guk,True,,5,3,0,1.0,0.0,1.0,0.0,1.583
4eecrm__8dyvn4,4eecrm,8dyvn4,True,,3,1,0,1.0,0.0,1.0,0.0,1.583
5tie6d__386nnj,5tie6d,386nnj,True,,1,3,1,0.0,1.0,0.43729296574989956,0.5627070342501004,2.3106120992861685
30aznd__385zfd,30aznd,385zfd,True,,1,2,0,1.0,0.0,1.0,0.0,1.583
2dvek6__1vmi15,2dvek6,1vmi15,True,,2,1,0,1.0,0.0,1.0,0.0,1.583
3r9qbz__2oj1pl,3r9qbz,2oj1pl,True,,3,4,0,1.0,0.0,1.0,0.0,1.583
1ow3o0__9wlupg,1ow3o0,9wlupg,True,,4,8,0,1.0,0.0,1.0,0.0,1.583
37i3s7__4pl2gz,37i3s7,4pl2gz,True,,3,2,0,1.0,0.0,1.0,0.0,1.583
5mo7pp__95rrwx,5mo7pp,95rrwx,True,,4,5,0,1.0,0.0,1.0,0.0,1.583
2yu0bn__2s1m4d,2yu0bn,2s1m4d,True,,2,6,2,0.4444444444444444,0.5555555555555556,0.40106950141489506,0.5989304985851049,2.254618970406407
2xtmak__4uvqyn,2xtmak,4uvqyn,True,,2,9,0,1.0,0.0,1.0,0.0,1.583
37dmax__8mjrn8,37dmax,8mjrn8,True,,3,4,0,1.0,0.0,1.0,0.0,1.583
3cm2pd__7b8toj,3cm2pd,7b8toj,True,,2,2,0,1.0,0.0,1.0,0.0,1.583
5mzh4m__2e20ib,5mzh4m,2e20ib,True,,3,4,0,1.0,0.0,1.0,0.0,1.583
2h7kkg__46gc2s,2h7kkg,46gc2s,True,,2,9,1,0.5,0.5,0.3224112590154012,0.6775887409845989,2.3168501252055167
30a3nv__6hy4jg,30a3nv,6hy4jg,True,,3,2,0,1.0,0.0,1.0,0.0,1.583
30nstm__2k05ga,30nstm,2k05ga,True,,6,1,1,0.0,1.0,0.4303141099711259,0.5696858900288742,2.3171296526979654
2iii5k__3cg00e,2iii5k,3cg00e,True,,4,3,0,1.0,0.0,1.0,0.0,1.583
42h4po__6uwcbf,42h4po,6uwcbf,True,,9,10,5,0.3448275862068966,0.6551724137931034,0.3700225304812193,0.6299774695187808,2.3037463036111756
3t6iwz__9md2iv,3t6iwz,9md2iv,True,,6,9,0,1.0,0.0,1.0,0.0,1.583
3am0dm__8cqxm8,3am0dm,8cqxm8,True,,3,1,0,1.0,0.0,1.0,0.0,1.583
2xf182__92yov6,2xf182,92yov6,True,,4,8,0,1.0,0.0,1.0,0.0,1.583
2gxbf2__kbtqs,2gxbf2,kbtqs,True,,3,3,0,1.0,0.0,1.0,0.0,1.583
3xtlf0__3ii9o6,3xtlf0,3ii9o6,True,,4,4,0,1.0,0.0,1.0,0.0,1.583
1bkqpc__1wy0v3,1bkqpc,1wy0v3,True,,7,2,0,1.0,0.0,1.0,0.0,1.583
3dxcdl__44jewz,3dxcdl,44jewz,True,,2,2,0,1.0,0.0,1.0,0.0,1.583
9l65gv__9ke84t,9l65gv,9ke84t,True,,2,1,0,1.0,0.0,1.0,0.0,1.583
1bplco__4hzzkv,1bplco,4hzzkv,True,,8,1,0,1.0,0.0,1.0,0.0,1.583
2y5h0c__7bh8z1,2y5h0c,7bh8z1,True,,2,3,0,1.0,0.0,1.0,0.0,1.583
2xqzxu__5fd3r9,2xqzxu,5fd3r9,True,,5,3,0,1.0,0.0,1.0,0.0,1.583
9ozsku__6x8vfs,9ozsku,6x8vfs,True,,3,2,0,1.0,0.0,1.0,0.0,1.583
8tf0i8__3gsy9c,8tf0i8,3gsy9c,True,,4,3,0,1.0,0.0,1.0,0.0,1.583
2l6u08__6vt9w7,2l6u08,6vt9w7,True,,3,4,0,1.0,0.0,1.0,0.0,1.583
8sh0yj__8ongm2,8sh0yj,8ongm2,True,,4,2,0,1.0,0.0,1.0,0.0,1.583
47mkpr__57l1kt,47mkpr,57l1kt,True,,5,9,3,0.1724137931034483,0.8275862068965517,0.36672330523530644,0.6332766947646935,2.3416722776545402
2o2lpg__rufen,2o2lpg,rufen,True,,5,6,0,1.0,0.0,1.0,0.0,1.583
49knna__8d6bhz,49knna,8d6bhz,True,,8,8,0,1.0,0.0,1.0,0.0,1.583
2sgwpx__9k3ixo,2sgwpx,9k3ixo,True,,1,4,0,1.0,0.0,1.0,0.0,1.583
58rakr__99oeue,58rakr,99oeue,True,,2,2,0,1.0,0.0,1.0,0.0,1.583
8il6sa__38ox7u,8il6sa,38ox7u,True,,2,8,0,1.0,0.0,1.0,0.0,1.583
2legk7__1ok22i,2legk7,1ok22i,True,,1,1,0,1.0,0.0,1.0,0.0,1.583
3rfu5h__679a21,3rfu5h,679a21,True,,4,4,0,1.0,0.0,1.0,0.0,1.583
8yziew__83l8xu,8yziew,83l8xu,True,,5,2,0,1.0,0.0,1.0,0.0,1.583
48p4f3__5kajmy,48p4f3,5kajmy,True,,3,6,0,1.0,0.0,1.0,0.0,1.583
3eilx2__2p57dm,3eilx2,2p57dm,True,,3,6,0,1.0,0.0,1.0,0.0,1.583
394m5v__2764iq,394m5v,2764iq,True,,4,6,1,0.8,0.19999999999999996,0.17543566226959229,0.8245643377304077,2.3934806350064277
77w786__79fbih,77w786,79fbih,True,,3,2,0,1.0,0.0,1.0,0.0,1.583
3p6aip__2xtzhc,3p6aip,2xtzhc,True,,2,7,0,1.0,0.0,1.0,0.0,1.583
8qk1un__3cq0ux,8qk1un,3cq0ux,True,,4,3,1,0.7142857142857143,0.2857142857142857,0.4260667935013771,0.5739332064986229,2.176739078691921
348oyq__3vl7uy,348oyq,3vl7uy,True,,1,1,0,1.0,0.0,1.0,0.0,1.583
2hzsib__57jw5q,2hzsib,57jw5q,True,,2,7,0,1.0,0.0,1.0,0.0,1.583
3l70ep__9w5a2x,3l70ep,9w5a2x,True,,10,4,0,1.0,0.0,1.0,0.0,1.583
2hx8rw__4svndk,2hx8rw,4svndk,True,,5,1,0,1.0,0.0,1.0,0.0,1.583
now7m__3pt1eu,now7m,3pt1eu,True,,2,3,0,1.0,0.0,1.0,0.0,1.583
37gyxt__6gdbpa,37gyxt,6gdbpa,True,,3,4,0,1.0,0.0,1.0,0.0,1.583
3fot6u__2hl0me,3fot6u,2hl0me,True,,2,5,0,1.0,0.0,1.0,0.0,1.583
55fuia__3njibp,55fuia,3njibp,True,,2,7,0,1.0,0.0,1.0,0.0,1.583
2jqhtx__2bgsq0,2jqhtx,2bgsq0,True,,7,5,0,1.0,0.0,1.0,0.0,1.583
1r4dun__9x6a1z,1r4dun,9x6a1z,True,,5,8,1,0.7142857142857143,0.2857142857142857,0.26548027247190475,0.7345197275280952,2.3267108306813453
4kudwr__8uruff,4kudwr,8uruff,True,,8,5,0,1.0,0.0,1.0,0.0,1.583
39xm8q__42oqw4,39xm8q,42oqw4,True,,3,6,0,1.0,0.0,1.0,0.0,1.583
5e193z__26mztu,5e193z,26mztu,True,,3,3,0,1.0,0.0,1.0,0.0,1.583
2fzqrh__4i1hnd,2fzqrh,4i1hnd,True,,5,2,0,1.0,0.0,1.0,0.0,1.583
20lmoe__4uxpgg,20lmoe,4uxpgg,True,,4,3,0,1.0,0.0,1.0,0.0,1.583
1at6b8__2m9wc8,1at6b8,2m9wc8,True,,2,1,0,1.0,0.0,1.0,0.0,1.583
6pfd33__hwo4n,6pfd33,hwo4n,True,,6,6,0,1.0,0.0,1.0,0.0,1.583
4qbrp7__9f93t4,4qbrp7,9f93t4,True,,1,9,0,1.0,0.0,1.0,0.0,1.583
5wijfa__3kk6mx,5wijfa,3kk6mx,True,,2,4,0,1.0,0.0,1.0,0.0,1.583
2k2dg1__3tl912,2k2dg1,3tl912,True,,3,3,0,1.0,0.0,1.0,0.0,1.583
3jq7p4__63w2rb,3jq7p4,63w2rb,True,,3,5,0,1.0,0.0,1.0,0.0,1.583
8zb0rc__3wwf0a,8zb0rc,3wwf0a,True,,2,3,0,1.0,0.0,1.0,0.0,1.583
3a6ygv__48bj25,3a6ygv,48bj25,True,,3,2,0,1.0,0.0,1.0,0.0,1.583
24ajqa__8oddoq,24ajqa,8oddoq,True,,1,2,1,0.3333333333333333,0.6666666666666667,0.395083487033844,0.604916512966156,2.2826648647924266
7xd3qj__7gsirx,7xd3qj,7gsirx,True,,3,4,1,0.5,0.5,0.45354267582297325,0.5464573241770267,2.194386495048925
3331bv__31pg35,3331bv,31pg35,True,,7,3,0,1.0,0.0,1.0,0.0,1.583
3kydlb__4j0lui,3kydlb,4j0lui,True,,2,2,0,1.0,0.0,1.0,0.0,1.583
3jdrqp__925ojp,3jdrqp,925ojp,True,,6,5,0,1.0,0.0,1.0,0.0,1.583
4gl0hg__2nk89n,4gl0hg,2nk89n,True,,5,4,0,1.0,0.0,1.0,0.0,1.583
3gh8yr__9een8c,3gh8yr,9een8c,True,,5,9,0,1.0,0.0,1.0,0.0,1.583
3qnqkl__1myqam,3qnqkl,1myqam,True,,2,4,0,1.0,0.0,1.0,0.0,1.583
519mg4__3ivtdu,519mg4,3ivtdu,True,,7,3,0,1.0,0.0,1.0,0.0,1.583
1pscd2__9uqiw9,1pscd2,9uqiw9,True,,1,4,0,1.0,0.0,1.0,0.0,1.583
2h3kmm__n0v7a,2h3kmm,n0v7a,True,,4,2,1,0.2222222222222222,0.7777777777777778,0.3836694471538067,0.6163305528461933,2.3157799921919486
3o8dix__9cl32w,3o8dix,9cl32w,True,,1,4,0,1.0,0.0,1.0,0.0,1.583
30b7y4__4hkaxx,30b7y4,4hkaxx,True,,3,3,0,1.0,0.0,1.0,0.0,1.583
4bobwv__w8jwe,4bobwv,w8jwe,True,,5,5,1,0.8,0.19999999999999996,0.3625691086053848,0.6374308913946152,2.218716709473431
6hgcl0__1xw2zm,6hgcl0,1xw2zm,True,,8,1,0,1.0,0.0,1.0,0.0,1.583
30bsop__5pf75d,30bsop,5pf75d,True,,3,4,0,1.0,0.0,1.0,0.0,1.583
5cjod7__2knbol,5cjod7,2knbol,True,,4,3,0,1.0,0.0,1.0,0.0,1.583
phkfv__9bkeba,phkfv,9bkeba,True,,3,4,0,1.0,0.0,1.0,0.0,1.583
9ki50h__74sv25,9ki50h,74sv25,True,,4,1,0,1.0,0.0,1.0,0.0,1.583
8v1xps__369ecr,8v1xps,369ecr,True,,5,3,2,0.4444444444444444,0.5555555555555556,0.5150031130760908,0.4849968869239092,2.1482163704760167
3cnoot__6gaahn,3cnoot,6gaahn,True,,2,4,0,1.0,0.0,1.0,0.0,1.583
6fnf9s__55r2o0,6fnf9s,55r2o0,True,,2,2,0,1.0,0.0,1.0,0.0,1.583
2nw0yk__385zfd,2nw0yk,385zfd,True,,1,2,0,1.0,0.0,1.0,0.0,1.583
67capb__8vgmtu,67capb,8vgmtu,True,,1,3,0,1.0,0.0,1.0,0.0,1.583
3ju9ag__8vlb46,3ju9ag,8vlb46,True,,1,2,0,1.0,0.0,1.0,0.0,1.583
1gop4p__729lr6,1gop4p,729lr6,True,,4,2,0,1.0,0.0,1.0,0.0,1.583
96stdq__7hcs5z,96stdq,7hcs5z,True,,2,13,1,0.8666666666666667,0.1333333333333333,0.36976152658462524,0.6302384734153748,2.1985263769892853
wdgd9__6c9of5,wdgd9,6c9of5,True,,2,7,0,1.0,0.0,1.0,0.0,1.583
5ipj3z__92sgaf,5ipj3z,92sgaf,True,,2,7,0,1.0,0.0,1.0,0.0,1.583
2uunc5__3sz3r7,2uunc5,3sz3r7,True,,6,7,0,1.0,0.0,1.0,0.0,1.583
38n94d__3x7znf,38n94d,3x7znf,True,,4,2,0,1.0,0.0,1.0,0.0,1.583
3t1dq0__6epc9m,3t1dq0,6epc9m,True,,3,1,0,1.0,0.0,1.0,0.0,1.583
48tisa__3kzfjy,48tisa,3kzfjy,True,,4,3,0,1.0,0.0,1.0,0.0,1.583
9wghe1__9emwqh,9wghe1,9emwqh,True,,2,6,0,1.0,0.0,1.0,0.0,1.583
8au893__2pdv0n,8au893,2pdv0n,True,,1,6,0,1.0,0.0,1.0,0.0,1.583
698f8d__91585d,698f8d,91585d,True,,4,7,0,1.0,0.0,1.0,0.0,1.583
71wi5n__8fesg8,71wi5n,8fesg8,True,,11,3,0,1.0,0.0,1.0,0.0,1.583
8b7742__5q6kzo,8b7742,5q6kzo,True,,4,7,4,0.29411764705882354,0.7058823529411764,0.3836742043495178,0.6163257956504822,2.301245484087397
9do0tr__7dji23,9do0tr,7dji23,True,,6,6,0,1.0,0.0,1.0,0.0,1.583
8yqg9m__9o50vb,8yqg9m,9o50vb,True,,1,5,0,1.0,0.0,1.0,0.0,1.583
5g8oqc__21mnb2,5g8oqc,21mnb2,True,,2,1,0,1.0,0.0,1.0,0.0,1.583
37xcq6__96oj9a,37xcq6,96oj9a,True,,2,2,1,0.5,0.5,0.26655688881874084,0.7334431111812592,2.369012521532178
3clnwp__4ch8y6,3clnwp,4ch8y6,True,,1,10,0,1.0,0.0,1.0,0.0,1.583
9x00c3__5rvz7k,9x00c3,5rvz7k,True,,9,4,2,0.5,0.5,0.4097814771036307,0.5902185228963692,2.2352550785329193
8jm2vj__9w9k0h,8jm2vj,9w9k0h,True,,2,4,0,1.0,0.0,1.0,0.0,1.583
96vd12__2our97,96vd12,2our97,True,,7,2,0,1.0,0.0,1.0,0.0,1.583
2zlrqe__542apa,2zlrqe,542apa,True,,1,3,0,1.0,0.0,1.0,0.0,1.583
9hhao7__1w5iv3,9hhao7,1w5iv3,True,,2,2,0,1.0,0.0,1.0,0.0,1.583
5zzltb__6itpob,5zzltb,6itpob,True,,5,4,0,1.0,0.0,1.0,0.0,1.583
1ipn6s__37myd6,1ipn6s,37myd6,True,,7,2,0,1.0,0.0,1.0,0.0,1.583
2klo36__1i1pzw,2klo36,1i1pzw,True,,6,1,0,1.0,0.0,1.0,0.0,1.583
9l1ysp__61wwhj,9l1ysp,61wwhj,True,,1,4,1,0.6,0.4,0.3650091737508774,0.6349908262491226,2.2568579326340554
3ame30__1y3ej4,3ame30,1y3ej4,True,,4,2,0,1.0,0.0,1.0,0.0,1.583
2uqcja__5np08x,2uqcja,5np08x,True,,1,3,0,1.0,0.0,1.0,0.0,1.583
9sz5ug__9g3i8k,9sz5ug,9g3i8k,True,,15,2,1,0.8823529411764706,0.11764705882352944,0.40720006823539734,0.5927999317646027,2.1603923268631977
9ysamh__9eu0is,9ysamh,9eu0is,True,,6,2,0,1.0,0.0,1.0,0.0,1.583
35ngzx__6w26un,35ngzx,6w26un,True,,5,2,0,1.0,0.0,1.0,0.0,1.583
6tyozg__5mg22i,6tyozg,5mg22i,True,,2,1,0,1.0,0.0,1.0,0.0,1.583
96far9__8nfntv,96far9,8nfntv,True,,3,3,2,0.2857142857142857,0.7142857142857143,0.3158387616276741,0.6841612383723259,2.366295323373058
38v2xu__62gk1x,38v2xu,62gk1x,True,,3,3,0,1.0,0.0,1.0,0.0,1.583
9wvkzr__71unzq,9wvkzr,71unzq,True,,4,2,0,1.0,0.0,1.0,0.0,1.583
35aeig__5kuayt,35aeig,5kuayt,True,,6,4,0,1.0,0.0,1.0,0.0,1.583
9ovjbg__8to65y,9ovjbg,8to65y,True,,1,5,0,1.0,0.0,1.0,0.0,1.583
2lg0f4__36gznh,2lg0f4,36gznh,True,,2,1,0,1.0,0.0,1.0,0.0,1.583
282v1z__9mce7u,282v1z,9mce7u,True,,5,4,0,1.0,0.0,1.0,0.0,1.583
9ggawy__71drb3,9ggawy,71drb3,True,,7,4,1,0.8181818181818182,0.18181818181818177,0.31656578183174133,0.6834342181682587,2.258004670892791
1whvet__3a4d7l,1whvet,3a4d7l,True,,3,9,0,1.0,0.0,1.0,0.0,1.583
8g0f3p__73cn5l,8g0f3p,73cn5l,True,,5,1,0,1.0,0.0,1.0,0.0,1.583
41lk50__2rg84h,41lk50,2rg84h,True,,10,3,0,1.0,0.0,1.0,0.0,1.583
49r6s8__2iymjl,49r6s8,2iymjl,True,,5,6,1,0.6666666666666666,0.33333333333333337,0.4187762774527073,0.5812237225472927,2.193171501153583
9oer6p__5wiq0v,9oer6p,5wiq0v,True,,2,2,0,1.0,0.0,1.0,0.0,1.583
6v6pdc__1ufzaw,6v6pdc,1ufzaw,True,,2,4,0,1.0,0.0,1.0,0.0,1.583
51oyld__9u9gzb,51oyld,9u9gzb,True,,2,1,0,1.0,0.0,1.0,0.0,1.583
3bn3bu__3uykt9,3bn3bu,3uykt9,True,,4,5,3,0.25,0.75,0.3932904104391734,0.6067095895608265,2.301181085690856
8d62y8__4jvd0z,8d62y8,4jvd0z,True,,5,2,0,1.0,0.0,1.0,0.0,1.583
4x6ixv__34c4ui,4x6ixv,34c4ui,True,,1,17,0,1.0,0.0,1.0,0.0,1.583
88l9gf__960vyx,88l9gf,960vyx,True,,6,3,0,1.0,0.0,1.0,0.0,1.583
3olj9u__2o1csf,3olj9u,2o1csf,True,,3,4,0,1.0,0.0,1.0,0.0,1.583
3dsopk__7bn63c,3dsopk,7bn63c,True,,2,4,0,1.0,0.0,1.0,0.0,1.583
3mv6e8__92kgu5,3mv6e8,92kgu5,True,,3,6,0,1.0,0.0,1.0,0.0,1.583
9wvkzr__2met9s,9wvkzr,2met9s,True,,4,6,0,1.0,0.0,1.0,0.0,1.583
2vf35d__8er3n4,2vf35d,8er3n4,True,,1,2,0,1.0,0.0,1.0,0.0,1.583
3a2vjf__39po03,3a2vjf,39po03,True,,2,1,0,1.0,0.0,1.0,0.0,1.583
655pyq__3m3sd5,655pyq,3m3sd5,True,,1,2,0,1.0,0.0,1.0,0.0,1.583
6obmtx__3k4lbn,6obmtx,3k4lbn,True,,4,1,0,1.0,0.0,1.0,0.0,1.583
61rkhr__783lq8,61rkhr,783lq8,True,,1,2,0,1.0,0.0,1.0,0.0,1.583
99hgal__7au7vs,99hgal,7au7vs,True,,1,6,0,1.0,0.0,1.0,0.0,1.583
32q8jm__1j5154,32q8jm,1j5154,True,,2,5,0,1.0,0.0,1.0,0.0,1.583
347g3k__1x261u,347g3k,1x261u,True,,2,2,0,1.0,0.0,1.0,0.0,1.583
10j000__3d7k96,10j000,3d7k96,True,,3,3,0,1.0,0.0,1.0,0.0,1.583
32hnox__4nk11m,32hnox,4nk11m,True,,5,3,0,1.0,0.0,1.0,0.0,1.583
1hq3d1__31pg35,1hq3d1,31pg35,True,,4,3,0,1.0,0.0,1.0,0.0,1.583
9bozmk__72ht8m,9bozmk,72ht8m,True,,1,3,0,1.0,0.0,1.0,0.0,1.583
35716e__6y41xv,35716e,6y41xv,True,,5,1,0,1.0,0.0,1.0,0.0,1.583
291r4o__2djgcy,291r4o,2djgcy,True,,3,1,0,1.0,0.0,1.0,0.0,1.583
56zxca__8rcnx8,56zxca,8rcnx8,True,,1,7,0,1.0,0.0,1.0,0.0,1.583
1s4j23__4t2gg8,1s4j23,4t2gg8,True,,2,9,0,1.0,0.0,1.0,0.0,1.583
8zyn5t__3iyphd,8zyn5t,3iyphd,True,,11,14,6,0.55,0.44999999999999996,0.4464083175795774,0.5535916824204226,2.1909442722124326
8jplkg__8m3ptp,8jplkg,8m3ptp,True,,7,2,0,1.0,0.0,1.0,0.0,1.583
9xpnk3__29suzl,9xpnk3,29suzl,True,,2,12,0,1.0,0.0,1.0,0.0,1.583
9oxdc6__1x128c,9oxdc6,1x128c,True,,2,3,1,0.6,0.4,0.38415803760290146,0.6158419623970985,2.2389748086826504
7259t8__6jisfi,7259t8,6jisfi,True,,1,3,0,1.0,0.0,1.0,0.0,1.583
3gk2tj__2zt3ri,3gk2tj,2zt3ri,True,,5,4,0,1.0,0.0,1.0,0.0,1.583
s5l85__79bha4,s5l85,79bha4,True,,4,5,0,1.0,0.0,1.0,0.0,1.583
2b3qhr__2kmjdu,2b3qhr,2kmjdu,True,,3,3,1,0.6666666666666666,0.33333333333333337,0.3632817566394806,0.6367182433605194,2.2449978341410555
36dd79__i1m9x,36dd79,i1m9x,True,,1,5,1,0.2222222222222222,0.7777777777777778,0.409067044655482,0.590932955344518,2.292061175885134
87beb6__8yyw18,87beb6,8yyw18,True,,4,3,0,1.0,0.0,1.0,0.0,1.583
381d5d__8n3mjd,381d5d,8n3mjd,True,,2,7,0,1.0,0.0,1.0,0.0,1.583
38hmg6__2mat05,38hmg6,2mat05,True,,4,5,2,0.5,0.5,0.42500810883939266,0.5749918911606073,2.221034927154891
3rnkrs__3uw7q7,3rnkrs,3uw7q7,True,,4,3,0,1.0,0.0,1.0,0.0,1.583
8hf28l__2tgsnn,8hf28l,2tgsnn,True,,3,7,0,1.0,0.0,1.0,0.0,1.583
8sb3fr__2d4fh1,8sb3fr,2d4fh1,True,,2,3,0,1.0,0.0,1.0,0.0,1.583
785ndz__757k3y,785ndz,757k3y,True,,7,2,0,1.0,0.0,1.0,0.0,1.583
8bdke8__281ff4,8bdke8,281ff4,True,,3,4,0,1.0,0.0,1.0,0.0,1.583
64gjzo__1wsfk7,64gjzo,1wsfk7,True,,1,2,0,1.0,0.0,1.0,0.0,1.583
3xxjsa__3a1qzh,3xxjsa,3a1qzh,True,,1,6,0,1.0,0.0,1.0,0.0,1.583
6wy1ty__7fuun1,6wy1ty,7fuun1,True,,2,2,1,0.1,0.9,0.45650731306523085,0.5434926869347692,2.2724578203283805
11huhu__15vqyq,11huhu,15vqyq,True,,3,2,0,1.0,0.0,1.0,0.0,1.583
13z3k5__99oeue,13z3k5,99oeue,True,,7,2,0,1.0,0.0,1.0,0.0,1.583
87b09y__8fn0qb,87b09y,8fn0qb,True,,1,3,0,1.0,0.0,1.0,0.0,1.583
986z8f__8tf0i8,986z8f,8tf0i8,True,,1,4,0,1.0,0.0,1.0,0.0,1.583
3pvxp9__74jwyi,3pvxp9,74jwyi,True,,4,2,0,1.0,0.0,1.0,0.0,1.583
31nkew__8wbffv,31nkew,8wbffv,True,,2,3,0,1.0,0.0,1.0,0.0,1.583
9trd3g__5fmmpb,9trd3g,5fmmpb,True,,3,3,0,1.0,0.0,1.0,0.0,1.583
6xa1de__9f93t4,6xa1de,9f93t4,True,,3,9,1,0.6923076923076923,0.3076923076923077,0.2974807545542717,0.7025192454457283,2.301267338706381
9yyet3__1gkfeu,9yyet3,1gkfeu,True,,9,1,0,1.0,0.0,1.0,0.0,1.583
55rg5l__1oxgzu,55rg5l,1oxgzu,True,,1,3,0,1.0,0.0,1.0,0.0,1.583
3u8kl4__6pxi15,3u8kl4,6pxi15,True,,2,1,1,0.3333333333333333,0.6666666666666667,0.3875054568052292,0.6124945431947708,2.28974198722293
2tslg1__379ayb,2tslg1,379ayb,True,,1,4,0,1.0,0.0,1.0,0.0,1.583
9xkbmx__9plbum,9xkbmx,9plbum,True,,1,3,0,1.0,0.0,1.0,0.0,1.583
9aont6__58c29m,9aont6,58c29m,True,,4,3,0,1.0,0.0,1.0,0.0,1.583
65d6hz__2pjs64,65d6hz,2pjs64,True,,3,10,0,1.0,0.0,1.0,0.0,1.583
20j41o__2fhypp,20j41o,2fhypp,True,,3,5,0,1.0,0.0,1.0,0.0,1.583
362wbk__3tz1to,362wbk,3tz1to,True,,2,3,1,0.6,0.4,0.4121454209089279,0.5878545790910721,2.212837391413152
1bmat9__92k6hn,1bmat9,92k6hn,True,,1,5,0,1.0,0.0,1.0,0.0,1.583
4zie1v__4hc8t0,4zie1v,4hc8t0,True,,4,1,0,1.0,0.0,1.0,0.0,1.583
8wfmcz__7fvkzr,8wfmcz,7fvkzr,True,,3,3,2,0.2857142857142857,0.7142857142857143,0.3687501959502697,0.6312498040497303,2.316881334859186
8v1xps__8vt98s,8v1xps,8vt98s,True,,5,4,0,1.0,0.0,1.0,0.0,1.583
33leq9__9jzvkl,33leq9,9jzvkl,True,,1,5,0,1.0,0.0,1.0,0.0,1.583
2xg8ik__8yh0vf,2xg8ik,8yh0vf,True,,7,5,0,1.0,0.0,1.0,0.0,1.583
30yoqr__4gxpql,30yoqr,4gxpql,True,,2,4,0,1.0,0.0,1.0,0.0,1.583
8gsnbq__79whkn,8gsnbq,79whkn,True,,3,3,0,1.0,0.0,1.0,0.0,1.583
8kvpu4__3kbcpm,8kvpu4,3kbcpm,True,,5,1,0,1.0,0.0,1.0,0.0,1.583
61rkhr__2jr8mu,61rkhr,2jr8mu,True,,1,3,0,1.0,0.0,1.0,0.0,1.583
38v2xu__1zukpv,38v2xu,1zukpv,True,,3,5,0,1.0,0.0,1.0,0.0,1.583
87p3ca__38ltwy,87p3ca,38ltwy,True,,5,1,0,1.0,0.0,1.0,0.0,1.583
6cbldj__2kj45k,6cbldj,2kj45k,True,,5,7,0,1.0,0.0,1.0,0.0,1.583
3mnmrg__8szlbk,3mnmrg,8szlbk,True,,3,3,0,1.0,0.0,1.0,0.0,1.583
2zfqvj__3aqyax,2zfqvj,3aqyax,True,,7,2,0,1.0,0.0,1.0,0.0,1.583
8q40n3__6j2ht1,8q40n3,6j2ht1,True,,4,7,0,1.0,0.0,1.0,0.0,1.583
9g4ga0__6zjdl8,9g4ga0,6zjdl8,True,,11,3,0,1.0,0.0,1.0,0.0,1.583
4qd7jo__9ah10q,4qd7jo,9ah10q,True,,6,1,0,1.0,0.0,1.0,0.0,1.583
6y27qv__207bnl,6y27qv,207bnl,True,,2,3,0,1.0,0.0,1.0,0.0,1.583
2zucl4__9qybu9,2zucl4,9qybu9,True,,2,2,0,1.0,0.0,1.0,0.0,1.583
9buvtz__4iv5oy,9buvtz,4iv5oy,True,,5,2,0,1.0,0.0,1.0,0.0,1.583
9cyw40__9kiorz,9cyw40,9kiorz,True,,3,4,3,0.1,0.9,0.31448792417844135,0.6855120758215587,2.4050897276097536
1dxfck__2qtzsb,1dxfck,2qtzsb,True,,2,8,0,1.0,0.0,1.0,0.0,1.583
60vcsa__2oxllc,60vcsa,2oxllc,True,,2,3,0,1.0,0.0,1.0,0.0,1.583
3exdkj__784qn0,3exdkj,784qn0,True,,6,3,0,1.0,0.0,1.0,0.0,1.583
95jom2__279aa4,95jom2,279aa4,True,,6,3,0,1.0,0.0,1.0,0.0,1.583
87caxt__5e22xi,87caxt,5e22xi,True,,6,1,0,1.0,0.0,1.0,0.0,1.583
8m2mtj__3c226y,8m2mtj,3c226y,True,,3,1,0,1.0,0.0,1.0,0.0,1.583
8z7ow7__71goye,8z7ow7,71goye,True,,4,4,2,0.4444444444444444,0.5555555555555556,0.35053956881165504,0.649460431188345,2.301808874464573
38x1dq__3cwla2,38x1dq,3cwla2,True,,5,9,0,1.0,0.0,1.0,0.0,1.583
9498tg__7fozy7,9498tg,7fozy7,True,,1,6,0,1.0,0.0,1.0,0.0,1.583
9jwt84__3r77av,9jwt84,3r77av,True,,6,4,0,1.0,0.0,1.0,0.0,1.583
3q76qj__536777,3q76qj,536777,True,,10,1,0,1.0,0.0,1.0,0.0,1.583
3pziqs__6vofg7,3pziqs,6vofg7,True,,3,1,0,1.0,0.0,1.0,0.0,1.583
3sa9sl__980w78,3sa9sl,980w78,True,,2,2,0,1.0,0.0,1.0,0.0,1.583
3m3sd5__4vkw2j,3m3sd5,4vkw2j,True,,2,7,0,1.0,0.0,1.0,0.0,1.583
8u3h8l__1772fd,8u3h8l,1772fd,True,,2,2,0,1.0,0.0,1.0,0.0,1.583
3qm7ez__2nw0yk,3qm7ez,2nw0yk,True,,3,1,0,1.0,0.0,1.0,0.0,1.583
uo548__4vat9u,uo548,4vat9u,True,,4,3,0,1.0,0.0,1.0,0.0,1.583
3s7tfu__838uvv,3s7tfu,838uvv,True,,5,4,0,1.0,0.0,1.0,0.0,1.583
4dbk47__9ysamh,4dbk47,9ysamh,True,,1,6,0,1.0,0.0,1.0,0.0,1.583
35t1xv__2x8hue,35t1xv,2x8hue,True,,3,7,0,1.0,0.0,1.0,0.0,1.583
93zh2g__6q4spu,93zh2g,6q4spu,True,,3,4,0,1.0,0.0,1.0,0.0,1.583
3bn3bu__6fxkig,3bn3bu,6fxkig,True,,4,3,0,1.0,0.0,1.0,0.0,1.583
30bt96__2j25v0,30bt96,2j25v0,True,,3,4,0,1.0,0.0,1.0,0.0,1.583
33m5k3__7690lz,33m5k3,7690lz,True,,1,6,0,1.0,0.0,1.0,0.0,1.583
6y27qv__58o17e,6y27qv,58o17e,True,,2,2,1,0.5,0.5,0.3123529702425003,0.6876470297574997,2.326243561090529
9g708n__8e17fl,9g708n,8e17fl,True,,4,1,0,1.0,0.0,1.0,0.0,1.583
1h5dwo__2yhr33,1h5dwo,2yhr33,True,,1,3,0,1.0,0.0,1.0,0.0,1.583
2j2h54__26xejp,2j2h54,26xejp,True,,1,1,0,1.0,0.0,1.0,0.0,1.583
898beq__2thno0,898beq,2thno0,True,,5,4,0,1.0,0.0,1.0,0.0,1.583
3w3ieg__8zov1k,3w3ieg,8zov1k,True,,2,1,0,1.0,0.0,1.0,0.0,1.583
2b3zcz__70vpvq,2b3zcz,70vpvq,True,,5,2,0,1.0,0.0,1.0,0.0,1.583
607n1w__4kqgzu,607n1w,4kqgzu,True,,2,1,0,1.0,0.0,1.0,0.0,1.583
306qtx__7blmb2,306qtx,7blmb2,True,,1,7,0,1.0,0.0,1.0,0.0,1.583
87io7v__2dhj59,87io7v,2dhj59,True,,3,3,0,1.0,0.0,1.0,0.0,1.583
40jnqf__g4fmf,40jnqf,g4fmf,True,,4,9,1,0.7142857142857143,0.2857142857142857,0.23262623697519302,0.767373763024807,2.357393214431724
3gcmp5__431gpa,3gcmp5,431gpa,True,,4,1,1,0.125,0.875,0.3889050285021464,0.6110949714978535,2.3305390938818453
38n94d__9sblwg,38n94d,9sblwg,True,,4,2,0,1.0,0.0,1.0,0.0,1.583
1sph3h__qzmt2,1sph3h,qzmt2,True,,6,2,0,1.0,0.0,1.0,0.0,1.583
8wgkcb__6z67xg,8wgkcb,6z67xg,True,,2,2,0,1.0,0.0,1.0,0.0,1.583
2cqsgr__5chtd8,2cqsgr,5chtd8,True,,6,3,0,1.0,0.0,1.0,0.0,1.583
3jjugv__8o6gb9,3jjugv,8o6gb9,True,,1,4,0,1.0,0.0,1.0,0.0,1.583
2wuw4a__2ntq4x,2wuw4a,2ntq4x,True,,4,7,0,1.0,0.0,1.0,0.0,1.583
2vgflf__5x0d9e,2vgflf,5x0d9e,True,,9,1,1,0.8,0.19999999999999996,0.3334055542945862,0.6665944457054138,2.245952552844286
3eox7m__8e1f1t,3eox7m,8e1f1t,True,,7,5,3,0.4,0.6,0.4187122955918312,0.5812877044081688,2.2471245871467884
8v3rd7__9q7tcb,8v3rd7,9q7tcb,True,,1,4,0,1.0,0.0,1.0,0.0,1.583
2x8hue__2crhcn,2x8hue,2crhcn,True,,7,2,0,1.0,0.0,1.0,0.0,1.583
65zh1p__2zam05,65zh1p,2zam05,True,,1,3,0,1.0,0.0,1.0,0.0,1.583
3apcv7__68w90z,3apcv7,68w90z,True,,8,8,0,1.0,0.0,1.0,0.0,1.583
3kaldi__79mrgt,3kaldi,79mrgt,True,,3,1,0,1.0,0.0,1.0,0.0,1.583
2cx989__7axi2n,2cx989,7axi2n,True,,4,2,0,1.0,0.0,1.0,0.0,1.583
6cg1j9__4l0h3d,6cg1j9,4l0h3d,True,,3,1,0,1.0,0.0,1.0,0.0,1.583
4ntetw__3yp7oi,4ntetw,3yp7oi,True,,4,3,0,1.0,0.0,1.0,0.0,1.583
9ogv6m__2lhadb,9ogv6m,2lhadb,True,,13,2,0,1.0,0.0,1.0,0.0,1.583
9sz5ug__3dx6ni,9sz5ug,3dx6ni,True,,15,2,1,0.018518518518518517,0.9814814814814815,0.45776615384966135,0.5422338461503386,2.2877495963272088
2rzreg__8n3mjd,2rzreg,8n3mjd,True,,2,7,0,1.0,0.0,1.0,0.0,1.583
8hf28l__9crlw4,8hf28l,9crlw4,True,,3,4,0,1.0,0.0,1.0,0.0,1.583
263xfx__4g4wtc,263xfx,4g4wtc,True,,3,3,0,1.0,0.0,1.0,0.0,1.583
2a8n5p__2ubzn9,2a8n5p,2ubzn9,True,,2,6,0,1.0,0.0,1.0,0.0,1.583
4xrbh8__4orxkw,4xrbh8,4orxkw,True,,6,1,0,1.0,0.0,1.0,0.0,1.583
3jctng__9iqmo4,3jctng,9iqmo4,True,,4,6,0,1.0,0.0,1.0,0.0,1.583
2yu6uk__8mdkbb,2yu6uk,8mdkbb,True,,3,1,0,1.0,0.0,1.0,0.0,1.583
2whi6l__2u4ee3,2whi6l,2u4ee3,True,,5,1,0,1.0,0.0,1.0,0.0,1.583
5qf8gb__4hzsyu,5qf8gb,4hzsyu,True,,1,3,1,0.5,0.5,0.29107236862182617,0.7089276313781738,2.3461175149440763
2hx8rw__74wgfd,2hx8rw,74wgfd,True,,5,12,0,1.0,0.0,1.0,0.0,1.583
1b5uid__27cyks,1b5uid,27cyks,True,,5,3,1,0.75,0.25,0.3566681146621704,0.6433318853378296,2.234332647716999
2thno0__8tz7o9,2thno0,8tz7o9,True,,4,4,3,0.18181818181818182,0.8181818181818181,0.4556505484506488,0.5443494515493512,2.2567224982564844
4szj59__36wv2s,4szj59,36wv2s,True,,8,5,0,1.0,0.0,1.0,0.0,1.583
9omjb6__6v035v,9omjb6,6v035v,True,,5,1,0,1.0,0.0,1.0,0.0,1.583
5nse6w__3k4lbn,5nse6w,3k4lbn,True,,3,1,0,1.0,0.0,1.0,0.0,1.583
3g1ymi__8vt98s,3g1ymi,8vt98s,True,,8,4,1,0.8333333333333334,0.16666666666666663,0.3926576003432274,0.6073423996567726,2.183880400372793
32w2rx__4lae1y,32w2rx,4lae1y,True,,3,6,2,0.2,0.8,0.36671084351837635,0.6332891564816236,2.336108743238188
3mp939__3t6iwz,3mp939,3t6iwz,True,,1,6,0,1.0,0.0,1.0,0.0,1.583
5qp9dc__7690lz,5qp9dc,7690lz,True,,1,6,0,1.0,0.0,1.0,0.0,1.583
169jh4__2oxfit,169jh4,2oxfit,True,,9,4,0,1.0,0.0,1.0,0.0,1.583
17a5up__21fm59,17a5up,21fm59,True,,4,4,3,0.36363636363636365,0.6363636363636364,0.34431855256358784,0.6556814474364121,2.323949994669956
52ln52__2aenwe,52ln52,2aenwe,True,,6,2,0,1.0,0.0,1.0,0.0,1.583
9w6hes__5kbgma,9w6hes,5kbgma,True,,2,7,0,1.0,0.0,1.0,0.0,1.583
30f5tm__2rlimd,30f5tm,2rlimd,True,,3,2,0,1.0,0.0,1.0,0.0,1.583
4mwuze__1f0upk,4mwuze,1f0upk,True,,7,2,0,1.0,0.0,1.0,0.0,1.583
29002o__3jd1et,29002o,3jd1et,True,,3,6,1,0.7777777777777778,0.2222222222222222,0.3891320005059242,0.6108679994940758,2.1984007358386286
1net7g__9dxp3a,1net7g,9dxp3a,True,,5,3,3,0.07142857142857142,0.9285714285714286,0.360331978648901,0.639668021351099,2.368050250854077
30a3nv__279aa4,30a3nv,279aa4,True,,3,3,1,0.6666666666666666,0.33333333333333337,0.42927873134613037,0.5707212686538696,2.1833632594625154
49qiwe__7frqey,49qiwe,7frqey,True,,3,3,0,1.0,0.0,1.0,0.0,1.583
3e6fbp__2d4fh1,3e6fbp,2d4fh1,True,,3,3,0,1.0,0.0,1.0,0.0,1.583
3if8uz__2zqh21,3if8uz,2zqh21,True,,5,5,0,1.0,0.0,1.0,0.0,1.583
3gcmp5__96jzhc,3gcmp5,96jzhc,True,,4,5,1,0.7777777777777778,0.2222222222222222,0.3941982761025429,0.6058017238974571,2.1936693410589463
32q8jm__3t1dq0,32q8jm,3t1dq0,True,,2,3,1,0.6,0.4,0.39392751455307007,0.6060724854469299,2.229851094158888
1cbelb__25rt18,1cbelb,25rt18,True,,3,1,0,1.0,0.0,1.0,0.0,1.583
3fduf1__73a77l,3fduf1,73a77l,True,,2,2,0,1.0,0.0,1.0,0.0,1.583
1z41ys__11a0r3,1z41ys,11a0r3,True,,3,6,2,0.5,0.5,0.37718984857201576,0.6228101514279842,2.2656924004185948
6u7p2g__9gp3rx,6u7p2g,9gp3rx,True,,2,5,1,0.7142857142857143,0.2857142857142857,0.3431650251150131,0.6568349748849869,2.254161040187946
1qs7wp__2lu4ek,1qs7wp,2lu4ek,True,,2,1,0,1.0,0.0,1.0,0.0,1.583
7v0a9g__459lsu,7v0a9g,459lsu,True,,2,1,0,1.0,0.0,1.0,0.0,1.583
2fa484__5jhtjk,2fa484,5jhtjk,True,,3,3,0,1.0,0.0,1.0,0.0,1.583
7d2o7b__7q2ycw,7d2o7b,7q2ycw,True,,2,5,0,1.0,0.0,1.0,0.0,1.583
3n9ewr__2met9s,3n9ewr,2met9s,True,,3,6,1,0.08333333333333333,0.9166666666666666,0.3915930738051732,0.6084069261948268,2.336449561706682
30xnp0__5eu1vq,30xnp0,5eu1vq,True,,1,7,0,1.0,0.0,1.0,0.0,1.583
3p9yq7__9ur4s8,3p9yq7,9ur4s8,True,,2,3,0,1.0,0.0,1.0,0.0,1.583
61srxy__303df4,61srxy,303df4,True,,1,1,0,1.0,0.0,1.0,0.0,1.583
8vfnyo__8e8nj5,8vfnyo,8e8nj5,True,,2,7,0,1.0,0.0,1.0,0.0,1.583
9dzl54__9gmodo,9dzl54,9gmodo,True,,4,7,0,1.0,0.0,1.0,0.0,1.583
2fpcv8__8e8nj5,2fpcv8,8e8nj5,True,,2,7,0,1.0,0.0,1.0,0.0,1.583
3w1w2t__7vqwg6,3w1w2t,7vqwg6,True,,4,7,0,1.0,0.0,1.0,0.0,1.583
3un968__1soee7,3un968,1soee7,True,,7,4,0,1.0,0.0,1.0,0.0,1.583
6pn4ca__15urjv,6pn4ca,15urjv,True,,6,4,0,1.0,0.0,1.0,0.0,1.583
8ca4iq__y4fus,8ca4iq,y4fus,True,,3,5,0,1.0,0.0,1.0,0.0,1.583
2gc4xz__7005hu,2gc4xz,7005hu,True,,5,2,0,1.0,0.0,1.0,0.0,1.583
95vu0m__9j9rzc,95vu0m,9j9rzc,True,,6,5,0,1.0,0.0,1.0,0.0,1.583
3gutcg__3jvf41,3gutcg,3jvf41,True,,6,6,1,0.8333333333333334,0.16666666666666663,0.30287058651447296,0.697129413485527,2.267732492587467
3ac45f__3gk2tj,3ac45f,3gk2tj,True,,5,5,1,0.8,0.19999999999999996,0.3887433856725693,0.6112566143274307,2.1942725521203874
45rph1__20lmoe,45rph1,20lmoe,True,,1,4,0,1.0,0.0,1.0,0.0,1.583
363zxm__40s7kk,363zxm,40s7kk,True,,3,7,0,1.0,0.0,1.0,0.0,1.583
3caji6__1ickyq,3caji6,1ickyq,True,,2,3,0,1.0,0.0,1.0,0.0,1.583
8fzvlo__9df5b3,8fzvlo,9df5b3,True,,5,2,0,1.0,0.0,1.0,0.0,1.583
1an6sg__8d1zmm,1an6sg,8d1zmm,True,,5,2,0,1.0,0.0,1.0,0.0,1.583
3mp939__9ddaj6,3mp939,9ddaj6,True,,1,5,0,1.0,0.0,1.0,0.0,1.583
2sjfba__5ogxqp,2sjfba,5ogxqp,True,,1,1,0,1.0,0.0,1.0,0.0,1.583
3702zy__5x89ev,3702zy,5x89ev,True,,8,2,0,1.0,0.0,1.0,0.0,1.583
2xs5ij__315umy,2xs5ij,315umy,True,,5,2,0,1.0,0.0,1.0,0.0,1.583
1b0k1g__7393uw,1b0k1g,7393uw,True,,4,1,0,1.0,0.0,1.0,0.0,1.583
8efhoc__7c3m44,8efhoc,7c3m44,True,,7,3,0,1.0,0.0,1.0,0.0,1.583
2dd322__4cxmfl,2dd322,4cxmfl,True,,3,3,0,1.0,0.0,1.0,0.0,1.583
8wgkcb__3dwy0i,8wgkcb,3dwy0i,True,,2,9,0,1.0,0.0,1.0,0.0,1.583
3hbpml__75s8y1,3hbpml,75s8y1,True,,2,6,0,1.0,0.0,1.0,0.0,1.583
63c7ui__9u14m0,63c7ui,9u14m0,True,,6,4,0,1.0,0.0,1.0,0.0,1.583
8vsj37__7flkfq,8vsj37,7flkfq,True,,3,5,1,0.35714285714285715,0.6428571428571428,0.3504321649670601,0.6495678350329399,2.319552829708691
363zxm__13l1xz,363zxm,13l1xz,True,,3,4,0,1.0,0.0,1.0,0.0,1.583
5ay2eo__22wow9,5ay2eo,22wow9,True,,5,3,0,1.0,0.0,1.0,0.0,1.583
9ft4se__51a1yy,9ft4se,51a1yy,True,,6,3,1,0.7777777777777778,0.2222222222222222,0.23242363333702087,0.7675763666629791,2.3447506799376674
73a77l__2thezp,73a77l,2thezp,True,,2,9,0,1.0,0.0,1.0,0.0,1.583
2rlimd__2fynqy,2rlimd,2fynqy,True,,2,3,0,1.0,0.0,1.0,0.0,1.583
21a18i__7c8rkv,21a18i,7c8rkv,True,,6,4,1,0.8,0.19999999999999996,0.3809162378311157,0.6190837621688843,2.201582325489521
9kkwpm__2ecabq,9kkwpm,2ecabq,True,,5,5,1,0.8,0.19999999999999996,0.33955085277557373,0.6604491472244263,2.2402134585928914
8z7ow7__90twwz,8z7ow7,90twwz,True,,4,3,0,1.0,0.0,1.0,0.0,1.583
8hhrj8__2giddr,8hhrj8,2giddr,True,,6,2,0,1.0,0.0,1.0,0.0,1.583
2uhcjs__1k3vnj,2uhcjs,1k3vnj,True,,2,1,0,1.0,0.0,1.0,0.0,1.583
72xp1b__3bky41,72xp1b,3bky41,True,,3,5,0,1.0,0.0,1.0,0.0,1.583
3ea2lw__1ny7ji,3ea2lw,1ny7ji,True,,9,2,1,0.02127659574468085,0.9787234042553191,0.41030117351975703,0.589698826480243,2.3315197340498988
9emt5s__8wj264,9emt5s,8wj264,True,,4,1,0,1.0,0.0,1.0,0.0,1.583
876ph5__5dhie1,876ph5,5dhie1,True,,6,5,1,0.8181818181818182,0.18181818181818177,0.39699559658765793,0.6030044034123421,2.182891266892241
3cdrpo__2vjmn4,3cdrpo,2vjmn4,True,,4,5,0,1.0,0.0,1.0,0.0,1.583
6v6pdc__1a96ty,6v6pdc,1a96ty,True,,2,8,0,1.0,0.0,1.0,0.0,1.583
9cy5hf__7hi17a,9cy5hf,7hi17a,True,,1,9,0,1.0,0.0,1.0,0.0,1.583
6cbldj__4avquu,6cbldj,4avquu,True,,5,4,0,1.0,0.0,1.0,0.0,1.583
3jstdl__9jcry9,3jstdl,9jcry9,True,,3,6,0,1.0,0.0,1.0,0.0,1.583
1ac7q4__2xggse,1ac7q4,2xggse,True,,3,3,0,1.0,0.0,1.0,0.0,1.583
6x9ns4__9u8e50,6x9ns4,9u8e50,True,,2,9,0,1.0,0.0,1.0,0.0,1.583
3dhspl__hvkv4,3dhspl,hvkv4,True,,4,2,0,1.0,0.0,1.0,0.0,1.583
2906qd__7bxi65,2906qd,7bxi65,True,,6,3,0,1.0,0.0,1.0,0.0,1.583
38jadm__3kfxa2,38jadm,3kfxa2,True,,4,5,0,1.0,0.0,1.0,0.0,1.583
3r9qbz__3a796s,3r9qbz,3a796s,True,,3,8,1,0.6666666666666666,0.33333333333333337,0.34178176522254944,0.6582182347774506,2.265076676125328
9b4pz2__8ae608,9b4pz2,8ae608,True,,3,4,0,1.0,0.0,1.0,0.0,1.583
1ks9cy__3gef03,1ks9cy,3gef03,True,,10,1,0,1.0,0.0,1.0,0.0,1.583
1c1twi__6jifi2,1c1twi,6jifi2,True,,4,1,0,1.0,0.0,1.0,0.0,1.583
14jq74__6jamp2,14jq74,6jamp2,True,,6,2,0,1.0,0.0,1.0,0.0,1.583
3i68i7__3o86h6,3i68i7,3o86h6,True,,1,3,0,1.0,0.0,1.0,0.0,1.583
3apcv7__7guv2r,3apcv7,7guv2r,True,,8,4,2,0.6153846153846154,0.3846153846153846,0.3646165020763874,0.6353834979236126,2.2541154179416307
4nf4fx__87shxt,4nf4fx,87shxt,True,,6,10,3,0.5263157894736842,0.4736842105263158,0.4102078080177307,0.5897921919822693,2.2295385070396097
3imy1i__3uxja0,3imy1i,3uxja0,True,,4,5,2,0.5,0.5,0.445397287607193,0.554602712392807,2.2019934731036424
9lyefq__5lnkgy,9lyefq,5lnkgy,True,,5,4,0,1.0,0.0,1.0,0.0,1.583
36wv2s__7jgqis,36wv2s,7jgqis,True,,5,1,0,1.0,0.0,1.0,0.0,1.583
2jkrgx__3l5964,2jkrgx,3l5964,True,,4,7,2,0.5833333333333334,0.41666666666666663,0.36776696890592575,0.6322330310940742,2.2576507610720893
6obmtx__7f004e,6obmtx,7f004e,True,,4,1,0,1.0,0.0,1.0,0.0,1.583
366rmx__3pjujh,366rmx,3pjujh,True,,1,10,0,1.0,0.0,1.0,0.0,1.583
3mv6e8__96pu01,3mv6e8,96pu01,True,,3,1,0,1.0,0.0,1.0,0.0,1.583
38jadm__1i9db5,38jadm,1i9db5,True,,4,2,1,0.42857142857142855,0.5714285714285714,0.2879553735256195,0.7120446264743805,2.363464190950138
4gcuc6__380vm2,4gcuc6,380vm2,True,,4,8,0,1.0,0.0,1.0,0.0,1.583
2cqsgr__ozotu,2cqsgr,ozotu,True,,6,1,0,1.0,0.0,1.0,0.0,1.583
2eybjl__96stdq,2eybjl,96stdq,True,,5,2,0,1.0,0.0,1.0,0.0,1.583
8vfhm6__27bier,8vfhm6,27bier,True,,4,6,0,1.0,0.0,1.0,0.0,1.583
4gmbc9__95q9w6,4gmbc9,95q9w6,True,,1,5,0,1.0,0.0,1.0,0.0,1.583
49knna__3cxfnl,49knna,3cxfnl,True,,8,3,3,0.38461538461538464,0.6153846153846154,0.3997914462039868,0.6002085537960131,2.2679039991593273
279i86__923fx6,279i86,923fx6,True,,3,4,0,1.0,0.0,1.0,0.0,1.583
9brka1__75e9r4,9brka1,75e9r4,True,,3,3,0,1.0,0.0,1.0,0.0,1.583
2jkt69__3pt1eu,2jkt69,3pt1eu,True,,5,3,0,1.0,0.0,1.0,0.0,1.583
39andp__63h6hg,39andp,63h6hg,True,,11,3,0,1.0,0.0,1.0,0.0,1.583
2n08s9__3ilkxv,2n08s9,3ilkxv,True,,5,1,0,1.0,0.0,1.0,0.0,1.583
8zody5__6v9kxl,8zody5,6v9kxl,True,,7,1,0,1.0,0.0,1.0,0.0,1.583
1hh07c__2ok93x,1hh07c,2ok93x,True,,3,5,0,1.0,0.0,1.0,0.0,1.583
6i5sji__7xfd09,6i5sji,7xfd09,True,,2,2,0,1.0,0.0,1.0,0.0,1.583
6hvqt4__77il2q,6hvqt4,77il2q,True,,3,4,0,1.0,0.0,1.0,0.0,1.583
58wbmj__8s3ahq,58wbmj,8s3ahq,True,,4,1,0,1.0,0.0,1.0,0.0,1.583
8iq3ls__2swc2m,8iq3ls,2swc2m,True,,4,4,2,0.45454545454545453,0.5454545454545454,0.2812931289275487,0.7187068710724513,2.364436710530926
3hmcjm__2xiu03,3hmcjm,2xiu03,True,,7,6,0,1.0,0.0,1.0,0.0,1.583
30v6pd__1mtesn,30v6pd,1mtesn,True,,5,5,2,0.46153846153846156,0.5384615384615384,0.3827744759619236,0.6172255240380764,2.2682499938222365
1agy0c__34s9ya,1agy0c,34s9ya,True,,2,2,0,1.0,0.0,1.0,0.0,1.583
9p7oqm__41xkkt,9p7oqm,41xkkt,True,,1,4,0,1.0,0.0,1.0,0.0,1.583
28jple__4z4x0n,28jple,4z4x0n,True,,7,1,0,1.0,0.0,1.0,0.0,1.583
93tzo4__3ohnx8,93tzo4,3ohnx8,True,,5,3,2,0.5555555555555556,0.4444444444444444,0.3904758356511593,0.6095241643488407,2.2420568393076046
3t2n88__9hxp5n,3t2n88,9hxp5n,True,,6,1,0,1.0,0.0,1.0,0.0,1.583
3hibgo__3zcugb,3hibgo,3zcugb,True,,4,2,0,1.0,0.0,1.0,0.0,1.583
1nagwy__7mnhcb,1nagwy,7mnhcb,True,,3,1,0,1.0,0.0,1.0,0.0,1.583
5vgubu__60alul,5vgubu,60alul,True,,5,1,0,1.0,0.0,1.0,0.0,1.583
3t6iwz__9re5w9,3t6iwz,9re5w9,True,,6,1,0,1.0,0.0,1.0,0.0,1.583
4wjk6f__7b8oiq,4wjk6f,7b8oiq,True,,2,2,0,1.0,0.0,1.0,0.0,1.583
2x35k5__4hc8t0,2x35k5,4hc8t0,True,,3,1,0,1.0,0.0,1.0,0.0,1.583
2dm81u__8ci6nk,2dm81u,8ci6nk,True,,8,2,0,1.0,0.0,1.0,0.0,1.583
51vjpq__47unc9,51vjpq,47unc9,True,,1,5,0,1.0,0.0,1.0,0.0,1.583
90of93__6obmtx,90of93,6obmtx,True,,1,4,0,1.0,0.0,1.0,0.0,1.583
4h1bft__8x2253,4h1bft,8x2253,True,,9,2,0,1.0,0.0,1.0,0.0,1.583
9tg4wc__9u14m0,9tg4wc,9u14m0,True,,6,4,2,0.5454545454545454,0.4545454545454546,0.36945682764053345,0.6305431723594666,2.2637279050301418
1eii8f__2jo7vt,1eii8f,2jo7vt,True,,1,9,0,1.0,0.0,1.0,0.0,1.583
37fh2s__3fb0r5,37fh2s,3fb0r5,True,,4,8,0,1.0,0.0,1.0,0.0,1.583
8y7scs__7qh0z2,8y7scs,7qh0z2,True,,6,12,3,0.5714285714285714,0.4285714285714286,0.3531825691461563,0.6468174308538437,2.2736770843886904
1h6vp2__9jvbv3,1h6vp2,9jvbv3,True,,1,3,0,1.0,0.0,1.0,0.0,1.583
6uiiye__9f02xx,6uiiye,9f02xx,True,,5,8,4,0.14285714285714285,0.8571428571428572,0.4675519511414071,0.532448048858593,2.2534818042576115
4j3g7r__5k2fke,4j3g7r,5k2fke,True,,2,7,0,1.0,0.0,1.0,0.0,1.583
22edfw__9cjbtc,22edfw,9cjbtc,True,,1,3,0,1.0,0.0,1.0,0.0,1.583
1fqsap__2lmeyr,1fqsap,2lmeyr,True,,1,3,0,1.0,0.0,1.0,0.0,1.583
9tshxn__3esb5z,9tshxn,3esb5z,True,,5,3,0,1.0,0.0,1.0,0.0,1.583
9cjo5w__52cgg6,9cjo5w,52cgg6,True,,3,3,0,1.0,0.0,1.0,0.0,1.583
64la9r__9g21u7,64la9r,9g21u7,True,,2,4,0,1.0,0.0,1.0,0.0,1.583
3gc4mn__8kvpu4,3gc4mn,8kvpu4,True,,4,5,0,1.0,0.0,1.0,0.0,1.583
97alt2__9jxbvi,97alt2,9jxbvi,True,,4,6,0,1.0,0.0,1.0,0.0,1.583
9964bf__4pl2gz,9964bf,4pl2gz,True,,4,2,0,1.0,0.0,1.0,0.0,1.583
8wm2se__3ba0z2,8wm2se,3ba0z2,True,,11,7,1,0.7894736842105263,0.21052631578947367,0.23947929590940475,0.7605207040905952,2.3357976539712597
63qo85__4s2qv6,63qo85,4s2qv6,True,,2,7,0,1.0,0.0,1.0,0.0,1.583
56l0kx__5rlen3,56l0kx,5rlen3,True,,1,1,0,1.0,0.0,1.0,0.0,1.583
2j18bm__8mue84,2j18bm,8mue84,True,,3,5,0,1.0,0.0,1.0,0.0,1.583
3i7lfk__999bc1,3i7lfk,999bc1,True,,5,1,0,1.0,0.0,1.0,0.0,1.583
51jee8__2v7h2h,51jee8,2v7h2h,True,,2,2,0,1.0,0.0,1.0,0.0,1.583
7xfd09__37hxu0,7xfd09,37hxu0,True,,2,2,0,1.0,0.0,1.0,0.0,1.583
2b5jwn__9p30p9,2b5jwn,9p30p9,True,,2,7,0,1.0,0.0,1.0,0.0,1.583
3b8eha__9urdku,3b8eha,9urdku,True,,5,4,1,0.2719298245614035,0.7280701754385965,0.4829682579268895,0.5170317420731105,2.2129989263782184
90a5fa__9fe2w4,90a5fa,9fe2w4,True,,9,4,2,0.6428571428571429,0.3571428571428571,0.4063371606171131,0.5936628393828869,2.2096002971282496
3j4g7r__suscr,3j4g7r,suscr,True,,8,3,0,1.0,0.0,1.0,0.0,1.583
8hk9lp__2j59ef,8hk9lp,2j59ef,True,,3,3,0,1.0,0.0,1.0,0.0,1.583
8gbll8__34j09q,8gbll8,34j09q,True,,4,2,0,1.0,0.0,1.0,0.0,1.583
97w78x__9rj4y8,97w78x,9rj4y8,True,,5,4,1,0.7777777777777778,0.2222222222222222,0.34663817286491394,0.6533618271350861,2.238085721472568
6eivb3__7hbq0g,6eivb3,7hbq0g,True,,6,6,0,1.0,0.0,1.0,0.0,1.583
9bkeba__2k05ga,9bkeba,2k05ga,True,,4,1,0,1.0,0.0,1.0,0.0,1.583
3zd7ou__5ykg8n,3zd7ou,5ykg8n,True,,3,4,0,1.0,0.0,1.0,0.0,1.583
40qgd1__2p779r,40qgd1,2p779r,True,,4,4,0,1.0,0.0,1.0,0.0,1.583
9x3yg0__62n803,9x3yg0,62n803,True,,4,5,0,1.0,0.0,1.0,0.0,1.583
1ezsgy__8d7pj9,1ezsgy,8d7pj9,True,,4,4,0,1.0,0.0,1.0,0.0,1.583
3k2aip__7323gy,3k2aip,7323gy,True,,3,1,1,0.5,0.5,0.2607722729444504,0.7392277270555496,2.3744147742971777
65afwx__5ce6ow,65afwx,5ce6ow,True,,7,6,1,0.5625,0.4375,0.35976958833634853,0.6402304116636515,2.269329931452684
2v9w6p__1wlimc,2v9w6p,1wlimc,True,,2,10,1,0.5333333333333333,0.4666666666666667,0.3775197044014931,0.6224802955985069,2.258647681392779
3i7lfk__28vo5c,3i7lfk,28vo5c,True,,5,8,2,0.7142857142857143,0.2857142857142857,0.385994303971529,0.614005696028471,2.214162776663846
2uzdy9__3olt1u,2uzdy9,3olt1u,True,,4,1,0,1.0,0.0,1.0,0.0,1.583
2k82nw__7y4h0z,2k82nw,7y4h0z,True,,2,8,0,1.0,0.0,1.0,0.0,1.583
2lr4ay__9psjvg,2lr4ay,9psjvg,True,,4,1,0,1.0,0.0,1.0,0.0,1.583
4hz1cj__2axphm,4hz1cj,2axphm,True,,3,8,0,1.0,0.0,1.0,0.0,1.583
3yv1k4__7atnbf,3yv1k4,7atnbf,True,,3,4,0,1.0,0.0,1.0,0.0,1.583
34395g__9ysamh,34395g,9ysamh,True,,7,6,3,0.4375,0.5625,0.3945058820148309,0.6054941179851692,2.2621522067863493
3kxabw__73cn5l,3kxabw,73cn5l,True,,6,1,0,1.0,0.0,1.0,0.0,1.583
5pud4a__2khzl1,5pud4a,2khzl1,True,,3,5,0,1.0,0.0,1.0,0.0,1.583
6tjt25__7lltdh,6tjt25,7lltdh,True,,12,1,0,1.0,0.0,1.0,0.0,1.583
752kg5__2p6vw1,752kg5,2p6vw1,True,,4,2,0,1.0,0.0,1.0,0.0,1.583
3jjtae__21n29z,3jjtae,21n29z,True,,5,3,0,1.0,0.0,1.0,0.0,1.583
1zo0y8__3u8kl4,1zo0y8,3u8kl4,True,,2,2,1,0.5,0.5,0.4239971861243248,0.5760028138756752,2.221979027878493
93k9da__900dqs,93k9da,900dqs,True,,1,6,0,1.0,0.0,1.0,0.0,1.583
5rcjsu__9ujuxu,5rcjsu,9ujuxu,True,,5,4,0,1.0,0.0,1.0,0.0,1.583
4f9b5w__94qz9p,4f9b5w,94qz9p,True,,3,8,3,0.07692307692307693,0.9230769230769231,0.4087973901381095,0.5912026098618905,2.3216779635038653
92nvv4__6v9i6k,92nvv4,6v9i6k,True,,5,4,0,1.0,0.0,1.0,0.0,1.583
3w4qxu__3487pi,3w4qxu,3487pi,True,,1,4,0,1.0,0.0,1.0,0.0,1.583
97ug48__18bb7a,97ug48,18bb7a,True,,1,4,0,1.0,0.0,1.0,0.0,1.583
57uc94__3jk9wh,57uc94,3jk9wh,True,,3,3,3,0.0,1.0,0.3767748499910037,0.6232251500089963,2.367129967593401
1ai6k0__3jqyd6,1ai6k0,3jqyd6,True,,4,3,0,1.0,0.0,1.0,0.0,1.583
2ihb6m__1ae9mh,2ihb6m,1ae9mh,True,,1,6,0,1.0,0.0,1.0,0.0,1.583
63h6hg__4cb5cr,63h6hg,4cb5cr,True,,3,3,3,0.0,1.0,0.4314795167495807,0.5685204832504194,2.3160412793075666
8fzvlo__4scadm,8fzvlo,4scadm,True,,5,4,1,0.7777777777777778,0.2222222222222222,0.41683482378721237,0.5831651762127876,2.1725290691762336
3tl912__2y3dbn,3tl912,2y3dbn,True,,3,3,0,1.0,0.0,1.0,0.0,1.583
34fqum__8a4voy,34fqum,8a4voy,True,,2,3,2,0.16666666666666666,0.8333333333333334,0.3870074413716793,0.6129925586283207,2.3238904171696553
314sca__6ii2jp,314sca,6ii2jp,True,,3,3,0,1.0,0.0,1.0,0.0,1.583
h38y4__4kqgzu,h38y4,4kqgzu,True,,2,1,1,0.0,1.0,0.3847966231405735,0.6152033768594265,2.3596384336490184
6rtgfq__7covg5,6rtgfq,7covg5,True,,5,3,0,1.0,0.0,1.0,0.0,1.583
1zbl62__4wx4mn,1zbl62,4wx4mn,True,,4,3,0,1.0,0.0,1.0,0.0,1.583
32w2rx__362yso,32w2rx,362yso,True,,3,5,2,0.4444444444444444,0.5555555555555556,0.32680583745241165,0.6731941625475883,2.3239738061809705
43kfk3__960idh,43kfk3,960idh,True,,5,2,0,1.0,0.0,1.0,0.0,1.583
1xiz2g__7mm8f4,1xiz2g,7mm8f4,True,,5,4,2,0.5,0.5,0.3572106435894966,0.6427893564105034,2.2843509799517694
1b70yg__92nvv4,1b70yg,92nvv4,True,,4,5,0,1.0,0.0,1.0,0.0,1.583
5dnvqu__38o64h,5dnvqu,38o64h,True,,3,2,0,1.0,0.0,1.0,0.0,1.583
3m102j__2hduay,3m102j,2hduay,True,,4,1,1,0.6,0.4,0.3227371871471405,0.6772628128528595,2.2963357409232854
9blohy__2msnfr,9blohy,2msnfr,True,,11,3,0,1.0,0.0,1.0,0.0,1.583
30xnp0__3ilkxv,30xnp0,3ilkxv,True,,1,1,0,1.0,0.0,1.0,0.0,1.583
9brvax__9y4moo,9brvax,9y4moo,True,,2,2,0,1.0,0.0,1.0,0.0,1.583
2s8u3j__2jrfsm,2s8u3j,2jrfsm,True,,1,3,0,1.0,0.0,1.0,0.0,1.583
9f3zws__96mp9b,9f3zws,96mp9b,True,,5,4,1,0.7777777777777778,0.2222222222222222,0.27115461230278015,0.7288453876972198,2.3085798186815447
3ra751__1mf85o,3ra751,1mf85o,True,,3,5,0,1.0,0.0,1.0,0.0,1.583
2bexzx__3frg42,2bexzx,3frg42,True,,1,2,1,0.0,1.0,0.44146430119872093,0.5585356988012791,2.3067164891105145
3bamhs__1ukvps,3bamhs,1ukvps,True,,4,2,2,0.42857142857142855,0.5714285714285714,0.30984632670879364,0.6901536732912064,2.343020229772372
9ess1g__28fdxn,9ess1g,28fdxn,True,,4,3,2,0.375,0.625,0.35316044464707375,0.6468395553529263,2.313395960744098
36j6i9__41fysp,36j6i9,41fysp,True,,2,5,0,1.0,0.0,1.0,0.0,1.583
7393uw__7cl53q,7393uw,7cl53q,True,,1,2,0,1.0,0.0,1.0,0.0,1.583
2kfi6b__7difvk,2kfi6b,7difvk,True,,1,1,0,1.0,0.0,1.0,0.0,1.583
98p6id__5kygn0,98p6id,5kygn0,True,,3,3,0,1.0,0.0,1.0,0.0,1.583
3dxcdl__1hhf0a,3dxcdl,1hhf0a,True,,2,2,0,1.0,0.0,1.0,0.0,1.583
32xi8j__3ahbvm,32xi8j,3ahbvm,True,,5,2,0,1.0,0.0,1.0,0.0,1.583
8nbirt__5jdct9,8nbirt,5jdct9,True,,4,2,0,1.0,0.0,1.0,0.0,1.583
9hxp5n__7304iz,9hxp5n,7304iz,True,,1,3,1,0.5,0.5,0.3859035149216652,0.6140964850783348,2.257554707414657
1zdeoj__55mo4w,1zdeoj,55mo4w,True,,3,4,0,1.0,0.0,1.0,0.0,1.583
9psjvg__9uf5b7,9psjvg,9uf5b7,True,,1,3,0,1.0,0.0,1.0,0.0,1.583
20704y__9ywv45,20704y,9ywv45,True,,7,2,0,1.0,0.0,1.0,0.0,1.583
2b5c2p__96far9,2b5c2p,96far9,True,,1,3,0,1.0,0.0,1.0,0.0,1.583
6ii4hn__7njpw1,6ii4hn,7njpw1,True,,3,6,0,1.0,0.0,1.0,0.0,1.583
348oyq__9tbprm,348oyq,9tbprm,True,,1,2,0,1.0,0.0,1.0,0.0,1.583
3b9ioi__207bnl,3b9ioi,207bnl,True,,1,3,0,1.0,0.0,1.0,0.0,1.583
9ly16x__9xuf51,9ly16x,9xuf51,True,,6,13,5,0.4827586206896552,0.5172413793103448,0.40957549661397935,0.5904245033860207,2.2389319264708254
3j10zp__9b1dll,3j10zp,9b1dll,True,,5,3,0,1.0,0.0,1.0,0.0,1.583
1juw4b__9nmaw6,1juw4b,9nmaw6,True,,3,4,2,0.375,0.625,0.33830729126930237,0.6616927087306976,2.3272673206835988
9r2859__1j5154,9r2859,1j5154,True,,4,5,3,0.25,0.75,0.41618790787955123,0.5838120921204488,2.279797112831287
3ou1u7__62bm6z,3ou1u7,62bm6z,True,,4,5,0,1.0,0.0,1.0,0.0,1.583
2khzl1__1nyrfm,2khzl1,1nyrfm,True,,5,4,0,1.0,0.0,1.0,0.0,1.583
2oo217__281ff4,2oo217,281ff4,True,,4,4,0,1.0,0.0,1.0,0.0,1.583
3g94va__570lc2,3g94va,570lc2,True,,4,6,1,0.8,0.19999999999999996,0.25267094373703003,0.74732905626297,2.321350605643987
760pxd__77cwb1,760pxd,77cwb1,True,,2,3,0,1.0,0.0,1.0,0.0,1.583
75kxqs__18bb7a,75kxqs,18bb7a,True,,2,4,0,1.0,0.0,1.0,0.0,1.583
4virgd__8erjh5,4virgd,8erjh5,True,,3,4,1,0.5,0.5,0.4895424824208021,0.5104575175791979,2.160766275667213
3kh9hs__p44z2,3kh9hs,p44z2,True,,5,3,0,1.0,0.0,1.0,0.0,1.583
3g1ymi__3mfwd3,3g1ymi,3mfwd3,True,,8,5,4,0.2631578947368421,0.736842105263158,0.42743676947429776,0.5725632305257022,2.2666325904616373
54ui6c__38w7ii,54ui6c,38w7ii,True,,1,3,0,1.0,0.0,1.0,0.0,1.583
2yon9l__91ch3w,2yon9l,91ch3w,True,,1,6,1,0.7142857142857143,0.2857142857142857,0.44128141179680824,0.5587185882031918,2.1625301466658176
3lbyyw__32mrno,3lbyyw,32mrno,True,,5,3,1,0.75,0.25,0.28016233444213867,0.7198376655578613,2.3057813958644866
6gmtg6__42344s,6gmtg6,42344s,True,,10,2,0,1.0,0.0,1.0,0.0,1.583
10j000__1qr501,10j000,1qr501,True,,3,4,0,1.0,0.0,1.0,0.0,1.583
4virgd__96ktcb,4virgd,96ktcb,True,,3,1,0,1.0,0.0,1.0,0.0,1.583
erv52__7f5ora,erv52,7f5ora,True,,1,6,0,1.0,0.0,1.0,0.0,1.583
3d3lsu__6jbkrb,3d3lsu,6jbkrb,True,,8,5,0,1.0,0.0,1.0,0.0,1.583
1hq3d1__45aupm,1hq3d1,45aupm,True,,4,7,0,1.0,0.0,1.0,0.0,1.583
1p1bdq__9usx9z,1p1bdq,9usx9z,True,,3,9,0,1.0,0.0,1.0,0.0,1.583
1fq1bw__6y2fr3,1fq1bw,6y2fr3,True,,6,1,1,0.5,0.5,0.2906348556280136,0.7093651443719864,2.346526108328998
99ozh1__2own66,99ozh1,2own66,True,,2,2,0,1.0,0.0,1.0,0.0,1.583
5fv4ug__9kldph,5fv4ug,9kldph,True,,4,7,0,1.0,0.0,1.0,0.0,1.583
87004i__95vu0m,87004i,95vu0m,True,,3,6,0,1.0,0.0,1.0,0.0,1.583
536hru__8lm9px,536hru,8lm9px,True,,9,1,0,1.0,0.0,1.0,0.0,1.583
8bunmb__2g0x1o,8bunmb,2g0x1o,True,,2,4,0,1.0,0.0,1.0,0.0,1.583
6gkx9b__1uaj9c,6gkx9b,1uaj9c,True,,1,7,0,1.0,0.0,1.0,0.0,1.583
3h5f1i__9a3zz7,3h5f1i,9a3zz7,True,,9,1,1,0.6363636363636364,0.36363636363636365,0.4376169480383396,0.5623830519616604,2.1817004413179037
4n4a71__7e2s2u,4n4a71,7e2s2u,True,,1,2,0,1.0,0.0,1.0,0.0,1.583
8wfmcz__5l1bxq,8wfmcz,5l1bxq,True,,3,2,0,1.0,0.0,1.0,0.0,1.583
45tsq1__6ghopz,45tsq1,6ghopz,True,,2,4,0,1.0,0.0,1.0,0.0,1.583
5c1n5b__6o8vgu,5c1n5b,6o8vgu,True,,1,2,0,1.0,0.0,1.0,0.0,1.583
94d04s__784qn0,94d04s,784qn0,True,,5,3,0,1.0,0.0,1.0,0.0,1.583
3vzco7__2z47cm,3vzco7,2z47cm,True,,5,11,3,0.5789473684210527,0.42105263157894735,0.4070269887646039,0.5929730112353961,2.221872232034842
3331bv__8pa4c6,3331bv,8pa4c6,True,,7,4,0,1.0,0.0,1.0,0.0,1.583
38rlpo__42h4po,38rlpo,42h4po,True,,2,9,2,0.5833333333333334,0.41666666666666663,0.4500904232263565,0.5499095767736435,2.1807688870822393
3bxlyw__1zukpv,3bxlyw,1zukpv,True,,11,5,0,1.0,0.0,1.0,0.0,1.583
2uk639__42dc5s,2uk639,42dc5s,True,,5,2,0,1.0,0.0,1.0,0.0,1.583
3emhoz__1xiz2g,3emhoz,1xiz2g,True,,7,5,0,1.0,0.0,1.0,0.0,1.583
5zkr3b__5drgj9,5zkr3b,5drgj9,True,,3,2,0,1.0,0.0,1.0,0.0,1.583
9h0bo6__7d5gbe,9h0bo6,7d5gbe,True,,4,4,0,1.0,0.0,1.0,0.0,1.583
2mx648__3dti2i,2mx648,3dti2i,True,,2,2,0,1.0,0.0,1.0,0.0,1.583
2tlxmo__6n0322,2tlxmo,6n0322,True,,5,2,0,1.0,0.0,1.0,0.0,1.583
4xvip2__2mevbz,4xvip2,2mevbz,True,,7,1,0,1.0,0.0,1.0,0.0,1.583
9ju3b4__38o64h,9ju3b4,38o64h,True,,7,2,0,1.0,0.0,1.0,0.0,1.583
3wqhqs__8cgdwc,3wqhqs,8cgdwc,True,,5,4,0,1.0,0.0,1.0,0.0,1.583
6bxknh__33gdnb,6bxknh,33gdnb,True,,4,1,0,1.0,0.0,1.0,0.0,1.583
4bejq6__9emwqh,4bejq6,9emwqh,True,,2,6,0,1.0,0.0,1.0,0.0,1.583
szirr__5rlen3,szirr,5rlen3,True,,2,1,0,1.0,0.0,1.0,0.0,1.583
75jmq3__2ikv6l,75jmq3,2ikv6l,True,,5,4,3,0.3333333333333333,0.6666666666666667,0.44580363342538476,0.5541963665746152,2.2352973200773665
9nc5m1__9nvbmn,9nc5m1,9nvbmn,True,,2,1,0,1.0,0.0,1.0,0.0,1.583
2rb1fh__4n9a71,2rb1fh,4n9a71,True,,2,1,0,1.0,0.0,1.0,0.0,1.583
9xn60m__5ybscp,9xn60m,5ybscp,True,,5,4,0,1.0,0.0,1.0,0.0,1.583
8tx8q2__3pk808,8tx8q2,3pk808,True,,3,4,0,1.0,0.0,1.0,0.0,1.583
2ukmgi__3dwy0i,2ukmgi,3dwy0i,True,,5,9,3,0.45,0.55,0.37514280527830124,0.6248571947216988,2.2777091341505944
339166__5fv4ug,339166,5fv4ug,True,,3,4,0,1.0,0.0,1.0,0.0,1.583
2ssxlm__4mlzg4,2ssxlm,4mlzg4,True,,3,5,0,1.0,0.0,1.0,0.0,1.583
38t8ym__385zfd,38t8ym,385zfd,True,,12,2,0,1.0,0.0,1.0,0.0,1.583
365p4c__7gfhok,365p4c,7gfhok,True,,11,3,1,0.8571428571428571,0.1428571428571429,0.31341686844825745,0.6865831315517426,2.253071415127601
2t7osy__9y1xu4,2t7osy,9y1xu4,True,,4,1,0,1.0,0.0,1.0,0.0,1.583
3hs286__2ps6qm,3hs286,2ps6qm,True,,3,2,0,1.0,0.0,1.0,0.0,1.583
465lxy__1l43oe,465lxy,1l43oe,True,,6,7,0,1.0,0.0,1.0,0.0,1.583
78r7oz__7flemk,78r7oz,7flemk,True,,1,7,1,0.75,0.25,0.3893144354224205,0.6106855645775795,2.203844248759001
8o2uys__5joe02,8o2uys,5joe02,True,,1,6,0,1.0,0.0,1.0,0.0,1.583
9snkcp__2jkndb,9snkcp,2jkndb,True,,3,4,0,1.0,0.0,1.0,0.0,1.583
2n6gwl__9lvt2j,2n6gwl,9lvt2j,True,,3,2,0,1.0,0.0,1.0,0.0,1.583
9tshxn__4srbgd,9tshxn,4srbgd,True,,5,2,0,1.0,0.0,1.0,0.0,1.583
8bx5at__8dei7n,8bx5at,8dei7n,True,,5,6,0,1.0,0.0,1.0,0.0,1.583
3vuaej__2pj7be,3vuaej,2pj7be,True,,6,4,0,1.0,0.0,1.0,0.0,1.583
8dnp8c__6v9i6k,8dnp8c,6v9i6k,True,,4,4,0,1.0,0.0,1.0,0.0,1.583
3gutcg__1f3zik,3gutcg,1f3zik,True,,6,2,2,0.21739130434782608,0.782608695652174,0.44022687276204425,0.5597731272379558,2.2639373409188313
6d6ta2__4pbny1,6d6ta2,4pbny1,True,,5,2,0,1.0,0.0,1.0,0.0,1.583
4486l6__4y0c44,4486l6,4y0c44,True,,7,1,0,1.0,0.0,1.0,0.0,1.583
2uw5dp__33oi64,2uw5dp,33oi64,True,,5,5,0,1.0,0.0,1.0,0.0,1.583
2x8bis__9q7wkx,2x8bis,9q7wkx,True,,4,4,0,1.0,0.0,1.0,0.0,1.583
8d6l7x__385zfd,8d6l7x,385zfd,True,,3,2,0,1.0,0.0,1.0,0.0,1.583
2f1rym__514yvt,2f1rym,514yvt,True,,7,4,1,0.8181818181818182,0.18181818181818177,0.23948070406913757,0.7605192959308624,2.329994425015287
5zkr68__8fdz5n,5zkr68,8fdz5n,True,,6,3,1,0.4166666666666667,0.5833333333333333,0.23845143616199493,0.7615485638380051,2.4121018704349795
3pqa7y__7a2kpr,3pqa7y,7a2kpr,True,,2,2,0,1.0,0.0,1.0,0.0,1.583
88gqbg__9jhh2j,88gqbg,9jhh2j,True,,2,7,0,1.0,0.0,1.0,0.0,1.583
4blgkw__9dejen,4blgkw,9dejen,True,,4,5,4,0.13333333333333333,0.8666666666666667,0.4559824261814356,0.5440175738185644,2.2662113455224904
8way3e__3yrhbf,8way3e,3yrhbf,True,,6,5,0,1.0,0.0,1.0,0.0,1.583
99mq9j__6v3cdb,99mq9j,6v3cdb,True,,3,2,0,1.0,0.0,1.0,0.0,1.583
5u2205__4xqj1g,5u2205,4xqj1g,True,,6,4,1,0.6363636363636364,0.36363636363636365,0.2749886214733124,0.7250113785266876,2.3335790354969825
4grr42__72xz96,4grr42,72xz96,True,,6,6,0,1.0,0.0,1.0,0.0,1.583
4nyr9r__7e7ek9,4nyr9r,7e7ek9,True,,4,2,0,1.0,0.0,1.0,0.0,1.583
2wbz9l__5v2iz6,2wbz9l,5v2iz6,True,,2,9,0,1.0,0.0,1.0,0.0,1.583
9e1rq2__5vocqi,9e1rq2,5vocqi,True,,4,1,0,1.0,0.0,1.0,0.0,1.583
6ctlra__2b5nu8,6ctlra,2b5nu8,True,,3,4,2,0.2,0.8,0.2917915831009547,0.7082084168990452,2.406075840542018
3qlesh__4w8icy,3qlesh,4w8icy,True,,2,1,0,1.0,0.0,1.0,0.0,1.583
o8s1o__2jw2ta,o8s1o,2jw2ta,True,,2,1,1,0.3333333333333333,0.6666666666666667,0.3485049903392792,0.6514950096607208,2.3261645228554806
3kxabw__2rlimd,3kxabw,2rlimd,True,,6,2,0,1.0,0.0,1.0,0.0,1.583
2aer9v__2u81uj,2aer9v,2u81uj,True,,9,3,1,0.8333333333333334,0.16666666666666663,0.43017179518938065,0.5698282048106194,2.1488458938059707
3g4x4n__1ynf75,3g4x4n,1ynf75,True,,6,4,0,1.0,0.0,1.0,0.0,1.583
3kjzvf__2e5m9c,3kjzvf,2e5m9c,True,,3,5,0,1.0,0.0,1.0,0.0,1.583
8vfzyg__3m71t9,8vfzyg,3m71t9,True,,6,7,1,0.7142857142857143,0.2857142857142857,0.3545599728822708,0.6454400271177292,2.2435192984681045
1hc5m8__6pxi15,1hc5m8,6pxi15,True,,4,1,0,1.0,0.0,1.0,0.0,1.583
6n5fmz__77pan3,6n5fmz,77pan3,True,,5,4,1,0.7777777777777778,0.2222222222222222,0.48605312686413527,0.5139468731358647,2.1078860959326953
1ovtma__1klp6h,1ovtma,1klp6h,True,,3,2,0,1.0,0.0,1.0,0.0,1.583
2ujmdg__1k1l7a,2ujmdg,1k1l7a,True,,1,3,0,1.0,0.0,1.0,0.0,1.583
361aq8__3aw0v1,361aq8,3aw0v1,True,,5,6,0,1.0,0.0,1.0,0.0,1.583
19eh5n__9nmaw6,19eh5n,9nmaw6,True,,3,4,2,0.5,0.5,0.3962915353477001,0.6037084646522999,2.2478533351387826
9wvrl7__2g8r6r,9wvrl7,2g8r6r,True,,4,6,1,0.8,0.19999999999999996,0.4738357961177826,0.5261642038822174,2.114804750005603
4eo9fz__2pds06,4eo9fz,2pds06,True,,6,7,3,0.4375,0.5625,0.3853750874598821,0.614624912540118,2.270679455821216
2wm1vp__2tc9n7,2wm1vp,2tc9n7,True,,7,4,2,0.5833333333333334,0.41666666666666663,0.4332962241023779,0.5667037758976221,2.1964529896441225
3m492k__2jdck1,3m492k,2jdck1,True,,5,1,0,1.0,0.0,1.0,0.0,1.583
3zd7ou__1lk9u0,3zd7ou,1lk9u0,True,,3,1,0,1.0,0.0,1.0,0.0,1.583
58c29m__3hlps6,58c29m,3hlps6,True,,3,6,0,1.0,0.0,1.0,0.0,1.583
9ksgrx__275e2a,9ksgrx,275e2a,True,,9,5,1,0.5882352941176471,0.4117647058823529,0.3029298335313797,0.6970701664686203,2.3172114755238677
5rxhtz__3xnyqw,5rxhtz,3xnyqw,True,,4,1,0,1.0,0.0,1.0,0.0,1.583
8cldf2__8oh15i,8cldf2,8oh15i,True,,1,2,0,1.0,0.0,1.0,0.0,1.583
4sku5w__8etx2t,4sku5w,8etx2t,True,,2,2,0,1.0,0.0,1.0,0.0,1.583
2t5br4__6hfltw,2t5br4,6hfltw,True,,9,2,0,1.0,0.0,1.0,0.0,1.583
3vzbyj__19hb5r,3vzbyj,19hb5r,True,,4,7,0,1.0,0.0,1.0,0.0,1.583
3d9znn__y45yk,3d9znn,y45yk,True,,2,7,0,1.0,0.0,1.0,0.0,1.583
9wr718__8wu10n,9wr718,8wu10n,True,,2,1,0,1.0,0.0,1.0,0.0,1.583
91p2pf__3x1c7s,91p2pf,3x1c7s,True,,4,4,0,1.0,0.0,1.0,0.0,1.583
3vkzok__24m5oq,3vkzok,24m5oq,True,,7,1,0,1.0,0.0,1.0,0.0,1.583
44gzyk__99vzlr,44gzyk,99vzlr,True,,1,6,0,1.0,0.0,1.0,0.0,1.583
397ahd__3i68i7,397ahd,3i68i7,True,,3,1,0,1.0,0.0,1.0,0.0,1.583
272ytt__4o66vx,272ytt,4o66vx,True,,2,3,1,0.3333333333333333,0.6666666666666667,0.36402201652526855,0.6359779834747314,2.311673172100385
y42hw__2ps6qm,y42hw,2ps6qm,True,,2,2,0,1.0,0.0,1.0,0.0,1.583
37czqn__5gtirw,37czqn,5gtirw,True,,2,5,0,1.0,0.0,1.0,0.0,1.583
7c346z__2wk5gy,7c346z,2wk5gy,True,,11,6,0,1.0,0.0,1.0,0.0,1.583
2bzjj0__71uyif,2bzjj0,71uyif,True,,2,8,0,1.0,0.0,1.0,0.0,1.583
2aerxm__5q896x,2aerxm,5q896x,True,,9,11,3,0.2441860465116279,0.7558139534883721,0.369156073157986,0.6308439268420141,2.324895143277757
1sph3h__91dhh9,1sph3h,91dhh9,True,,6,3,0,1.0,0.0,1.0,0.0,1.583
1f9399__6ijoy3,1f9399,6ijoy3,True,,1,3,0,1.0,0.0,1.0,0.0,1.583
3nqyyy__1pgo3o,3nqyyy,1pgo3o,True,,3,7,1,0.6363636363636364,0.36363636363636365,0.3789279982447624,0.6210720017552376,2.2365100515301255
2x8bis__2y4lwu,2x8bis,2y4lwu,True,,4,2,0,1.0,0.0,1.0,0.0,1.583
9brka1__6pxi15,9brka1,6pxi15,True,,3,1,0,1.0,0.0,1.0,0.0,1.583
3ajqxn__3gs2z3,3ajqxn,3gs2z3,True,,4,2,0,1.0,0.0,1.0,0.0,1.583
93c7ul__8zixhp,93c7ul,8zixhp,True,,1,9,0,1.0,0.0,1.0,0.0,1.583
32qx6h__9fi7jw,32qx6h,9fi7jw,True,,4,1,1,0.6,0.4,0.36790575087070465,0.6320942491292953,2.254152819261849
17b306__9lgvhd,17b306,9lgvhd,True,,1,6,0,1.0,0.0,1.0,0.0,1.583
87rfhc__40qgd1,87rfhc,40qgd1,True,,7,4,0,1.0,0.0,1.0,0.0,1.583
3tmqnq__2mevbz,3tmqnq,2mevbz,True,,1,1,0,1.0,0.0,1.0,0.0,1.583
6hxxpk__74cckz,6hxxpk,74cckz,True,,3,4,0,1.0,0.0,1.0,0.0,1.583
7fkkz9__1zukpv,7fkkz9,1zukpv,True,,1,5,0,1.0,0.0,1.0,0.0,1.583
4m89zm__7bd0bx,4m89zm,7bd0bx,True,,3,4,0,1.0,0.0,1.0,0.0,1.583
9imc02__2oqf07,9imc02,2oqf07,True,,2,5,0,1.0,0.0,1.0,0.0,1.583
8gpc6w__8kcn0x,8gpc6w,8kcn0x,True,,3,4,1,0.7142857142857143,0.2857142857142857,0.4102775380015373,0.5897224619984627,2.1914846644032213
2lu28k__1nagwy,2lu28k,1nagwy,True,,5,3,0,1.0,0.0,1.0,0.0,1.583
3e81ip__8gwyat,3e81ip,8gwyat,True,,8,3,1,0.8181818181818182,0.18181818181818177,0.3171062469482422,0.6828937530517578,2.257499930520491
2xs5ij__5xztwj,2xs5ij,5xztwj,True,,5,5,0,1.0,0.0,1.0,0.0,1.583
8jyk65__9tve1k,8jyk65,9tve1k,True,,1,3,0,1.0,0.0,1.0,0.0,1.583
2vjj3m__2kihoa,2vjj3m,2kihoa,True,,7,3,2,0.5454545454545454,0.4545454545454546,0.30446576327085495,0.695534236729145,2.324423060044985
31zxim__3jxgx4,31zxim,3jxgx4,True,,6,3,0,1.0,0.0,1.0,0.0,1.583
5rxhtz__2w1xu5,5rxhtz,2w1xu5,True,,4,5,0,1.0,0.0,1.0,0.0,1.583
2979iy__335fkb,2979iy,335fkb,True,,2,1,0,1.0,0.0,1.0,0.0,1.583
8yzxm2__8ffsgh,8yzxm2,8ffsgh,True,,2,2,0,1.0,0.0,1.0,0.0,1.583
6c0jno__9uqiw9,6c0jno,9uqiw9,True,,6,4,0,1.0,0.0,1.0,0.0,1.583
3xoh0k__4gxpql,3xoh0k,4gxpql,True,,4,4,0,1.0,0.0,1.0,0.0,1.583
2lxa4r__4y12yp,2lxa4r,4y12yp,True,,8,3,0,1.0,0.0,1.0,0.0,1.583
9odteg__8erjh5,9odteg,8erjh5,True,,5,4,1,0.7777777777777778,0.2222222222222222,0.17424273490905762,0.8257572650909424,2.399085820979542
2h8njh__18bb7a,2h8njh,18bb7a,True,,2,4,1,0.6666666666666666,0.33333333333333337,0.32616499066352844,0.6738350093364716,2.2796611818859973
3073nu__1ep77h,3073nu,1ep77h,True,,3,4,1,0.3,0.7,0.35168122748533887,0.6483187725146611,2.329934901651442
2sfnpw__3t239x,2sfnpw,3t239x,True,,1,2,0,1.0,0.0,1.0,0.0,1.583
30ffxf__4p094x,30ffxf,4p094x,True,,3,3,2,0.42857142857142855,0.5714285714285714,0.46253115125000477,0.5374688487499952,2.200427872133335
3yfi44__21kx55,3yfi44,21kx55,True,,1,2,0,1.0,0.0,1.0,0.0,1.583
28n4wl__36udt9,28n4wl,36udt9,True,,3,4,1,0.7142857142857143,0.2857142857142857,0.2562057077884674,0.7437942922115326,2.3353723466392076
38lff5__8kqef0,38lff5,8kqef0,True,,2,6,0,1.0,0.0,1.0,0.0,1.583
559e0e__4doy0z,559e0e,4doy0z,True,,3,2,1,0.6,0.4,0.4007198363542557,0.5992801636457443,2.2235077448287606
94p66l__8c5odi,94p66l,8c5odi,True,,2,1,0,1.0,0.0,1.0,0.0,1.583
4l0h3d__2bof77,4l0h3d,2bof77,True,,1,2,0,1.0,0.0,1.0,0.0,1.583
1nyau2__5kbgma,1nyau2,5kbgma,True,,10,7,4,0.391304347826087,0.6086956521739131,0.3456734213978052,0.6543265786021948,2.3170929830609373
4642as__4t71pc,4642as,4t71pc,True,,2,3,1,0.6,0.4,0.222248375415802,0.777751624584198,2.3901822421991823
3gazqc__2nhhv7,3gazqc,2nhhv7,True,,7,5,0,1.0,0.0,1.0,0.0,1.583
qaok7__3n0qoe,qaok7,3n0qoe,True,,2,3,1,0.6,0.4,0.35520540177822113,0.6447945982217789,2.266013675279319
2legk7__2p2um5,2legk7,2p2um5,True,,1,5,0,1.0,0.0,1.0,0.0,1.583
38i0ec__2vrrcv,38i0ec,2vrrcv,True,,3,6,1,0.7777777777777778,0.2222222222222222,0.2681085169315338,0.7318914830684662,2.3114245671487517
78icvu__9u0ond,78icvu,9u0ond,True,,4,8,0,1.0,0.0,1.0,0.0,1.583
9nc5m1__6z42z3,9nc5m1,6z42z3,True,,2,1,0,1.0,0.0,1.0,0.0,1.583
42h4po__31cnjg,42h4po,31cnjg,True,,9,2,0,1.0,0.0,1.0,0.0,1.583
13222g__2i2zqt,13222g,2i2zqt,True,,6,2,0,1.0,0.0,1.0,0.0,1.583
8ge2ek__8no2zx,8ge2ek,8no2zx,True,,6,1,0,1.0,0.0,1.0,0.0,1.583
9xo548__3i6kh1,9xo548,3i6kh1,True,,8,3,0,1.0,0.0,1.0,0.0,1.583
5a103s__2l1o25,5a103s,2l1o25,True,,4,3,0,1.0,0.0,1.0,0.0,1.583
3gzf8w__2oxfit,3gzf8w,2oxfit,True,,6,4,0,1.0,0.0,1.0,0.0,1.583
5bes7b__3eiokw,5bes7b,3eiokw,True,,1,7,0,1.0,0.0,1.0,0.0,1.583
9i5byq__9pbs08,9i5byq,9pbs08,True,,1,4,0,1.0,0.0,1.0,0.0,1.583
9wd96d__7cdv13,9wd96d,7cdv13,True,,5,7,0,1.0,0.0,1.0,0.0,1.583
3fb0r5__3jvf41,3fb0r5,3jvf41,True,,8,6,6,0.06896551724137931,0.9310344827586207,0.45628880981045467,0.5437111901895453,2.2789339494835334
6u9y6v__69cpwr,6u9y6v,69cpwr,True,,4,1,0,1.0,0.0,1.0,0.0,1.583
3331bv__6tyhlx,3331bv,6tyhlx,True,,7,1,0,1.0,0.0,1.0,0.0,1.583
3eup96__41rwz2,3eup96,41rwz2,True,,3,2,1,0.6,0.4,0.3406825065612793,0.6593174934387207,2.2795766071224213
30bt96__4p094x,30bt96,4p094x,True,,3,3,3,0.1111111111111111,0.8888888888888888,0.4188869210580985,0.5811130789419015,2.305345948868286
5jhtjk__5x0d9e,5jhtjk,5x0d9e,True,,3,1,0,1.0,0.0,1.0,0.0,1.583
31hj38__4cxmfl,31hj38,4cxmfl,True,,2,3,0,1.0,0.0,1.0,0.0,1.583
9wxpec__71goye,9wxpec,71goye,True,,4,4,0,1.0,0.0,1.0,0.0,1.583
3c08m0__36uo8c,3c08m0,36uo8c,True,,2,1,0,1.0,0.0,1.0,0.0,1.583
3rn8dy__8ybd48,3rn8dy,8ybd48,True,,9,1,0,1.0,0.0,1.0,0.0,1.583
27x4li__78c2us,27x4li,78c2us,True,,3,2,0,1.0,0.0,1.0,0.0,1.583
2lefa1__1fc6uy,2lefa1,1fc6uy,True,,1,9,0,1.0,0.0,1.0,0.0,1.583
9wvrl7__7difvk,9wvrl7,7difvk,True,,4,1,0,1.0,0.0,1.0,0.0,1.583
pkubw__8ak3s0,pkubw,8ak3s0,True,,2,7,0,1.0,0.0,1.0,0.0,1.583
3vynyg__11rm5n,3vynyg,11rm5n,True,,5,4,1,0.7777777777777778,0.2222222222222222,0.4160272628068924,0.5839727371931076,2.1732832503757544
32w3lf__2d5eyz,32w3lf,2d5eyz,True,,1,5,0,1.0,0.0,1.0,0.0,1.583
970nac__6pyj66,970nac,6pyj66,True,,13,4,2,0.29473684210526313,0.7052631578947368,0.42177500246235955,0.5782249975376405,2.2655380094109288
6cuy9r__2xqvcn,6cuy9r,2xqvcn,True,,1,7,0,1.0,0.0,1.0,0.0,1.583
9u1vfg__78gjui,9u1vfg,78gjui,True,,2,3,0,1.0,0.0,1.0,0.0,1.583
4xepv9__8dkcws,4xepv9,8dkcws,True,,3,5,0,1.0,0.0,1.0,0.0,1.583
8e113j__3aqvpf,8e113j,3aqvpf,True,,3,4,0,1.0,0.0,1.0,0.0,1.583
1abuli__5rd22q,1abuli,5rd22q,True,,2,6,0,1.0,0.0,1.0,0.0,1.583
8g45cc__88o06r,8g45cc,88o06r,True,,5,2,1,0.7142857142857143,0.2857142857142857,0.4353282228112221,0.5646717771887779,2.168089829859457
91rjno__8vb8m9,91rjno,8vb8m9,True,,6,3,0,1.0,0.0,1.0,0.0,1.583
2vc26s__3nwle2,2vc26s,3nwle2,True,,6,3,0,1.0,0.0,1.0,0.0,1.583
3pu2aq__3bacnm,3pu2aq,3bacnm,True,,1,11,0,1.0,0.0,1.0,0.0,1.583
2az4kt__7cgyoo,2az4kt,7cgyoo,True,,4,4,0,1.0,0.0,1.0,0.0,1.583
8gdyvp__5d6v5r,8gdyvp,5d6v5r,True,,4,4,0,1.0,0.0,1.0,0.0,1.583
2uzdy9__4g4wtc,2uzdy9,4g4wtc,True,,4,3,2,0.375,0.625,0.37688523158431053,0.6231147684156895,2.2912393822234125
2t7osy__92nvv4,2t7osy,92nvv4,True,,4,5,0,1.0,0.0,1.0,0.0,1.583
8g45cc__2rvumo,8g45cc,2rvumo,True,,5,5,1,0.6363636363636364,0.36363636363636365,0.3553158566355705,0.6446841433644295,2.2585614305789496
52i5l2__95bh6j,52i5l2,95bh6j,True,,4,4,0,1.0,0.0,1.0,0.0,1.583
58waff__2kbhyx,58waff,2kbhyx,True,,6,4,0,1.0,0.0,1.0,0.0,1.583
9wp74i__3dpmh8,9wp74i,3dpmh8,True,,3,1,0,1.0,0.0,1.0,0.0,1.583
2jrfsm__4gh4ay,2jrfsm,4gh4ay,True,,3,3,0,1.0,0.0,1.0,0.0,1.583
4uzb66__10ua6u,4uzb66,10ua6u,True,,3,6,0,1.0,0.0,1.0,0.0,1.583
1bxafi__8nwwf9,1bxafi,8nwwf9,True,,4,2,0,1.0,0.0,1.0,0.0,1.583
s5l85__4ku704,s5l85,4ku704,True,,4,3,0,1.0,0.0,1.0,0.0,1.583
1klp6h__2qkn0x,1klp6h,2qkn0x,True,,2,1,0,1.0,0.0,1.0,0.0,1.583
6hgcl0__9eaik3,6hgcl0,9eaik3,True,,8,3,0,1.0,0.0,1.0,0.0,1.583
8biojf__9jaj4v,8biojf,9jaj4v,True,,1,3,0,1.0,0.0,1.0,0.0,1.583
2ei3iq__3hmcjm,2ei3iq,3hmcjm,True,,6,7,2,0.7142857142857143,0.2857142857142857,0.3536737859249115,0.6463262140750885,2.2443469084675822
3aa1ke__1o36bv,3aa1ke,1o36bv,True,,1,3,0,1.0,0.0,1.0,0.0,1.583
71sahy__7fozy7,71sahy,7fozy7,True,,4,6,3,0.3076923076923077,0.6923076923076923,0.3850458736220996,0.6149541263779004,2.2972210432397056
6m5f01__31hhkk,6m5f01,31hhkk,True,,10,3,1,0.8461538461538461,0.15384615384615385,0.37136977910995483,0.6286302208900452,2.201170070981521
3n9ewr__53zp22,3n9ewr,53zp22,True,,3,1,0,1.0,0.0,1.0,0.0,1.583
9j9ksc__3oew37,9j9ksc,3oew37,True,,3,1,0,1.0,0.0,1.0,0.0,1.583
3t3ou8__8o6oas,3t3ou8,8o6oas,True,,3,7,0,1.0,0.0,1.0,0.0,1.583
8md5rv__6w73gt,8md5rv,6w73gt,True,,5,2,0,1.0,0.0,1.0,0.0,1.583
8kii8n__1jni75,8kii8n,1jni75,True,,3,6,0,1.0,0.0,1.0,0.0,1.583
3rimmr__6jf86k,3rimmr,6jf86k,True,,4,1,0,1.0,0.0,1.0,0.0,1.583
4bejq6__3rsmok,4bejq6,3rsmok,True,,2,7,0,1.0,0.0,1.0,0.0,1.583
36mtrp__3rsmok,36mtrp,3rsmok,True,,1,7,0,1.0,0.0,1.0,0.0,1.583
39voem__976c1v,39voem,976c1v,True,,2,1,0,1.0,0.0,1.0,0.0,1.583
2gic28__yx02p,2gic28,yx02p,True,,2,1,0,1.0,0.0,1.0,0.0,1.583
29at95__2bl7cc,29at95,2bl7cc,True,,2,6,2,0.14285714285714285,0.8571428571428572,0.31343815848231316,0.6865618415176868,2.3974086752219392
40kerd__6jisfi,40kerd,6jisfi,True,,3,3,1,0.6666666666666666,0.33333333333333337,0.4246947094798088,0.5753052905201912,2.1876442774834732
36mtrp__36udt9,36mtrp,36udt9,True,,1,4,0,1.0,0.0,1.0,0.0,1.583
14vi0r__37e2ct,14vi0r,37e2ct,True,,6,2,1,0.75,0.25,0.44545092806220055,0.5545490719377995,2.1514183782827105
87l9et__970nac,87l9et,970nac,True,,4,13,0,1.0,0.0,1.0,0.0,1.583
9emt5s__4y0c44,9emt5s,4y0c44,True,,4,1,0,1.0,0.0,1.0,0.0,1.583
42y3ez__9q7zgy,42y3ez,9q7zgy,True,,1,6,0,1.0,0.0,1.0,0.0,1.583
9xkbmx__3azvkf,9xkbmx,3azvkf,True,,1,8,0,1.0,0.0,1.0,0.0,1.583
8bdke8__8f2guk,8bdke8,8f2guk,True,,3,3,0,1.0,0.0,1.0,0.0,1.583
9u021d__9mvp5y,9u021d,9mvp5y,True,,1,2,0,1.0,0.0,1.0,0.0,1.583
7azxy1__3aofer,7azxy1,3aofer,True,,5,4,1,0.7777777777777778,0.2222222222222222,0.3247644007205963,0.6752355992794037,2.258513637278146
2byq9o__2uffns,2byq9o,2uffns,True,,1,1,0,1.0,0.0,1.0,0.0,1.583
2p22qy__4gh4ay,2p22qy,4gh4ay,True,,3,3,2,0.2857142857142857,0.7142857142857143,0.43348880484700203,0.566511195152998,2.2564219480105274
9fbgtg__809e8n,9fbgtg,809e8n,True,,5,4,0,1.0,0.0,1.0,0.0,1.583
5fik9b__386yin,5fik9b,386yin,True,,2,6,0,1.0,0.0,1.0,0.0,1.583
3ghq0f__8b6eyh,3ghq0f,8b6eyh,True,,2,1,0,1.0,0.0,1.0,0.0,1.583
16ycii__2xtzhc,16ycii,2xtzhc,True,,3,7,2,0.6363636363636364,0.36363636363636365,0.3372432142496109,0.6627567857503891,2.2754394713031973
3sqpzh__1m9o8g,3sqpzh,1m9o8g,True,,6,6,0,1.0,0.0,1.0,0.0,1.583
4qihsh__2l8b74,4qihsh,2l8b74,True,,1,3,0,1.0,0.0,1.0,0.0,1.583
36emnl__19eh5n,36emnl,19eh5n,True,,2,3,0,1.0,0.0,1.0,0.0,1.583
3f3y0a__4rg6p5,3f3y0a,4rg6p5,True,,6,6,2,0.14814814814814814,0.8518518518518519,0.45522636485596496,0.5447736351440351,2.263923357120274
40sodz__5q896x,40sodz,5q896x,True,,14,11,5,0.45714285714285713,0.5428571428571429,0.3830341290682554,0.6169658709317446,2.268895855434585
3jas05__4epbla,3jas05,4epbla,True,,2,6,0,1.0,0.0,1.0,0.0,1.583
38yusq__77z29h,38yusq,77z29h,True,,4,3,0,1.0,0.0,1.0,0.0,1.583
jzjcn__5upgp2,jzjcn,5upgp2,True,,2,1,0,1.0,0.0,1.0,0.0,1.583
533mj5__4uxoo7,533mj5,4uxoo7,True,,2,8,0,1.0,0.0,1.0,0.0,1.583
2g8r6r__7hbq0g,2g8r6r,7hbq0g,True,,6,6,3,0.4,0.6,0.3468584244449933,0.6531415755550067,2.3142289174108206
9yd97s__9roaa6,9yd97s,9roaa6,True,,1,3,0,1.0,0.0,1.0,0.0,1.583
29avbx__5gx198,29avbx,5gx198,True,,3,4,0,1.0,0.0,1.0,0.0,1.583
3x6iwi__87l9et,3x6iwi,87l9et,True,,5,4,0,1.0,0.0,1.0,0.0,1.583
7yaiv5__73b7z4,7yaiv5,73b7z4,True,,4,8,0,1.0,0.0,1.0,0.0,1.583
90lgcd__9g7am1,90lgcd,9g7am1,True,,1,2,0,1.0,0.0,1.0,0.0,1.583
516vhm__41fysp,516vhm,41fysp,True,,1,5,0,1.0,0.0,1.0,0.0,1.583
206e88__1p1bdq,206e88,1p1bdq,True,,7,3,0,1.0,0.0,1.0,0.0,1.583
380r9v__6z7th6,380r9v,6z7th6,True,,1,4,0,1.0,0.0,1.0,0.0,1.583
39dzpw__2zagjt,39dzpw,2zagjt,True,,6,2,0,1.0,0.0,1.0,0.0,1.583
2h21lf__3c859n,2h21lf,3c859n,True,,5,1,0,1.0,0.0,1.0,0.0,1.583
30otlb__2ujmdg,30otlb,2ujmdg,True,,4,1,1,0.6,0.4,0.22630947828292847,0.7736905217170715,2.386389578231573
1dlj67__4sk2m4,1dlj67,4sk2m4,True,,4,7,0,1.0,0.0,1.0,0.0,1.583
1hartx__8dtfl9,1hartx,8dtfl9,True,,6,4,0,1.0,0.0,1.0,0.0,1.583
8k6dwp__3a0e8u,8k6dwp,3a0e8u,True,,6,1,0,1.0,0.0,1.0,0.0,1.583
8yvnh1__77b18y,8yvnh1,77b18y,True,,5,6,0,1.0,0.0,1.0,0.0,1.583
8h6q88__8kolmj,8h6q88,8kolmj,True,,2,6,0,1.0,0.0,1.0,0.0,1.583
2wgu1b__3hqoib,2wgu1b,3hqoib,True,,1,1,0,1.0,0.0,1.0,0.0,1.583
326bb7__34b9bg,326bb7,34b9bg,True,,3,4,0,1.0,0.0,1.0,0.0,1.583
3349k4__6zgv79,3349k4,6zgv79,True,,3,1,1,0.5,0.5,0.3464735895395279,0.6535264104604721,2.294378314729035
5nr54k__phdv7,5nr54k,phdv7,True,,1,2,0,1.0,0.0,1.0,0.0,1.583
3dsopk__2htrl1,3dsopk,2htrl1,True,,2,10,2,0.09090909090909091,0.9090909090909091,0.4124448762408325,0.5875551237591675,2.3154450028059594
32efad__2un6ee,32efad,2un6ee,True,,3,2,1,0.6,0.4,0.3560151010751724,0.6439848989248276,2.2652574971058965
3kwmv7__9f2kft,3kwmv7,9f2kft,True,,6,11,2,0.7777777777777778,0.2222222222222222,0.41518861800432205,0.584811381995678,2.1740664607568747
3c4yut__9ty7ax,3c4yut,9ty7ax,True,,4,3,0,1.0,0.0,1.0,0.0,1.583
3co7s1__7x4tsf,3co7s1,7x4tsf,True,,3,1,0,1.0,0.0,1.0,0.0,1.583
42344s__872e04,42344s,872e04,True,,2,6,0,1.0,0.0,1.0,0.0,1.583
3jmye3__4lcosk,3jmye3,4lcosk,True,,4,3,1,0.7142857142857143,0.2857142857142857,0.4248634874820709,0.5751365125179291,2.177862846183351
8id7gl__2kfwyp,8id7gl,2kfwyp,True,,4,1,1,0.6,0.4,0.3506684750318527,0.6493315249681473,2.2702507111677526
9ymzf1__1nnz9r,9ymzf1,1nnz9r,True,,5,4,2,0.2,0.8,0.45326361898332834,0.5467363810166717,2.2552771062314694
8sn1c8__26xejp,8sn1c8,26xejp,True,,5,1,0,1.0,0.0,1.0,0.0,1.583
37p774__9u9gzb,37p774,9u9gzb,True,,3,1,0,1.0,0.0,1.0,0.0,1.583
3fbqyr__34xatv,3fbqyr,34xatv,True,,8,10,0,1.0,0.0,1.0,0.0,1.583
2wkmva__4enwaw,2wkmva,4enwaw,True,,1,4,0,1.0,0.0,1.0,0.0,1.583
3e53wk__9oh8n4,3e53wk,9oh8n4,True,,3,5,0,1.0,0.0,1.0,0.0,1.583
4ujh5f__3933va,4ujh5f,3933va,True,,4,2,0,1.0,0.0,1.0,0.0,1.583
1at6b8__2met9s,1at6b8,2met9s,True,,2,6,0,1.0,0.0,1.0,0.0,1.583
6uj5wx__7h9q4h,6uj5wx,7h9q4h,True,,5,7,0,1.0,0.0,1.0,0.0,1.583
60zwee__5r4b5x,60zwee,5r4b5x,True,,7,2,0,1.0,0.0,1.0,0.0,1.583
2df4ef__3sg9vr,2df4ef,3sg9vr,True,,4,2,0,1.0,0.0,1.0,0.0,1.583
6cg1j9__5onchv,6cg1j9,5onchv,True,,3,10,0,1.0,0.0,1.0,0.0,1.583
8hjs1x__7e2s2u,8hjs1x,7e2s2u,True,,2,2,1,0.5,0.5,0.37259121239185333,0.6274087876081467,2.269987066747248
6tavem__907t0e,6tavem,907t0e,True,,7,5,0,1.0,0.0,1.0,0.0,1.583
3i4k4m__3afhvv,3i4k4m,3afhvv,True,,4,3,0,1.0,0.0,1.0,0.0,1.583
43sieg__8dyuon,43sieg,8dyuon,True,,3,6,1,0.4166666666666667,0.5833333333333333,0.36696429178118706,0.6330357082188129,2.292083714572216
372d14__3ivtdu,372d14,3ivtdu,True,,3,3,0,1.0,0.0,1.0,0.0,1.583
53y5m4__7bmu23,53y5m4,7bmu23,True,,4,5,0,1.0,0.0,1.0,0.0,1.583
901sm4__9tj0je,901sm4,9tj0je,True,,5,3,0,1.0,0.0,1.0,0.0,1.583
3mnmrg__3gc4mn,3mnmrg,3gc4mn,True,,3,4,1,0.7142857142857143,0.2857142857142857,0.25877170264720917,0.7412282973527908,2.3329759640406285
5bhrfn__2h8njh,5bhrfn,2h8njh,True,,4,2,0,1.0,0.0,1.0,0.0,1.583
44frso__5m2evv,44frso,5m2evv,True,,6,4,1,0.8,0.19999999999999996,0.461868554353714,0.538131445646286,2.1259809570890664
44ll00__9p6957,44ll00,9p6957,True,,4,1,0,1.0,0.0,1.0,0.0,1.583
8gbll8__3phcet,8gbll8,3phcet,True,,4,1,0,1.0,0.0,1.0,0.0,1.583
1q3p9l__511guc,1q3p9l,511guc,True,,16,3,0,1.0,0.0,1.0,0.0,1.583
307nn4__4k9k7j,307nn4,4k9k7j,True,,2,4,0,1.0,0.0,1.0,0.0,1.583
5mm62k__170qo0,5mm62k,170qo0,True,,3,5,0,1.0,0.0,1.0,0.0,1.583
33izyf__8mjrn8,33izyf,8mjrn8,True,,2,4,0,1.0,0.0,1.0,0.0,1.583
1hhf0a__7hbq0g,1hhf0a,7hbq0g,True,,2,6,0,1.0,0.0,1.0,0.0,1.583
336w4p__73qhpq,336w4p,73qhpq,True,,3,4,0,1.0,0.0,1.0,0.0,1.583
n0v7a__8vz5z7,n0v7a,8vz5z7,True,,2,7,1,0.26666666666666666,0.7333333333333334,0.3324807994067669,0.6675192005932331,2.354602848100687
38qhmf__26k4yj,38qhmf,26k4yj,True,,1,3,1,0.5,0.5,0.36698727309703827,0.6330127269029617,2.275220585654676
1zkowq__1cgk8a,1zkowq,1cgk8a,True,,2,3,0,1.0,0.0,1.0,0.0,1.583
2xz8q1__4k5m3d,2xz8q1,4k5m3d,True,,1,1,0,1.0,0.0,1.0,0.0,1.583
2979iy__4doy0z,2979iy,4doy0z,True,,2,2,0,1.0,0.0,1.0,0.0,1.583
3a2e33__66kck1,3a2e33,66kck1,True,,3,3,0,1.0,0.0,1.0,0.0,1.583
9ozfmd__6z42z3,9ozfmd,6z42z3,True,,1,1,0,1.0,0.0,1.0,0.0,1.583
3vg2i7__4d0e6x,3vg2i7,4d0e6x,True,,3,3,0,1.0,0.0,1.0,0.0,1.583
2cakyr__3dn1wb,2cakyr,3dn1wb,True,,6,4,3,0.10909090909090909,0.8909090909090909,0.4511559860780835,0.5488440139219165,2.275618151874405
607n1w__9z3d2z,607n1w,9z3d2z,True,,2,4,0,1.0,0.0,1.0,0.0,1.583
2rxw48__353105,2rxw48,353105,True,,4,5,1,0.7777777777777778,0.2222222222222222,0.4891561670228839,0.5108438329771161,2.1049881667284396
9z0vmb__93j8kd,9z0vmb,93j8kd,True,,3,3,0,1.0,0.0,1.0,0.0,1.583
29avbx__335jvc,29avbx,335jvc,True,,3,2,0,1.0,0.0,1.0,0.0,1.583
9ju3b4__3ixljh,9ju3b4,3ixljh,True,,7,3,0,1.0,0.0,1.0,0.0,1.583
2iymjl__784yuf,2iymjl,784yuf,True,,6,4,1,0.8,0.19999999999999996,0.33270224928855896,0.667297750711441,2.2466093693894145
3l70ep__3tcqyj,3l70ep,3tcqyj,True,,10,1,0,1.0,0.0,1.0,0.0,1.583
5d3kuk__9wccxt,5d3kuk,9wccxt,True,,6,5,0,1.0,0.0,1.0,0.0,1.583
3nxayt__2lxa4r,3nxayt,2lxa4r,True,,5,8,0,1.0,0.0,1.0,0.0,1.583
9trxhu__3kfxa2,9trxhu,3kfxa2,True,,2,5,0,1.0,0.0,1.0,0.0,1.583
9ada84__4f7cv3,9ada84,4f7cv3,True,,6,5,0,1.0,0.0,1.0,0.0,1.583
34s9ya__2o4ixm,34s9ya,2o4ixm,True,,2,2,1,0.5,0.5,0.43180878460407257,0.5681912153959274,2.2146837760582567
31mptn__2u4ee3,31mptn,2u4ee3,True,,2,1,0,1.0,0.0,1.0,0.0,1.583
6g8vj4__8dmlxa,6g8vj4,8dmlxa,True,,4,1,0,1.0,0.0,1.0,0.0,1.583
8i0vh4__21iokn,8i0vh4,21iokn,True,,1,8,0,1.0,0.0,1.0,0.0,1.583
99isuk__7fwxyk,99isuk,7fwxyk,True,,3,5,0,1.0,0.0,1.0,0.0,1.583
90vqpv__85yn4f,90vqpv,85yn4f,True,,2,3,0,1.0,0.0,1.0,0.0,1.583
3olj9u__1gw7h7,3olj9u,1gw7h7,True,,3,9,0,1.0,0.0,1.0,0.0,1.583
2tlxmo__72sd9c,2tlxmo,72sd9c,True,,5,2,0,1.0,0.0,1.0,0.0,1.583
1r60ft__9c2ygj,1r60ft,9c2ygj,True,,4,2,0,1.0,0.0,1.0,0.0,1.583
58o17e__3a796s,58o17e,3a796s,True,,2,8,0,1.0,0.0,1.0,0.0,1.583
34qay8__2renbq,34qay8,2renbq,True,,2,1,0,1.0,0.0,1.0,0.0,1.583
3nnpoh__3gwnot,3nnpoh,3gwnot,True,,1,8,0,1.0,0.0,1.0,0.0,1.583
120y5r__5vmmc3,120y5r,5vmmc3,True,,3,5,1,0.75,0.25,0.37751538306474686,0.6224846169352531,2.2148633837558327
79ev5x__7emq8n,79ev5x,7emq8n,True,,2,5,0,1.0,0.0,1.0,0.0,1.583
3vwlke__31v67w,3vwlke,31v67w,True,,5,3,0,1.0,0.0,1.0,0.0,1.583
1f0upk__8wgnan,1f0upk,8wgnan,True,,2,4,0,1.0,0.0,1.0,0.0,1.583
3qp7bu__3azhsc,3qp7bu,3azhsc,True,,6,3,3,0.16666666666666666,0.8333333333333334,0.36179942016800243,0.6382005798319976,2.3474321881717692
88b1dv__2dhj59,88b1dv,2dhj59,True,,1,3,1,0.5,0.5,0.3503538519144058,0.6496461480855942,2.2907545376971363
3pffq3__84ijtz,3pffq3,84ijtz,True,,3,6,0,1.0,0.0,1.0,0.0,1.583
6c6ezm__5l3frw,6c6ezm,5l3frw,True,,1,3,0,1.0,0.0,1.0,0.0,1.583
3krfdy__7bwokn,3krfdy,7bwokn,True,,4,1,0,1.0,0.0,1.0,0.0,1.583
4kp9ua__5im7lt,4kp9ua,5im7lt,True,,3,5,0,1.0,0.0,1.0,0.0,1.583
3th0p6__97lra6,3th0p6,97lra6,True,,4,1,0,1.0,0.0,1.0,0.0,1.583
9ri692__2bgsq0,9ri692,2bgsq0,True,,10,5,0,1.0,0.0,1.0,0.0,1.583
4jsfb5__2ytfie,4jsfb5,2ytfie,True,,4,1,0,1.0,0.0,1.0,0.0,1.583
34o7t9__3hipje,34o7t9,3hipje,True,,3,4,0,1.0,0.0,1.0,0.0,1.583
3e4xwv__8fe2na,3e4xwv,8fe2na,True,,5,11,0,1.0,0.0,1.0,0.0,1.583
115ils__621nm9,115ils,621nm9,True,,5,2,1,0.5,0.5,0.41068364307284355,0.5893163569271564,2.2344125457342714
955w8h__3d5u6e,955w8h,3d5u6e,True,,5,8,0,1.0,0.0,1.0,0.0,1.583
3dcd54__20nhlb,3dcd54,20nhlb,True,,3,3,1,0.42857142857142855,0.5714285714285714,0.40193093195557594,0.5980690680444241,2.2570224169324016
9m948r__8cc55e,9m948r,8cc55e,True,,2,6,0,1.0,0.0,1.0,0.0,1.583
307bvy__3gs2z3,307bvy,3gs2z3,True,,3,2,0,1.0,0.0,1.0,0.0,1.583
fw7y5__vw5bn,fw7y5,vw5bn,True,,3,3,0,1.0,0.0,1.0,0.0,1.583
3h78oa__1ugokb,3h78oa,1ugokb,True,,3,3,2,0.2857142857142857,0.7142857142857143,0.39569736272096634,0.6043026372790337,2.291715375812032
5spks1__2p8ow8,5spks1,2p8ow8,True,,5,3,3,0.21428571428571427,0.7857142857142857,0.4085642611607909,0.5914357388392091,2.2941346936447946
5r4u55__1o8b7r,5r4u55,1o8b7r,True,,8,5,1,0.8461538461538461,0.15384615384615385,0.35787050426006317,0.6421294957399368,2.2137770437638347
36bsz3__37efaf,36bsz3,37efaf,True,,5,1,0,1.0,0.0,1.0,0.0,1.583
8th3lz__3e18da,8th3lz,3e18da,True,,5,4,3,0.3333333333333333,0.6666666666666667,0.45232306234538555,0.5476769376546144,2.2292088254089775
33ps80__xxoyg,33ps80,xxoyg,True,,4,3,0,1.0,0.0,1.0,0.0,1.583
878ttc__2vf8vp,878ttc,2vf8vp,True,,3,7,0,1.0,0.0,1.0,0.0,1.583
3kaldi__6cawol,3kaldi,6cawol,True,,3,4,0,1.0,0.0,1.0,0.0,1.583
37e2ct__40qr5c,37e2ct,40qr5c,True,,2,5,0,1.0,0.0,1.0,0.0,1.583
26622t__92as36,26622t,92as36,True,,7,2,1,0.7777777777777778,0.2222222222222222,0.4643761105835438,0.5356238894164562,2.1281302614371396
8u968j__2df4ef,8u968j,2df4ef,True,,2,4,0,1.0,0.0,1.0,0.0,1.583
88o06r__78ce5q,88o06r,78ce5q,True,,2,5,0,1.0,0.0,1.0,0.0,1.583
5yzf64__79mrgt,5yzf64,79mrgt,True,,1,1,0,1.0,0.0,1.0,0.0,1.583
93p4tc__8mg976,93p4tc,8mg976,True,,2,8,0,1.0,0.0,1.0,0.0,1.583
3bj4r5__5y45en,3bj4r5,5y45en,True,,2,5,0,1.0,0.0,1.0,0.0,1.583
92nvv4__39768s,92nvv4,39768s,True,,5,2,0,1.0,0.0,1.0,0.0,1.583
56ngpe__8slz1u,56ngpe,8slz1u,True,,3,3,0,1.0,0.0,1.0,0.0,1.583
30otlb__20wb2g,30otlb,20wb2g,True,,4,3,0,1.0,0.0,1.0,0.0,1.583
1as6r9__4pldcf,1as6r9,4pldcf,True,,2,3,0,1.0,0.0,1.0,0.0,1.583
5eiuxs__7h99qe,5eiuxs,7h99qe,True,,11,3,0,1.0,0.0,1.0,0.0,1.583
5rap9i__4hzsyu,5rap9i,4hzsyu,True,,3,3,0,1.0,0.0,1.0,0.0,1.583
4cimj6__7febu9,4cimj6,7febu9,True,,6,4,0,1.0,0.0,1.0,0.0,1.583
2mu11n__2g30v8,2mu11n,2g30v8,True,,3,4,0,1.0,0.0,1.0,0.0,1.583
3h2cv7__8vmoan,3h2cv7,8vmoan,True,,2,1,0,1.0,0.0,1.0,0.0,1.583
344p54__38rwce,344p54,38rwce,True,,3,3,0,1.0,0.0,1.0,0.0,1.583
32f6vp__3he93r,32f6vp,3he93r,True,,5,4,0,1.0,0.0,1.0,0.0,1.583
3gf37d__8tshzg,3gf37d,8tshzg,True,,5,6,0,1.0,0.0,1.0,0.0,1.583
35o5eg__3pf2yi,35o5eg,3pf2yi,True,,2,1,0,1.0,0.0,1.0,0.0,1.583
3ohnx8__3ymtdx,3ohnx8,3ymtdx,True,,3,3,2,0.2857142857142857,0.7142857142857143,0.4170864559710026,0.5829135440289974,2.2717401016258236
39mw5l__1dcy7t,39mw5l,1dcy7t,True,,1,2,0,1.0,0.0,1.0,0.0,1.583
x4fx5__5arhqd,x4fx5,5arhqd,True,,3,2,0,1.0,0.0,1.0,0.0,1.583
2t69u1__3bamhs,2t69u1,3bamhs,True,,3,4,0,1.0,0.0,1.0,0.0,1.583
34fman__8yn3tl,34fman,8yn3tl,True,,3,2,0,1.0,0.0,1.0,0.0,1.583
3abz8w__2e20ib,3abz8w,2e20ib,True,,1,4,0,1.0,0.0,1.0,0.0,1.583
2shrxr__6c4pk4,2shrxr,6c4pk4,True,,2,4,0,1.0,0.0,1.0,0.0,1.583
2sggv8__4430a9,2sggv8,4430a9,True,,4,1,0,1.0,0.0,1.0,0.0,1.583
3jalgc__38ve65,3jalgc,38ve65,True,,3,5,0,1.0,0.0,1.0,0.0,1.583
44nwh5__2ltx99,44nwh5,2ltx99,True,,1,5,0,1.0,0.0,1.0,0.0,1.583
2zqxyb__57w69p,2zqxyb,57w69p,True,,2,1,0,1.0,0.0,1.0,0.0,1.583
8jqtqc__3338fd,8jqtqc,3338fd,True,,2,5,0,1.0,0.0,1.0,0.0,1.583
5akh7q__99pgfk,5akh7q,99pgfk,True,,3,4,2,0.375,0.625,0.3586298003792763,0.6413701996207237,2.3082881294257938
2rkso3__4vum09,2rkso3,4vum09,True,,4,3,2,0.07692307692307693,0.9230769230769231,0.404170211404562,0.595829788595438,2.3259992857231255
25lzfq__5ga1ng,25lzfq,5ga1ng,True,,5,3,0,1.0,0.0,1.0,0.0,1.583
68mv2n__2a0rol,68mv2n,2a0rol,True,,4,4,0,1.0,0.0,1.0,0.0,1.583
5ipj3z__5direc,5ipj3z,5direc,True,,2,10,0,1.0,0.0,1.0,0.0,1.583
2cakyr__97demt,2cakyr,97demt,True,,6,1,0,1.0,0.0,1.0,0.0,1.583
3lchyb__3a93z0,3lchyb,3a93z0,True,,4,4,0,1.0,0.0,1.0,0.0,1.583
3f4t17__9jzgny,3f4t17,9jzgny,True,,5,6,2,0.5833333333333334,0.41666666666666663,0.35563960671424866,0.6443603932857513,2.2689765046228967
5ey0wz__9g2pqa,5ey0wz,9g2pqa,True,,1,4,0,1.0,0.0,1.0,0.0,1.583
94p66l__8s4j9b,94p66l,8s4j9b,True,,2,8,0,1.0,0.0,1.0,0.0,1.583
4erpob__8tksc0,4erpob,8tksc0,True,,3,5,0,1.0,0.0,1.0,0.0,1.583
2s2epk__4x6ixv,2s2epk,4x6ixv,True,,1,1,0,1.0,0.0,1.0,0.0,1.583
2ryogr__20qxus,2ryogr,20qxus,True,,4,5,0,1.0,0.0,1.0,0.0,1.583
2a5c29__30e0k4,2a5c29,30e0k4,True,,3,1,0,1.0,0.0,1.0,0.0,1.583
8i0vh4__3wfmio,8i0vh4,3wfmio,True,,1,6,0,1.0,0.0,1.0,0.0,1.583
326ad6__jnd3z,326ad6,jnd3z,True,,4,3,0,1.0,0.0,1.0,0.0,1.583
29avbx__2gic28,29avbx,2gic28,True,,3,2,0,1.0,0.0,1.0,0.0,1.583
8gsnbq__5as1y1,8gsnbq,5as1y1,True,,3,3,2,0.2857142857142857,0.7142857142857143,0.3874679245054722,0.6125320754945278,2.2994008481614823
1zkowq__hugqa,1zkowq,hugqa,True,,2,1,1,0.3333333333333333,0.6666666666666667,0.38921448588371277,0.6107855141162872,2.2881459249665337
38h9w0__2d0ysq,38h9w0,2d0ysq,True,,3,2,0,1.0,0.0,1.0,0.0,1.583
1wsfk7__2jqhtx,1wsfk7,2jqhtx,True,,2,7,0,1.0,0.0,1.0,0.0,1.583
2fhrfs__39768s,2fhrfs,39768s,True,,1,2,0,1.0,0.0,1.0,0.0,1.583
6vsic0__8ygrxj,6vsic0,8ygrxj,True,,4,5,4,0.13333333333333333,0.8666666666666667,0.33243586495518684,0.6675641350448132,2.3815914790516843
9rhumn__2pdhwk,9rhumn,2pdhwk,True,,2,1,0,1.0,0.0,1.0,0.0,1.583
56803t__4wix5t,56803t,4wix5t,True,,7,1,0,1.0,0.0,1.0,0.0,1.583
3giawu__3it7k3,3giawu,3it7k3,True,,1,3,0,1.0,0.0,1.0,0.0,1.583
3kbxwl__1urdwq,3kbxwl,1urdwq,True,,2,1,0,1.0,0.0,1.0,0.0,1.583
6x9ns4__6gq0s0,6x9ns4,6gq0s0,True,,2,6,0,1.0,0.0,1.0,0.0,1.583
1x3c9s__4gmbc9,1x3c9s,4gmbc9,True,,3,1,0,1.0,0.0,1.0,0.0,1.583
60puj4__2a1xm4,60puj4,2a1xm4,True,,8,8,0,1.0,0.0,1.0,0.0,1.583
30xnp0__3fns94,30xnp0,3fns94,True,,1,4,0,1.0,0.0,1.0,0.0,1.583
4ntetw__71nk23,4ntetw,71nk23,True,,4,3,0,1.0,0.0,1.0,0.0,1.583
33leq9__1uv0ef,33leq9,1uv0ef,True,,1,3,0,1.0,0.0,1.0,0.0,1.583
1s1zyu__3rf9lt,1s1zyu,3rf9lt,True,,4,5,0,1.0,0.0,1.0,0.0,1.583
32lw23__23wxuw,32lw23,23wxuw,True,,2,3,1,0.6,0.4,0.41300826519727707,0.5869917348027229,2.212031581132263
2y8j35__47sbr2,2y8j35,47sbr2,True,,6,2,0,1.0,0.0,1.0,0.0,1.583
n0v7a__74e9b9,n0v7a,74e9b9,True,,2,4,1,0.42857142857142855,0.5714285714285714,0.41718418151140213,0.5828158184885979,2.2427774071722157
34upzs__7fvkzr,34upzs,7fvkzr,True,,1,3,0,1.0,0.0,1.0,0.0,1.583
2vc26s__2cuyv7,2vc26s,2cuyv7,True,,6,2,0,1.0,0.0,1.0,0.0,1.583
5z318w__3e1yyt,5z318w,3e1yyt,True,,1,9,0,1.0,0.0,1.0,0.0,1.583
55rg5l__87i853,55rg5l,87i853,True,,1,2,0,1.0,0.0,1.0,0.0,1.583
66eno2__4784wu,66eno2,4784wu,True,,1,6,0,1.0,0.0,1.0,0.0,1.583
33x9p8__5zkr3b,33x9p8,5zkr3b,True,,1,3,0,1.0,0.0,1.0,0.0,1.583
3fnfij__6plwx7,3fnfij,6plwx7,True,,6,3,0,1.0,0.0,1.0,0.0,1.583
3wr9t6__5ey0wz,3wr9t6,5ey0wz,True,,4,1,0,1.0,0.0,1.0,0.0,1.583
66lsmj__38w7ii,66lsmj,38w7ii,True,,3,3,0,1.0,0.0,1.0,0.0,1.583
4l8w8b__98otv8,4l8w8b,98otv8,True,,6,7,5,0.13043478260869565,0.8695652173913043,0.3953402483835816,0.6046597516164184,2.3234308724693555
4v6nmi__8zci86,4v6nmi,8zci86,True,,5,5,0,1.0,0.0,1.0,0.0,1.583
3g6kqw__762nzp,3g6kqw,762nzp,True,,8,4,3,0.2727272727272727,0.7272727272727273,0.4537865534424782,0.5462134465575218,2.2400905559218875
8wgkcb__pt37t,8wgkcb,pt37t,True,,2,7,3,0.3333333333333333,0.6666666666666667,0.42360083262125653,0.5763991673787434,2.2560325157483416
6zwx5e__4patrt,6zwx5e,4patrt,True,,3,2,0,1.0,0.0,1.0,0.0,1.583
8y0qbh__2hafga,8y0qbh,2hafga,True,,3,6,0,1.0,0.0,1.0,0.0,1.583
7c346z__45ylvc,7c346z,45ylvc,True,,11,4,3,0.42857142857142855,0.5714285714285714,0.3101980574429035,0.6898019425570965,2.3426917484397864
32f6vp__7au7vs,32f6vp,7au7vs,True,,5,6,0,1.0,0.0,1.0,0.0,1.583
7000m2__94ey40,7000m2,94ey40,True,,2,4,0,1.0,0.0,1.0,0.0,1.583
5m49bb__6fnf9s,5m49bb,6fnf9s,True,,8,2,0,1.0,0.0,1.0,0.0,1.583
3jq17j__2xqrqw,3jq17j,2xqrqw,True,,6,6,0,1.0,0.0,1.0,0.0,1.583
78xk0z__7be8bv,78xk0z,7be8bv,True,,8,2,0,1.0,0.0,1.0,0.0,1.583
8e17fl__7h99qe,8e17fl,7h99qe,True,,1,3,0,1.0,0.0,1.0,0.0,1.583
3t1mvn__1wymbx,3t1mvn,1wymbx,True,,5,3,1,0.75,0.25,0.44166818633675575,0.5583318136632442,2.1549510807801036
67capb__7bw8n4,67capb,7bw8n4,True,,1,2,0,1.0,0.0,1.0,0.0,1.583
9gc311__2otwvh,9gc311,2otwvh,True,,6,2,0,1.0,0.0,1.0,0.0,1.583
6wy1ty__1m9m67,6wy1ty,1m9m67,True,,2,6,0,1.0,0.0,1.0,0.0,1.583
3irc7v__6z14ry,3irc7v,6z14ry,True,,5,1,0,1.0,0.0,1.0,0.0,1.583
8io4co__9upmxa,8io4co,9upmxa,True,,1,8,1,0.0,1.0,0.43594338512048125,0.5640566148795187,2.3118724726359825
2uoqhq__1x0zyg,2uoqhq,1x0zyg,True,,3,2,0,1.0,0.0,1.0,0.0,1.583
55hvet__4u6o1r,55hvet,4u6o1r,True,,2,4,0,1.0,0.0,1.0,0.0,1.583
3zcugb__7y4h0z,3zcugb,7y4h0z,True,,2,8,0,1.0,0.0,1.0,0.0,1.583
9k350s__3iw00w,9k350s,3iw00w,True,,5,6,0,1.0,0.0,1.0,0.0,1.583
3fnfij__2fs77s,3fnfij,2fs77s,True,,6,4,0,1.0,0.0,1.0,0.0,1.583
53g5ww__7gpfjz,53g5ww,7gpfjz,True,,1,9,0,1.0,0.0,1.0,0.0,1.583
3vfmrb__3jgl49,3vfmrb,3jgl49,True,,1,5,0,1.0,0.0,1.0,0.0,1.583
28xva1__31ceoj,28xva1,31ceoj,True,,5,1,0,1.0,0.0,1.0,0.0,1.583
626bxb__4fy0ew,626bxb,4fy0ew,True,,2,4,0,1.0,0.0,1.0,0.0,1.583
1cde9k__3i4pmt,1cde9k,3i4pmt,True,,6,6,0,1.0,0.0,1.0,0.0,1.583
5omz1r__79ev5x,5omz1r,79ev5x,True,,2,2,0,1.0,0.0,1.0,0.0,1.583
76zgzm__1ufzaw,76zgzm,1ufzaw,True,,1,4,0,1.0,0.0,1.0,0.0,1.583
8351jw__8no2zx,8351jw,8no2zx,True,,4,1,0,1.0,0.0,1.0,0.0,1.583
3rwv15__7b1kdc,3rwv15,7b1kdc,True,,5,6,0,1.0,0.0,1.0,0.0,1.583
1gjxbt__607n1w,1gjxbt,607n1w,True,,2,2,0,1.0,0.0,1.0,0.0,1.583
6muf7q__8amln6,6muf7q,8amln6,True,,3,1,0,1.0,0.0,1.0,0.0,1.583
586qfg__7cimxf,586qfg,7cimxf,True,,3,5,0,1.0,0.0,1.0,0.0,1.583
55fuia__9cpvnj,55fuia,9cpvnj,True,,2,4,0,1.0,0.0,1.0,0.0,1.583
30nstm__25bpf5,30nstm,25bpf5,True,,6,3,3,0.3333333333333333,0.6666666666666667,0.40892664808779955,0.5910733519122005,2.2697367366841372
qaok7__3kbcpm,qaok7,3kbcpm,True,,2,1,0,1.0,0.0,1.0,0.0,1.583
14g81n__63m3h3,14g81n,63m3h3,True,,3,12,0,1.0,0.0,1.0,0.0,1.583
6cuy9r__7coprn,6cuy9r,7coprn,True,,1,1,0,1.0,0.0,1.0,0.0,1.583
6ur078__77o8dn,6ur078,77o8dn,True,,5,2,0,1.0,0.0,1.0,0.0,1.583
3wasd4__1klo4n,3wasd4,1klo4n,True,,3,11,0,1.0,0.0,1.0,0.0,1.583
30bt96__6hq3s9,30bt96,6hq3s9,True,,3,4,1,0.7142857142857143,0.2857142857142857,0.4050679877400398,0.5949320122599602,2.1963498633924337
4i5wi6__3gorxb,4i5wi6,3gorxb,True,,2,3,0,1.0,0.0,1.0,0.0,1.583
4arnh2__8crap8,4arnh2,8crap8,True,,1,6,1,0.0,1.0,0.4080466160085052,0.5919533839914948,2.3379252653096567
3nrgd1__85fvqt,3nrgd1,85fvqt,True,,1,5,0,1.0,0.0,1.0,0.0,1.583
8birvj__9odteg,8birvj,9odteg,True,,2,5,0,1.0,0.0,1.0,0.0,1.583
2uw5dp__79fbih,2uw5dp,79fbih,True,,5,2,0,1.0,0.0,1.0,0.0,1.583
3rwuky__784yuf,3rwuky,784yuf,True,,4,4,0,1.0,0.0,1.0,0.0,1.583
3b5u8b__2g5tn1,3b5u8b,2g5tn1,True,,7,3,0,1.0,0.0,1.0,0.0,1.583
9z4z1p__2cuyv7,9z4z1p,2cuyv7,True,,5,2,0,1.0,0.0,1.0,0.0,1.583
3gutcg__1wsfk7,3gutcg,1wsfk7,True,,6,2,0,1.0,0.0,1.0,0.0,1.583
8o4rhe__74h1mz,8o4rhe,74h1mz,True,,4,1,0,1.0,0.0,1.0,0.0,1.583
1cde9k__y6uds,1cde9k,y6uds,True,,6,3,0,1.0,0.0,1.0,0.0,1.583
9a4bdb__960idh,9a4bdb,960idh,True,,1,2,0,1.0,0.0,1.0,0.0,1.583
5tesba__92vxsw,5tesba,92vxsw,True,,1,4,0,1.0,0.0,1.0,0.0,1.583
87004i__71unzq,87004i,71unzq,True,,3,2,0,1.0,0.0,1.0,0.0,1.583
4kvltm__9it4xk,4kvltm,9it4xk,True,,1,7,0,1.0,0.0,1.0,0.0,1.583
3cq0ux__3bb894,3cq0ux,3bb894,True,,3,9,0,1.0,0.0,1.0,0.0,1.583
8h5o0z__28jnmy,8h5o0z,28jnmy,True,,4,3,1,0.7142857142857143,0.2857142857142857,0.3065486550331116,0.6934513449668884,2.288357068207434
3r9w9u__8vb8m9,3r9w9u,8vb8m9,True,,3,3,0,1.0,0.0,1.0,0.0,1.583
8snmf6__30a3nv,8snmf6,30a3nv,True,,13,3,1,0.875,0.125,0.3783992901444435,0.6216007098555565,2.188775402934104
3g4x4n__6t68f4,3g4x4n,6t68f4,True,,6,3,1,0.7777777777777778,0.2222222222222222,0.37326832115650177,0.6267316788434982,2.2132158259830543
8jyk65__3bw6x5,8jyk65,3bw6x5,True,,1,4,0,1.0,0.0,1.0,0.0,1.583
2jkt69__15pjbl,2jkt69,15pjbl,True,,5,4,0,1.0,0.0,1.0,0.0,1.583
3a9qeg__8wmi5c,3a9qeg,8wmi5c,True,,1,7,0,1.0,0.0,1.0,0.0,1.583
1l2ils__752kg5,1l2ils,752kg5,True,,4,4,3,0.36363636363636365,0.6363636363636364,0.3731910015145938,0.6268089984854062,2.2969860145946117
2t4sql__1mfjjc,2t4sql,1mfjjc,True,,3,7,0,1.0,0.0,1.0,0.0,1.583
95q9w6__749drw,95q9w6,749drw,True,,5,3,0,1.0,0.0,1.0,0.0,1.583
28g4qc__58xto9,28g4qc,58xto9,True,,3,7,2,0.5454545454545454,0.4545454545454546,0.3281014487147331,0.6718985512852669,2.3023496934089467
3kyt0o__500y3s,3kyt0o,500y3s,True,,5,3,1,0.75,0.25,0.42966312915086746,0.5703368708491325,2.1661626036860047
3e18da__2y2ejv,3e18da,2y2ejv,True,,4,6,1,0.8,0.19999999999999996,0.3548901826143265,0.6451098173856735,2.2258880584564804
2zyy8b__9cpvnj,2zyy8b,9cpvnj,True,,3,4,0,1.0,0.0,1.0,0.0,1.583
4n5pv4__1sph3h,4n5pv4,1sph3h,True,,3,6,0,1.0,0.0,1.0,0.0,1.583
3ivtdu__98ogid,3ivtdu,98ogid,True,,3,11,0,1.0,0.0,1.0,0.0,1.583
3kqtqa__3w43f1,3kqtqa,3w43f1,True,,3,4,0,1.0,0.0,1.0,0.0,1.583
4bqkog__92kgu5,4bqkog,92kgu5,True,,3,6,0,1.0,0.0,1.0,0.0,1.583
28gsxe__2nftg5,28gsxe,2nftg5,True,,2,4,2,0.2857142857142857,0.7142857142857143,0.4025606317445636,0.5974393682554364,2.285305768870895
2x4ag4__hwo4n,2x4ag4,hwo4n,True,,2,6,0,1.0,0.0,1.0,0.0,1.583
3wasd4__27oaod,3wasd4,27oaod,True,,3,8,0,1.0,0.0,1.0,0.0,1.583
1bozhi__2cf768,1bozhi,2cf768,True,,1,3,0,1.0,0.0,1.0,0.0,1.583
1dtdke__8yv1rm,1dtdke,8yv1rm,True,,4,9,0,1.0,0.0,1.0,0.0,1.583
zlt0a__91oe15,zlt0a,91oe15,True,,3,1,0,1.0,0.0,1.0,0.0,1.583
34iyeu__8x2253,34iyeu,8x2253,True,,3,2,1,0.6,0.4,0.35865315794944763,0.6413468420505524,2.262793815791011
297tv4__14gl0x,297tv4,14gl0x,True,,4,6,0,1.0,0.0,1.0,0.0,1.583
298xul__93xdyk,298xul,93xdyk,True,,1,2,0,1.0,0.0,1.0,0.0,1.583
55rg5l__970l0d,55rg5l,970l0d,True,,1,4,0,1.0,0.0,1.0,0.0,1.583
3q8nj7__66eno2,3q8nj7,66eno2,True,,5,1,0,1.0,0.0,1.0,0.0,1.583
2lxexs__5gn8mw,2lxexs,5gn8mw,True,,8,5,2,0.7142857142857143,0.2857142857142857,0.37169840186834335,0.6283015981316566,2.227513719638011
3yrhbf__5jhtjk,3yrhbf,5jhtjk,True,,5,3,0,1.0,0.0,1.0,0.0,1.583
30cp1d__3dpynp,30cp1d,3dpynp,True,,2,6,0,1.0,0.0,1.0,0.0,1.583
4w2jbj__8bdvdk,4w2jbj,8bdvdk,True,,5,4,1,0.7777777777777778,0.2222222222222222,0.33222630620002747,0.6677736937999725,2.2515449637509053
303ysd__40khu9,303ysd,40khu9,True,,5,1,0,1.0,0.0,1.0,0.0,1.583
5a103s__9usx9z,5a103s,9usx9z,True,,4,9,0,1.0,0.0,1.0,0.0,1.583
3rkhts__3i4k4m,3rkhts,3i4k4m,True,,8,4,3,0.4,0.6,0.38541823253035545,0.6145817674696445,2.278217912639901
9fbgtg__34vny0,9fbgtg,34vny0,True,,5,10,4,0.1111111111111111,0.8888888888888888,0.35535874324185507,0.644641256758145,2.364674914130876
9musnv__3t239x,9musnv,3t239x,True,,10,2,0,1.0,0.0,1.0,0.0,1.583
2renbq__9gzhqv,2renbq,9gzhqv,True,,1,3,0,1.0,0.0,1.0,0.0,1.583
8ikjq0__698f8d,8ikjq0,698f8d,True,,1,4,0,1.0,0.0,1.0,0.0,1.583
57p8y6__1nu0wm,57p8y6,1nu0wm,True,,3,5,1,0.75,0.25,0.37569115310907364,0.6243088468909264,2.216567032111436
326bb7__2nfy03,326bb7,2nfy03,True,,3,2,0,1.0,0.0,1.0,0.0,1.583
4k97ji__51jee8,4k97ji,51jee8,True,,1,2,0,1.0,0.0,1.0,0.0,1.583
9z0vmb__55qtuc,9z0vmb,55qtuc,True,,3,3,0,1.0,0.0,1.0,0.0,1.583
397inu__8nfntv,397inu,8nfntv,True,,1,3,1,0.0,1.0,0.42955647222697735,0.5704435277730227,2.317837210587226
4qbrp7__1m8932,4qbrp7,1m8932,True,,1,8,0,1.0,0.0,1.0,0.0,1.583
4qe1wr__72jnjj,4qe1wr,72jnjj,True,,4,3,0,1.0,0.0,1.0,0.0,1.583
60vcsa__459lsu,60vcsa,459lsu,True,,2,1,0,1.0,0.0,1.0,0.0,1.583
279i86__2nhhv7,279i86,2nhhv7,True,,3,5,0,1.0,0.0,1.0,0.0,1.583
71ensa__2ksl18,71ensa,2ksl18,True,,3,3,0,1.0,0.0,1.0,0.0,1.583
32mgmz__5p8xht,32mgmz,5p8xht,True,,4,5,0,1.0,0.0,1.0,0.0,1.583
1zhi66__8c68yr,1zhi66,8c68yr,True,,2,2,0,1.0,0.0,1.0,0.0,1.583
2p2um5__386yin,2p2um5,386yin,True,,5,6,0,1.0,0.0,1.0,0.0,1.583
3b51qi__7dif2o,3b51qi,7dif2o,True,,3,3,1,0.6666666666666666,0.33333333333333337,0.3902434855699539,0.6097565144300461,2.2198182754928864
3sa9sl__3uozx0,3sa9sl,3uozx0,True,,2,2,0,1.0,0.0,1.0,0.0,1.583
30v6pd__9ks3k6,30v6pd,9ks3k6,True,,5,3,0,1.0,0.0,1.0,0.0,1.583
8bh8bt__2zjyg6,8bh8bt,2zjyg6,True,,3,4,1,0.7142857142857143,0.2857142857142857,0.4018730968236923,0.5981269031763077,2.199333572019211
6muf7q__2fhrfs,6muf7q,2fhrfs,True,,3,1,0,1.0,0.0,1.0,0.0,1.583
49b36r__37oi30,49b36r,37oi30,True,,6,5,0,1.0,0.0,1.0,0.0,1.583
3gtztm__9h4h27,3gtztm,9h4h27,True,,6,8,0,1.0,0.0,1.0,0.0,1.583
4ade1g__30rbqm,4ade1g,30rbqm,True,,7,6,3,0.5,0.5,0.28203438719113666,0.7179656128088634,2.3545580858021973
1v3kho__9ixfzt,1v3kho,9ixfzt,True,,1,1,0,1.0,0.0,1.0,0.0,1.583
30q6i0__6uwcbf,30q6i0,6uwcbf,True,,12,10,0,1.0,0.0,1.0,0.0,1.583
3u52py__2ps6qm,3u52py,2ps6qm,True,,5,2,0,1.0,0.0,1.0,0.0,1.583
2bzjj0__6hp5pe,2bzjj0,6hp5pe,True,,2,5,0,1.0,0.0,1.0,0.0,1.583
1x0qkn__72sd9c,1x0qkn,72sd9c,True,,3,2,0,1.0,0.0,1.0,0.0,1.583
8w6ger__1jni75,8w6ger,1jni75,True,,4,6,0,1.0,0.0,1.0,0.0,1.583
y0i0p__6potvz,y0i0p,6potvz,True,,4,4,0,1.0,0.0,1.0,0.0,1.583
2a5c29__6mpxwl,2a5c29,6mpxwl,True,,3,3,0,1.0,0.0,1.0,0.0,1.583
6zf5ss__67zy46,6zf5ss,67zy46,True,,4,4,0,1.0,0.0,1.0,0.0,1.583
1rc1no__8thfjx,1rc1no,8thfjx,True,,1,2,0,1.0,0.0,1.0,0.0,1.583
58rakr__7sifmo,58rakr,7sifmo,True,,2,9,0,1.0,0.0,1.0,0.0,1.583
14gi5b__782kni,14gi5b,782kni,True,,3,14,0,1.0,0.0,1.0,0.0,1.583
9hlsac__3o86h6,9hlsac,3o86h6,True,,3,3,2,0.2857142857142857,0.7142857142857143,0.41424815356731415,0.5857518464326859,2.274390792240628
2fynqy__9po1st,2fynqy,9po1st,True,,3,3,2,0.1111111111111111,0.8888888888888888,0.2945226250837247,0.7054773749162753,2.421489764878754
3df957__1d162d,3df957,1d162d,True,,5,3,1,0.5555555555555556,0.4444444444444444,0.3877878934144974,0.6122121065855026,2.244567108562423
508shp__7h1t2b,508shp,7h1t2b,True,,2,3,0,1.0,0.0,1.0,0.0,1.583
1j4f6q__2ws20j,1j4f6q,2ws20j,True,,11,5,1,0.875,0.125,0.32305940985679626,0.6769405901432037,2.2404573171347377
1w063l__4e1stu,1w063l,4e1stu,True,,2,3,0,1.0,0.0,1.0,0.0,1.583
3c28ln__3609ox,3c28ln,3609ox,True,,3,3,0,1.0,0.0,1.0,0.0,1.583
28g4qc__2ces7r,28g4qc,2ces7r,True,,3,3,0,1.0,0.0,1.0,0.0,1.583
4ftn3b__5b4114,4ftn3b,5b4114,True,,4,1,0,1.0,0.0,1.0,0.0,1.583
3ct7g0__3hi00e,3ct7g0,3hi00e,True,,5,3,0,1.0,0.0,1.0,0.0,1.583
8jpk3r__94jbmx,8jpk3r,94jbmx,True,,1,10,0,1.0,0.0,1.0,0.0,1.583
5rap9i__6f89rn,5rap9i,6f89rn,True,,3,5,0,1.0,0.0,1.0,0.0,1.583
3cp6hd__2ihy4q,3cp6hd,2ihy4q,True,,3,4,1,0.7142857142857143,0.2857142857142857,0.23107782006263733,0.7689221799373627,2.35883928098636
9idcpk__5c4k3t,9idcpk,5c4k3t,True,,3,3,0,1.0,0.0,1.0,0.0,1.583
13hy58__42lw1e,13hy58,42lw1e,True,,4,5,0,1.0,0.0,1.0,0.0,1.583
8tbmvy__15zv5y,8tbmvy,15zv5y,True,,6,7,3,0.5625,0.4375,0.3498428488771121,0.6501571511228879,2.278600513433665
55lrlr__y66ia,55lrlr,y66ia,True,,2,7,0,1.0,0.0,1.0,0.0,1.583
6c6ezm__7ethag,6c6ezm,7ethag,True,,1,1,0,1.0,0.0,1.0,0.0,1.583
2z8ut7__9eccvf,2z8ut7,9eccvf,True,,7,2,0,1.0,0.0,1.0,0.0,1.583
2hzsib__3io3nf,2hzsib,3io3nf,True,,2,3,0,1.0,0.0,1.0,0.0,1.583
9r3k87__5zzpo3,9r3k87,5zzpo3,True,,3,3,0,1.0,0.0,1.0,0.0,1.583
4q6hwj__5xuvmr,4q6hwj,5xuvmr,True,,2,9,0,1.0,0.0,1.0,0.0,1.583
3ccxzs__83noxr,3ccxzs,83noxr,True,,1,4,0,1.0,0.0,1.0,0.0,1.583
3bpim9__7bvsnl,3bpim9,7bvsnl,True,,3,12,0,1.0,0.0,1.0,0.0,1.583
29tayd__49uco1,29tayd,49uco1,True,,1,8,0,1.0,0.0,1.0,0.0,1.583
9lo215__3et8gj,9lo215,3et8gj,True,,6,10,2,0.5789473684210527,0.42105263157894735,0.4671310670673847,0.5328689329326153,2.165741033307875
1tedbh__2hawms,1tedbh,2hawms,True,,3,7,0,1.0,0.0,1.0,0.0,1.583
40esxk__3609ox,40esxk,3609ox,True,,4,3,0,1.0,0.0,1.0,0.0,1.583
8xj3v5__92nvv4,8xj3v5,92nvv4,True,,6,5,3,0.29411764705882354,0.7058823529411764,0.3420591950416565,0.6579408049583435,2.340109741280009
4vqndl__93rwlw,4vqndl,93rwlw,True,,4,5,4,0.06666666666666667,0.9333333333333333,0.42092695739120245,0.5790730426087976,2.3124229811590227
2ff1of__5izors,2ff1of,5izors,True,,3,3,3,0.0,1.0,0.41049961373209953,0.5895003862679005,2.335634410735592
qzmt2__7cbpqq,qzmt2,7cbpqq,True,,2,1,0,1.0,0.0,1.0,0.0,1.583
4bqyml__6jlifb,4bqyml,6jlifb,True,,4,3,0,1.0,0.0,1.0,0.0,1.583
z8cpu__91yo38,z8cpu,91yo38,True,,5,5,1,0.8,0.19999999999999996,0.4590568579733372,0.5409431420266628,2.1286068003387
20vc2u__8rrncl,20vc2u,8rrncl,True,,3,2,2,0.16666666666666666,0.8333333333333334,0.4045449048280716,0.5954550951719284,2.3075121800477305
3ik66u__9221ui,3ik66u,9221ui,True,,1,4,0,1.0,0.0,1.0,0.0,1.583
9u0ond__2zqcuk,9u0ond,2zqcuk,True,,8,3,2,0.5833333333333334,0.41666666666666663,0.4538621371611953,0.5461378628388047,2.177246483438493
2s4tbt__8t5xt9,2s4tbt,8t5xt9,True,,1,3,0,1.0,0.0,1.0,0.0,1.583
3qlbez__6yxiss,3qlbez,6yxiss,True,,1,5,0,1.0,0.0,1.0,0.0,1.583
8kqef0__6v9kxl,8kqef0,6v9kxl,True,,6,1,0,1.0,0.0,1.0,0.0,1.583
9oqudo__1l0pqs,9oqudo,1l0pqs,True,,7,3,0,1.0,0.0,1.0,0.0,1.583
2ygsgn__4vfbyj,2ygsgn,4vfbyj,True,,2,1,0,1.0,0.0,1.0,0.0,1.583
93rf53__2yqac0,93rf53,2yqac0,True,,11,1,0,1.0,0.0,1.0,0.0,1.583
3fh8vx__5lry1d,3fh8vx,5lry1d,True,,3,3,0,1.0,0.0,1.0,0.0,1.583
3it7k3__9uppj3,3it7k3,9uppj3,True,,3,5,1,0.5555555555555556,0.4444444444444444,0.32955069839954376,0.6704493016004562,2.2989548249868883
3gkuu0__6e5vyj,3gkuu0,6e5vyj,True,,3,10,0,1.0,0.0,1.0,0.0,1.583
8io4co__15wqgv,8io4co,15wqgv,True,,1,2,0,1.0,0.0,1.0,0.0,1.583
55qtuc__75vfxi,55qtuc,75vfxi,True,,3,1,0,1.0,0.0,1.0,0.0,1.583
8vmoan__1p0f0w,8vmoan,1p0f0w,True,,1,6,0,1.0,0.0,1.0,0.0,1.583
53azlv__9ada84,53azlv,9ada84,True,,5,6,0,1.0,0.0,1.0,0.0,1.583
34cz8b__4lqh0s,34cz8b,4lqh0s,True,,6,4,0,1.0,0.0,1.0,0.0,1.583
19xpm3__4szj59,19xpm3,4szj59,True,,2,8,0,1.0,0.0,1.0,0.0,1.583
3d23jq__1techx,3d23jq,1techx,True,,9,14,4,0.5517241379310345,0.4482758620689655,0.3961127595975995,0.6038872404024005,2.2375668455359397
3h4yrg__3thrfp,3h4yrg,3thrfp,True,,8,7,0,1.0,0.0,1.0,0.0,1.583
38jadm__3ba0z2,38jadm,3ba0z2,True,,4,7,0,1.0,0.0,1.0,0.0,1.583
1359f0__1fiqsd,1359f0,1fiqsd,True,,4,2,0,1.0,0.0,1.0,0.0,1.583
3dcd54__9rckxp,3dcd54,9rckxp,True,,3,3,0,1.0,0.0,1.0,0.0,1.583
3nq0w9__7febu9,3nq0w9,7febu9,True,,9,4,0,1.0,0.0,1.0,0.0,1.583
37on09__2fmu4p,37on09,2fmu4p,True,,3,8,3,0.07692307692307693,0.9230769230769231,0.4001377758880456,0.5998622241119544,2.3297651772520003
9co0ah__42i79p,9co0ah,42i79p,True,,1,5,0,1.0,0.0,1.0,0.0,1.583
3j1yzr__8oh15i,3j1yzr,8oh15i,True,,1,2,0,1.0,0.0,1.0,0.0,1.583
6zgji2__3tarkg,6zgji2,3tarkg,True,,3,1,0,1.0,0.0,1.0,0.0,1.583
2t8qgr__1ukvps,2t8qgr,1ukvps,True,,2,2,0,1.0,0.0,1.0,0.0,1.583
1jtrxi__67dmeg,1jtrxi,67dmeg,True,,6,5,3,0.23529411764705882,0.7647058823529411,0.45210774056613445,0.5478922594338655,2.2492236399088164
5httb2__6obmtx,5httb2,6obmtx,True,,4,4,2,0.4444444444444444,0.5555555555555556,0.3307248428463936,0.6692751571536064,2.3203138470435305
3mggzs__3av6up,3mggzs,3av6up,True,,8,4,1,0.8333333333333334,0.16666666666666663,0.36762580275535583,0.6323741972446442,2.2072575961401064
2dr40t__4g233s,2dr40t,4g233s,True,,6,1,0,1.0,0.0,1.0,0.0,1.583
263xfx__37fh2s,263xfx,37fh2s,True,,3,4,0,1.0,0.0,1.0,0.0,1.583
502drk__8hljch,502drk,8hljch,True,,3,4,0,1.0,0.0,1.0,0.0,1.583
6e0krk__3p0v6c,6e0krk,3p0v6c,True,,3,3,0,1.0,0.0,1.0,0.0,1.583
9qyplw__4i7rvq,9qyplw,4i7rvq,True,,5,2,2,0.07692307692307693,0.9230769230769231,0.40430573746562004,0.59569426253438,2.325872717934703
2gic28__9tj0je,2gic28,9tj0je,True,,2,3,0,1.0,0.0,1.0,0.0,1.583
6n0322__9sonfi,6n0322,9sonfi,True,,2,1,0,1.0,0.0,1.0,0.0,1.583
1bkqpc__1jxsux,1bkqpc,1jxsux,True,,7,4,0,1.0,0.0,1.0,0.0,1.583
5e22xi__9ytfxq,5e22xi,9ytfxq,True,,1,3,0,1.0,0.0,1.0,0.0,1.583
2rgj9e__3rs4bd,2rgj9e,3rs4bd,True,,1,2,0,1.0,0.0,1.0,0.0,1.583
2zlfjh__6ny2hi,2zlfjh,6ny2hi,True,,2,8,0,1.0,0.0,1.0,0.0,1.583
25nis0__78yf8o,25nis0,78yf8o,True,,4,8,2,0.6153846153846154,0.3846153846153846,0.45051038824021816,0.5494896117597818,2.1738991176532294
6o0mcs__8p5zet,6o0mcs,8p5zet,True,,1,8,0,1.0,0.0,1.0,0.0,1.583
2zucl4__95qwpd,2zucl4,95qwpd,True,,2,2,0,1.0,0.0,1.0,0.0,1.583
3hi00e__22edfw,3hi00e,22edfw,True,,3,1,0,1.0,0.0,1.0,0.0,1.583
3bu8bm__3mjsi5,3bu8bm,3mjsi5,True,,4,4,4,0.0,1.0,0.473107842146419,0.526892157853581,2.277164586219459
42mexm__3p6aip,42mexm,3p6aip,True,,9,2,2,0.5833333333333334,0.41666666666666663,0.4423844749107957,0.5576155250892043,2.1879654722141413
3bl3ek__5xov28,3bl3ek,5xov28,True,,8,2,0,1.0,0.0,1.0,0.0,1.583
94g1p3__7bmle4,94g1p3,7bmle4,True,,2,7,0,1.0,0.0,1.0,0.0,1.583
204n9i__8ziaso,204n9i,8ziaso,True,,2,3,1,0.3333333333333333,0.6666666666666667,0.37745142355561256,0.6225485764443874,2.2991314488747467
6v8l0g__39p86l,6v8l0g,39p86l,True,,14,3,3,0.12962962962962962,0.8703703703703703,0.40005822266851154,0.5999417773314885,2.3191874777017287
63c2ox__2rsnam,63c2ox,2rsnam,True,,3,2,0,1.0,0.0,1.0,0.0,1.583
52mv2k__7mm8f4,52mv2k,7mm8f4,True,,1,4,0,1.0,0.0,1.0,0.0,1.583
3xzfsn__670wba,3xzfsn,670wba,True,,3,1,0,1.0,0.0,1.0,0.0,1.583
3o8dix__98iny8,3o8dix,98iny8,True,,1,2,0,1.0,0.0,1.0,0.0,1.583
1d6kre__15zgnv,1d6kre,15zgnv,True,,6,4,0,1.0,0.0,1.0,0.0,1.583
3hclak__75zru1,3hclak,75zru1,True,,4,4,1,0.75,0.25,0.3995550274848938,0.6004449725151062,2.1942805598318573
2l8h9n__78kknk,2l8h9n,78kknk,True,,4,5,0,1.0,0.0,1.0,0.0,1.583
2cj2t5__30rbqm,2cj2t5,30rbqm,True,,6,6,2,0.5,0.5,0.35585248470306396,0.644147515296936,2.2856193645358087
9mj0b1__274ioe,9mj0b1,274ioe,True,,1,3,0,1.0,0.0,1.0,0.0,1.583
3rmutn__3cizzd,3rmutn,3cizzd,True,,8,6,0,1.0,0.0,1.0,0.0,1.583
97lra6__78sh2c,97lra6,78sh2c,True,,1,9,0,1.0,0.0,1.0,0.0,1.583
2mag03__7br0t0,2mag03,7br0t0,True,,4,5,0,1.0,0.0,1.0,0.0,1.583
2ftwq7__2ywzst,2ftwq7,2ywzst,True,,1,7,0,1.0,0.0,1.0,0.0,1.583
8jplkg__5bipzh,8jplkg,5bipzh,True,,7,11,2,0.3333333333333333,0.6666666666666667,0.4544310319636549,0.5455689680363451,2.2272401925824763
4brvbf__72shyk,4brvbf,72shyk,True,,3,3,0,1.0,0.0,1.0,0.0,1.583
2y6155__8n3mjd,2y6155,8n3mjd,True,,3,7,0,1.0,0.0,1.0,0.0,1.583
2uhcjs__7coprn,2uhcjs,7coprn,True,,2,1,0,1.0,0.0,1.0,0.0,1.583
3kuf8n__8kii8n,3kuf8n,8kii8n,True,,7,3,0,1.0,0.0,1.0,0.0,1.583
204y8q__5j0hkz,204y8q,5j0hkz,True,,3,2,0,1.0,0.0,1.0,0.0,1.583
35ys7w__7gelc8,35ys7w,7gelc8,True,,4,4,2,0.4444444444444444,0.5555555555555556,0.3635779954493046,0.6364220045506954,2.289632287827672
87btxe__66fwig,87btxe,66fwig,True,,4,6,1,0.3146853146853147,0.6853146853146853,0.39595699255975586,0.6040430074402441,2.285617862550542
3nen7p__3beh4p,3nen7p,3beh4p,True,,3,2,1,0.6,0.4,0.3703998029232025,0.6296001970767975,2.2518236240500213
3ojgzr__5vujh8,3ojgzr,5vujh8,True,,2,3,0,1.0,0.0,1.0,0.0,1.583
43kfk3__14gi5b,43kfk3,14gi5b,True,,5,3,0,1.0,0.0,1.0,0.0,1.583
44vthc__3e1c65,44vthc,3e1c65,True,,7,2,0,1.0,0.0,1.0,0.0,1.583
314sca__783lq8,314sca,783lq8,True,,3,2,0,1.0,0.0,1.0,0.0,1.583
2z9ozp__8kjp0a,2z9ozp,8kjp0a,True,,6,3,0,1.0,0.0,1.0,0.0,1.583
1a8s1t__4m8ecl,1a8s1t,4m8ecl,True,,3,3,0,1.0,0.0,1.0,0.0,1.583
syvlw__9xwfkt,syvlw,9xwfkt,True,,1,1,1,0.0,1.0,0.3290340155363083,0.6709659844636917,2.4117151328906417
465lxy__53yi05,465lxy,53yi05,True,,6,11,0,1.0,0.0,1.0,0.0,1.583
2to8td__2pq65b,2to8td,2pq65b,True,,5,3,3,0.36363636363636365,0.6363636363636364,0.37557730575402576,0.6244226942459743,2.2947574450654065
5omz1r__7flemk,5omz1r,7flemk,True,,2,7,0,1.0,0.0,1.0,0.0,1.583
1ogn2n__9dhhb6,1ogn2n,9dhhb6,True,,2,3,0,1.0,0.0,1.0,0.0,1.583
964jdv__79bw0n,964jdv,79bw0n,True,,1,2,0,1.0,0.0,1.0,0.0,1.583
939f41__3ik66u,939f41,3ik66u,True,,2,1,0,1.0,0.0,1.0,0.0,1.583
57up9v__3sdwxh,57up9v,3sdwxh,True,,4,3,0,1.0,0.0,1.0,0.0,1.583
31mptn__4xp95i,31mptn,4xp95i,True,,2,5,0,1.0,0.0,1.0,0.0,1.583
74gbs9__7flgqi,74gbs9,7flgqi,True,,8,2,0,1.0,0.0,1.0,0.0,1.583
2j95jy__170qo0,2j95jy,170qo0,True,,3,5,3,0.2727272727272727,0.7272727272727273,0.35791776577631634,0.6420822342236836,2.329622416723316
30v6pd__1xc389,30v6pd,1xc389,True,,5,2,0,1.0,0.0,1.0,0.0,1.583
6c4pk4__zi585,6c4pk4,zi585,True,,4,5,2,0.21052631578947367,0.7894736842105263,0.36583406925201417,0.6341659307479859,2.334800194304491
36sq8u__4izi0x,36sq8u,4izi0x,True,,1,2,0,1.0,0.0,1.0,0.0,1.583
9indua__6ivkvf,9indua,6ivkvf,True,,2,1,0,1.0,0.0,1.0,0.0,1.583
2uctyx__4zwpmm,2uctyx,4zwpmm,True,,7,6,0,1.0,0.0,1.0,0.0,1.583
2y5h0c__8iuy3n,2y5h0c,8iuy3n,True,,2,2,0,1.0,0.0,1.0,0.0,1.583
wdfbu__7y4h0z,wdfbu,7y4h0z,True,,3,8,0,1.0,0.0,1.0,0.0,1.583
38i0ec__3l8bhh,38i0ec,3l8bhh,True,,3,2,0,1.0,0.0,1.0,0.0,1.583
58o17e__7upuj6,58o17e,7upuj6,True,,2,2,1,0.5,0.5,0.26166725158691406,0.7383327484130859,2.373578953742981
2u5t29__2j5tz2,2u5t29,2j5tz2,True,,3,5,2,0.5555555555555556,0.4444444444444444,0.40432440862059593,0.5956755913794041,2.2291236570114474
9jzgny__8fo95a,9jzgny,8fo95a,True,,6,3,0,1.0,0.0,1.0,0.0,1.583
343qlu__9tdjbp,343qlu,9tdjbp,True,,8,5,1,0.7142857142857143,0.2857142857142857,0.38901933655142784,0.6109806634485722,2.2113376987374784
2ces7r__3nri4x,2ces7r,3nri4x,True,,3,7,1,0.12,0.88,0.4162295913944642,0.5837704086055358,2.30603118459671
9w71lm__3pyunt,9w71lm,3pyunt,True,,5,3,0,1.0,0.0,1.0,0.0,1.583
6uf31y__2nkzs8,6uf31y,2nkzs8,True,,7,3,0,1.0,0.0,1.0,0.0,1.583
4k97ji__9b96y0,4k97ji,9b96y0,True,,1,5,0,1.0,0.0,1.0,0.0,1.583
3kjzvf__3krfdy,3kjzvf,3krfdy,True,,3,4,0,1.0,0.0,1.0,0.0,1.583
2a5c29__9qwd3a,2a5c29,9qwd3a,True,,3,2,1,0.6,0.4,0.29757119715213776,0.7024288028478622,2.3198382589796185
42o368__1ukvps,42o368,1ukvps,True,,3,2,0,1.0,0.0,1.0,0.0,1.583
5tv8s5__2rovif,5tv8s5,2rovif,True,,4,6,0,1.0,0.0,1.0,0.0,1.583
51u10t__7ha8j3,51u10t,7ha8j3,True,,5,3,0,1.0,0.0,1.0,0.0,1.583
3a6ygv__1osahi,3a6ygv,1osahi,True,,3,7,1,0.8,0.19999999999999996,0.3063744753599167,0.6936255246400833,2.2711968774613736
9o3k48__3kublv,9o3k48,3kublv,True,,5,5,0,1.0,0.0,1.0,0.0,1.583
90a5fa__75s8y1,90a5fa,75s8y1,True,,9,6,0,1.0,0.0,1.0,0.0,1.583
6xr1jp__9ss80l,6xr1jp,9ss80l,True,,4,9,0,1.0,0.0,1.0,0.0,1.583
3g9i51__6dvnoh,3g9i51,6dvnoh,True,,2,2,1,0.5,0.5,0.393112450838089,0.606887549161911,2.250822282162309
3s2dv7__7ug4hn,3s2dv7,7ug4hn,True,,1,6,0,1.0,0.0,1.0,0.0,1.583
2ah65a__2he9v6,2ah65a,2he9v6,True,,2,3,0,1.0,0.0,1.0,0.0,1.583
4sk860__9qbnl6,4sk860,9qbnl6,True,,3,4,0,1.0,0.0,1.0,0.0,1.583
3249kk__2tk1fa,3249kk,2tk1fa,True,,3,3,1,0.6666666666666666,0.33333333333333337,0.4540451876819134,0.5459548123180866,2.1602338658905276
6muiqm__3x1gp5,6muiqm,3x1gp5,True,,1,2,0,1.0,0.0,1.0,0.0,1.583
2s2epk__35hh4m,2s2epk,35hh4m,True,,1,2,0,1.0,0.0,1.0,0.0,1.583
38rlpo__8gmjrl,38rlpo,8gmjrl,True,,2,5,0,1.0,0.0,1.0,0.0,1.583
4zucna__78x5m4,4zucna,78x5m4,True,,3,14,0,1.0,0.0,1.0,0.0,1.583
8h5o0z__3r8lgm,8h5o0z,3r8lgm,True,,4,7,0,1.0,0.0,1.0,0.0,1.583
3s14d7__2roi15,3s14d7,2roi15,True,,3,2,1,0.6,0.4,0.28733982145786285,0.7126601785421371,2.329393340740502
34wws9__5httb2,34wws9,5httb2,True,,1,4,0,1.0,0.0,1.0,0.0,1.583
2x9yhv__459lsu,2x9yhv,459lsu,True,,2,1,0,1.0,0.0,1.0,0.0,1.583
39ixii__3w1q69,39ixii,3w1q69,True,,3,4,0,1.0,0.0,1.0,0.0,1.583
2uqcja__43sieg,2uqcja,43sieg,True,,1,3,0,1.0,0.0,1.0,0.0,1.583
1ogn2n__74h1mz,1ogn2n,74h1mz,True,,2,1,0,1.0,0.0,1.0,0.0,1.583
3pqa7y__7njpw1,3pqa7y,7njpw1,True,,2,6,0,1.0,0.0,1.0,0.0,1.583
28c2ps__945did,28c2ps,945did,True,,11,2,0,1.0,0.0,1.0,0.0,1.583
912ite__2mfhiq,912ite,2mfhiq,True,,2,2,2,0.0,1.0,0.3504234328866005,0.6495765671133995,2.3917395560272037
5lcpsf__9re5w9,5lcpsf,9re5w9,True,,10,1,1,0.8181818181818182,0.18181818181818177,0.31604406237602234,0.6839559376239777,2.2584919046924874
2w3zen__6obmtx,2w3zen,6obmtx,True,,4,4,0,1.0,0.0,1.0,0.0,1.583
332nmp__6dck1n,332nmp,6dck1n,True,,7,6,0,1.0,0.0,1.0,0.0,1.583
9j3dt9__9k3zj1,9j3dt9,9k3zj1,True,,2,3,0,1.0,0.0,1.0,0.0,1.583
89kj2m__964xeo,89kj2m,964xeo,True,,4,4,0,1.0,0.0,1.0,0.0,1.583
431a8g__5vadjc,431a8g,5vadjc,True,,7,5,3,0.3888888888888889,0.6111111111111112,0.34865013137459755,0.6513498686254025,2.314801197864819
1537it__1ofvyh,1537it,1ofvyh,True,,8,1,0,1.0,0.0,1.0,0.0,1.583
32imuk__1i1pzw,32imuk,1i1pzw,True,,6,1,0,1.0,0.0,1.0,0.0,1.583
6i2dv1__5arhqd,6i2dv1,5arhqd,True,,4,2,0,1.0,0.0,1.0,0.0,1.583
9w6hes__87rj7a,9w6hes,87rj7a,True,,2,8,0,1.0,0.0,1.0,0.0,1.583
6y4xnf__8cc55e,6y4xnf,8cc55e,True,,4,6,0,1.0,0.0,1.0,0.0,1.583
3ghmjs__2o026b,3ghmjs,2o026b,True,,1,3,0,1.0,0.0,1.0,0.0,1.583
89w1mi__8sf03s,89w1mi,8sf03s,True,,1,8,0,1.0,0.0,1.0,0.0,1.583
9ycju3__1r147o,9ycju3,1r147o,True,,8,3,0,1.0,0.0,1.0,0.0,1.583
4j0lui__17c0j9,4j0lui,17c0j9,True,,2,1,0,1.0,0.0,1.0,0.0,1.583
9cjo5w__9cwlq8,9cjo5w,9cwlq8,True,,3,2,0,1.0,0.0,1.0,0.0,1.583
38v2xu__9mfkzn,38v2xu,9mfkzn,True,,3,6,0,1.0,0.0,1.0,0.0,1.583
284zmy__7elq89,284zmy,7elq89,True,,3,2,0,1.0,0.0,1.0,0.0,1.583
87940j__6igjgl,87940j,6igjgl,True,,3,5,0,1.0,0.0,1.0,0.0,1.583
3a1qzh__1v0y5v,3a1qzh,1v0y5v,True,,6,4,0,1.0,0.0,1.0,0.0,1.583
4hph3c__37hxu0,4hph3c,37hxu0,True,,1,2,0,1.0,0.0,1.0,0.0,1.583
1c8xxq__94d04s,1c8xxq,94d04s,True,,3,5,0,1.0,0.0,1.0,0.0,1.583
3u4uru__820qmi,3u4uru,820qmi,True,,1,5,0,1.0,0.0,1.0,0.0,1.583
2zbr1a__2nkzs8,2zbr1a,2nkzs8,True,,9,3,0,1.0,0.0,1.0,0.0,1.583
5x0d9e__33cn6z,5x0d9e,33cn6z,True,,1,6,0,1.0,0.0,1.0,0.0,1.583
3wnbvn__38u6w3,3wnbvn,38u6w3,True,,2,2,0,1.0,0.0,1.0,0.0,1.583
383uu0__8wvgmg,383uu0,8wvgmg,True,,2,3,0,1.0,0.0,1.0,0.0,1.583
4spacd__2gxbf2,4spacd,2gxbf2,True,,5,3,0,1.0,0.0,1.0,0.0,1.583
99a3a2__2ve1io,99a3a2,2ve1io,True,,3,3,0,1.0,0.0,1.0,0.0,1.583
2ig13f__76hdoo,2ig13f,76hdoo,True,,4,4,1,0.75,0.25,0.3898749426007271,0.6101250573992729,2.203320791105181
2iii5k__3wcgev,2iii5k,3wcgev,True,,4,1,0,1.0,0.0,1.0,0.0,1.583
4dbk47__26mhxr,4dbk47,26mhxr,True,,1,4,1,0.0,1.0,0.3413694463670254,0.6586305536329746,2.4001950740378346
6uiiye__2ooefg,6uiiye,2ooefg,True,,5,2,0,1.0,0.0,1.0,0.0,1.583
37azai__3j8e0o,37azai,3j8e0o,True,,2,3,0,1.0,0.0,1.0,0.0,1.583
3hseey__7gelc8,3hseey,7gelc8,True,,3,4,0,1.0,0.0,1.0,0.0,1.583
5c6ed9__9s857l,5c6ed9,9s857l,True,,5,4,0,1.0,0.0,1.0,0.0,1.583
4kmvg2__5xedmi,4kmvg2,5xedmi,True,,9,7,2,0.7058823529411765,0.2941176470588235,0.4315025135874748,0.5684974864125252,2.173360979031245
50dilt__3fkpdk,50dilt,3fkpdk,True,,4,1,0,1.0,0.0,1.0,0.0,1.583
6b7fna__3bsans,6b7fna,3bsans,True,,6,3,0,1.0,0.0,1.0,0.0,1.583
2xs5ij__33leq9,2xs5ij,33leq9,True,,5,1,0,1.0,0.0,1.0,0.0,1.583
27u6yl__63h6hg,27u6yl,63h6hg,True,,4,3,2,0.375,0.625,0.44526280695572495,0.554737193044275,2.2273815645840482
31c3yw__1f3zik,31c3yw,1f3zik,True,,2,2,0,1.0,0.0,1.0,0.0,1.583
9x4l6n__73peec,9x4l6n,73peec,True,,1,5,0,1.0,0.0,1.0,0.0,1.583
zh5jb__4avquu,zh5jb,4avquu,True,,3,4,3,0.2,0.8,0.37589602048198384,0.6241039795180161,2.327530706471875
6g7k9q__78pm42,6g7k9q,78pm42,True,,3,2,0,1.0,0.0,1.0,0.0,1.583
4uk34v__38z6ny,4uk34v,38z6ny,True,,9,5,0,1.0,0.0,1.0,0.0,1.583
2lkxvg__2tua96,2lkxvg,2tua96,True,,1,2,0,1.0,0.0,1.0,0.0,1.583
993t8d__9ncfn1,993t8d,9ncfn1,True,,11,1,0,1.0,0.0,1.0,0.0,1.583
93q2a1__77h6wn,93q2a1,77h6wn,True,,4,1,0,1.0,0.0,1.0,0.0,1.583
6w6pu7__93xdyk,6w6pu7,93xdyk,True,,5,2,0,1.0,0.0,1.0,0.0,1.583
2uot38__1pl0uq,2uot38,1pl0uq,True,,12,9,0,1.0,0.0,1.0,0.0,1.583
2zqh21__8akbpi,2zqh21,8akbpi,True,,5,2,0,1.0,0.0,1.0,0.0,1.583
4lgfdg__21fg20,4lgfdg,21fg20,True,,5,2,0,1.0,0.0,1.0,0.0,1.583
9wr718__5ryb5m,9wr718,5ryb5m,True,,2,4,2,0.2857142857142857,0.7142857142857143,0.3232974372804165,0.6767025627195835,2.3593296661809617
35rujp__1nagwy,35rujp,1nagwy,True,,5,3,0,1.0,0.0,1.0,0.0,1.583
2k5w05__5v5y6o,2k5w05,5v5y6o,True,,6,2,0,1.0,0.0,1.0,0.0,1.583
31xoe3__2kmjdu,31xoe3,2kmjdu,True,,5,3,3,0.14285714285714285,0.8571428571428572,0.40202311519533396,0.597976884804666,2.314679184147649
51vjpq__2ocsgx,51vjpq,2ocsgx,True,,1,7,0,1.0,0.0,1.0,0.0,1.583
2w22o9__2fs77s,2w22o9,2fs77s,True,,1,4,1,0.6,0.4,0.27049437165260315,0.7295056283473969,2.345125306313634
61d4za__64la9r,61d4za,64la9r,True,,7,2,1,0.7777777777777778,0.2222222222222222,0.42191294580698013,0.5780870541930199,2.167786611021972
6zgnup__2vjmn4,6zgnup,2vjmn4,True,,2,5,0,1.0,0.0,1.0,0.0,1.583
5kciu8__3t239x,5kciu8,3t239x,True,,3,2,0,1.0,0.0,1.0,0.0,1.583
2ywzst__2ugps3,2ywzst,2ugps3,True,,7,10,3,0.55,0.44999999999999996,0.3690071751674016,0.6309928248325984,2.263229199111164
282v1z__8kwa8b,282v1z,8kwa8b,True,,5,3,3,0.18181818181818182,0.8181818181818181,0.4479278301199277,0.5520721698800723,2.263934744905545
3hlps6__6xn1o1,3hlps6,6xn1o1,True,,6,6,0,1.0,0.0,1.0,0.0,1.583
49w9j7__46c8w4,49w9j7,46c8w4,True,,5,9,0,1.0,0.0,1.0,0.0,1.583
2yuybg__3x50ef,2yuybg,3x50ef,True,,3,4,0,1.0,0.0,1.0,0.0,1.583
3o0kdy__68qw0y,3o0kdy,68qw0y,True,,1,6,0,1.0,0.0,1.0,0.0,1.583
8lsqpq__784qn0,8lsqpq,784qn0,True,,2,3,0,1.0,0.0,1.0,0.0,1.583
2jby8a__8yg80s,2jby8a,8yg80s,True,,6,3,0,1.0,0.0,1.0,0.0,1.583
94aioh__3hrall,94aioh,3hrall,True,,2,4,0,1.0,0.0,1.0,0.0,1.583
1f29sj__6x8vfs,1f29sj,6x8vfs,True,,1,2,0,1.0,0.0,1.0,0.0,1.583
3trvtu__8dcey9,3trvtu,8dcey9,True,,4,5,3,0.3333333333333333,0.6666666666666667,0.4135463734467824,0.5864536265532176,2.2654223751713833
1aya01__2zyy8b,1aya01,2zyy8b,True,,1,3,0,1.0,0.0,1.0,0.0,1.583
6mp5gs__74jtj9,6mp5gs,74jtj9,True,,8,2,0,1.0,0.0,1.0,0.0,1.583
369ql2__9md2iv,369ql2,9md2iv,True,,1,9,0,1.0,0.0,1.0,0.0,1.583
77il2q__2pds06,77il2q,2pds06,True,,4,7,2,0.6666666666666666,0.33333333333333337,0.37452006712555885,0.6254799328744411,2.2345023759781073
now7m__1ojy01,now7m,1ojy01,True,,2,2,0,1.0,0.0,1.0,0.0,1.583
31kul5__1ks3xk,31kul5,1ks3xk,True,,1,3,0,1.0,0.0,1.0,0.0,1.583
75rxa9__7fen5q,75rxa9,7fen5q,True,,1,3,0,1.0,0.0,1.0,0.0,1.583
27u6yl__1m5ee5,27u6yl,1m5ee5,True,,4,3,0,1.0,0.0,1.0,0.0,1.583
29avbx__8fx9pp,29avbx,8fx9pp,True,,3,1,0,1.0,0.0,1.0,0.0,1.583
3073nu__51u10t,3073nu,51u10t,True,,3,5,0,1.0,0.0,1.0,0.0,1.583
4a6dmz__5tie6d,4a6dmz,5tie6d,True,,4,1,0,1.0,0.0,1.0,0.0,1.583
2jjbo0__7bz8gd,2jjbo0,7bz8gd,True,,1,5,0,1.0,0.0,1.0,0.0,1.583
1rf4k7__99a3a2,1rf4k7,99a3a2,True,,5,3,0,1.0,0.0,1.0,0.0,1.583
6191u6__87cpzs,6191u6,87cpzs,True,,9,6,0,1.0,0.0,1.0,0.0,1.583
2d1da3__14jq74,2d1da3,14jq74,True,,2,6,0,1.0,0.0,1.0,0.0,1.583
9xvf4a__2o6c5s,9xvf4a,2o6c5s,True,,4,1,0,1.0,0.0,1.0,0.0,1.583
6y2fr3__21kx55,6y2fr3,21kx55,True,,1,2,0,1.0,0.0,1.0,0.0,1.583
9tdjbp__93c7ul,9tdjbp,93c7ul,True,,5,1,0,1.0,0.0,1.0,0.0,1.583
3e24ab__4yt0jq,3e24ab,4yt0jq,True,,5,2,0,1.0,0.0,1.0,0.0,1.583
3rkhts__6n0322,3rkhts,6n0322,True,,8,2,1,0.8,0.19999999999999996,0.44804611057043076,0.5519538894295692,2.1388897373382747
15rvxl__3b1tmi,15rvxl,3b1tmi,True,,2,3,0,1.0,0.0,1.0,0.0,1.583
8gdyvp__71w3gh,8gdyvp,71w3gh,True,,4,1,0,1.0,0.0,1.0,0.0,1.583
5omz1r__3f61n3,5omz1r,3f61n3,True,,2,1,0,1.0,0.0,1.0,0.0,1.583
8y1w5b__86xgw1,8y1w5b,86xgw1,True,,1,6,0,1.0,0.0,1.0,0.0,1.583
6dea46__7fwxyk,6dea46,7fwxyk,True,,2,5,0,1.0,0.0,1.0,0.0,1.583
9x3yg0__3i9bjy,9x3yg0,3i9bjy,True,,4,1,1,0.6,0.4,0.32213015854358673,0.6778698414564133,2.2969026449361443
3uwufn__5d6v5r,3uwufn,5d6v5r,True,,4,4,0,1.0,0.0,1.0,0.0,1.583
9dedzw__3sxj0g,9dedzw,3sxj0g,True,,8,3,0,1.0,0.0,1.0,0.0,1.583
993t8d__3p0v6c,993t8d,3p0v6c,True,,11,3,0,1.0,0.0,1.0,0.0,1.583
8a5vdu__5m49bb,8a5vdu,5m49bb,True,,5,8,0,1.0,0.0,1.0,0.0,1.583
9ktfyw__9hpckv,9ktfyw,9hpckv,True,,4,4,0,1.0,0.0,1.0,0.0,1.583
45b53i__8k9b41,45b53i,8k9b41,True,,9,8,0,1.0,0.0,1.0,0.0,1.583
2s9y5t__3kfvo7,2s9y5t,3kfvo7,True,,8,3,0,1.0,0.0,1.0,0.0,1.583
88khjw__36u8b6,88khjw,36u8b6,True,,2,2,0,1.0,0.0,1.0,0.0,1.583
36tf4x__7reco5,36tf4x,7reco5,True,,2,3,0,1.0,0.0,1.0,0.0,1.583
3loeox__9rj4y8,3loeox,9rj4y8,True,,3,4,0,1.0,0.0,1.0,0.0,1.583
8jpmx0__921key,8jpmx0,921key,True,,2,3,0,1.0,0.0,1.0,0.0,1.583
6dkblo__8548g1,6dkblo,8548g1,True,,5,4,0,1.0,0.0,1.0,0.0,1.583
13sdgj__9wxpec,13sdgj,9wxpec,True,,3,4,3,0.2,0.8,0.3845651149749756,0.6154348850250244,2.31943463912487
3b5u8b__2o2lpg,3b5u8b,2o2lpg,True,,7,5,0,1.0,0.0,1.0,0.0,1.583
31poqt__51zpzl,31poqt,51zpzl,True,,2,2,0,1.0,0.0,1.0,0.0,1.583
36d2kv__818ja9,36d2kv,818ja9,True,,2,8,0,1.0,0.0,1.0,0.0,1.583
4prmxk__9oplp2,4prmxk,9oplp2,True,,1,2,0,1.0,0.0,1.0,0.0,1.583
3wr9t6__9srv0p,3wr9t6,9srv0p,True,,4,6,3,0.4375,0.5625,0.38467367365956306,0.6153263263404369,2.271334506169334
3woija__16v8zi,3woija,16v8zi,True,,2,5,1,0.7142857142857143,0.2857142857142857,0.40330301970243454,0.5966969802975655,2.1979981670427535
49sh2r__8a4voy,49sh2r,8a4voy,True,,6,3,1,0.7777777777777778,0.2222222222222222,0.45571697875857353,0.5442830212414265,2.136217024648479
47mkpr__1m9m67,47mkpr,1m9m67,True,,5,6,0,1.0,0.0,1.0,0.0,1.583
5lhzo1__2crhcn,5lhzo1,2crhcn,True,,5,2,0,1.0,0.0,1.0,0.0,1.583
8lsqpq__8sd0nv,8lsqpq,8sd0nv,True,,2,11,0,1.0,0.0,1.0,0.0,1.583
3aok62__9lthq3,3aok62,9lthq3,True,,3,7,0,1.0,0.0,1.0,0.0,1.583
2twzep__2i9qsl,2twzep,2i9qsl,True,,1,4,0,1.0,0.0,1.0,0.0,1.583
9bzxow__68cqor,9bzxow,68cqor,True,,4,4,1,0.75,0.25,0.3837687224149704,0.6162312775850296,2.209023390136659
9bzxow__3pk808,9bzxow,3pk808,True,,4,4,0,1.0,0.0,1.0,0.0,1.583
3ru8aa__7f5ora,3ru8aa,7f5ora,True,,3,6,0,1.0,0.0,1.0,0.0,1.583
4sk860__8u1c28,4sk860,8u1c28,True,,3,1,0,1.0,0.0,1.0,0.0,1.583
1nd2ly__3dsake,1nd2ly,3dsake,True,,4,6,2,0.5454545454545454,0.4545454545454546,0.335052527487278,0.664947472512722,2.295858080943267
3z92ks__8kwkop,3z92ks,8kwkop,True,,2,5,0,1.0,0.0,1.0,0.0,1.583
9qd942__3godne,9qd942,3godne,True,,4,6,0,1.0,0.0,1.0,0.0,1.583
9hls5y__3abcyg,9hls5y,3abcyg,True,,4,4,0,1.0,0.0,1.0,0.0,1.583
9w5a2x__7h4udt,9w5a2x,7h4udt,True,,4,5,2,0.5,0.5,0.35330691561102867,0.6466930843889713,2.2879966715108604
3702zy__2trrap,3702zy,2trrap,True,,8,1,0,1.0,0.0,1.0,0.0,1.583
8g3mek__3cwla2,8g3mek,3cwla2,True,,2,9,0,1.0,0.0,1.0,0.0,1.583
3nog5m__21gfms,3nog5m,21gfms,True,,2,3,0,1.0,0.0,1.0,0.0,1.583
2auitm__2l6hku,2auitm,2l6hku,True,,4,1,0,1.0,0.0,1.0,0.0,1.583
3ajvr7__8jvi0x,3ajvr7,8jvi0x,True,,4,9,2,0.4642857142857143,0.5357142857142857,0.4297367938949416,0.5702632061050583,2.223836665324371
8upjbh__8fels9,8upjbh,8fels9,True,,3,4,0,1.0,0.0,1.0,0.0,1.583
3i44nc__2vwd4g,3i44nc,2vwd4g,True,,2,1,0,1.0,0.0,1.0,0.0,1.583
71vhcu__37jjk7,71vhcu,37jjk7,True,,1,4,1,0.6,0.4,0.40630003064870834,0.5936999693512917,2.218296401377171
2xivlo__211dxc,2xivlo,211dxc,True,,1,10,0,1.0,0.0,1.0,0.0,1.583
2ywuv3__8w50jl,2ywuv3,8w50jl,True,,4,2,0,1.0,0.0,1.0,0.0,1.583
3o0q3d__8eltsh,3o0q3d,8eltsh,True,,4,7,0,1.0,0.0,1.0,0.0,1.583
8wv75t__6hp5pe,8wv75t,6hp5pe,True,,2,5,0,1.0,0.0,1.0,0.0,1.583
8vo4kx__920yz5,8vo4kx,920yz5,True,,3,3,0,1.0,0.0,1.0,0.0,1.583
92e43u__2jqncx,92e43u,2jqncx,True,,7,2,0,1.0,0.0,1.0,0.0,1.583
36vseh__8f1bmg,36vseh,8f1bmg,True,,2,6,0,1.0,0.0,1.0,0.0,1.583
3754h8__3hnqmi,3754h8,3hnqmi,True,,5,3,0,1.0,0.0,1.0,0.0,1.583
4m2nms__71icc7,4m2nms,71icc7,True,,2,2,1,0.5,0.5,0.33049502968788147,0.6695049703121185,2.3093006917744874
9jaiu9__39p86l,9jaiu9,39p86l,True,,2,3,0,1.0,0.0,1.0,0.0,1.583
1r22cq__79mrgt,1r22cq,79mrgt,True,,4,1,0,1.0,0.0,1.0,0.0,1.583
8xzrti__3pi5xz,8xzrti,3pi5xz,True,,7,1,0,1.0,0.0,1.0,0.0,1.583
34z39e__3clape,34z39e,3clape,True,,3,2,0,1.0,0.0,1.0,0.0,1.583
28g4qc__5fqe8c,28g4qc,5fqe8c,True,,3,7,1,0.8,0.19999999999999996,0.33248503506183624,0.6675149649381638,2.2468122257557512
3cvaqz__9xx3b6,3cvaqz,9xx3b6,True,,1,4,0,1.0,0.0,1.0,0.0,1.583
3ltd8v__9dhhb6,3ltd8v,9dhhb6,True,,3,3,0,1.0,0.0,1.0,0.0,1.583
1z29b1__3hx1wg,1z29b1,3hx1wg,True,,1,3,1,0.5,0.5,0.15848606824874878,0.8415139317512512,2.4699398608624934
3pu2aq__274ioe,3pu2aq,274ioe,True,,1,3,0,1.0,0.0,1.0,0.0,1.583
2ypc3j__52rthk,2ypc3j,52rthk,True,,3,6,0,1.0,0.0,1.0,0.0,1.583
1owz1v__9j7m7t,1owz1v,9j7m7t,True,,2,3,0,1.0,0.0,1.0,0.0,1.583
1g3wlu__6m2npm,1g3wlu,6m2npm,True,,2,5,1,0.3076923076923077,0.6923076923076923,0.3954181969165802,0.6045818030834198,2.2875343305149904
3extm3__5bipzh,3extm3,5bipzh,True,,3,11,2,0.3142857142857143,0.6857142857142857,0.3408434641148363,0.6591565358851637,2.337169146006011
9qutv2__6q3m5w,9qutv2,6q3m5w,True,,10,4,1,0.8571428571428571,0.1428571428571429,0.23226508498191833,0.7677349150180817,2.328859065706815
3n1few__6q1lm3,3n1few,6q1lm3,True,,4,3,0,1.0,0.0,1.0,0.0,1.583
5r9xk4__2xggse,5r9xk4,2xggse,True,,4,3,0,1.0,0.0,1.0,0.0,1.583
1mosgg__216tgv,1mosgg,216tgv,True,,1,2,0,1.0,0.0,1.0,0.0,1.583
2ff1of__5zlr3h,2ff1of,5zlr3h,True,,3,3,0,1.0,0.0,1.0,0.0,1.583
3w3sgm__z5rs4,3w3sgm,z5rs4,True,,6,7,3,0.3684210526315789,0.631578947368421,0.36744197085499763,0.6325580291450024,2.3013880486816753
8utfze__3w1et7,8utfze,3w1et7,True,,4,7,0,1.0,0.0,1.0,0.0,1.583
89d67r__77pd29,89d67r,77pd29,True,,3,3,1,0.6666666666666666,0.33333333333333337,0.21480783820152283,0.7851921617984772,2.3836576265702645
4m8ecl__745tpx,4m8ecl,745tpx,True,,3,1,0,1.0,0.0,1.0,0.0,1.583
14xeqc__6zdn9g,14xeqc,6zdn9g,True,,2,1,0,1.0,0.0,1.0,0.0,1.583
31mptn__3kuqis,31mptn,3kuqis,True,,2,2,0,1.0,0.0,1.0,0.0,1.583
8iq3ls__6w7mzq,8iq3ls,6w7mzq,True,,4,2,1,0.6666666666666666,0.33333333333333337,0.22811421751976013,0.7718857824802399,2.3712307989249624
9bzxow__95rq1u,9bzxow,95rq1u,True,,4,5,0,1.0,0.0,1.0,0.0,1.583
4e3hnz__62bm6z,4e3hnz,62bm6z,True,,1,5,0,1.0,0.0,1.0,0.0,1.583
6d9vo5__8y5mod,6d9vo5,8y5mod,True,,3,4,0,1.0,0.0,1.0,0.0,1.583
68w90z__9w2z8b,68w90z,9w2z8b,True,,8,1,0,1.0,0.0,1.0,0.0,1.583
1sejfc__1ofvyh,1sejfc,1ofvyh,True,,3,1,0,1.0,0.0,1.0,0.0,1.583
9n9qs4__97aht3,9n9qs4,97aht3,True,,3,1,0,1.0,0.0,1.0,0.0,1.583
9x00c3__8oidt5,9x00c3,8oidt5,True,,9,7,0,1.0,0.0,1.0,0.0,1.583
917k02__5ay2eo,917k02,5ay2eo,True,,4,5,1,0.7777777777777778,0.2222222222222222,0.5138115528970957,0.4861884471029043,2.0819625018605135
3jlyls__3thrfp,3jlyls,3thrfp,True,,8,7,0,1.0,0.0,1.0,0.0,1.583
w8jwe__3s6jaa,w8jwe,3s6jaa,True,,5,8,0,1.0,0.0,1.0,0.0,1.583
77keyf__6p5lhk,77keyf,6p5lhk,True,,2,2,0,1.0,0.0,1.0,0.0,1.583
fvisl__4sku5w,fvisl,4sku5w,True,,2,2,0,1.0,0.0,1.0,0.0,1.583
78ce5q__99i9ic,78ce5q,99i9ic,True,,5,4,0,1.0,0.0,1.0,0.0,1.583
2wge7k__3kyt0o,2wge7k,3kyt0o,True,,11,5,0,1.0,0.0,1.0,0.0,1.583
2khn79__3rsfam,2khn79,3rsfam,True,,4,5,3,0.25,0.75,0.3821723808844884,0.6178276191155117,2.3115642134919763
1ta43l__9kvw2z,1ta43l,9kvw2z,True,,1,3,0,1.0,0.0,1.0,0.0,1.583
356ynr__1ieph8,356ynr,1ieph8,True,,4,1,1,0.6,0.4,0.2562461197376251,0.7437538802623749,2.358431748777032
38uuwt__26voam,38uuwt,26voam,True,,5,3,0,1.0,0.0,1.0,0.0,1.583
1o241p__6ib5t6,1o241p,6ib5t6,True,,3,1,0,1.0,0.0,1.0,0.0,1.583
3hs8us__2o1bnq,3hs8us,2o1bnq,True,,9,4,0,1.0,0.0,1.0,0.0,1.583
3i4c2g__9u0y0n,3i4c2g,9u0y0n,True,,6,1,0,1.0,0.0,1.0,0.0,1.583
2a8kf2__3gqkb2,2a8kf2,3gqkb2,True,,3,2,1,0.6,0.4,0.3689570873975754,0.6310429126024246,2.2531709760794043
1r3ene__3ghtil,1r3ene,3ghtil,True,,3,3,1,0.6666666666666666,0.33333333333333337,0.4136228635907173,0.5863771364092827,2.1979842743592957
2vrrcv__3nb6xg,2vrrcv,3nb6xg,True,,6,8,2,0.5294117647058824,0.47058823529411764,0.30471469337741536,0.6952853066225846,2.3274328302077727
9b9umy__8etx2t,9b9umy,8etx2t,True,,2,2,0,1.0,0.0,1.0,0.0,1.583
29002o__3bu8bm,29002o,3bu8bm,True,,3,4,1,0.7142857142857143,0.2857142857142857,0.373455211520195,0.626544788479805,2.225873035104147
36hncq__3d68qz,36hncq,3d68qz,True,,1,1,0,1.0,0.0,1.0,0.0,1.583
4yubfw__1p5yq7,4yubfw,1p5yq7,True,,10,4,0,1.0,0.0,1.0,0.0,1.583
43sieg__7c3m44,43sieg,7c3m44,True,,3,3,0,1.0,0.0,1.0,0.0,1.583
9x2xp8__43p879,9x2xp8,43p879,True,,4,6,0,1.0,0.0,1.0,0.0,1.583
6utdob__379o5c,6utdob,379o5c,True,,3,8,0,1.0,0.0,1.0,0.0,1.583
4ljiwh__4v865z,4ljiwh,4v865z,True,,1,2,0,1.0,0.0,1.0,0.0,1.583
3b094y__3s5xog,3b094y,3s5xog,True,,2,7,0,1.0,0.0,1.0,0.0,1.583
9ofsmi__5kby10,9ofsmi,5kby10,True,,3,10,0,1.0,0.0,1.0,0.0,1.583
365fkc__2p1160,365fkc,2p1160,True,,2,9,0,1.0,0.0,1.0,0.0,1.583
3se7um__3dcau9,3se7um,3dcau9,True,,4,3,0,1.0,0.0,1.0,0.0,1.583
2irmwj__34c4ui,2irmwj,34c4ui,True,,4,17,0,1.0,0.0,1.0,0.0,1.583
288oa6__8s2xm4,288oa6,8s2xm4,True,,3,7,0,1.0,0.0,1.0,0.0,1.583
2afrgf__90vqpv,2afrgf,90vqpv,True,,5,2,0,1.0,0.0,1.0,0.0,1.583
9hjxxc__9mp3i8,9hjxxc,9mp3i8,True,,3,6,2,0.5,0.5,0.3597033570210139,0.640296642978986,2.2820230348780752
3rehw8__79hx3x,3rehw8,79hx3x,True,,2,2,0,1.0,0.0,1.0,0.0,1.583
4daz4l__9o9gi4,4daz4l,9o9gi4,True,,5,3,0,1.0,0.0,1.0,0.0,1.583
47o6y8__2oqckw,47o6y8,2oqckw,True,,8,5,0,1.0,0.0,1.0,0.0,1.583
3j72sq__5s5ely,3j72sq,5s5ely,True,,3,3,3,0.1111111111111111,0.8888888888888888,0.40269483625888824,0.5973051637411118,2.320467736862269
2uhcnb__5sbeg0,2uhcnb,5sbeg0,True,,5,1,1,0.6666666666666666,0.33333333333333337,0.34808938205242157,0.6519106179475784,2.25918599276791
74r1qc__76v71i,74r1qc,76v71i,True,,2,4,0,1.0,0.0,1.0,0.0,1.583
28z1ad__653iw7,28z1ad,653iw7,True,,5,8,1,0.8461538461538461,0.15384615384615385,0.34816956520080566,0.6518304347991943,2.2228367507512754
33leq9__1hko3z,33leq9,1hko3z,True,,1,7,0,1.0,0.0,1.0,0.0,1.583
4l9dza__9jc678,4l9dza,9jc678,True,,7,2,0,1.0,0.0,1.0,0.0,1.583
33qtfb__705xd7,33qtfb,705xd7,True,,4,5,3,0.25,0.75,0.44218294012049836,0.5578170598795016,2.2555203522214664
6e9e08__66ch5s,6e9e08,66ch5s,True,,6,5,2,0.6666666666666666,0.33333333333333337,0.4121601488441229,0.5878398511558771,2.19935030366114
1gk4tx__8iclbi,1gk4tx,8iclbi,True,,7,2,0,1.0,0.0,1.0,0.0,1.583
2oprmn__2p779r,2oprmn,2p779r,True,,7,4,2,0.5833333333333334,0.41666666666666663,0.3628932684659958,0.6371067315340042,2.26220230991294
4r20sf__6a0n8r,4r20sf,6a0n8r,True,,1,6,0,1.0,0.0,1.0,0.0,1.583
3ivtdu__1w5nm0,3ivtdu,1w5nm0,True,,3,3,0,1.0,0.0,1.0,0.0,1.583
539mzd__4nhiba,539mzd,4nhiba,True,,1,1,0,1.0,0.0,1.0,0.0,1.583
4yff39__8oo1h0,4yff39,8oo1h0,True,,6,8,0,1.0,0.0,1.0,0.0,1.583
2rwmka__898xwh,2rwmka,898xwh,True,,1,3,1,0.0,1.0,0.39728256314992905,0.602717436850071,2.347977814274281
3fkza5__37n97t,3fkza5,37n97t,True,,2,4,1,0.6666666666666666,0.33333333333333337,0.32420600950717926,0.6757939904928207,2.2814906743879115
1h2yzl__52se7j,1h2yzl,52se7j,True,,2,6,0,1.0,0.0,1.0,0.0,1.583
2yon9l__92k6hn,2yon9l,92k6hn,True,,1,5,1,0.0,1.0,0.4593473864719272,0.5406526135280728,2.290015475773867
87muwg__898xwh,87muwg,898xwh,True,,3,3,0,1.0,0.0,1.0,0.0,1.583
2s9y5t__30k5j9,2s9y5t,30k5j9,True,,8,4,2,0.6153846153846154,0.3846153846153846,0.4156239088624716,0.5843760911375284,2.2064796007441068
3thrfp__3reprk,3thrfp,3reprk,True,,7,4,0,1.0,0.0,1.0,0.0,1.583
3qyuc2__28vo5c,3qyuc2,28vo5c,True,,3,8,2,0.5833333333333334,0.41666666666666663,0.31978216022253036,0.6802178397774696,2.302463773901512
1u0879__718hkr,1u0879,718hkr,True,,2,2,0,1.0,0.0,1.0,0.0,1.583
59dwz2__4c3036,59dwz2,4c3036,True,,4,4,1,0.75,0.25,0.4085293784737587,0.5914706215262413,2.1858994134433565
2uunc5__6wy1ty,2uunc5,6wy1ty,True,,6,2,0,1.0,0.0,1.0,0.0,1.583
3ln7vc__8n3mjd,3ln7vc,8n3mjd,True,,1,7,0,1.0,0.0,1.0,0.0,1.583
1zrakc__37fhqm,1zrakc,37fhqm,True,,3,2,0,1.0,0.0,1.0,0.0,1.583
2g0m7t__3fynsr,2g0m7t,3fynsr,True,,5,1,0,1.0,0.0,1.0,0.0,1.583
5jblt5__30k5j9,5jblt5,30k5j9,True,,6,4,3,0.3076923076923077,0.6923076923076923,0.36142944047848385,0.6385705595215161,2.3192764301525286
9f33df__3j3l55,9f33df,3j3l55,True,,3,4,0,1.0,0.0,1.0,0.0,1.583
9qd942__3nai9b,9qd942,3nai9b,True,,4,3,0,1.0,0.0,1.0,0.0,1.583
1mvj6s__2bngcd,1mvj6s,2bngcd,True,,6,2,1,0.75,0.25,0.372936874628067,0.627063125371933,2.219139252784848
3glx5o__3iw836,3glx5o,3iw836,True,,5,4,0,1.0,0.0,1.0,0.0,1.583
59zvh6__9sbbw3,59zvh6,9sbbw3,True,,5,10,2,0.6875,0.3125,0.39860573038458824,0.6013942696154118,2.207798358393833
x4fx5__14gi5b,x4fx5,14gi5b,True,,3,3,0,1.0,0.0,1.0,0.0,1.583
35b5jv__9p10pa,35b5jv,9p10pa,True,,1,4,0,1.0,0.0,1.0,0.0,1.583
8bx5at__6ydv0j,8bx5at,6ydv0j,True,,5,2,0,1.0,0.0,1.0,0.0,1.583
8cajs2__1uv0ef,8cajs2,1uv0ef,True,,5,3,0,1.0,0.0,1.0,0.0,1.583
36cg87__6p5c81,36cg87,6p5c81,True,,7,4,0,1.0,0.0,1.0,0.0,1.583
3w55ih__96mf2i,3w55ih,96mf2i,True,,1,2,0,1.0,0.0,1.0,0.0,1.583
29002o__41fysp,29002o,41fysp,True,,3,5,1,0.75,0.25,0.43423692137002945,0.5657630786299706,2.1618911391325293
9tzj05__749drw,9tzj05,749drw,True,,4,3,0,1.0,0.0,1.0,0.0,1.583
4yus94__3m71t9,4yus94,3m71t9,True,,3,7,0,1.0,0.0,1.0,0.0,1.583
8t5sww__3cd5zk,8t5sww,3cd5zk,True,,6,1,0,1.0,0.0,1.0,0.0,1.583
2b5jwn__8wo714,2b5jwn,8wo714,True,,2,2,0,1.0,0.0,1.0,0.0,1.583
8szlbk__2ho3kz,8szlbk,2ho3kz,True,,3,4,0,1.0,0.0,1.0,0.0,1.583
3z1nss__9uau42,3z1nss,9uau42,True,,8,4,2,0.6153846153846154,0.3846153846153846,0.4483095332980156,0.5516904667019844,2.1759544960837522
30c27g__7b1kdc,30c27g,7b1kdc,True,,3,6,0,1.0,0.0,1.0,0.0,1.583
1dz9mi__71mfdm,1dz9mi,71mfdm,True,,5,5,2,0.5454545454545454,0.4545454545454546,0.4403459392488003,0.5596540607511997,2.1975245636991816
334ntb__4z4x0n,334ntb,4z4x0n,True,,7,1,1,0.75,0.25,0.35986046493053436,0.6401395350694656,2.2313513118013737
3u4uru__75rgpm,3u4uru,75rgpm,True,,1,4,1,0.6,0.4,0.27469298243522644,0.7253070175647736,2.341204223703742
8tozsl__4o14ts,8tozsl,4o14ts,True,,6,1,1,0.5,0.5,0.31043241173028946,0.6895675882697105,2.3280371706850826
8o0hje__92op7e,8o0hje,92op7e,True,,10,4,4,0.0,1.0,0.4153960985131562,0.5846039014868438,2.3310615835985633
49b36r__730mf1,49b36r,730mf1,True,,6,6,0,1.0,0.0,1.0,0.0,1.583
1gk4tx__29suzl,1gk4tx,29suzl,True,,7,12,1,0.8947368421052632,0.10526315789473684,0.30762697756290436,0.6923730224370956,2.25088084986453
1ip9ft__o986g,1ip9ft,o986g,True,,1,2,0,1.0,0.0,1.0,0.0,1.583
94b930__8vxixu,94b930,8vxixu,True,,2,3,0,1.0,0.0,1.0,0.0,1.583
6yvln9__41y82h,6yvln9,41y82h,True,,6,2,0,1.0,0.0,1.0,0.0,1.583
8b6eyh__5iwand,8b6eyh,5iwand,True,,1,3,0,1.0,0.0,1.0,0.0,1.583
5bipzh__3h2cv7,5bipzh,3h2cv7,True,,11,2,0,1.0,0.0,1.0,0.0,1.583
4slkkr__3rtaam,4slkkr,3rtaam,True,,6,2,0,1.0,0.0,1.0,0.0,1.583
87rj7a__5gwv03,87rj7a,5gwv03,True,,8,1,0,1.0,0.0,1.0,0.0,1.583
60zwee__5a3xcu,60zwee,5a3xcu,True,,7,1,0,1.0,0.0,1.0,0.0,1.583
2c5j24__2ujmdg,2c5j24,2ujmdg,True,,6,1,0,1.0,0.0,1.0,0.0,1.583
35ms5u__77e9rg,35ms5u,77e9rg,True,,7,5,0,1.0,0.0,1.0,0.0,1.583
4dkhvx__8wgnan,4dkhvx,8wgnan,True,,1,4,0,1.0,0.0,1.0,0.0,1.583
2j4thz__1t0fe5,2j4thz,1t0fe5,True,,3,4,0,1.0,0.0,1.0,0.0,1.583
3v42xx__77z29h,3v42xx,77z29h,True,,5,3,0,1.0,0.0,1.0,0.0,1.583
1k3vnj__49v2vz,1k3vnj,49v2vz,True,,1,1,0,1.0,0.0,1.0,0.0,1.583
2g5tn1__79fbih,2g5tn1,79fbih,True,,3,2,0,1.0,0.0,1.0,0.0,1.583
6e8ksl__34s0so,6e8ksl,34s0so,True,,6,2,0,1.0,0.0,1.0,0.0,1.583
6htdd2__9u8rh4,6htdd2,9u8rh4,True,,2,1,0,1.0,0.0,1.0,0.0,1.583
8tozsl__522cj6,8tozsl,522cj6,True,,6,3,0,1.0,0.0,1.0,0.0,1.583
1tyvbf__9jaj4v,1tyvbf,9jaj4v,True,,4,3,0,1.0,0.0,1.0,0.0,1.583
92in9y__17goqf,92in9y,17goqf,True,,10,4,1,0.7333333333333333,0.2666666666666667,0.3382653743028641,0.6617346256971359,2.2548873002718883
3awsyk__4ca9yz,3awsyk,4ca9yz,True,,3,2,0,1.0,0.0,1.0,0.0,1.583
9ccrxj__5arhqd,9ccrxj,5arhqd,True,,3,2,0,1.0,0.0,1.0,0.0,1.583
42o368__6y4e12,42o368,6y4e12,True,,3,4,0,1.0,0.0,1.0,0.0,1.583
26d3dg__1khp1i,26d3dg,1khp1i,True,,3,2,1,0.6,0.4,0.2721225172281265,0.7278774827718735,2.3436047811606526
3r77av__9ieu9y,3r77av,9ieu9y,True,,4,3,0,1.0,0.0,1.0,0.0,1.583
536777__7fuun1,536777,7fuun1,True,,1,2,0,1.0,0.0,1.0,0.0,1.583
3cq0ux__9u7hc5,3cq0ux,9u7hc5,True,,3,13,0,1.0,0.0,1.0,0.0,1.583
29ogi0__8ojnq3,29ogi0,8ojnq3,True,,5,7,0,1.0,0.0,1.0,0.0,1.583
2y0vik__74jtj9,2y0vik,74jtj9,True,,1,2,0,1.0,0.0,1.0,0.0,1.583
7djgex__8mswy3,7djgex,8mswy3,True,,3,6,0,1.0,0.0,1.0,0.0,1.583
3un968__77h6wn,3un968,77h6wn,True,,7,1,1,0.75,0.25,0.3642563074827194,0.6357436925172806,2.227246034441888
1f9399__9it4xk,1f9399,9it4xk,True,,1,7,1,0.36363636363636365,0.6363636363636364,0.447396516179045,0.552603483820955,2.2276854844494807
2i9hhs__7h1t2b,2i9hhs,7h1t2b,True,,4,3,2,0.4,0.6,0.30617739756902057,0.6938226024309795,2.3522209284102917
9e6ny2__2obo7a,9e6ny2,2obo7a,True,,4,1,0,1.0,0.0,1.0,0.0,1.583
1ih5e9__7csfol,1ih5e9,7csfol,True,,9,1,0,1.0,0.0,1.0,0.0,1.583
30ynhu__1cgk8a,30ynhu,1cgk8a,True,,2,3,0,1.0,0.0,1.0,0.0,1.583
9x905m__6y27qv,9x905m,6y27qv,True,,3,2,0,1.0,0.0,1.0,0.0,1.583
31gi9d__8sga6v,31gi9d,8sga6v,True,,4,5,0,1.0,0.0,1.0,0.0,1.583
877rd6__96kqec,877rd6,96kqec,True,,2,2,0,1.0,0.0,1.0,0.0,1.583
2jkrgx__4gcb7y,2jkrgx,4gcb7y,True,,4,3,0,1.0,0.0,1.0,0.0,1.583
2uw5dp__1ofvyh,2uw5dp,1ofvyh,True,,5,1,0,1.0,0.0,1.0,0.0,1.583
4h2c45__9hdrqu,4h2c45,9hdrqu,True,,1,2,0,1.0,0.0,1.0,0.0,1.583
4yza2l__9c0o3u,4yza2l,9c0o3u,True,,2,4,0,1.0,0.0,1.0,0.0,1.583
8jpmx0__9g2pqa,8jpmx0,9g2pqa,True,,2,4,0,1.0,0.0,1.0,0.0,1.583
27u9a7__9ppy1l,27u9a7,9ppy1l,True,,2,9,1,0.8181818181818182,0.18181818181818177,0.3874044567346573,0.6125955432653427,2.191848432400958
2e0hyb__74sv25,2e0hyb,74sv25,True,,3,1,0,1.0,0.0,1.0,0.0,1.583
2tm2gp__1mosgg,2tm2gp,1mosgg,True,,4,1,0,1.0,0.0,1.0,0.0,1.583
3tmxwp__2lu28k,3tmxwp,2lu28k,True,,3,5,0,1.0,0.0,1.0,0.0,1.583
1ud89c__4glx9t,1ud89c,4glx9t,True,,1,5,0,1.0,0.0,1.0,0.0,1.583
1p4zu4__6ks2qy,1p4zu4,6ks2qy,True,,3,1,0,1.0,0.0,1.0,0.0,1.583
n0v7a__5lcpsf,n0v7a,5lcpsf,True,,2,10,2,0.5,0.5,0.37980457255616784,0.6201954274438322,2.263250509689795
4uh4l1__5ogxqp,4uh4l1,5ogxqp,True,,2,1,0,1.0,0.0,1.0,0.0,1.583
3rkhts__3wwfby,3rkhts,3wwfby,True,,8,3,0,1.0,0.0,1.0,0.0,1.583
1h06fn__9np7kh,1h06fn,9np7kh,True,,4,3,1,0.7142857142857143,0.2857142857142857,0.4251532405614853,0.5748467594385147,2.1775922457824857
8euma2__6hzjec,8euma2,6hzjec,True,,2,4,4,0.16666666666666666,0.8333333333333334,0.40071080159395933,0.5992891984060407,2.3110928490580678
3ogpgh__1m5zmn,3ogpgh,1m5zmn,True,,2,3,0,1.0,0.0,1.0,0.0,1.583
6c4pk4__52nn26,6c4pk4,52nn26,True,,4,8,0,1.0,0.0,1.0,0.0,1.583
6n5fmz__47sbr2,6n5fmz,47sbr2,True,,5,2,0,1.0,0.0,1.0,0.0,1.583
3qk2e2__8av634,3qk2e2,8av634,True,,2,5,1,0.7142857142857143,0.2857142857142857,0.3994615748524666,0.6005384251475334,2.2015856923881385
67ea8b__15urjv,67ea8b,15urjv,True,,3,4,0,1.0,0.0,1.0,0.0,1.583
2uqrrp__8z7ow7,2uqrrp,8z7ow7,True,,4,4,0,1.0,0.0,1.0,0.0,1.583
2vccqt__9aei5f,2vccqt,9aei5f,True,,4,1,0,1.0,0.0,1.0,0.0,1.583
9cxz63__9mkft9,9cxz63,9mkft9,True,,7,4,0,1.0,0.0,1.0,0.0,1.583
5k28o4__42mgv0,5k28o4,42mgv0,True,,6,1,1,0.7142857142857143,0.2857142857142857,0.3768494576215744,0.6231505423784256,2.222703148670069
6dpbhl__2t7tpc,6dpbhl,2t7tpc,True,,3,3,0,1.0,0.0,1.0,0.0,1.583
2ad6lr__3kzfjy,2ad6lr,3kzfjy,True,,2,3,0,1.0,0.0,1.0,0.0,1.583
8ltq94__6wpmy8,8ltq94,6wpmy8,True,,2,2,0,1.0,0.0,1.0,0.0,1.583
9n9qs4__9dtapa,9n9qs4,9dtapa,True,,3,7,0,1.0,0.0,1.0,0.0,1.583
3n5rqx__2ackyq,3n5rqx,2ackyq,True,,2,3,1,0.6,0.4,0.32817333936691284,0.6718266606330872,2.29125891836524
9roaa6__8s0jsv,9roaa6,8s0jsv,True,,3,1,1,0.5,0.5,0.42101143300533295,0.578988566994667,2.2247674227163197
30ynhu__3l0qyk,30ynhu,3l0qyk,True,,2,1,0,1.0,0.0,1.0,0.0,1.583
5h1ifq__9g708n,5h1ifq,9g708n,True,,2,4,0,1.0,0.0,1.0,0.0,1.583
3vowxw__1db4ab,3vowxw,1db4ab,True,,16,4,0,1.0,0.0,1.0,0.0,1.583
2bl5zc__35c1k7,2bl5zc,35c1k7,True,,5,3,0,1.0,0.0,1.0,0.0,1.583
1x53zg__90an8s,1x53zg,90an8s,True,,2,6,0,1.0,0.0,1.0,0.0,1.583
2o8trx__781zak,2o8trx,781zak,True,,7,2,0,1.0,0.0,1.0,0.0,1.583
988aln__38f74s,988aln,38f74s,True,,6,4,0,1.0,0.0,1.0,0.0,1.583
2cgmhz__8er3n4,2cgmhz,8er3n4,True,,2,2,0,1.0,0.0,1.0,0.0,1.583
5h8xl3__8ylysp,5h8xl3,8ylysp,True,,4,11,0,1.0,0.0,1.0,0.0,1.583
2fzqrh__8ayce7,2fzqrh,8ayce7,True,,5,1,0,1.0,0.0,1.0,0.0,1.583
32vz6b__2o7i36,32vz6b,2o7i36,True,,3,1,0,1.0,0.0,1.0,0.0,1.583
8vmoan__3pla7n,8vmoan,3pla7n,True,,1,2,0,1.0,0.0,1.0,0.0,1.583
2rovif__55qtuc,2rovif,55qtuc,True,,6,3,0,1.0,0.0,1.0,0.0,1.583
3plty3__66ch5s,3plty3,66ch5s,True,,1,5,0,1.0,0.0,1.0,0.0,1.583
7ew1ql__2jw2ta,7ew1ql,2jw2ta,True,,4,1,0,1.0,0.0,1.0,0.0,1.583
1a5uar__3vnmg0,1a5uar,3vnmg0,True,,2,10,0,1.0,0.0,1.0,0.0,1.583
34cz8b__8wagou,34cz8b,8wagou,True,,6,5,0,1.0,0.0,1.0,0.0,1.583
9xb7rw__3i1b1b,9xb7rw,3i1b1b,True,,4,3,1,0.7142857142857143,0.2857142857142857,0.4346255511045456,0.5653744488954544,2.168746054966322
337v72__5v975j,337v72,5v975j,True,,2,5,1,0.7142857142857143,0.2857142857142857,0.31863826513290405,0.681361734867096,2.277066581335238
8u1c28__3dlq31,8u1c28,3dlq31,True,,1,6,0,1.0,0.0,1.0,0.0,1.583
3snkr4__9eplh4,3snkr4,9eplh4,True,,4,3,1,0.7142857142857143,0.2857142857142857,0.3214895576238632,0.6785104423761368,2.274403759277931
9iz7e8__7g89jc,9iz7e8,7g89jc,True,,2,3,0,1.0,0.0,1.0,0.0,1.583
30aznd__3rm2jy,30aznd,3rm2jy,True,,1,3,1,0.0,1.0,0.4587134861697753,0.5412865138302247,2.2906074752660466
8xh25d__6igjgl,8xh25d,6igjgl,True,,6,5,3,0.42857142857142855,0.5714285714285714,0.428590049346288,0.571409950653712,2.232125467201216
2trrlh__79hx3x,2trrlh,79hx3x,True,,6,2,0,1.0,0.0,1.0,0.0,1.583
88l4f9__173441,88l4f9,173441,True,,2,1,0,1.0,0.0,1.0,0.0,1.583
2aer9v__9c8ip5,2aer9v,9c8ip5,True,,9,4,0,1.0,0.0,1.0,0.0,1.583
9sz5ug__6561qa,9sz5ug,6561qa,True,,15,8,0,1.0,0.0,1.0,0.0,1.583
9p5od2__8o6gb9,9p5od2,8o6gb9,True,,2,4,0,1.0,0.0,1.0,0.0,1.583
9ebhb4__4vwu63,9ebhb4,4vwu63,True,,2,6,0,1.0,0.0,1.0,0.0,1.583
6n0rbu__9lgt6w,6n0rbu,9lgt6w,True,,3,5,0,1.0,0.0,1.0,0.0,1.583
1zfen9__9sspe9,1zfen9,9sspe9,True,,3,1,0,1.0,0.0,1.0,0.0,1.583
5ab0mq__9ju8xc,5ab0mq,9ju8xc,True,,2,5,0,1.0,0.0,1.0,0.0,1.583
3a8508__1ynf75,3a8508,1ynf75,True,,2,4,0,1.0,0.0,1.0,0.0,1.583
131o3k__9tg4wc,131o3k,9tg4wc,True,,2,6,2,0.36363636363636365,0.6363636363636364,0.36363251507282257,0.6363674849271774,2.305912685082582
1sfdgo__8o8x6r,1sfdgo,8o8x6r,True,,7,1,1,0.0,1.0,0.46212017835517016,0.5378798216448298,2.2874259654341067
2wrf1a__15zgnv,2wrf1a,15zgnv,True,,7,4,0,1.0,0.0,1.0,0.0,1.583
8a4y6s__3rn8dy,8a4y6s,3rn8dy,True,,10,9,0,1.0,0.0,1.0,0.0,1.583
5ybscp__3qjotl,5ybscp,3qjotl,True,,4,2,0,1.0,0.0,1.0,0.0,1.583
9gfoe6__5i4z9r,9gfoe6,5i4z9r,True,,1,1,0,1.0,0.0,1.0,0.0,1.583
8bbg5h__8p7e6e,8bbg5h,8p7e6e,True,,4,4,2,0.4444444444444444,0.5555555555555556,0.41447729989886284,0.5855227001011372,2.2420974274022294
4w7sdx__2zjfx6,4w7sdx,2zjfx6,True,,3,3,1,0.6666666666666666,0.33333333333333337,0.4047616273164749,0.5952383726835251,2.2062597829158106
4zwpmm__9u0y0n,4zwpmm,9u0y0n,True,,6,1,0,1.0,0.0,1.0,0.0,1.583
9s31rf__1vp6lj,9s31rf,1vp6lj,True,,3,2,0,1.0,0.0,1.0,0.0,1.583
ksjcy__8yvnh1,ksjcy,8yvnh1,True,,6,5,0,1.0,0.0,1.0,0.0,1.583
3jgl49__9mp3i8,3jgl49,9mp3i8,True,,5,6,2,0.5833333333333334,0.41666666666666663,0.3553408198058605,0.6446591801941395,2.2692555417166402
4y064o__5iys4x,4y064o,5iys4x,True,,1,4,0,1.0,0.0,1.0,0.0,1.583
1tl6tu__2d4fh1,1tl6tu,2d4fh1,True,,2,3,0,1.0,0.0,1.0,0.0,1.583
39jesl__15c4x2,39jesl,15c4x2,True,,7,3,0,1.0,0.0,1.0,0.0,1.583
17g6w2__3rkyfy,17g6w2,3rkyfy,True,,4,5,1,0.7777777777777778,0.2222222222222222,0.1697550117969513,0.8302449882030487,2.4032769055939385
2rsnam__5g8oqc,2rsnam,5g8oqc,True,,2,2,0,1.0,0.0,1.0,0.0,1.583
35o5eg__1ks3xk,35o5eg,1ks3xk,True,,2,3,0,1.0,0.0,1.0,0.0,1.583
3ste8f__3x19hi,3ste8f,3x19hi,True,,1,3,0,1.0,0.0,1.0,0.0,1.583
6gjp9c__8ldzi6,6gjp9c,8ldzi6,True,,5,4,1,0.6,0.4,0.31323789805173874,0.6867621019482613,2.3052071270094814
3yuxf7__9nrnie,3yuxf7,9nrnie,True,,3,8,0,1.0,0.0,1.0,0.0,1.583
8iu83c__7djgex,8iu83c,7djgex,True,,2,3,2,0.16666666666666666,0.8333333333333334,0.44507141411304474,0.5549285858869553,2.269664473026494
8kpdqh__3qzd4f,8kpdqh,3qzd4f,True,,10,2,2,0.3333333333333333,0.6666666666666667,0.3431723564863205,0.6568276435136795,2.3311446696107585
3gdqmo__15iafp,3gdqmo,15iafp,True,,7,8,0,1.0,0.0,1.0,0.0,1.583
3epd2a__365p4c,3epd2a,365p4c,True,,1,11,0,1.0,0.0,1.0,0.0,1.583
94jbmx__4u6o1r,94jbmx,4u6o1r,True,,10,4,0,1.0,0.0,1.0,0.0,1.583
670wba__3bf8d4,670wba,3bf8d4,True,,1,2,0,1.0,0.0,1.0,0.0,1.583
3rsfam__9alwa4,3rsfam,9alwa4,True,,5,4,0,1.0,0.0,1.0,0.0,1.583
3ehlnp__1zo18j,3ehlnp,1zo18j,True,,2,4,0,1.0,0.0,1.0,0.0,1.583
1kjvub__2ksl18,1kjvub,2ksl18,True,,5,3,0,1.0,0.0,1.0,0.0,1.583
36jyvw__36rikk,36jyvw,36rikk,True,,4,4,0,1.0,0.0,1.0,0.0,1.583
2trp2l__26xejp,2trp2l,26xejp,True,,8,1,0,1.0,0.0,1.0,0.0,1.583
967lhq__8w55e8,967lhq,8w55e8,True,,6,10,0,1.0,0.0,1.0,0.0,1.583
31nkew__4zkl1n,31nkew,4zkl1n,True,,2,1,0,1.0,0.0,1.0,0.0,1.583
5k3jix__481g8s,5k3jix,481g8s,True,,2,2,0,1.0,0.0,1.0,0.0,1.583
8tx8q2__39abra,8tx8q2,39abra,True,,3,4,2,0.375,0.625,0.29789597541093826,0.7021040245890617,2.3650074485637247
3dujnp__6ivkvf,3dujnp,6ivkvf,True,,5,1,0,1.0,0.0,1.0,0.0,1.583
96kqec__4qpnd7,96kqec,4qpnd7,True,,2,2,0,1.0,0.0,1.0,0.0,1.583
2a5c29__5c1y13,2a5c29,5c1y13,True,,3,1,0,1.0,0.0,1.0,0.0,1.583
9r25i0__3l8n68,9r25i0,3l8n68,True,,5,1,0,1.0,0.0,1.0,0.0,1.583
30nstm__97v5y3,30nstm,97v5y3,True,,6,6,0,1.0,0.0,1.0,0.0,1.583
33a9pt__7d1nrz,33a9pt,7d1nrz,True,,2,5,0,1.0,0.0,1.0,0.0,1.583
9lzoxi__5uc9ei,9lzoxi,5uc9ei,True,,4,9,1,0.8461538461538461,0.15384615384615385,0.32650126516819,0.67349873483181,2.243072776151735
28gdc5__21kx55,28gdc5,21kx55,True,,2,2,0,1.0,0.0,1.0,0.0,1.583
10ua6u__209mga,10ua6u,209mga,True,,6,4,0,1.0,0.0,1.0,0.0,1.583
3ba0z2__7bj1hq,3ba0z2,7bj1hq,True,,7,6,3,0.42105263157894735,0.5789473684210527,0.3507562577724457,0.6492437422275543,2.306333994024208
3hseey__2met9s,3hseey,2met9s,True,,3,6,1,0.15789473684210525,0.8421052631578947,0.4044470988214016,0.5955529011785984,2.3093763280949036
9cjo5w__1rr9s2,9cjo5w,1rr9s2,True,,3,4,0,1.0,0.0,1.0,0.0,1.583
9gb6cb__2pjs64,9gb6cb,2pjs64,True,,6,10,0,1.0,0.0,1.0,0.0,1.583
2guga6__7g219e,2guga6,7g219e,True,,5,3,1,0.75,0.25,0.334254190325737,0.665745809674263,2.255265011654794
9z4z1p__2e5m9c,9z4z1p,2e5m9c,True,,5,5,0,1.0,0.0,1.0,0.0,1.583
9crlw4__6o8vgu,9crlw4,6o8vgu,True,,4,2,0,1.0,0.0,1.0,0.0,1.583
34jphy__9ixfzt,34jphy,9ixfzt,True,,3,1,1,0.5,0.5,0.4472077824175358,0.5527922175824642,2.2003026520002633
8golrs__9pyg97,8golrs,9pyg97,True,,11,5,4,0.5454545454545454,0.4545454545454546,0.3645194061100483,0.6354805938899517,2.268338962997462
3un968__70b1x5,3un968,70b1x5,True,,7,1,0,1.0,0.0,1.0,0.0,1.583
96neqf__6j6cae,96neqf,6j6cae,True,,3,5,0,1.0,0.0,1.0,0.0,1.583
8g73gr__649me2,8g73gr,649me2,True,,5,3,1,0.75,0.25,0.4255485162138939,0.5744514837861061,2.1700052407078445
77keyf__7creze,77keyf,7creze,True,,2,2,0,1.0,0.0,1.0,0.0,1.583
3ahbvm__1khp1i,3ahbvm,1khp1i,True,,2,2,0,1.0,0.0,1.0,0.0,1.583
1e0coa__23900j,1e0coa,23900j,True,,5,4,0,1.0,0.0,1.0,0.0,1.583
3sd0vu__7e7lur,3sd0vu,7e7lur,True,,3,4,0,1.0,0.0,1.0,0.0,1.583
2c5j24__3rch5z,2c5j24,3rch5z,True,,6,2,0,1.0,0.0,1.0,0.0,1.583
31nzt9__3uozx0,31nzt9,3uozx0,True,,2,2,1,0.5,0.5,0.32824815809726715,0.6717518419027328,2.311399045152962
5wijfa__3pzaoa,5wijfa,3pzaoa,True,,2,1,0,1.0,0.0,1.0,0.0,1.583
2hzp5h__1gop4p,2hzp5h,1gop4p,True,,6,4,0,1.0,0.0,1.0,0.0,1.583
60puj4__38rkjw,60puj4,38rkjw,True,,8,5,0,1.0,0.0,1.0,0.0,1.583
6dc5au__2p6vw1,6dc5au,2p6vw1,True,,4,2,0,1.0,0.0,1.0,0.0,1.583
1y6m5m__26aywh,1y6m5m,26aywh,True,,1,2,0,1.0,0.0,1.0,0.0,1.583
39elx7__6pyj66,39elx7,6pyj66,True,,4,4,0,1.0,0.0,1.0,0.0,1.583
1r22cq__52mv2k,1r22cq,52mv2k,True,,4,1,0,1.0,0.0,1.0,0.0,1.583
9yf9mz__8oh15i,9yf9mz,8oh15i,True,,3,2,2,0.16666666666666666,0.8333333333333334,0.3525621220469475,0.6474378779530525,2.3560589008870223
5l1bxq__6z7th6,5l1bxq,6z7th6,True,,2,4,0,1.0,0.0,1.0,0.0,1.583
57xz32__8vepds,57xz32,8vepds,True,,8,3,2,0.19047619047619047,0.8095238095238095,0.3792558625340462,0.6207441374659538,2.326317711884216
92gnv3__93zh2g,92gnv3,93zh2g,True,,6,3,0,1.0,0.0,1.0,0.0,1.583
2a5u9n__30e0k4,2a5u9n,30e0k4,True,,3,1,1,0.5,0.5,0.37700696289539337,0.6229930371046066,2.265863197351992
9wnag7__4uzb66,9wnag7,4uzb66,True,,6,3,0,1.0,0.0,1.0,0.0,1.583
2uszao__4t2gg8,2uszao,4t2gg8,True,,3,9,0,1.0,0.0,1.0,0.0,1.583
3klo2f__1n378q,3klo2f,1n378q,True,,3,2,0,1.0,0.0,1.0,0.0,1.583
3sgvdp__34s0so,3sgvdp,34s0so,True,,1,2,0,1.0,0.0,1.0,0.0,1.583
39zz0o__2ql93l,39zz0o,2ql93l,True,,8,7,0,1.0,0.0,1.0,0.0,1.583
78iwm7__6q4l16,78iwm7,6q4l16,True,,1,2,0,1.0,0.0,1.0,0.0,1.583
5kciu8__5iy2i1,5kciu8,5iy2i1,True,,3,2,0,1.0,0.0,1.0,0.0,1.583
2dd322__3rgpxo,2dd322,3rgpxo,True,,3,1,0,1.0,0.0,1.0,0.0,1.583
5m49bb__6itpob,5m49bb,6itpob,True,,8,4,0,1.0,0.0,1.0,0.0,1.583
9puxbk__5vvyuu,9puxbk,5vvyuu,True,,2,3,0,1.0,0.0,1.0,0.0,1.583
2skg8w__9xjtec,2skg8w,9xjtec,True,,3,2,0,1.0,0.0,1.0,0.0,1.583
1bplco__3fdgln,1bplco,3fdgln,True,,8,1,1,0.7777777777777778,0.2222222222222222,0.25198183953762054,0.7480181604623795,2.326485271166927
2cbxkh__5m49bb,2cbxkh,5m49bb,True,,1,8,0,1.0,0.0,1.0,0.0,1.583
37xcq6__1fdxvh,37xcq6,1fdxvh,True,,2,2,0,1.0,0.0,1.0,0.0,1.583
4fz2c6__9jaj4v,4fz2c6,9jaj4v,True,,4,3,0,1.0,0.0,1.0,0.0,1.583
1debp9__2gf1k8,1debp9,2gf1k8,True,,2,4,1,0.6666666666666666,0.33333333333333337,0.4483540467917919,0.5516459532082081,2.165548822367812
9x00c3__37rx55,9x00c3,37rx55,True,,9,4,2,0.6428571428571429,0.3571428571428571,0.386684387922287,0.613315612077713,2.2279540215479474
3fg828__2j5g72,3fg828,2j5g72,True,,3,7,0,1.0,0.0,1.0,0.0,1.583
4xfh51__2sggv8,4xfh51,2sggv8,True,,7,4,0,1.0,0.0,1.0,0.0,1.583
4642as__fue5h,4642as,fue5h,True,,2,2,0,1.0,0.0,1.0,0.0,1.583
8t5xt9__8kvpu4,8t5xt9,8kvpu4,True,,3,5,0,1.0,0.0,1.0,0.0,1.583
4py584__7304iz,4py584,7304iz,True,,2,3,0,1.0,0.0,1.0,0.0,1.583
3s208p__38v2xu,3s208p,38v2xu,True,,6,3,2,0.5,0.5,0.2926114698251088,0.7073885301748912,2.344680148330331
6e0krk__27kqtz,6e0krk,27kqtz,True,,3,1,0,1.0,0.0,1.0,0.0,1.583
8sn1c8__96c2tj,8sn1c8,96c2tj,True,,5,2,0,1.0,0.0,1.0,0.0,1.583
31sqil__5hvr6z,31sqil,5hvr6z,True,,3,14,0,1.0,0.0,1.0,0.0,1.583
1c8xxq__4xodef,1c8xxq,4xodef,True,,3,1,0,1.0,0.0,1.0,0.0,1.583
3h5wf0__9qxhu3,3h5wf0,9qxhu3,True,,2,2,0,1.0,0.0,1.0,0.0,1.583
42dc5s__51dy3o,42dc5s,51dy3o,True,,2,2,2,0.0,1.0,0.45489252731204033,0.5451074726879597,2.2941758687432854
30ttev__1j2b5d,30ttev,1j2b5d,True,,4,5,2,0.5,0.5,0.4081312157213688,0.5918687842786312,2.2367962576378138
9buvtz__9tgsjm,9buvtz,9tgsjm,True,,5,4,0,1.0,0.0,1.0,0.0,1.583
9xfdle__8l9rnc,9xfdle,8l9rnc,True,,3,4,1,0.7142857142857143,0.2857142857142857,0.4410247281193733,0.5589752718806267,2.162769863552174
3mfwd3__2i5tje,3mfwd3,2i5tje,True,,5,5,0,1.0,0.0,1.0,0.0,1.583
6ttuob__kbtqs,6ttuob,kbtqs,True,,4,3,0,1.0,0.0,1.0,0.0,1.583
87004i__37r52a,87004i,37r52a,True,,3,3,0,1.0,0.0,1.0,0.0,1.583
98llj7__2jzjhl,98llj7,2jzjhl,True,,3,1,0,1.0,0.0,1.0,0.0,1.583
4huu6l__6wmc9m,4huu6l,6wmc9m,True,,2,4,0,1.0,0.0,1.0,0.0,1.583
8jm2vj__42o368,8jm2vj,42o368,True,,2,3,0,1.0,0.0,1.0,0.0,1.583
9tshxn__1gxxws,9tshxn,1gxxws,True,,5,8,0,1.0,0.0,1.0,0.0,1.583
2axof5__93sdjk,2axof5,93sdjk,True,,3,2,1,0.6,0.4,0.3951653093099594,0.6048346906900406,2.2286951176354286
35lvaz__73u8bv,35lvaz,73u8bv,True,,2,4,0,1.0,0.0,1.0,0.0,1.583
3f8bxh__684obm,3f8bxh,684obm,True,,1,3,0,1.0,0.0,1.0,0.0,1.583
5q6kzo__43v0b3,5q6kzo,43v0b3,True,,7,1,0,1.0,0.0,1.0,0.0,1.583
6vofg7__18bjrn,6vofg7,18bjrn,True,,1,3,0,1.0,0.0,1.0,0.0,1.583
7i1e8q__2pwvu8,7i1e8q,2pwvu8,True,,6,2,0,1.0,0.0,1.0,0.0,1.583
5j4wel__8l8kq4,5j4wel,8l8kq4,True,,1,2,0,1.0,0.0,1.0,0.0,1.583
2rc1sv__2m9wc8,2rc1sv,2m9wc8,True,,3,1,0,1.0,0.0,1.0,0.0,1.583
4ch8y6__67r7jc,4ch8y6,67r7jc,True,,10,2,0,1.0,0.0,1.0,0.0,1.583
9tbprm__8f38qv,9tbprm,8f38qv,True,,2,2,0,1.0,0.0,1.0,0.0,1.583
9w6hes__8n2c72,9w6hes,8n2c72,True,,2,1,0,1.0,0.0,1.0,0.0,1.583
4anepv__7uwplb,4anepv,7uwplb,True,,4,2,0,1.0,0.0,1.0,0.0,1.583
4wqdiy__3o0gpj,4wqdiy,3o0gpj,True,,3,4,1,0.5,0.5,0.2622557356953621,0.7377442643046379,2.3730293684341013
9ss80l__7e7lur,9ss80l,7e7lur,True,,9,4,0,1.0,0.0,1.0,0.0,1.583
32vdpi__3q2wal,32vdpi,3q2wal,True,,4,1,0,1.0,0.0,1.0,0.0,1.583
4wxi3a__1xo5yr,4wxi3a,1xo5yr,True,,6,2,0,1.0,0.0,1.0,0.0,1.583
9f29zc__6otsc0,9f29zc,6otsc0,True,,5,3,0,1.0,0.0,1.0,0.0,1.583
32yaes__3vzco7,32yaes,3vzco7,True,,4,5,0,1.0,0.0,1.0,0.0,1.583
8jm2vj__9s1qxh,8jm2vj,9s1qxh,True,,2,4,1,0.6666666666666666,0.33333333333333337,0.3077472597360611,0.6922527402639389,2.2968615007991593
4zvv52__9pvm4c,4zvv52,9pvm4c,True,,7,2,2,0.6,0.4,0.3846817668527365,0.6153182331472635,2.2384856979362295
8gpc6w__1bodbt,8gpc6w,1bodbt,True,,3,10,0,1.0,0.0,1.0,0.0,1.583
7f6i87__6zlpc7,7f6i87,6zlpc7,True,,9,5,0,1.0,0.0,1.0,0.0,1.583
3pg22h__94jbmx,3pg22h,94jbmx,True,,7,10,4,0.04838709677419355,0.9516129032258065,0.3314398355782032,0.6685601644217968,2.3996893052954515
70r2kk__2o1bnq,70r2kk,2o1bnq,True,,6,4,1,0.8,0.19999999999999996,0.2763642817735672,0.7236357182264328,2.2992233972516654
339166__3eilx2,339166,3eilx2,True,,3,3,1,0.6666666666666666,0.33333333333333337,0.2764868438243866,0.7235131561756134,2.326055603219072
6gx1bv__9wjit0,6gx1bv,9wjit0,True,,6,2,0,1.0,0.0,1.0,0.0,1.583
8th3lz__8yozze,8th3lz,8yozze,True,,5,1,1,0.6666666666666666,0.33333333333333337,0.4409848153591156,0.5590151846408844,2.1724309476027885
976pmi__44p4f6,976pmi,44p4f6,True,,8,13,0,1.0,0.0,1.0,0.0,1.583
8teowp__4nc49h,8teowp,4nc49h,True,,4,2,1,0.6666666666666666,0.33333333333333337,0.37041790783405304,0.629582092165947,2.2383333825404446
3fynsr__3w2kbl,3fynsr,3w2kbl,True,,1,5,0,1.0,0.0,1.0,0.0,1.583
1fdxvh__9eqmi2,1fdxvh,9eqmi2,True,,2,10,0,1.0,0.0,1.0,0.0,1.583
29d1oq__3inp25,29d1oq,3inp25,True,,1,2,0,1.0,0.0,1.0,0.0,1.583
3dpynp__7flkfq,3dpynp,7flkfq,True,,6,5,1,0.8181818181818182,0.18181818181818177,0.2313578724861145,0.7686421275138855,2.3375803374306723
3927kg__98gcaw,3927kg,98gcaw,True,,4,7,0,1.0,0.0,1.0,0.0,1.583
3brokd__2x0v24,3brokd,2x0v24,True,,2,4,0,1.0,0.0,1.0,0.0,1.583
37czqn__727mde,37czqn,727mde,True,,2,6,0,1.0,0.0,1.0,0.0,1.583
4l8025__9uppj3,4l8025,9uppj3,True,,2,5,0,1.0,0.0,1.0,0.0,1.583
74i5n8__67z3jn,74i5n8,67z3jn,True,,6,2,0,1.0,0.0,1.0,0.0,1.583
3le596__4e6te2,3le596,4e6te2,True,,3,3,0,1.0,0.0,1.0,0.0,1.583
8urxw2__2g5tn1,8urxw2,2g5tn1,True,,3,3,0,1.0,0.0,1.0,0.0,1.583
3p0w41__4sku5w,3p0w41,4sku5w,True,,4,2,0,1.0,0.0,1.0,0.0,1.583
8gqp98__2uoqhq,8gqp98,2uoqhq,True,,5,3,0,1.0,0.0,1.0,0.0,1.583
2hb5ng__2ha2ks,2hb5ng,2ha2ks,True,,7,4,1,0.8181818181818182,0.18181818181818177,0.3614582270383835,0.6385417729616165,2.216079616314308
4ul2su__3ddmd8,4ul2su,3ddmd8,True,,1,4,1,0.6,0.4,0.3973023593425751,0.6026976406574249,2.2266993266099693
5w32k3__2oe8fw,5w32k3,2oe8fw,True,,2,9,1,0.8181818181818182,0.18181818181818177,0.40012697875499725,0.5998730212450027,2.1799668690861624
37j2ct__818ja9,37j2ct,818ja9,True,,1,8,0,1.0,0.0,1.0,0.0,1.583
4bqkog__8oc9gx,4bqkog,8oc9gx,True,,3,3,0,1.0,0.0,1.0,0.0,1.583
2y6155__4pitik,2y6155,4pitik,True,,3,2,0,1.0,0.0,1.0,0.0,1.583
33qtfb__1u536l,33qtfb,1u536l,True,,4,5,0,1.0,0.0,1.0,0.0,1.583
3g0p8m__9dedzw,3g0p8m,9dedzw,True,,2,8,0,1.0,0.0,1.0,0.0,1.583
3h0xow__7d4sw3,3h0xow,7d4sw3,True,,3,2,1,0.6,0.4,0.44954511523246765,0.5504548847675323,2.1779098168843984
8ihvil__7h9q4h,8ihvil,7h9q4h,True,,9,7,5,0.23076923076923078,0.7692307692307692,0.38390794582664967,0.6160920541733503,2.3138299078540303
8io4co__4ipfrd,8io4co,4ipfrd,True,,1,4,0,1.0,0.0,1.0,0.0,1.583
8h2uzl__3ru0xq,8h2uzl,3ru0xq,True,,8,3,1,0.8181818181818182,0.18181818181818177,0.42116183042526245,0.5788381695747375,2.160322421111302
540onp__5gtirw,540onp,5gtirw,True,,2,5,0,1.0,0.0,1.0,0.0,1.583
30blmx__5w8tw3,30blmx,5w8tw3,True,,8,2,0,1.0,0.0,1.0,0.0,1.583
51bs11__5x0xd5,51bs11,5x0xd5,True,,4,3,0,1.0,0.0,1.0,0.0,1.583
4e6te2__6s08pr,4e6te2,6s08pr,True,,3,1,0,1.0,0.0,1.0,0.0,1.583
9mqdxi__2ejscn,9mqdxi,2ejscn,True,,1,3,1,0.2,0.8,0.32803239673376083,0.6719676032662392,2.372230544690341
6v9kxl__15yquw,6v9kxl,15yquw,True,,1,9,0,1.0,0.0,1.0,0.0,1.583
8hjw69__pt37t,8hjw69,pt37t,True,,5,7,0,1.0,0.0,1.0,0.0,1.583
2lwplk__69jhpw,2lwplk,69jhpw,True,,6,2,0,1.0,0.0,1.0,0.0,1.583
2zam05__8u3p5v,2zam05,8u3p5v,True,,3,2,0,1.0,0.0,1.0,0.0,1.583
9f6l0o__8lz6vf,9f6l0o,8lz6vf,True,,3,3,0,1.0,0.0,1.0,0.0,1.583
2ah65a__48h91v,2ah65a,48h91v,True,,2,3,0,1.0,0.0,1.0,0.0,1.583
8pa4c6__1ck9ny,8pa4c6,1ck9ny,True,,4,2,0,1.0,0.0,1.0,0.0,1.583
94xvnn__2p22qy,94xvnn,2p22qy,True,,5,3,0,1.0,0.0,1.0,0.0,1.583
8o4rhe__9u5srr,8o4rhe,9u5srr,True,,4,1,0,1.0,0.0,1.0,0.0,1.583
2uptpp__9ujuxu,2uptpp,9ujuxu,True,,3,4,0,1.0,0.0,1.0,0.0,1.583
3afhvv__7bp6ku,3afhvv,7bp6ku,True,,3,8,0,1.0,0.0,1.0,0.0,1.583
2ecabq__25tdd1,2ecabq,25tdd1,True,,5,6,0,1.0,0.0,1.0,0.0,1.583
3bj4r5__7fvkzr,3bj4r5,7fvkzr,True,,2,3,1,0.6,0.4,0.28701865673065186,0.7129813432693481,2.329693276479244
2roi15__7d5gbe,2roi15,7d5gbe,True,,2,4,2,0.3333333333333333,0.6666666666666667,0.42822766676545143,0.5717723332345486,2.251711515341078
67kc7a__7cqty5,67kc7a,7cqty5,True,,3,5,0,1.0,0.0,1.0,0.0,1.583
3b052s__7h1t2b,3b052s,7h1t2b,True,,1,3,0,1.0,0.0,1.0,0.0,1.583
3ajvr7__1nyrfm,3ajvr7,1nyrfm,True,,4,4,0,1.0,0.0,1.0,0.0,1.583
9xc25u__4zxnf9,9xc25u,4zxnf9,True,,4,3,0,1.0,0.0,1.0,0.0,1.583
5en3nd__4ym12s,5en3nd,4ym12s,True,,2,8,2,0.5454545454545454,0.4545454545454546,0.3689983896911144,0.6310016103088856,2.2641560402311045
955w8h__7upuj6,955w8h,7upuj6,True,,5,2,0,1.0,0.0,1.0,0.0,1.583
3pahjx__9uf5b7,3pahjx,9uf5b7,True,,1,3,0,1.0,0.0,1.0,0.0,1.583
2wtzit__15qms2,2wtzit,15qms2,True,,1,3,0,1.0,0.0,1.0,0.0,1.583
1dxfck__6ex4v1,1dxfck,6ex4v1,True,,2,3,0,1.0,0.0,1.0,0.0,1.583
3p4nzv__57xdui,3p4nzv,57xdui,True,,5,2,0,1.0,0.0,1.0,0.0,1.583
30otlb__2ipjal,30otlb,2ipjal,True,,4,2,0,1.0,0.0,1.0,0.0,1.583
1vp6lj__6exn8d,1vp6lj,6exn8d,True,,2,6,0,1.0,0.0,1.0,0.0,1.583
8nxvv7__55caop,8nxvv7,55caop,True,,10,4,1,0.8571428571428571,0.1428571428571429,0.34755899012088776,0.6524410098791122,2.2211860876975313
3g02hj__1xnz0b,3g02hj,1xnz0b,True,,5,2,1,0.7142857142857143,0.2857142857142857,0.27116402983665466,0.7288359701633453,2.3214027696784054
339166__381k5k,339166,381k5k,True,,3,2,2,0.16666666666666666,0.8333333333333334,0.42034087888896465,0.5796591211110353,2.2927603198722624
3cnoot__5qp9dc,3cnoot,5qp9dc,True,,2,1,0,1.0,0.0,1.0,0.0,1.583
2rg84h__54wp4l,2rg84h,54wp4l,True,,3,6,3,0.25,0.75,0.39828044672807056,0.6017195532719295,2.2965208908006547
3jqyd6__9d3308,3jqyd6,9d3308,True,,3,2,0,1.0,0.0,1.0,0.0,1.583
555r6h__77rpnz,555r6h,77rpnz,True,,2,5,0,1.0,0.0,1.0,0.0,1.583
2s8u3j__8d7pj9,2s8u3j,8d7pj9,True,,1,4,0,1.0,0.0,1.0,0.0,1.583
9duguw__1hko3z,9duguw,1hko3z,True,,3,7,2,0.5454545454545454,0.4545454545454546,0.41116863675415516,0.5888313632458448,2.2247732464989305
6obrkv__3sdwxh,6obrkv,3sdwxh,True,,3,3,0,1.0,0.0,1.0,0.0,1.583
3m492k__75ydwd,3m492k,75ydwd,True,,5,4,0,1.0,0.0,1.0,0.0,1.583
2v80vz__6p4vhy,2v80vz,6p4vhy,True,,2,1,0,1.0,0.0,1.0,0.0,1.583
364kbc__15hzje,364kbc,15hzje,True,,4,4,0,1.0,0.0,1.0,0.0,1.583
8nkxyx__7naljg,8nkxyx,7naljg,True,,4,3,0,1.0,0.0,1.0,0.0,1.583
2ssf71__1ma3ut,2ssf71,1ma3ut,True,,4,1,1,0.0,1.0,0.4430657726479694,0.5569342273520306,2.3052208749240615
70f4hv__7cqty5,70f4hv,7cqty5,True,,9,5,0,1.0,0.0,1.0,0.0,1.583
42h4po__8tz7o9,42h4po,8tz7o9,True,,9,4,0,1.0,0.0,1.0,0.0,1.583
3opw3q__91dtox,3opw3q,91dtox,True,,7,2,0,1.0,0.0,1.0,0.0,1.583
2h7kkg__6tjt25,2h7kkg,6tjt25,True,,2,12,0,1.0,0.0,1.0,0.0,1.583
11tfgf__87bifs,11tfgf,87bifs,True,,7,4,2,0.5833333333333334,0.41666666666666663,0.34690383076667786,0.6530961692333221,2.277134845780333
4huu6l__3k4htt,4huu6l,3k4htt,True,,2,7,0,1.0,0.0,1.0,0.0,1.583
8h0qsa__1wlimc,8h0qsa,1wlimc,True,,2,10,1,0.8333333333333334,0.16666666666666663,0.24790698289871216,0.7520930171012878,2.319063002004226
8h521m__8vfzyg,8h521m,8vfzyg,True,,7,6,0,1.0,0.0,1.0,0.0,1.583
5jpjah__1mtesn,5jpjah,1mtesn,True,,5,5,0,1.0,0.0,1.0,0.0,1.583
2f1rym__5fiaf3,2f1rym,5fiaf3,True,,7,4,1,0.8181818181818182,0.18181818181818177,0.3577479273080826,0.6422520726919174,2.219544665232436
1n67mj__6v3cdb,1n67mj,6v3cdb,True,,7,2,0,1.0,0.0,1.0,0.0,1.583
4dixs2__96mf2i,4dixs2,96mf2i,True,,1,2,0,1.0,0.0,1.0,0.0,1.583
8kep9i__43lveq,8kep9i,43lveq,True,,3,4,2,0.3,0.7,0.34943712999423343,0.6505628700057666,2.3320306642983852
1zrcc8__3hlps6,1zrcc8,3hlps6,True,,1,6,0,1.0,0.0,1.0,0.0,1.583
2nw0yk__2jefth,2nw0yk,2jefth,True,,1,1,0,1.0,0.0,1.0,0.0,1.583
877rd6__3cj447,877rd6,3cj447,True,,2,3,0,1.0,0.0,1.0,0.0,1.583
gsxdj__9setfd,gsxdj,9setfd,True,,2,1,0,1.0,0.0,1.0,0.0,1.583
960vyx__3shyi8,960vyx,3shyi8,True,,3,3,0,1.0,0.0,1.0,0.0,1.583
3gsy9c__931z6c,3gsy9c,931z6c,True,,3,4,0,1.0,0.0,1.0,0.0,1.583
3utfcc__9z106r,3utfcc,9z106r,True,,1,9,0,1.0,0.0,1.0,0.0,1.583
3ajqxn__2u5t29,3ajqxn,2u5t29,True,,4,3,0,1.0,0.0,1.0,0.0,1.583
3gutcg__3azvkf,3gutcg,3azvkf,True,,6,8,0,1.0,0.0,1.0,0.0,1.583
2zt3ri__8fdz5n,2zt3ri,8fdz5n,True,,4,3,1,0.7142857142857143,0.2857142857142857,0.36115072667598724,0.6388492733240128,2.2373641935001527
1rttd0__30cc1w,1rttd0,30cc1w,True,,6,2,0,1.0,0.0,1.0,0.0,1.583
9duguw__5lgmy6,9duguw,5lgmy6,True,,3,5,1,0.75,0.25,0.3191465586423874,0.6808534413576126,2.2693740288838744
44pdt4__37t6c3,44pdt4,37t6c3,True,,1,1,0,1.0,0.0,1.0,0.0,1.583
3t1mvn__22wow9,3t1mvn,22wow9,True,,5,3,0,1.0,0.0,1.0,0.0,1.583
3j7s5q__o8s1o,3j7s5q,o8s1o,True,,1,2,1,0.3333333333333333,0.6666666666666667,0.24582016468048096,0.754179835319519,2.422061881538232
2w3zen__42lw1e,2w3zen,42lw1e,True,,4,5,0,1.0,0.0,1.0,0.0,1.583
3kh9hs__34c4ui,3kh9hs,34c4ui,True,,5,17,1,0.9090909090909091,0.09090909090909094,0.25630204379558563,0.7436979562044144,2.2959122485720296
8mswy3__8hljch,8mswy3,8hljch,True,,6,4,0,1.0,0.0,1.0,0.0,1.583
1aevii__4l8w8b,1aevii,4l8w8b,True,,4,6,2,0.44,0.56,0.3034633124868075,0.6965366875131924,2.3466716124685703
8slom4__7cqty5,8slom4,7cqty5,True,,1,5,0,1.0,0.0,1.0,0.0,1.583
2twdpu__51gnyn,2twdpu,51gnyn,True,,7,3,0,1.0,0.0,1.0,0.0,1.583
36gznh__96x08d,36gznh,96x08d,True,,1,6,0,1.0,0.0,1.0,0.0,1.583
2t0cg0__7e8lac,2t0cg0,7e8lac,True,,4,2,1,0.6666666666666666,0.33333333333333337,0.32732726633548737,0.6726727336645126,2.2785757326359546
35jg4o__qzmt2,35jg4o,qzmt2,True,,1,2,0,1.0,0.0,1.0,0.0,1.583
3agprf__3dmbau,3agprf,3dmbau,True,,4,3,0,1.0,0.0,1.0,0.0,1.583
y0i0p__6y2fr3,y0i0p,6y2fr3,True,,4,1,0,1.0,0.0,1.0,0.0,1.583
1t4369__57xz32,1t4369,57xz32,True,,5,8,0,1.0,0.0,1.0,0.0,1.583
5iztyu__2z32jb,5iztyu,2z32jb,True,,6,6,1,0.8333333333333334,0.16666666666666663,0.4293575584888458,0.5706424415111542,2.1496063094606
3l0qyk__2legk7,3l0qyk,2legk7,True,,1,1,0,1.0,0.0,1.0,0.0,1.583
5uhcfc__79xu4g,5uhcfc,79xu4g,True,,3,5,3,0.18181818181818182,0.8181818181818181,0.3948904685676098,0.6051095314323902,2.3134663368592547
8fworq__2l5qx4,8fworq,2l5qx4,True,,1,1,0,1.0,0.0,1.0,0.0,1.583
4z4x0n__2jhqsx,4z4x0n,2jhqsx,True,,1,2,0,1.0,0.0,1.0,0.0,1.583
9mjmu0__6pfd33,9mjmu0,6pfd33,True,,3,6,0,1.0,0.0,1.0,0.0,1.583
30q6i0__3pqa7y,30q6i0,3pqa7y,True,,12,2,0,1.0,0.0,1.0,0.0,1.583
7266t8__7f3kd4,7266t8,7f3kd4,True,,2,2,0,1.0,0.0,1.0,0.0,1.583
16axa6__9e6ny2,16axa6,9e6ny2,True,,3,4,0,1.0,0.0,1.0,0.0,1.583
2t8qgr__4ipfrd,2t8qgr,4ipfrd,True,,2,4,0,1.0,0.0,1.0,0.0,1.583
7304iz__6mp5gs,7304iz,6mp5gs,True,,3,8,2,0.5714285714285714,0.4285714285714286,0.32800719638665515,0.6719928036133449,2.2971883650087888
1hartx__37hxu0,1hartx,37hxu0,True,,6,2,0,1.0,0.0,1.0,0.0,1.583
2zyy8b__757k3y,2zyy8b,757k3y,True,,3,2,0,1.0,0.0,1.0,0.0,1.583
51vrpp__1y9q71,51vrpp,1y9q71,True,,4,4,0,1.0,0.0,1.0,0.0,1.583
8jhc2a__3vl7uy,8jhc2a,3vl7uy,True,,7,1,0,1.0,0.0,1.0,0.0,1.583
72pywm__7dec16,72pywm,7dec16,True,,1,3,0,1.0,0.0,1.0,0.0,1.583
4x8obh__8dmlxa,4x8obh,8dmlxa,True,,5,1,0,1.0,0.0,1.0,0.0,1.583
3s14d7__465kyx,3s14d7,465kyx,True,,3,8,0,1.0,0.0,1.0,0.0,1.583
3d3lsu__4xsvjl,3d3lsu,4xsvjl,True,,8,2,0,1.0,0.0,1.0,0.0,1.583
2s4tbt__80865f,2s4tbt,80865f,True,,1,4,0,1.0,0.0,1.0,0.0,1.583
5fmwkk__90v3ys,5fmwkk,90v3ys,True,,4,6,0,1.0,0.0,1.0,0.0,1.583
288ocb__5frckp,288ocb,5frckp,True,,3,3,0,1.0,0.0,1.0,0.0,1.583
35brso__71mfdm,35brso,71mfdm,True,,3,5,1,0.75,0.25,0.3651421219110489,0.6348578780889511,2.2264187723472713
3s65nx__8onrvw,3s65nx,8onrvw,True,,1,7,0,1.0,0.0,1.0,0.0,1.583
2s47u5__48bj25,2s47u5,48bj25,True,,3,2,0,1.0,0.0,1.0,0.0,1.583
2p1160__8m8vi8,2p1160,8m8vi8,True,,9,8,4,0.43478260869565216,0.5652173913043479,0.4273524871096015,0.5726475128903985,2.2320259470709516
6gsc7u__5p3a3c,6gsc7u,5p3a3c,True,,1,2,0,1.0,0.0,1.0,0.0,1.583
92op7e__3n954y,92op7e,3n954y,True,,4,5,3,0.4166666666666667,0.5833333333333333,0.4235061469177405,0.5764938530822594,2.2392792760601887
8sz0gq__77e9rg,8sz0gq,77e9rg,True,,2,5,0,1.0,0.0,1.0,0.0,1.583
3v15et__64ddtd,3v15et,64ddtd,True,,6,1,0,1.0,0.0,1.0,0.0,1.583
2ble54__2kwnm9,2ble54,2kwnm9,True,,6,5,0,1.0,0.0,1.0,0.0,1.583
2h3jai__2x35k5,2h3jai,2x35k5,True,,8,3,0,1.0,0.0,1.0,0.0,1.583
2giddr__39hn8r,2giddr,39hn8r,True,,2,14,2,0.037383177570093455,0.9626168224299065,0.39546102019292967,0.6045389798070704,2.342123813054907
3fs7k4__74z8at,3fs7k4,74z8at,True,,2,5,1,0.7142857142857143,0.2857142857142857,0.11845219135284424,0.8815478086471558,2.4640203556384357
60puj4__3sptm5,60puj4,3sptm5,True,,8,3,0,1.0,0.0,1.0,0.0,1.583
8t5sww__9k1jfq,8t5sww,9k1jfq,True,,6,8,2,0.6666666666666666,0.33333333333333337,0.4069519452750683,0.5930480547249317,2.2042142449742803
2u6cq6__4kka0o,2u6cq6,4kka0o,True,,4,2,1,0.6666666666666666,0.33333333333333337,0.34461578726768494,0.6553842127323151,2.2624299829373755
2vlupk__9utzwf,2vlupk,9utzwf,True,,7,9,2,0.7058823529411765,0.2941176470588235,0.41450368613004684,0.5854963138699532,2.1892361839937373
9crlw4__77b18y,9crlw4,77b18y,True,,4,6,0,1.0,0.0,1.0,0.0,1.583
8ajpmg__9ukwyx,8ajpmg,9ukwyx,True,,1,5,0,1.0,0.0,1.0,0.0,1.583
2zyjw3__4xmjty,2zyjw3,4xmjty,True,,5,3,0,1.0,0.0,1.0,0.0,1.583
87w0l6__6e1xn3,87w0l6,6e1xn3,True,,3,6,0,1.0,0.0,1.0,0.0,1.583
2df4ef__8kwa8b,2df4ef,8kwa8b,True,,4,3,0,1.0,0.0,1.0,0.0,1.583
8tdhwg__2ps3tl,8tdhwg,2ps3tl,True,,4,1,0,1.0,0.0,1.0,0.0,1.583
3svfsj__pkubw,3svfsj,pkubw,True,,3,2,0,1.0,0.0,1.0,0.0,1.583
9yd97s__8xqwff,9yd97s,8xqwff,True,,1,2,0,1.0,0.0,1.0,0.0,1.583
31axlu__26aywh,31axlu,26aywh,True,,1,2,1,0.3333333333333333,0.6666666666666667,0.4213741198182106,0.5786258801817894,2.2581120428351067
3aua9o__2zbr1a,3aua9o,2zbr1a,True,,1,9,0,1.0,0.0,1.0,0.0,1.583
5mezjy__2zg0x7,5mezjy,2zg0x7,True,,5,8,0,1.0,0.0,1.0,0.0,1.583
8anoon__2gbobw,8anoon,2gbobw,True,,3,2,0,1.0,0.0,1.0,0.0,1.583
jnd3z__9uhqu8,jnd3z,9uhqu8,True,,3,3,0,1.0,0.0,1.0,0.0,1.583
2ultpp__7cqow1,2ultpp,7cqow1,True,,4,3,2,0.5,0.5,0.419912863522768,0.580087136477232,2.225793376756087
3893kk__4lcosk,3893kk,4lcosk,True,,1,3,0,1.0,0.0,1.0,0.0,1.583
3ld596__3sh10o,3ld596,3sh10o,True,,7,3,0,1.0,0.0,1.0,0.0,1.583
4kpyc9__1ui52p,4kpyc9,1ui52p,True,,3,1,0,1.0,0.0,1.0,0.0,1.583
8iclbi__zlue0,8iclbi,zlue0,True,,2,7,0,1.0,0.0,1.0,0.0,1.583
3cq0ux__8cqxm8,3cq0ux,8cqxm8,True,,3,1,0,1.0,0.0,1.0,0.0,1.583
3tr5v3__51bs11,3tr5v3,51bs11,True,,2,4,0,1.0,0.0,1.0,0.0,1.583
9s3z1q__6zdn9g,9s3z1q,6zdn9g,True,,2,1,0,1.0,0.0,1.0,0.0,1.583
33m5k3__8xh25d,33m5k3,8xh25d,True,,1,6,0,1.0,0.0,1.0,0.0,1.583
370bgu__2tk1fa,370bgu,2tk1fa,True,,8,3,0,1.0,0.0,1.0,0.0,1.583
16sx41__7gqz6w,16sx41,7gqz6w,True,,6,4,2,0.2159090909090909,0.7840909090909091,0.35486167382735473,0.6451383261726453,2.343959455539906
33cn6z__42pjbe,33cn6z,42pjbe,True,,6,4,2,0.46153846153846156,0.5384615384615384,0.3225190391143163,0.6774809608856838,2.324522546294217
5iy7p1__99u9jj,5iy7p1,99u9jj,True,,4,1,0,1.0,0.0,1.0,0.0,1.583
90pnie__3b052s,90pnie,3b052s,True,,5,1,0,1.0,0.0,1.0,0.0,1.583
8glg72__77xbtv,8glg72,77xbtv,True,,4,2,1,0.17647058823529413,0.8235294117647058,0.42097615357488394,0.5790238464251161,2.290185664294063
33leq9__78qbst,33leq9,78qbst,True,,1,10,1,0.8181818181818182,0.18181818181818177,0.3287612199783325,0.6712387800216675,2.24661535120769
303ysd__7fwxyk,303ysd,7fwxyk,True,,5,5,0,1.0,0.0,1.0,0.0,1.583
6o0mcs__2lori9,6o0mcs,2lori9,True,,1,3,0,1.0,0.0,1.0,0.0,1.583
5ucwx9__8kolmj,5ucwx9,8kolmj,True,,1,6,1,0.7142857142857143,0.2857142857142857,0.252536803483963,0.747463196516037,2.338798736369184
9kflgm__5csrb0,9kflgm,5csrb0,True,,2,4,0,1.0,0.0,1.0,0.0,1.583
5rvz7k__5ngg0v,5rvz7k,5ngg0v,True,,4,3,1,0.7142857142857143,0.2857142857142857,0.48994158674031496,0.510058413259685,2.117086409286077
3if8uz__9qrlao,3if8uz,9qrlao,True,,5,2,0,1.0,0.0,1.0,0.0,1.583
1a96ty__6q4l16,1a96ty,6q4l16,True,,8,2,0,1.0,0.0,1.0,0.0,1.583
30lhw2__76hdoo,30lhw2,76hdoo,True,,1,4,1,0.6,0.4,0.32668638229370117,0.6733136177062988,2.2926475875759125
762nzp__985dy9,762nzp,985dy9,True,,4,1,0,1.0,0.0,1.0,0.0,1.583
6qgsx7__8lcw67,6qgsx7,8lcw67,True,,9,7,0,1.0,0.0,1.0,0.0,1.583
97v5y3__7cqty5,97v5y3,7cqty5,True,,6,5,0,1.0,0.0,1.0,0.0,1.583
2j4thz__3frg42,2j4thz,3frg42,True,,3,2,0,1.0,0.0,1.0,0.0,1.583
3rmutn__2xea49,3rmutn,2xea49,True,,8,7,0,1.0,0.0,1.0,0.0,1.583
6hqo8q__2ncv71,6hqo8q,2ncv71,True,,8,3,0,1.0,0.0,1.0,0.0,1.583
8snmf6__3wasd4,8snmf6,3wasd4,True,,13,3,0,1.0,0.0,1.0,0.0,1.583
5q6kzo__6hw2jv,5q6kzo,6hw2jv,True,,7,11,3,0.1951219512195122,0.8048780487804879,0.42427924076716106,0.5757207592328389,2.2833314707060848
3z90cs__785ndz,3z90cs,785ndz,True,,1,7,0,1.0,0.0,1.0,0.0,1.583
33fdka__36tf4x,33fdka,36tf4x,True,,2,2,0,1.0,0.0,1.0,0.0,1.583
3pvxp9__2u4utw,3pvxp9,2u4utw,True,,4,5,0,1.0,0.0,1.0,0.0,1.583
2izngt__8u065b,2izngt,8u065b,True,,3,5,0,1.0,0.0,1.0,0.0,1.583
3sp070__3vl7uy,3sp070,3vl7uy,True,,1,1,0,1.0,0.0,1.0,0.0,1.583
3nvvro__12jw4r,3nvvro,12jw4r,True,,5,7,0,1.0,0.0,1.0,0.0,1.583
459lsu__8oably,459lsu,8oably,True,,1,3,0,1.0,0.0,1.0,0.0,1.583
9wxpec__77c2qf,9wxpec,77c2qf,True,,4,4,1,0.5555555555555556,0.4444444444444444,0.43002466671168804,0.569975333288312,2.205122185980177
36zipc__12u8p8,36zipc,12u8p8,True,,4,11,4,0.0,1.0,0.43327994559976185,0.5667200544002382,2.3143598588043823
3gzrmu__2mqjx7,3gzrmu,2mqjx7,True,,6,1,0,1.0,0.0,1.0,0.0,1.583
8ochrf__1gj3zd,8ochrf,1gj3zd,True,,5,6,0,1.0,0.0,1.0,0.0,1.583
3q8nj7__8kywb3,3q8nj7,8kywb3,True,,5,3,0,1.0,0.0,1.0,0.0,1.583
760pxd__2l8b74,760pxd,2l8b74,True,,2,3,0,1.0,0.0,1.0,0.0,1.583
3kxabw__1hq3d1,3kxabw,1hq3d1,True,,6,4,0,1.0,0.0,1.0,0.0,1.583
123q1o__5m2evv,123q1o,5m2evv,True,,5,4,3,0.3333333333333333,0.6666666666666667,0.22346940139929453,0.7765305986007055,2.442935259366532
9xc25u__3cpqce,9xc25u,3cpqce,True,,4,2,0,1.0,0.0,1.0,0.0,1.583
2iibl4__369ecr,2iibl4,369ecr,True,,10,3,1,0.8461538461538461,0.15384615384615385,0.3624624162912369,0.6375375837087631,2.2094886571179213
8t7dqc__2iymjl,8t7dqc,2iymjl,True,,3,6,1,0.7777777777777778,0.2222222222222222,0.41565176099538803,0.584348239004612,2.173633931517518
2sy4o5__8lq658,2sy4o5,8lq658,True,,4,7,0,1.0,0.0,1.0,0.0,1.583
92yov6__3hsvoa,92yov6,3hsvoa,True,,8,6,0,1.0,0.0,1.0,0.0,1.583
281acy__8dcey9,281acy,8dcey9,True,,3,5,0,1.0,0.0,1.0,0.0,1.583
2schv9__9uepgu,2schv9,9uepgu,True,,5,6,4,0.23529411764705882,0.7647058823529411,0.3593238014727831,0.6406761985272169,2.3358745606280973
3mbwxj__13ii7l,3mbwxj,13ii7l,True,,4,3,0,1.0,0.0,1.0,0.0,1.583
37czqn__1f29sj,37czqn,1f29sj,True,,2,1,0,1.0,0.0,1.0,0.0,1.583
20704y__3tbntr,20704y,3tbntr,True,,7,2,2,0.5,0.5,0.4082658551633358,0.5917341448366642,2.2366705178629607
8vfnyo__9iduk1,8vfnyo,9iduk1,True,,2,3,0,1.0,0.0,1.0,0.0,1.583
31pc9b__7nbdh2,31pc9b,7nbdh2,True,,4,5,3,0.25,0.75,0.41562532881895703,0.5843746711810429,2.2803225054159757
39jesl__7csx6a,39jesl,7csx6a,True,,7,6,0,1.0,0.0,1.0,0.0,1.583
68fo8s__9ujuxu,68fo8s,9ujuxu,True,,2,4,0,1.0,0.0,1.0,0.0,1.583
5v9sks__18398h,5v9sks,18398h,True,,4,8,3,0.2222222222222222,0.7777777777777778,0.34790560727318126,0.6520943927268188,2.349179842256465
3e31xg__3ohnx8,3e31xg,3ohnx8,True,,4,3,1,0.5,0.5,0.2757277861237526,0.7242722138762474,2.3604478205390276
2aotk2__45b53i,2aotk2,45b53i,True,,1,9,0,1.0,0.0,1.0,0.0,1.583
87caxt__8b2tei,87caxt,8b2tei,True,,6,3,1,0.7777777777777778,0.2222222222222222,0.3501739352941513,0.6498260647058487,2.234783672939903
67bqvw__3njgyc,67bqvw,3njgyc,True,,3,3,0,1.0,0.0,1.0,0.0,1.583
2h2kpv__7e9was,2h2kpv,7e9was,True,,2,2,0,1.0,0.0,1.0,0.0,1.583
3mggzs__3lvuz1,3mggzs,3lvuz1,True,,8,5,3,0.5,0.5,0.4261690676212311,0.5738309323787689,2.2199507077485325
2zg0x7__18oac9,2zg0x7,18oac9,True,,8,1,0,1.0,0.0,1.0,0.0,1.583
9rprs0__9lf3qo,9rprs0,9lf3qo,True,,2,5,0,1.0,0.0,1.0,0.0,1.583
2uorer__8bvzg8,2uorer,8bvzg8,True,,4,6,0,1.0,0.0,1.0,0.0,1.583
5yaz9g__3d80pf,5yaz9g,3d80pf,True,,1,4,0,1.0,0.0,1.0,0.0,1.583
1vb17b__2731ww,1vb17b,2731ww,True,,1,2,0,1.0,0.0,1.0,0.0,1.583
2y2ejv__8wmi5c,2y2ejv,8wmi5c,True,,6,7,0,1.0,0.0,1.0,0.0,1.583
980jh3__794xuo,980jh3,794xuo,True,,5,2,0,1.0,0.0,1.0,0.0,1.583
20am49__71unzq,20am49,71unzq,True,,2,2,0,1.0,0.0,1.0,0.0,1.583
2rb5bx__9ul4qj,2rb5bx,9ul4qj,True,,2,5,0,1.0,0.0,1.0,0.0,1.583
2a8n5p__14gg0m,2a8n5p,14gg0m,True,,2,8,0,1.0,0.0,1.0,0.0,1.583
3cr2zj__93j8kd,3cr2zj,93j8kd,True,,2,3,0,1.0,0.0,1.0,0.0,1.583
92c8ys__79wfye,92c8ys,79wfye,True,,7,3,1,0.8,0.19999999999999996,0.28557077050209045,0.7144292294979095,2.2906254574280975
4f7mkk__2zjfx6,4f7mkk,2zjfx6,True,,5,3,0,1.0,0.0,1.0,0.0,1.583
2fzqrh__4vfbyj,2fzqrh,4vfbyj,True,,5,1,0,1.0,0.0,1.0,0.0,1.583
34rmx9__8vepds,34rmx9,8vepds,True,,4,3,0,1.0,0.0,1.0,0.0,1.583
3ogpgh__8rq7ck,3ogpgh,8rq7ck,True,,2,3,0,1.0,0.0,1.0,0.0,1.583
8t7zg5__9lo215,8t7zg5,9lo215,True,,2,6,0,1.0,0.0,1.0,0.0,1.583
2t442r__5lq6b5,2t442r,5lq6b5,True,,3,8,0,1.0,0.0,1.0,0.0,1.583
8w2oz8__3n44a4,8w2oz8,3n44a4,True,,2,6,1,0.75,0.25,0.3652734011411667,0.6347265988588333,2.2262961706742646
93j8kd__5qp9dc,93j8kd,5qp9dc,True,,3,1,0,1.0,0.0,1.0,0.0,1.583
9wu6o9__9u0ond,9wu6o9,9u0ond,True,,1,8,0,1.0,0.0,1.0,0.0,1.583
6e9e08__2saoe0,6e9e08,2saoe0,True,,6,8,0,1.0,0.0,1.0,0.0,1.583
51btro__9ktgv9,51btro,9ktgv9,True,,6,1,0,1.0,0.0,1.0,0.0,1.583
6dpbhl__122hg1,6dpbhl,122hg1,True,,3,2,0,1.0,0.0,1.0,0.0,1.583
2l6hku__3vzbyj,2l6hku,3vzbyj,True,,1,4,0,1.0,0.0,1.0,0.0,1.583
6cgp4n__3yrhbf,6cgp4n,3yrhbf,True,,2,5,1,0.7142857142857143,0.2857142857142857,0.4410843662917614,0.5589156337082386,2.162714167462981
72dghi__3qbtvn,72dghi,3qbtvn,True,,3,3,2,0.2857142857142857,0.7142857142857143,0.4089282210916281,0.5910717789083719,2.2793590771796715
2hhaep__8aefe0,2hhaep,8aefe0,True,,7,7,0,1.0,0.0,1.0,0.0,1.583
1ai6k0__381i4w,1ai6k0,381i4w,True,,4,2,2,0.42857142857142855,0.5714285714285714,0.34016525745391846,0.6598347425460815,2.3147053803494995
9wu6o9__9qwd3a,9wu6o9,9qwd3a,True,,1,2,0,1.0,0.0,1.0,0.0,1.583
1ixldm__7k3f2d,1ixldm,7k3f2d,True,,7,3,0,1.0,0.0,1.0,0.0,1.583
2jymca__4uxpgg,2jymca,4uxpgg,True,,4,3,0,1.0,0.0,1.0,0.0,1.583
2jawh6__275e2a,2jawh6,275e2a,True,,1,5,0,1.0,0.0,1.0,0.0,1.583
5qd5lp__73u8bv,5qd5lp,73u8bv,True,,2,4,1,0.6666666666666666,0.33333333333333337,0.32041752338409424,0.6795824766159058,2.2850287415782606
9xjd3x__9f12ql,9xjd3x,9f12ql,True,,4,5,0,1.0,0.0,1.0,0.0,1.583
3bacnm__2rmo6o,3bacnm,2rmo6o,True,,11,5,4,0.5769230769230769,0.42307692307692313,0.39899332970380785,0.6010066702961921,2.22978397554346
505xri__zi585,505xri,zi585,True,,1,5,0,1.0,0.0,1.0,0.0,1.583
3fhgwu__6d67op,3fhgwu,6d67op,True,,3,3,2,0.2857142857142857,0.7142857142857143,0.3818572051823139,0.6181427948176861,2.30464069893738
4q7bbm__49uco1,4q7bbm,49uco1,True,,6,8,0,1.0,0.0,1.0,0.0,1.583
9fn0n0__2ybpvn,9fn0n0,2ybpvn,True,,4,5,0,1.0,0.0,1.0,0.0,1.583
33a9pt__2hl1ej,33a9pt,2hl1ej,True,,2,9,0,1.0,0.0,1.0,0.0,1.583
9wus12__7ew1ql,9wus12,7ew1ql,True,,3,4,0,1.0,0.0,1.0,0.0,1.583
28hhpd__9do0tr,28hhpd,9do0tr,True,,1,6,1,0.7142857142857143,0.2857142857142857,0.4746857210993767,0.5253142789006233,2.131333862208149
3thq96__2d1ip9,3thq96,2d1ip9,True,,6,6,0,1.0,0.0,1.0,0.0,1.583
96swda__36d2kv,96swda,36d2kv,True,,3,2,1,0.6,0.4,0.4263481944799423,0.5736518055200577,2.199573421175182
348oyq__79hqj4,348oyq,79hqj4,True,,1,2,0,1.0,0.0,1.0,0.0,1.583
3p0lsk__74tfh8,3p0lsk,74tfh8,True,,1,5,0,1.0,0.0,1.0,0.0,1.583
35hh4m__2ho3kz,35hh4m,2ho3kz,True,,2,4,0,1.0,0.0,1.0,0.0,1.583
3bob0f__18bb7a,3bob0f,18bb7a,True,,2,4,0,1.0,0.0,1.0,0.0,1.583
1lr6sq__2o8h4y,1lr6sq,2o8h4y,True,,3,1,0,1.0,0.0,1.0,0.0,1.583
15pjbl__2oo217,15pjbl,2oo217,True,,4,4,0,1.0,0.0,1.0,0.0,1.583
4r9q06__99i9ic,4r9q06,99i9ic,True,,3,4,0,1.0,0.0,1.0,0.0,1.583
6zwx5e__7e5093,6zwx5e,7e5093,True,,3,5,0,1.0,0.0,1.0,0.0,1.583
6muiqm__542apa,6muiqm,542apa,True,,1,3,0,1.0,0.0,1.0,0.0,1.583
37fh2s__7sifmo,37fh2s,7sifmo,True,,4,9,0,1.0,0.0,1.0,0.0,1.583
4bqyml__2wfd0m,4bqyml,2wfd0m,True,,4,2,0,1.0,0.0,1.0,0.0,1.583
4cvg7t__4uxpgg,4cvg7t,4uxpgg,True,,2,3,2,0.3333333333333333,0.6666666666666667,0.3776094689965248,0.6223905310034752,2.298983850237479
4gl969__706cn2,4gl969,706cn2,True,,5,4,0,1.0,0.0,1.0,0.0,1.583
2uoqwq__6n90n8,2uoqwq,6n90n8,True,,5,2,0,1.0,0.0,1.0,0.0,1.583
1y6lcx__1fc6uy,1y6lcx,1fc6uy,True,,4,9,0,1.0,0.0,1.0,0.0,1.583
14r1wu__3lp7oz,14r1wu,3lp7oz,True,,3,2,0,1.0,0.0,1.0,0.0,1.583
1c8xxq__9thdbg,1c8xxq,9thdbg,True,,3,5,0,1.0,0.0,1.0,0.0,1.583
8lv561__124qhq,8lv561,124qhq,True,,2,3,2,0.16666666666666666,0.8333333333333334,0.2925242856144905,0.7074757143855095,2.412128236331294
3ojmx0__980w78,3ojmx0,980w78,True,,1,2,0,1.0,0.0,1.0,0.0,1.583
3bbgd4__2b172c,3bbgd4,2b172c,True,,4,5,2,0.5,0.5,0.4238286204636097,0.5761713795363903,2.222136451349035
31s194__3pgd6w,31s194,3pgd6w,True,,8,3,0,1.0,0.0,1.0,0.0,1.583
6brnud__6c3o6d,6brnud,6c3o6d,True,,2,1,0,1.0,0.0,1.0,0.0,1.583
65gtb7__8l326g,65gtb7,8l326g,True,,3,2,0,1.0,0.0,1.0,0.0,1.583
60puj4__59udek,60puj4,59udek,True,,8,5,5,0.17647058823529413,0.8235294117647058,0.41248866270429324,0.5875113372957068,2.2981121320181073
52nyws__9dzl54,52nyws,9dzl54,True,,2,4,0,1.0,0.0,1.0,0.0,1.583
3vl7uy__7naljg,3vl7uy,7naljg,True,,1,3,0,1.0,0.0,1.0,0.0,1.583
98gcaw__2ecabq,98gcaw,2ecabq,True,,7,5,0,1.0,0.0,1.0,0.0,1.583
3a7g5m__74hrpn,3a7g5m,74hrpn,True,,6,2,0,1.0,0.0,1.0,0.0,1.583
1myqam__4lae1y,1myqam,4lae1y,True,,4,6,0,1.0,0.0,1.0,0.0,1.583
1klp6h__34c4ui,1klp6h,34c4ui,True,,2,17,0,1.0,0.0,1.0,0.0,1.583
6p5c81__5bmjpm,6p5c81,5bmjpm,True,,4,6,1,0.8,0.19999999999999996,0.3391479551792145,0.6608520448207855,2.2405897246581317
3nrrjd__7aopiz,3nrrjd,7aopiz,True,,3,8,0,1.0,0.0,1.0,0.0,1.583
89kj2m__2p2bqb,89kj2m,2p2bqb,True,,4,4,0,1.0,0.0,1.0,0.0,1.583
31poc1__7dufmn,31poc1,7dufmn,True,,6,5,0,1.0,0.0,1.0,0.0,1.583
97ef1x__79hx3x,97ef1x,79hx3x,True,,7,2,0,1.0,0.0,1.0,0.0,1.583
39z1ym__6obrkv,39z1ym,6obrkv,True,,3,3,0,1.0,0.0,1.0,0.0,1.583
2bd6ab__3hmcjm,2bd6ab,3hmcjm,True,,2,7,0,1.0,0.0,1.0,0.0,1.583
10oua0__7hyxaz,10oua0,7hyxaz,True,,1,5,0,1.0,0.0,1.0,0.0,1.583
53zp22__67z3jn,53zp22,67z3jn,True,,1,2,0,1.0,0.0,1.0,0.0,1.583
4f2n00__8yyw18,4f2n00,8yyw18,True,,2,3,0,1.0,0.0,1.0,0.0,1.583
7cb69f__2x0njf,7cb69f,2x0njf,True,,1,5,0,1.0,0.0,1.0,0.0,1.583
2xz8q1__1o19di,2xz8q1,1o19di,True,,1,3,0,1.0,0.0,1.0,0.0,1.583
9ngf0m__3hsvoa,9ngf0m,3hsvoa,True,,4,6,0,1.0,0.0,1.0,0.0,1.583
2f8mdj__5boq87,2f8mdj,5boq87,True,,2,3,0,1.0,0.0,1.0,0.0,1.583
87pxh2__4eecrm,87pxh2,4eecrm,True,,3,3,0,1.0,0.0,1.0,0.0,1.583
1sfdgo__3wwfar,1sfdgo,3wwfar,True,,7,3,0,1.0,0.0,1.0,0.0,1.583
1jbnke__8jimss,1jbnke,8jimss,True,,4,3,0,1.0,0.0,1.0,0.0,1.583
3u8we2__8sjrt6,3u8we2,8sjrt6,True,,5,5,3,0.5384615384615384,0.46153846153846156,0.41334928448001546,0.5866507155199845,2.2241500263010368
3bl3ek__3qyuc2,3bl3ek,3qyuc2,True,,8,3,0,1.0,0.0,1.0,0.0,1.583
21pp75__8bmnqu,21pp75,8bmnqu,True,,5,1,0,1.0,0.0,1.0,0.0,1.583
54duku__5gfmt7,54duku,5gfmt7,True,,4,2,0,1.0,0.0,1.0,0.0,1.583
33xs6a__8er3n4,33xs6a,8er3n4,True,,2,2,0,1.0,0.0,1.0,0.0,1.583
3w3ieg__2nw0yk,3w3ieg,2nw0yk,True,,2,1,0,1.0,0.0,1.0,0.0,1.583
14j9li__3wqhqs,14j9li,3wqhqs,True,,5,5,2,0.5454545454545454,0.4545454545454546,0.4378216601908207,0.5621783398091793,2.1998819879114286
12jw4r__7f004e,12jw4r,7f004e,True,,7,1,0,1.0,0.0,1.0,0.0,1.583
8dl6rp__6n90n8,8dl6rp,6n90n8,True,,6,2,0,1.0,0.0,1.0,0.0,1.583
8mg976__48g8kp,8mg976,48g8kp,True,,8,1,0,1.0,0.0,1.0,0.0,1.583
3o0gpj__81vqx3,3o0gpj,81vqx3,True,,4,3,1,0.7142857142857143,0.2857142857142857,0.31983090937137604,0.680169090628624,2.275952770880929
6o1zfv__8zlpfe,6o1zfv,8zlpfe,True,,7,1,0,1.0,0.0,1.0,0.0,1.583
3u60by__2pq65b,3u60by,2pq65b,True,,5,3,0,1.0,0.0,1.0,0.0,1.583
1xv30v__8avjjr,1xv30v,8avjjr,True,,4,3,0,1.0,0.0,1.0,0.0,1.583
3eam99__9r7580,3eam99,9r7580,True,,2,2,0,1.0,0.0,1.0,0.0,1.583
2yuybg__8vgmtu,2yuybg,8vgmtu,True,,3,3,0,1.0,0.0,1.0,0.0,1.583
8u3h8l__3a04v8,8u3h8l,3a04v8,True,,2,4,1,0.42857142857142855,0.5714285714285714,0.31207916140556335,0.6879208385944366,2.3409349854490586
30j89q__3u60by,30j89q,3u60by,True,,5,5,0,1.0,0.0,1.0,0.0,1.583
9kaxbv__2jjsmq,9kaxbv,2jjsmq,True,,2,6,0,1.0,0.0,1.0,0.0,1.583
5bd6xd__8fcfgf,5bd6xd,8fcfgf,True,,8,4,0,1.0,0.0,1.0,0.0,1.583
56cshq__94oo8c,56cshq,94oo8c,True,,3,2,2,0.16666666666666666,0.8333333333333334,0.38887104019522667,0.6111289598047733,2.3221500022283443
9botlb__2j7vom,9botlb,2j7vom,True,,5,3,0,1.0,0.0,1.0,0.0,1.583
3gj48p__3qzndz,3gj48p,3qzndz,True,,2,2,1,0.5,0.5,0.3057613968849182,0.6942386031150818,2.3323994314491747
4whk5s__20qxus,4whk5s,20qxus,True,,1,5,0,1.0,0.0,1.0,0.0,1.583
3d2nox__y66ia,3d2nox,y66ia,True,,1,7,1,0.75,0.25,0.28695203363895416,0.7130479663610458,2.2994404957845807
2cinw4__35aeig,2cinw4,35aeig,True,,6,6,0,1.0,0.0,1.0,0.0,1.583
3a796s__8as9tq,3a796s,8as9tq,True,,8,4,2,0.4666666666666667,0.5333333333333333,0.3154415388902028,0.6845584611097972,2.330095813497106
9t5uwd__10ua6u,9t5uwd,10ua6u,True,,5,6,0,1.0,0.0,1.0,0.0,1.583
9ren28__704puj,9ren28,704puj,True,,3,1,0,1.0,0.0,1.0,0.0,1.583
2s6xni__3inp25,2s6xni,3inp25,True,,1,2,0,1.0,0.0,1.0,0.0,1.583
2a1xm4__4ndn66,2a1xm4,4ndn66,True,,8,8,0,1.0,0.0,1.0,0.0,1.583
54ui6c__78iwm7,54ui6c,78iwm7,True,,1,1,0,1.0,0.0,1.0,0.0,1.583
2selao__2tnpl2,2selao,2tnpl2,True,,3,2,0,1.0,0.0,1.0,0.0,1.583
2cj2t5__52se7j,2cj2t5,52se7j,True,,6,6,2,0.6153846153846154,0.3846153846153846,0.41448199562728405,0.585518004372716,2.207546033514449
333pog__9snkcp,333pog,9snkcp,True,,3,3,0,1.0,0.0,1.0,0.0,1.583
35ms7h__5lirqg,35ms7h,5lirqg,True,,1,3,0,1.0,0.0,1.0,0.0,1.583
4ku704__9thdbg,4ku704,9thdbg,True,,3,5,3,0.18181818181818182,0.8181818181818181,0.3976682772239049,0.6023317227760951,2.3108721413551407
3h65zl__726erp,3h65zl,726erp,True,,8,2,0,1.0,0.0,1.0,0.0,1.583
2hl1ej__8pfotk,2hl1ej,8pfotk,True,,9,2,0,1.0,0.0,1.0,0.0,1.583
3gjphc__31c5h4,3gjphc,31c5h4,True,,2,6,0,1.0,0.0,1.0,0.0,1.583
3hf0d7__3n0nfm,3hf0d7,3n0nfm,True,,4,2,0,1.0,0.0,1.0,0.0,1.583
2s1lrc__3nti0j,2s1lrc,3nti0j,True,,5,1,0,1.0,0.0,1.0,0.0,1.583
3891sp__46gc2s,3891sp,46gc2s,True,,5,9,3,0.1724137931034483,0.8275862068965517,0.3919505104422569,0.6080494895577431,2.3181125907117694
3pk14n__1vr53r,3pk14n,1vr53r,True,,2,3,0,1.0,0.0,1.0,0.0,1.583
4lpgvg__2hl343,4lpgvg,2hl343,True,,4,8,0,1.0,0.0,1.0,0.0,1.583
3iaoho__9nxym2,3iaoho,9nxym2,True,,3,1,0,1.0,0.0,1.0,0.0,1.583
2ssf71__6gq0s0,2ssf71,6gq0s0,True,,4,6,3,0.2,0.8,0.4079049050807953,0.5920950949192048,2.2976376091450454
11vbl3__9t5uwd,11vbl3,9t5uwd,True,,5,5,1,0.8,0.19999999999999996,0.391630083322525,0.608369916677475,2.1915766651850936
3ej7br__9hi1kk,3ej7br,9hi1kk,True,,3,5,1,0.5555555555555556,0.4444444444444444,0.407979067414999,0.592020932585001,2.2257105711633547
36keq8__37wnh8,36keq8,37wnh8,True,,6,3,0,1.0,0.0,1.0,0.0,1.583
1o241p__3nf63y,1o241p,3nf63y,True,,3,3,3,0.0,1.0,0.4782803524285555,0.5217196475714445,2.272333978866972
508shp__9c2ygj,508shp,9c2ygj,True,,2,2,0,1.0,0.0,1.0,0.0,1.583
26ijxp__3pla7n,26ijxp,3pla7n,True,,7,2,0,1.0,0.0,1.0,0.0,1.583
9l65gv__9123mh,9l65gv,9123mh,True,,2,3,0,1.0,0.0,1.0,0.0,1.583
1azb3p__71vjhq,1azb3p,71vjhq,True,,2,5,0,1.0,0.0,1.0,0.0,1.583
3360w7__3csgz6,3360w7,3csgz6,True,,8,2,0,1.0,0.0,1.0,0.0,1.583
78lijk__3et7kd,78lijk,3et7kd,True,,1,4,0,1.0,0.0,1.0,0.0,1.583
2bx4gb__6q98ru,2bx4gb,6q98ru,True,,9,2,0,1.0,0.0,1.0,0.0,1.583
5fv4ug__9r7580,5fv4ug,9r7580,True,,4,2,0,1.0,0.0,1.0,0.0,1.583
5qmt4v__3dpk4u,5qmt4v,3dpk4u,True,,10,9,0,1.0,0.0,1.0,0.0,1.583
4kd4yu__2gf1k8,4kd4yu,2gf1k8,True,,7,4,0,1.0,0.0,1.0,0.0,1.583
5a1dot__8dyvn4,5a1dot,8dyvn4,True,,3,1,0,1.0,0.0,1.0,0.0,1.583
6cg1j9__9xx3b6,6cg1j9,9xx3b6,True,,3,4,0,1.0,0.0,1.0,0.0,1.583
8vb8m9__51zbcr,8vb8m9,51zbcr,True,,3,2,0,1.0,0.0,1.0,0.0,1.583
39ndcm__26k4yj,39ndcm,26k4yj,True,,2,3,0,1.0,0.0,1.0,0.0,1.583
3etz3v__9v4rto,3etz3v,9v4rto,True,,6,5,0,1.0,0.0,1.0,0.0,1.583
7vqwg6__7c62o1,7vqwg6,7c62o1,True,,7,2,0,1.0,0.0,1.0,0.0,1.583
3qozqi__2our97,3qozqi,2our97,True,,4,2,2,0.2857142857142857,0.7142857142857143,0.3911605291068554,0.6088394708931446,2.2959523247242504
8tf0i8__6hq3s9,8tf0i8,6hq3s9,True,,4,4,0,1.0,0.0,1.0,0.0,1.583
3k0uhm__4ytimz,3k0uhm,4ytimz,True,,2,6,0,1.0,0.0,1.0,0.0,1.583
9igv6w__2hzsib,9igv6w,2hzsib,True,,3,2,0,1.0,0.0,1.0,0.0,1.583
3szb4c__3yi10n,3szb4c,3yi10n,True,,8,1,0,1.0,0.0,1.0,0.0,1.583
23u2ne__9ozo7g,23u2ne,9ozo7g,True,,2,5,0,1.0,0.0,1.0,0.0,1.583
3p8ker__6zxr6m,3p8ker,6zxr6m,True,,4,4,2,0.4444444444444444,0.5555555555555556,0.41602639853954315,0.5839736014604568,2.240650724181698
4huu6l__78yf8o,4huu6l,78yf8o,True,,2,8,0,1.0,0.0,1.0,0.0,1.583
4pyyvs__2iibl4,4pyyvs,2iibl4,True,,3,10,0,1.0,0.0,1.0,0.0,1.583
4bqyml__73peec,4bqyml,73peec,True,,4,5,0,1.0,0.0,1.0,0.0,1.583
7a8ofr__31c5h4,7a8ofr,31c5h4,True,,1,6,0,1.0,0.0,1.0,0.0,1.583
9hjxxc__27bd38,9hjxxc,27bd38,True,,3,2,0,1.0,0.0,1.0,0.0,1.583
1g3wlu__9effn6,1g3wlu,9effn6,True,,2,6,0,1.0,0.0,1.0,0.0,1.583
9td6zm__4pl2gz,9td6zm,4pl2gz,True,,2,2,0,1.0,0.0,1.0,0.0,1.583
2z9ozp__3ymtdx,2z9ozp,3ymtdx,True,,6,3,2,0.5,0.5,0.30789098143577576,0.6921090185642242,2.330410612437129
3hipje__2egtor,3hipje,2egtor,True,,4,5,0,1.0,0.0,1.0,0.0,1.583
5nt7dd__6n90n8,5nt7dd,6n90n8,True,,1,2,0,1.0,0.0,1.0,0.0,1.583
2ts1jo__279aa4,2ts1jo,279aa4,True,,9,3,0,1.0,0.0,1.0,0.0,1.583
37k22f__73utf9,37k22f,73utf9,True,,3,1,0,1.0,0.0,1.0,0.0,1.583
50j1lc__6ghopz,50j1lc,6ghopz,True,,5,4,0,1.0,0.0,1.0,0.0,1.583
30j89q__1urdwq,30j89q,1urdwq,True,,5,1,0,1.0,0.0,1.0,0.0,1.583
3gwnot__9dm5xv,3gwnot,9dm5xv,True,,8,3,0,1.0,0.0,1.0,0.0,1.583
9e9j61__38u6w3,9e9j61,38u6w3,True,,6,2,1,0.75,0.25,0.19498679041862488,0.8050132095813751,2.385326836428046
6muiqm__97lra6,6muiqm,97lra6,True,,1,1,0,1.0,0.0,1.0,0.0,1.583
7a2kpr__995mkl,7a2kpr,995mkl,True,,2,4,0,1.0,0.0,1.0,0.0,1.583
207vvb__781zak,207vvb,781zak,True,,1,2,0,1.0,0.0,1.0,0.0,1.583
730mf1__9sbbw3,730mf1,9sbbw3,True,,6,10,1,0.875,0.125,0.41567758470773697,0.584322415292263,2.1539612036414444
3g9i51__4vat9u,3g9i51,4vat9u,True,,2,3,0,1.0,0.0,1.0,0.0,1.583
4ac3t6__4mp3xl,4ac3t6,4mp3xl,True,,5,1,0,1.0,0.0,1.0,0.0,1.583
1sjl2f__925rn2,1sjl2f,925rn2,True,,2,2,0,1.0,0.0,1.0,0.0,1.583
4jrscz__9yyet3,4jrscz,9yyet3,True,,2,9,2,0.0,1.0,0.41041553806927467,0.5895844619307253,2.335712928997104
2rxw48__7h09lv,2rxw48,7h09lv,True,,4,1,0,1.0,0.0,1.0,0.0,1.583
98pupx__3rfu5h,98pupx,3rfu5h,True,,6,4,0,1.0,0.0,1.0,0.0,1.583
3rwv15__6tntig,3rwv15,6tntig,True,,5,5,0,1.0,0.0,1.0,0.0,1.583
6uf7ty__65z9qc,6uf7ty,65z9qc,True,,8,8,0,1.0,0.0,1.0,0.0,1.583
344ipb__65d6hz,344ipb,65d6hz,True,,5,3,0,1.0,0.0,1.0,0.0,1.583
33lyu5__9ki50h,33lyu5,9ki50h,True,,2,4,0,1.0,0.0,1.0,0.0,1.583
2vuqa6__7v0a9g,2vuqa6,7v0a9g,True,,1,2,0,1.0,0.0,1.0,0.0,1.583
5j8pl4__42xmgy,5j8pl4,42xmgy,True,,4,4,2,0.4444444444444444,0.5555555555555556,0.31387101113796234,0.6861289888620377,2.3360536404760346
5gvnk8__6wmvdm,5gvnk8,6wmvdm,True,,6,4,0,1.0,0.0,1.0,0.0,1.583
4erpob__6w6pu7,4erpob,6w6pu7,True,,3,5,3,0.18181818181818182,0.8181818181818181,0.39237548721333343,0.6076245127866666,2.3158150779460134
15rvxl__2e0hyb,15rvxl,2e0hyb,True,,2,3,0,1.0,0.0,1.0,0.0,1.583
37fhqm__2v80vz,37fhqm,2v80vz,True,,2,2,1,0.5,0.5,0.48111959360539913,0.5188804063946009,2.1686324115319175
34yj91__9m0o32,34yj91,9m0o32,True,,3,6,1,0.7777777777777778,0.2222222222222222,0.489296100102365,0.510703899897635,2.1048574832255125
26inai__17c0j9,26inai,17c0j9,True,,1,1,0,1.0,0.0,1.0,0.0,1.583
2ipjal__2g3w87,2ipjal,2g3w87,True,,2,3,0,1.0,0.0,1.0,0.0,1.583
3nti0j__4l0h3d,3nti0j,4l0h3d,True,,1,1,0,1.0,0.0,1.0,0.0,1.583
9gfoe6__3j7s5q,9gfoe6,3j7s5q,True,,1,1,0,1.0,0.0,1.0,0.0,1.583
10oua0__2wcu3g,10oua0,2wcu3g,True,,1,2,0,1.0,0.0,1.0,0.0,1.583
3mrsxi__2fh1tj,3mrsxi,2fh1tj,True,,4,8,0,1.0,0.0,1.0,0.0,1.583
2trbm7__4uhxrx,2trbm7,4uhxrx,True,,1,1,0,1.0,0.0,1.0,0.0,1.583
1v6dev__5boq87,1v6dev,5boq87,True,,3,3,0,1.0,0.0,1.0,0.0,1.583
6xvtcj__40jnqf,6xvtcj,40jnqf,True,,2,4,0,1.0,0.0,1.0,0.0,1.583
2lu28k__8lcw67,2lu28k,8lcw67,True,,5,7,0,1.0,0.0,1.0,0.0,1.583
33isuu__583n4e,33isuu,583n4e,True,,6,4,0,1.0,0.0,1.0,0.0,1.583
4gcuc6__zlt0a,4gcuc6,zlt0a,True,,4,3,0,1.0,0.0,1.0,0.0,1.583
3s33k6__4hph3c,3s33k6,4hph3c,True,,1,1,0,1.0,0.0,1.0,0.0,1.583
2l9i8i__6dc5au,2l9i8i,6dc5au,True,,2,4,2,0.2857142857142857,0.7142857142857143,0.40009451657533646,0.5999054834246635,2.287608873827436
j8r6f__8e1sbc,j8r6f,8e1sbc,True,,3,1,0,1.0,0.0,1.0,0.0,1.583
26aywh__4o14ts,26aywh,4o14ts,True,,2,1,0,1.0,0.0,1.0,0.0,1.583
5ga1ng__5fzgcs,5ga1ng,5fzgcs,True,,3,2,0,1.0,0.0,1.0,0.0,1.583
3gf8jp__1scjni,3gf8jp,1scjni,True,,9,3,0,1.0,0.0,1.0,0.0,1.583
4xecr8__4llf7y,4xecr8,4llf7y,True,,6,5,2,0.42857142857142855,0.5714285714285714,0.34171536068121594,0.658284639318784,2.3132577389455267
8ic75t__7y4r2g,8ic75t,7y4r2g,True,,2,6,0,1.0,0.0,1.0,0.0,1.583
2y2ejv__6z7th6,2y2ejv,6z7th6,True,,6,4,0,1.0,0.0,1.0,0.0,1.583
50rq03__2qkn0x,50rq03,2qkn0x,True,,3,1,0,1.0,0.0,1.0,0.0,1.583
35k6uk__20am49,35k6uk,20am49,True,,3,2,0,1.0,0.0,1.0,0.0,1.583
3zcugb__652ik3,3zcugb,652ik3,True,,2,2,0,1.0,0.0,1.0,0.0,1.583
3zcugb__783lq8,3zcugb,783lq8,True,,2,2,0,1.0,0.0,1.0,0.0,1.583
87f8eq__8lfjzs,87f8eq,8lfjzs,True,,2,4,0,1.0,0.0,1.0,0.0,1.583
5ze2b3__9g43yn,5ze2b3,9g43yn,True,,3,4,0,1.0,0.0,1.0,0.0,1.583
1zrakc__94d04s,1zrakc,94d04s,True,,3,5,0,1.0,0.0,1.0,0.0,1.583
2z8ut7__7gtcxd,2z8ut7,7gtcxd,True,,7,2,0,1.0,0.0,1.0,0.0,1.583
2rq7ui__9nqkkv,2rq7ui,9nqkkv,True,,5,4,1,0.7777777777777778,0.2222222222222222,0.3271602988243103,0.6728397011756897,2.2562761080390876
782kni__3tz1to,782kni,3tz1to,True,,14,3,0,1.0,0.0,1.0,0.0,1.583
4llf7y__2z2kug,4llf7y,2z2kug,True,,5,5,3,0.5384615384615384,0.46153846153846156,0.323493055999279,0.676506944000721,2.308066758079196
3l9jr7__3q6e98,3l9jr7,3q6e98,True,,3,2,0,1.0,0.0,1.0,0.0,1.583
24m5oq__hvkv4,24m5oq,hvkv4,True,,1,2,0,1.0,0.0,1.0,0.0,1.583
86iutx__1zf7hz,86iutx,1zf7hz,True,,7,1,0,1.0,0.0,1.0,0.0,1.583
6zuvan__9snvt4,6zuvan,9snvt4,True,,3,5,0,1.0,0.0,1.0,0.0,1.583
1dy3m8__3pa3us,1dy3m8,3pa3us,True,,1,4,0,1.0,0.0,1.0,0.0,1.583
2y0vfm__9igw3c,2y0vfm,9igw3c,True,,11,2,0,1.0,0.0,1.0,0.0,1.583
3mfwd3__6hp5pe,3mfwd3,6hp5pe,True,,5,5,0,1.0,0.0,1.0,0.0,1.583
3jq17j__4x8obh,3jq17j,4x8obh,True,,6,5,0,1.0,0.0,1.0,0.0,1.583
y0i0p__94xwcr,y0i0p,94xwcr,True,,4,6,0,1.0,0.0,1.0,0.0,1.583
9ai9qh__2hoetb,9ai9qh,2hoetb,True,,4,5,0,1.0,0.0,1.0,0.0,1.583
6orsbl__43ruvw,6orsbl,43ruvw,True,,2,3,0,1.0,0.0,1.0,0.0,1.583
2j2h54__byqm7,2j2h54,byqm7,True,,1,3,0,1.0,0.0,1.0,0.0,1.583
2asegm__2rm8f6,2asegm,2rm8f6,True,,5,9,0,1.0,0.0,1.0,0.0,1.583
92mh85__7gpfjz,92mh85,7gpfjz,True,,3,9,0,1.0,0.0,1.0,0.0,1.583
2qvlhc__9cy5hf,2qvlhc,9cy5hf,True,,4,1,0,1.0,0.0,1.0,0.0,1.583
21mnvc__95hrgl,21mnvc,95hrgl,True,,4,5,0,1.0,0.0,1.0,0.0,1.583
8tepou__794fd7,8tepou,794fd7,True,,8,2,2,0.41935483870967744,0.5806451612903225,0.40736780741385054,0.5926321925861495,2.253807591752979
2bd6ab__2x7v83,2bd6ab,2x7v83,True,,2,4,0,1.0,0.0,1.0,0.0,1.583
1eii8f__3pf2yi,1eii8f,3pf2yi,True,,1,1,0,1.0,0.0,1.0,0.0,1.583
5iq7ef__5mv1h5,5iq7ef,5mv1h5,True,,5,2,3,0.17647058823529413,0.8235294117647058,0.44618818163871765,0.5538118183612823,2.2666401512852485
31hhkk__3u8yv2,31hhkk,3u8yv2,True,,3,1,0,1.0,0.0,1.0,0.0,1.583
3bx94x__5mjmh3,3bx94x,5mjmh3,True,,4,1,0,1.0,0.0,1.0,0.0,1.583
3ste8f__2yhppn,3ste8f,2yhppn,True,,1,4,0,1.0,0.0,1.0,0.0,1.583
1urdwq__2fynqy,1urdwq,2fynqy,True,,1,3,0,1.0,0.0,1.0,0.0,1.583
3ly7k9__4mp3xl,3ly7k9,4mp3xl,True,,1,1,0,1.0,0.0,1.0,0.0,1.583
9p4b2l__1apev4,9p4b2l,1apev4,True,,4,6,0,1.0,0.0,1.0,0.0,1.583
87cinr__1ynf75,87cinr,1ynf75,True,,7,4,0,1.0,0.0,1.0,0.0,1.583
70r2kk__39x85v,70r2kk,39x85v,True,,6,10,0,1.0,0.0,1.0,0.0,1.583
15rvxl__1juw4b,15rvxl,1juw4b,True,,2,3,2,0.3333333333333333,0.6666666666666667,0.403585959225893,0.596414040774107,2.2747244060122718
3i5yrq__3go4dv,3i5yrq,3go4dv,True,,1,4,0,1.0,0.0,1.0,0.0,1.583
2rokzf__7dec16,2rokzf,7dec16,True,,5,3,0,1.0,0.0,1.0,0.0,1.583
50rq03__64la9r,50rq03,64la9r,True,,3,2,0,1.0,0.0,1.0,0.0,1.583
286aqt__9c7d7f,286aqt,9c7d7f,True,,3,2,0,1.0,0.0,1.0,0.0,1.583
292658__96stdq,292658,96stdq,True,,3,2,0,1.0,0.0,1.0,0.0,1.583
3ac45f__1p9xrz,3ac45f,1p9xrz,True,,5,5,0,1.0,0.0,1.0,0.0,1.583
1lbb4d__7asmv5,1lbb4d,7asmv5,True,,4,4,3,0.18181818181818182,0.8181818181818181,0.43819287916024524,0.5618071208397548,2.2730262156067926
3n2r2z__6w26un,3n2r2z,6w26un,True,,1,2,0,1.0,0.0,1.0,0.0,1.583
2v594q__7gfhok,2v594q,7gfhok,True,,2,3,2,0.0,1.0,0.28355977435906726,0.7164402256409328,2.4541835267260668
8l326g__8csocd,8l326g,8csocd,True,,2,6,0,1.0,0.0,1.0,0.0,1.583
9au6sj__7c1s88,9au6sj,7c1s88,True,,3,4,0,1.0,0.0,1.0,0.0,1.583
8hu3uw__2nbpyp,8hu3uw,2nbpyp,True,,4,5,1,0.7777777777777778,0.2222222222222222,0.3565370440483093,0.6434629559516907,2.228841165674395
34fman__762mmz,34fman,762mmz,True,,3,2,0,1.0,0.0,1.0,0.0,1.583
33bdis__9mce7u,33bdis,9mce7u,True,,2,4,0,1.0,0.0,1.0,0.0,1.583
2eybjl__5jblt5,2eybjl,5jblt5,True,,5,6,4,0.17647058823529413,0.8235294117647058,0.4305982374935411,0.5694017625064589,2.281199600122429
3qm7ez__2pe67v,3qm7ez,2pe67v,True,,3,4,0,1.0,0.0,1.0,0.0,1.583
115ils__4f7zzx,115ils,4f7zzx,True,,5,2,0,1.0,0.0,1.0,0.0,1.583
tag2s__8ol6if,tag2s,8ol6if,True,,7,4,0,1.0,0.0,1.0,0.0,1.583
999a78__7f1ge7,999a78,7f1ge7,True,,1,5,0,1.0,0.0,1.0,0.0,1.583
877rd6__8vz5z7,877rd6,8vz5z7,True,,2,7,2,0.2631578947368421,0.736842105263158,0.33464173823595045,0.6653582617640496,2.35329387013513
67capb__6v035v,67capb,6v035v,True,,1,1,0,1.0,0.0,1.0,0.0,1.583
5kh5kf__4k0r9i,5kh5kf,4k0r9i,True,,2,4,0,1.0,0.0,1.0,0.0,1.583
8hz4xa__92as36,8hz4xa,92as36,True,,1,2,0,1.0,0.0,1.0,0.0,1.583
4j3g7r__74z50v,4j3g7r,74z50v,True,,2,1,0,1.0,0.0,1.0,0.0,1.583
9y3tzs__6yrft1,9y3tzs,6yrft1,True,,1,4,0,1.0,0.0,1.0,0.0,1.583
4roahj__12aiii,4roahj,12aiii,True,,10,6,2,0.3548387096774194,0.6451612903225806,0.34653184314568836,0.6534681568543117,2.3236610084604354
3iq04d__26voam,3iq04d,26voam,True,,5,3,0,1.0,0.0,1.0,0.0,1.583
3uwn95__2o026b,3uwn95,2o026b,True,,4,3,0,1.0,0.0,1.0,0.0,1.583
9ieu9y__5dnvqu,9ieu9y,5dnvqu,True,,3,3,1,0.2222222222222222,0.7777777777777778,0.3356684297323227,0.6643315702676773,2.3606081423618726
330wg1__3cdbid,330wg1,3cdbid,True,,4,3,0,1.0,0.0,1.0,0.0,1.583
8g45cc__91dhh9,8g45cc,91dhh9,True,,5,3,1,0.75,0.25,0.4146134778857231,0.5853865221142769,2.180217473002523
2sggv8__6z00mf,2sggv8,6z00mf,True,,4,1,0,1.0,0.0,1.0,0.0,1.583
9g9cru__3dg5b8,9g9cru,3dg5b8,True,,3,5,0,1.0,0.0,1.0,0.0,1.583
4a6ebo__8ybd48,4a6ebo,8ybd48,True,,1,1,0,1.0,0.0,1.0,0.0,1.583
92t6xr__8lz6vf,92t6xr,8lz6vf,True,,4,3,0,1.0,0.0,1.0,0.0,1.583
37r52a__3mao95,37r52a,3mao95,True,,3,4,0,1.0,0.0,1.0,0.0,1.583
39ndcm__7axi2n,39ndcm,7axi2n,True,,2,2,0,1.0,0.0,1.0,0.0,1.583
8sctw9__46z3m7,8sctw9,46z3m7,True,,3,5,3,0.07142857142857142,0.9285714285714286,0.44052470475435257,0.5594752952456474,2.2931582639441954
2d1da3__58kn6j,2d1da3,58kn6j,True,,2,2,1,0.5,0.5,0.4627130255103111,0.5372869744896889,2.1858223054759205
8ge2ek__2g3w87,8ge2ek,2g3w87,True,,6,3,0,1.0,0.0,1.0,0.0,1.583
63c7ui__9w867k,63c7ui,9w867k,True,,6,5,0,1.0,0.0,1.0,0.0,1.583
2wpa6u__6igjgl,2wpa6u,6igjgl,True,,3,5,0,1.0,0.0,1.0,0.0,1.583
9q7wkx__629az0,9q7wkx,629az0,True,,4,4,0,1.0,0.0,1.0,0.0,1.583
3927kg__9cpvnj,3927kg,9cpvnj,True,,4,4,0,1.0,0.0,1.0,0.0,1.583
3bwksx__768x1w,3bwksx,768x1w,True,,3,1,0,1.0,0.0,1.0,0.0,1.583
2c67ni__7e8lac,2c67ni,7e8lac,True,,3,2,0,1.0,0.0,1.0,0.0,1.583
36o3q3__2qtzsb,36o3q3,2qtzsb,True,,4,8,0,1.0,0.0,1.0,0.0,1.583
37ug64__5chtd8,37ug64,5chtd8,True,,1,3,0,1.0,0.0,1.0,0.0,1.583
4jly1a__6dn91q,4jly1a,6dn91q,True,,4,4,0,1.0,0.0,1.0,0.0,1.583
2932q1__39voem,2932q1,39voem,True,,5,2,0,1.0,0.0,1.0,0.0,1.583
3qzd4f__36vk3y,3qzd4f,36vk3y,True,,2,6,2,0.2727272727272727,0.7272727272727273,0.34779777626196545,0.6522022237380345,2.3390734749307684
3hw2s6__1w5nm0,3hw2s6,1w5nm0,True,,4,3,0,1.0,0.0,1.0,0.0,1.583
1rwf2n__4ge11v,1rwf2n,4ge11v,True,,4,5,2,0.5,0.5,0.4104849472641945,0.5895150527358055,2.234598107749969
3bf8d4__7c3nfl,3bf8d4,7c3nfl,True,,2,3,2,0.25,0.75,0.3816527836024761,0.6183472163975239,2.3120494653936476
3vygp0__5oddvl,3vygp0,5oddvl,True,,8,5,0,1.0,0.0,1.0,0.0,1.583
7d8ci3__8ezsw9,7d8ci3,8ezsw9,True,,1,7,0,1.0,0.0,1.0,0.0,1.583
5upgp2__2xiu03,5upgp2,2xiu03,True,,1,6,0,1.0,0.0,1.0,0.0,1.583
1lrij7__9g8wmg,1lrij7,9g8wmg,True,,4,1,0,1.0,0.0,1.0,0.0,1.583
3tr5v3__96jzhc,3tr5v3,96jzhc,True,,2,5,0,1.0,0.0,1.0,0.0,1.583
9wus12__jnd3z,9wus12,jnd3z,True,,3,3,0,1.0,0.0,1.0,0.0,1.583
58ln8z__9q71zz,58ln8z,9q71zz,True,,4,1,0,1.0,0.0,1.0,0.0,1.583
9wwyvt__9m0o32,9wwyvt,9m0o32,True,,2,6,0,1.0,0.0,1.0,0.0,1.583
2l53es__3aqyax,2l53es,3aqyax,True,,4,2,0,1.0,0.0,1.0,0.0,1.583
59h492__uo548,59h492,uo548,True,,1,4,0,1.0,0.0,1.0,0.0,1.583
47o6y8__2zllz6,47o6y8,2zllz6,True,,8,2,0,1.0,0.0,1.0,0.0,1.583
361aq8__9mlljg,361aq8,9mlljg,True,,5,4,2,0.3333333333333333,0.6666666666666667,0.3925061821937561,0.6074938178062439,2.2850718097825844
5qmt4v__71lydj,5qmt4v,71lydj,True,,10,3,0,1.0,0.0,1.0,0.0,1.583
2ble54__9rfrbq,2ble54,9rfrbq,True,,6,2,0,1.0,0.0,1.0,0.0,1.583
74i5n8__820qmi,74i5n8,820qmi,True,,6,5,0,1.0,0.0,1.0,0.0,1.583
8t9ma0__4xp95i,8t9ma0,4xp95i,True,,2,5,0,1.0,0.0,1.0,0.0,1.583
2fdrv3__8c38qp,2fdrv3,8c38qp,True,,3,2,0,1.0,0.0,1.0,0.0,1.583
1hge1j__9r2zzp,1hge1j,9r2zzp,True,,2,5,2,0.11764705882352941,0.8823529411764706,0.4250944919884205,0.5749055080115795,2.2982277833437785
3wl600__4eecrm,3wl600,4eecrm,True,,1,3,0,1.0,0.0,1.0,0.0,1.583
6i5sji__74jwyi,6i5sji,74jwyi,True,,2,2,0,1.0,0.0,1.0,0.0,1.583
2aer9v__9h75j7,2aer9v,9h75j7,True,,9,4,0,1.0,0.0,1.0,0.0,1.583
90a5fa__6e0krk,90a5fa,6e0krk,True,,9,3,0,1.0,0.0,1.0,0.0,1.583
7n4bcw__6pbalf,7n4bcw,6pbalf,True,,2,6,0,1.0,0.0,1.0,0.0,1.583
3zt4s6__8jtca0,3zt4s6,8jtca0,True,,6,11,4,0.43478260869565216,0.5652173913043479,0.4243261432275176,0.5756738567724824,2.23485224962243
2kbyqy__2wuv6c,2kbyqy,2wuv6c,True,,7,2,0,1.0,0.0,1.0,0.0,1.583
8ag285__3rm2jy,8ag285,3rm2jy,True,,6,3,0,1.0,0.0,1.0,0.0,1.583
2tv9l4__1hko3z,2tv9l4,1hko3z,True,,6,7,2,0.6428571428571429,0.3571428571428571,0.38173821195960045,0.6182617880403996,2.2325732552795006
3cj447__28g0dn,3cj447,28g0dn,True,,3,2,1,0.6,0.4,0.4345350116491318,0.5654649883508682,2.1919277526208756
2rwmka__8kmo2q,2rwmka,8kmo2q,True,,1,9,1,0.12,0.88,0.42705795479317504,0.572942045206825,2.2959185760186536
30wowr__1tl13z,30wowr,1tl13z,True,,1,4,0,1.0,0.0,1.0,0.0,1.583
3l41zu__5yfvd3,3l41zu,5yfvd3,True,,4,6,1,0.8,0.19999999999999996,0.3529641181230545,0.6470358818769455,2.2276868100848795
281ff4__7gdzj0,281ff4,7gdzj0,True,,4,5,0,1.0,0.0,1.0,0.0,1.583
4nf4fx__2asegm,4nf4fx,2asegm,True,,6,5,0,1.0,0.0,1.0,0.0,1.583
5w8xsu__1o19di,5w8xsu,1o19di,True,,2,3,0,1.0,0.0,1.0,0.0,1.583
3czgxf__1vp6lj,3czgxf,1vp6lj,True,,10,2,0,1.0,0.0,1.0,0.0,1.583
9y33d6__2wa4ho,9y33d6,2wa4ho,True,,3,2,0,1.0,0.0,1.0,0.0,1.583
2sggv8__3yv1k4,2sggv8,3yv1k4,True,,4,3,0,1.0,0.0,1.0,0.0,1.583
3uwaqi__5m4ra5,3uwaqi,5m4ra5,True,,6,3,0,1.0,0.0,1.0,0.0,1.583
3g9i51__3ka1ic,3g9i51,3ka1ic,True,,2,2,0,1.0,0.0,1.0,0.0,1.583
4dz8bp__71icc7,4dz8bp,71icc7,True,,2,2,0,1.0,0.0,1.0,0.0,1.583
3bacnm__9xwfkt,3bacnm,9xwfkt,True,,11,1,0,1.0,0.0,1.0,0.0,1.583
3m492k__3b2sl6,3m492k,3b2sl6,True,,5,10,1,0.8666666666666667,0.1333333333333333,0.43771881237626076,0.5622811876237392,2.1350610677884765
1763d7__2o4ixm,1763d7,2o4ixm,True,,5,2,0,1.0,0.0,1.0,0.0,1.583
55caop__2hl0me,55caop,2hl0me,True,,4,5,0,1.0,0.0,1.0,0.0,1.583
9u0y0n__6q98ru,9u0y0n,6q98ru,True,,1,2,0,1.0,0.0,1.0,0.0,1.583
99z89q__9lf3qo,99z89q,9lf3qo,True,,4,5,0,1.0,0.0,1.0,0.0,1.583
3a3gy9__9l3u0q,3a3gy9,9l3u0q,True,,4,2,0,1.0,0.0,1.0,0.0,1.583
28g4qc__7flgqi,28g4qc,7flgqi,True,,3,2,0,1.0,0.0,1.0,0.0,1.583
4g233s__8wo714,4g233s,8wo714,True,,1,2,0,1.0,0.0,1.0,0.0,1.583
26622t__4bqkog,26622t,4bqkog,True,,7,3,3,0.15789473684210525,0.8421052631578947,0.44189846550580114,0.5581015344941989,2.274400496748343
3n1gax__27eh4c,3n1gax,27eh4c,True,,1,3,0,1.0,0.0,1.0,0.0,1.583
5xo3z1__3r9qbz,5xo3z1,3r9qbz,True,,1,3,0,1.0,0.0,1.0,0.0,1.583
6yo8mt__3gmpu3,6yo8mt,3gmpu3,True,,2,4,0,1.0,0.0,1.0,0.0,1.583
4w2ey8__4patrt,4w2ey8,4patrt,True,,3,2,0,1.0,0.0,1.0,0.0,1.583
2vi5q5__3nb6xg,2vi5q5,3nb6xg,True,,1,8,1,0.7777777777777778,0.2222222222222222,0.26840268075466156,0.7315973192453384,2.311149847554333
9x5gar__2rq7ui,9x5gar,2rq7ui,True,,1,5,0,1.0,0.0,1.0,0.0,1.583
6f9mik__9u8e50,6f9mik,9u8e50,True,,1,9,0,1.0,0.0,1.0,0.0,1.583
9tzb0b__45aupm,9tzb0b,45aupm,True,,6,7,2,0.5,0.5,0.3595377753178279,0.6404622246821721,2.2821776716306807
3jakwo__1y3ej4,3jakwo,1y3ej4,True,,3,2,0,1.0,0.0,1.0,0.0,1.583
9he6t9__74gbs9,9he6t9,74gbs9,True,,9,8,0,1.0,0.0,1.0,0.0,1.583
3thq96__3dujnp,3thq96,3dujnp,True,,6,5,0,1.0,0.0,1.0,0.0,1.583
28xva1__3gtztm,28xva1,3gtztm,True,,5,6,4,0.42857142857142855,0.5714285714285714,0.3871935710310936,0.6128064289689064,2.2707856382997758
3j8e0o__773ik4,3j8e0o,773ik4,True,,3,1,0,1.0,0.0,1.0,0.0,1.583
3s5l2e__3lv3ml,3s5l2e,3lv3ml,True,,4,5,0,1.0,0.0,1.0,0.0,1.583
8szlbk__2x0njf,8szlbk,2x0njf,True,,3,5,0,1.0,0.0,1.0,0.0,1.583
3cdrpo__4sk2m4,3cdrpo,4sk2m4,True,,4,7,0,1.0,0.0,1.0,0.0,1.583
3gdqmo__6cuy9r,3gdqmo,6cuy9r,True,,7,1,0,1.0,0.0,1.0,0.0,1.583
46z3m7__2aenwe,46z3m7,2aenwe,True,,5,2,0,1.0,0.0,1.0,0.0,1.583
3zcugb__8mg976,3zcugb,8mg976,True,,2,8,0,1.0,0.0,1.0,0.0,1.583
5qe2wo__7dfjrp,5qe2wo,7dfjrp,True,,3,10,0,1.0,0.0,1.0,0.0,1.583
9hls5y__35k0k9,9hls5y,35k0k9,True,,4,1,0,1.0,0.0,1.0,0.0,1.583
7f6i87__6tyozg,7f6i87,6tyozg,True,,9,2,1,0.6666666666666666,0.33333333333333337,0.4313134700059891,0.5686865299940109,2.181463017028073
2sfx5r__3mbwxj,2sfx5r,3mbwxj,True,,4,4,0,1.0,0.0,1.0,0.0,1.583
3b9ioi__72ht8m,3b9ioi,72ht8m,True,,1,3,0,1.0,0.0,1.0,0.0,1.583
9rrz1p__5rprxs,9rrz1p,5rprxs,True,,8,3,0,1.0,0.0,1.0,0.0,1.583
3ka40v__74yb1r,3ka40v,74yb1r,True,,3,2,0,1.0,0.0,1.0,0.0,1.583
3q0eze__71vjhq,3q0eze,71vjhq,True,,5,5,1,0.8,0.19999999999999996,0.33603711426258087,0.6639628857374191,2.2434949389901755
5z5dbn__9eht55,5z5dbn,9eht55,True,,7,1,0,1.0,0.0,1.0,0.0,1.583
8k8qda__9qb8l1,8k8qda,9qb8l1,True,,8,3,2,0.29411764705882354,0.7058823529411764,0.36782769579440355,0.6321723042055964,2.3160445384270183
3p8sdz__59dwz2,3p8sdz,59dwz2,True,,4,4,0,1.0,0.0,1.0,0.0,1.583
33xs6a__16axa6,33xs6a,16axa6,True,,2,3,0,1.0,0.0,1.0,0.0,1.583
9z3d2z__2thezp,9z3d2z,2thezp,True,,4,9,2,0.5,0.5,0.36383964618047077,0.6361603538195293,2.2781601544320584
30j89q__17c0j9,30j89q,17c0j9,True,,5,1,0,1.0,0.0,1.0,0.0,1.583
4pitik__7fudx8,4pitik,7fudx8,True,,2,6,0,1.0,0.0,1.0,0.0,1.583
3oldln__9sonfi,3oldln,9sonfi,True,,5,1,0,1.0,0.0,1.0,0.0,1.583
3slbju__8mb8yr,3slbju,8mb8yr,True,,3,4,0,1.0,0.0,1.0,0.0,1.583
976c1v__8pge5c,976c1v,8pge5c,True,,1,7,1,0.75,0.25,0.35095004737377167,0.6490499526262283,2.2396727507576344
3ohnx8__3dpbbc,3ohnx8,3dpbbc,True,,3,5,0,1.0,0.0,1.0,0.0,1.583
3bu8bm__4j09vw,3bu8bm,4j09vw,True,,4,3,2,0.375,0.625,0.38179539795964956,0.6182046020403504,2.2866537778454834
118c4z__9khkti,118c4z,9khkti,True,,3,2,0,1.0,0.0,1.0,0.0,1.583
39xm8q__6ttjmi,39xm8q,6ttjmi,True,,3,2,0,1.0,0.0,1.0,0.0,1.583
4cxmfl__4wjk6f,4cxmfl,4wjk6f,True,,3,2,0,1.0,0.0,1.0,0.0,1.583
3h3n8c__5cu2au,3h3n8c,5cu2au,True,,1,4,0,1.0,0.0,1.0,0.0,1.583
9mkft9__79hqj4,9mkft9,79hqj4,True,,4,2,0,1.0,0.0,1.0,0.0,1.583
3qjotl__6jamp2,3qjotl,6jamp2,True,,2,2,0,1.0,0.0,1.0,0.0,1.583
38tnv3__761nfe,38tnv3,761nfe,True,,1,4,0,1.0,0.0,1.0,0.0,1.583
9hb224__1kvkst,9hb224,1kvkst,True,,2,3,0,1.0,0.0,1.0,0.0,1.583
8igs6k__537hkt,8igs6k,537hkt,True,,2,4,1,0.6666666666666666,0.33333333333333337,0.33060914278030396,0.669390857219696,2.2755107882241408
92c8ys__2pq65b,92c8ys,2pq65b,True,,7,3,0,1.0,0.0,1.0,0.0,1.583
135o9l__2kmjdu,135o9l,2kmjdu,True,,4,3,0,1.0,0.0,1.0,0.0,1.583
8vo4kx__3iziu2,8vo4kx,3iziu2,True,,3,4,0,1.0,0.0,1.0,0.0,1.583
8lv561__3s5jsu,8lv561,3s5jsu,True,,2,3,0,1.0,0.0,1.0,0.0,1.583
3mekur__25nis0,3mekur,25nis0,True,,2,4,0,1.0,0.0,1.0,0.0,1.583
2ryogr__99z89q,2ryogr,99z89q,True,,4,4,1,0.75,0.25,0.2823275327682495,0.7176724672317505,2.3037593171477315
49b36r__qaok7,49b36r,qaok7,True,,6,2,2,0.4444444444444444,0.5555555555555556,0.34547972679138184,0.6545202732086182,2.306534260927306
2t69u1__9fn4bl,2t69u1,9fn4bl,True,,3,4,1,0.7142857142857143,0.2857142857142857,0.3113425523042679,0.6886574476957321,2.2838800475459013
987ndd__9iduk1,987ndd,9iduk1,True,,2,3,0,1.0,0.0,1.0,0.0,1.583
8ikct0__2lwplk,8ikct0,2lwplk,True,,8,6,0,1.0,0.0,1.0,0.0,1.583
3kq8kd__3j0ezc,3kq8kd,3j0ezc,True,,7,1,0,1.0,0.0,1.0,0.0,1.583
2gw1y6__3reprk,2gw1y6,3reprk,True,,3,4,0,1.0,0.0,1.0,0.0,1.583
xr6oh__9jp09o,xr6oh,9jp09o,True,,5,2,0,1.0,0.0,1.0,0.0,1.583
35t1xv__205p3n,35t1xv,205p3n,True,,3,4,0,1.0,0.0,1.0,0.0,1.583
3jaewk__2hafga,3jaewk,2hafga,True,,2,6,1,0.75,0.25,0.2725234478712082,0.7274765521287918,2.3129153520330785
8zf6oo__9r504l,8zf6oo,9r504l,True,,2,3,0,1.0,0.0,1.0,0.0,1.583
896u9w__7g219e,896u9w,7g219e,True,,5,3,1,0.75,0.25,0.13640135526657104,0.863598644733429,2.440039774316549
2rdcx2__2e327m,2rdcx2,2e327m,True,,5,2,0,1.0,0.0,1.0,0.0,1.583
6y4xnf__3929s8,6y4xnf,3929s8,True,,4,4,0,1.0,0.0,1.0,0.0,1.583
3b8eha__3iw00w,3b8eha,3iw00w,True,,5,6,0,1.0,0.0,1.0,0.0,1.583
65d6hz__7w537w,65d6hz,7w537w,True,,3,1,0,1.0,0.0,1.0,0.0,1.583
55ax7u__6gg1ug,55ax7u,6gg1ug,True,,1,4,0,1.0,0.0,1.0,0.0,1.583
38rkjw__3fot6u,38rkjw,3fot6u,True,,5,2,0,1.0,0.0,1.0,0.0,1.583
6hfltw__67nu44,6hfltw,67nu44,True,,2,4,0,1.0,0.0,1.0,0.0,1.583
39iaxb__92yfkp,39iaxb,92yfkp,True,,2,1,0,1.0,0.0,1.0,0.0,1.583
26mg30__57n5cu,26mg30,57n5cu,True,,3,7,0,1.0,0.0,1.0,0.0,1.583
263xfx__6xvop6,263xfx,6xvop6,True,,3,2,0,1.0,0.0,1.0,0.0,1.583
30fr8y__1ow3o0,30fr8y,1ow3o0,True,,3,4,2,0.2,0.8,0.3945447529355685,0.6054552470644314,2.3101146552334724
6p0cpn__6yajjk,6p0cpn,6yajjk,True,,7,10,0,1.0,0.0,1.0,0.0,1.583
78r7oz__7febu9,78r7oz,7febu9,True,,1,4,0,1.0,0.0,1.0,0.0,1.583
2ywzst__6pbalf,2ywzst,6pbalf,True,,7,6,0,1.0,0.0,1.0,0.0,1.583
3plty3__6fs9sg,3plty3,6fs9sg,True,,1,5,0,1.0,0.0,1.0,0.0,1.583
4o14ts__5nmzm9,4o14ts,5nmzm9,True,,1,3,0,1.0,0.0,1.0,0.0,1.583
4z109k__49tqau,4z109k,49tqau,True,,5,1,0,1.0,0.0,1.0,0.0,1.583
9l331n__6w73gt,9l331n,6w73gt,True,,2,2,0,1.0,0.0,1.0,0.0,1.583
2szp2c__59h492,2szp2c,59h492,True,,1,1,0,1.0,0.0,1.0,0.0,1.583
3jjkms__2zqh21,3jjkms,2zqh21,True,,9,5,0,1.0,0.0,1.0,0.0,1.583
15vqyq__85yn4f,15vqyq,85yn4f,True,,2,3,0,1.0,0.0,1.0,0.0,1.583
5omz1r__2rb9lm,5omz1r,2rb9lm,True,,2,4,0,1.0,0.0,1.0,0.0,1.583
3i5yrq__2b3me6,3i5yrq,2b3me6,True,,1,8,0,1.0,0.0,1.0,0.0,1.583
8m49r2__2hagxr,8m49r2,2hagxr,True,,1,4,0,1.0,0.0,1.0,0.0,1.583
2s9y5t__3q6e98,2s9y5t,3q6e98,True,,8,2,0,1.0,0.0,1.0,0.0,1.583
5h72d8__3e6fbp,5h72d8,3e6fbp,True,,2,3,0,1.0,0.0,1.0,0.0,1.583
92gnv3__6ii4hn,92gnv3,6ii4hn,True,,6,3,0,1.0,0.0,1.0,0.0,1.583
3tb56y__4jvd0z,3tb56y,4jvd0z,True,,3,2,0,1.0,0.0,1.0,0.0,1.583
33ercf__7qh0z2,33ercf,7qh0z2,True,,1,12,0,1.0,0.0,1.0,0.0,1.583
3b5u8b__8xqwff,3b5u8b,8xqwff,True,,7,2,0,1.0,0.0,1.0,0.0,1.583
60vcsa__87coq2,60vcsa,87coq2,True,,2,3,2,0.0,1.0,0.33063094814618427,0.6693690518538158,2.4102237575262784
2b0lzk__4vpw6e,2b0lzk,4vpw6e,True,,5,6,3,0.35714285714285715,0.6428571428571428,0.4617689661681652,0.5382310338318348,2.215575391066979
1h5dwo__7dji23,1h5dwo,7dji23,True,,1,6,0,1.0,0.0,1.0,0.0,1.583
2uvcdq__1k07af,2uvcdq,1k07af,True,,5,2,0,1.0,0.0,1.0,0.0,1.583
3ab5as__75zru1,3ab5as,75zru1,True,,4,4,0,1.0,0.0,1.0,0.0,1.583
319f2n__722n14,319f2n,722n14,True,,2,3,1,0.6,0.4,0.3299158960580826,0.6700841039419174,2.289631544671357
2hduay__5iy7p1,2hduay,5iy7p1,True,,1,4,0,1.0,0.0,1.0,0.0,1.583
3trvtu__6pr9k3,3trvtu,6pr9k3,True,,4,3,0,1.0,0.0,1.0,0.0,1.583
33qtfb__8erjh5,33qtfb,8erjh5,True,,4,4,1,0.75,0.25,0.219488263130188,0.780511736869812,2.3624449110627173
9x4e6o__7dxj99,9x4e6o,7dxj99,True,,5,5,2,0.5454545454545454,0.4545454545454546,0.31346677243709564,0.6865332275629044,2.3160170175846324
2vyegu__9fn0n0,2vyegu,9fn0n0,True,,3,4,0,1.0,0.0,1.0,0.0,1.583
93bzv7__2q6bdr,93bzv7,2q6bdr,True,,4,2,0,1.0,0.0,1.0,0.0,1.583
5f0l2s__241af1,5f0l2s,241af1,True,,1,4,0,1.0,0.0,1.0,0.0,1.583
9xqdqn__56dmkz,9xqdqn,56dmkz,True,,7,3,0,1.0,0.0,1.0,0.0,1.583
9wp74i__41ghjh,9wp74i,41ghjh,True,,3,3,0,1.0,0.0,1.0,0.0,1.583
2uj6yq__9ua5w2,2uj6yq,9ua5w2,True,,8,3,1,0.8181818181818182,0.18181818181818177,0.38151106238365173,0.6184889376163483,2.1973522733853623
3lye5i__3mlyjm,3lye5i,3mlyjm,True,,8,1,0,1.0,0.0,1.0,0.0,1.583
2nw0yk__8f1bmg,2nw0yk,8f1bmg,True,,1,6,0,1.0,0.0,1.0,0.0,1.583
58rakr__73cu8r,58rakr,73cu8r,True,,2,2,0,1.0,0.0,1.0,0.0,1.583
3bpp25__5yscw5,3bpp25,5yscw5,True,,1,7,0,1.0,0.0,1.0,0.0,1.583
3sa9sl__8wzf5p,3sa9sl,8wzf5p,True,,2,6,0,1.0,0.0,1.0,0.0,1.583
2rb1fh__3sdwxh,2rb1fh,3sdwxh,True,,2,3,1,0.6,0.4,0.41499149799346924,0.5850085020065308,2.210179440023899
4zsplr__18oac9,4zsplr,18oac9,True,,3,1,0,1.0,0.0,1.0,0.0,1.583
8htej3__8jtca0,8htej3,8jtca0,True,,3,11,1,0.8571428571428571,0.1428571428571429,0.37835802882909775,0.6216419711709023,2.1924228654479343
3hvkpb__8zfjqp,3hvkpb,8zfjqp,True,,9,2,0,1.0,0.0,1.0,0.0,1.583
1x261u__8bmnqu,1x261u,8bmnqu,True,,2,1,0,1.0,0.0,1.0,0.0,1.583
334ntb__75s8y1,334ntb,75s8y1,True,,7,6,0,1.0,0.0,1.0,0.0,1.583
4y9m32__6uf31y,4y9m32,6uf31y,True,,2,7,0,1.0,0.0,1.0,0.0,1.583
3irc7v__2q6bdr,3irc7v,2q6bdr,True,,5,2,0,1.0,0.0,1.0,0.0,1.583
13ge7g__7y4r2g,13ge7g,7y4r2g,True,,4,6,0,1.0,0.0,1.0,0.0,1.583
31hj38__1rr9s2,31hj38,1rr9s2,True,,2,4,0,1.0,0.0,1.0,0.0,1.583
2up2sx__9avzfo,2up2sx,9avzfo,True,,7,3,0,1.0,0.0,1.0,0.0,1.583
39voem__2b8jc3,39voem,2b8jc3,True,,2,5,1,0.3076923076923077,0.6923076923076923,0.3863415103405714,0.6136584896594286,2.296011048108325
32vdpi__3bacnm,32vdpi,3bacnm,True,,4,11,0,1.0,0.0,1.0,0.0,1.583
820qmi__6pqc9f,820qmi,6pqc9f,True,,5,8,2,0.6428571428571429,0.3571428571428571,0.4132913053035736,0.5867086946964264,2.203105821405564
3g8jp1__2jwrj2,3g8jp1,2jwrj2,True,,1,3,0,1.0,0.0,1.0,0.0,1.583
2uw5dp__3ddxpi,2uw5dp,3ddxpi,True,,5,5,0,1.0,0.0,1.0,0.0,1.583
2bfbvo__6taznw,2bfbvo,6taznw,True,,4,6,0,1.0,0.0,1.0,0.0,1.583
8u3h8l__34sk59,8u3h8l,34sk59,True,,2,2,0,1.0,0.0,1.0,0.0,1.583
38hmg6__8kolmj,38hmg6,8kolmj,True,,4,6,0,1.0,0.0,1.0,0.0,1.583
37zp8t__19bxe8,37zp8t,19bxe8,True,,3,3,0,1.0,0.0,1.0,0.0,1.583
3a2e33__9lf0gt,3a2e33,9lf0gt,True,,3,3,0,1.0,0.0,1.0,0.0,1.583
8teowp__9p5od2,8teowp,9p5od2,True,,4,2,0,1.0,0.0,1.0,0.0,1.583
3xuyfg__3d3lsu,3xuyfg,3d3lsu,True,,2,8,1,0.2,0.8,0.3923623517155647,0.6076376482844352,2.312152799732834
50kxok__9re5w9,50kxok,9re5w9,True,,4,1,0,1.0,0.0,1.0,0.0,1.583
344p54__89kk4t,344p54,89kk4t,True,,3,8,0,1.0,0.0,1.0,0.0,1.583
5dhie1__9xyp21,5dhie1,9xyp21,True,,5,3,0,1.0,0.0,1.0,0.0,1.583
4y9m32__2x35k5,4y9m32,2x35k5,True,,2,3,1,0.6,0.4,0.4231804683804512,0.5768195316195488,2.2025317605794967
2azplx__3xnyqw,2azplx,3xnyqw,True,,2,1,0,1.0,0.0,1.0,0.0,1.583
37m5w9__7bmle4,37m5w9,7bmle4,True,,5,7,3,0.4666666666666667,0.5333333333333333,0.38454047590494156,0.6154595240950584,2.2655643162190415
5yazdp__1lk59u,5yazdp,1lk59u,True,,4,8,0,1.0,0.0,1.0,0.0,1.583
73d411__3tz1to,73d411,3tz1to,True,,4,3,1,0.7142857142857143,0.2857142857142857,0.43670060485601425,0.5632993951439857,2.1668081622678255
3dujnp__71a6xx,3dujnp,71a6xx,True,,5,4,3,0.25,0.75,0.38894351820151013,0.6110564817984898,2.3052406483516097
4r11gj__3bx94x,4r11gj,3bx94x,True,,6,4,0,1.0,0.0,1.0,0.0,1.583
9nnnew__1ickyq,9nnnew,1ickyq,True,,5,3,0,1.0,0.0,1.0,0.0,1.583
3bd26w__99u2wv,3bd26w,99u2wv,True,,7,2,0,1.0,0.0,1.0,0.0,1.583
2zqxyb__3spsmc,2zqxyb,3spsmc,True,,2,9,0,1.0,0.0,1.0,0.0,1.583
57up9v__794xuo,57up9v,794xuo,True,,4,2,0,1.0,0.0,1.0,0.0,1.583
58wbmj__7d0qnd,58wbmj,7d0qnd,True,,4,3,0,1.0,0.0,1.0,0.0,1.583
34qay8__2x35k5,34qay8,2x35k5,True,,2,3,0,1.0,0.0,1.0,0.0,1.583
1p4zu4__71tzev,1p4zu4,71tzev,True,,3,1,0,1.0,0.0,1.0,0.0,1.583
27u9a7__5jhtjk,27u9a7,5jhtjk,True,,2,3,0,1.0,0.0,1.0,0.0,1.583
8tx8q2__2lori9,8tx8q2,2lori9,True,,3,3,2,0.2857142857142857,0.7142857142857143,0.4417436607182026,0.5582563392817974,2.2487127381124132
4jj4xb__2g3w87,4jj4xb,2g3w87,True,,4,3,0,1.0,0.0,1.0,0.0,1.583
2l1o25__78sx5h,2l1o25,78sx5h,True,,3,2,0,1.0,0.0,1.0,0.0,1.583
6u9y6v__2uqfeb,6u9y6v,2uqfeb,True,,4,2,1,0.6666666666666666,0.33333333333333337,0.36257433891296387,0.6374256610870361,2.2456584915558495
4bfsjj__1i1pzw,4bfsjj,1i1pzw,True,,4,1,0,1.0,0.0,1.0,0.0,1.583
5d6v5r__718hkr,5d6v5r,718hkr,True,,4,2,1,0.6666666666666666,0.33333333333333337,0.21777227520942688,0.7822277247905731,2.3808891388485827
6h9vkl__6hia04,6h9vkl,6hia04,True,,2,2,0,1.0,0.0,1.0,0.0,1.583
3pa3us__9rckxp,3pa3us,9rckxp,True,,4,3,0,1.0,0.0,1.0,0.0,1.583
8vs95v__30e0k4,8vs95v,30e0k4,True,,2,1,0,1.0,0.0,1.0,0.0,1.583
2f4lal__2zmin8,2f4lal,2zmin8,True,,4,6,0,1.0,0.0,1.0,0.0,1.583
3wyruy__1elmr1,3wyruy,1elmr1,True,,9,1,0,1.0,0.0,1.0,0.0,1.583
3rlx0o__1zr9bd,3rlx0o,1zr9bd,True,,10,2,0,1.0,0.0,1.0,0.0,1.583
1aevii__4qb2ie,1aevii,4qb2ie,True,,4,1,0,1.0,0.0,1.0,0.0,1.583
31gaog__1f0upk,31gaog,1f0upk,True,,1,2,0,1.0,0.0,1.0,0.0,1.583
56l0kx__97qwul,56l0kx,97qwul,True,,1,3,0,1.0,0.0,1.0,0.0,1.583
13sdgj__8lkrv8,13sdgj,8lkrv8,True,,3,4,0,1.0,0.0,1.0,0.0,1.583
3tg9d6__2g30v8,3tg9d6,2g30v8,True,,6,4,0,1.0,0.0,1.0,0.0,1.583
8jpmx0__8rrncl,8jpmx0,8rrncl,True,,2,2,0,1.0,0.0,1.0,0.0,1.583
30ttev__3awu78,30ttev,3awu78,True,,4,5,2,0.5,0.5,0.41337218321859837,0.5866278167814016,2.2319017180921508
2renbq__9oi7zm,2renbq,9oi7zm,True,,1,5,0,1.0,0.0,1.0,0.0,1.583
3wr9t6__91p9tw,3wr9t6,91p9tw,True,,4,4,0,1.0,0.0,1.0,0.0,1.583
2z56c8__9fi7jw,2z56c8,9fi7jw,True,,5,1,0,1.0,0.0,1.0,0.0,1.583
58xto9__39iaxb,58xto9,39iaxb,True,,7,2,0,1.0,0.0,1.0,0.0,1.583
31nkew__8ml0wk,31nkew,8ml0wk,True,,2,8,0,1.0,0.0,1.0,0.0,1.583
3lih95__3lbyyw,3lih95,3lbyyw,True,,2,5,0,1.0,0.0,1.0,0.0,1.583
2fhypp__5omz1r,2fhypp,5omz1r,True,,5,2,0,1.0,0.0,1.0,0.0,1.583
pkubw__6pbalf,pkubw,6pbalf,True,,2,6,0,1.0,0.0,1.0,0.0,1.583
44pdt4__3o8dix,44pdt4,3o8dix,True,,1,1,0,1.0,0.0,1.0,0.0,1.583
3mvzcg__1uaj9c,3mvzcg,1uaj9c,True,,4,7,0,1.0,0.0,1.0,0.0,1.583
2twdpu__68fo8s,2twdpu,68fo8s,True,,7,2,0,1.0,0.0,1.0,0.0,1.583
3am0dm__8bdke8,3am0dm,8bdke8,True,,3,3,0,1.0,0.0,1.0,0.0,1.583
32mgmz__508shp,32mgmz,508shp,True,,4,2,0,1.0,0.0,1.0,0.0,1.583
330wg1__2t442r,330wg1,2t442r,True,,4,3,0,1.0,0.0,1.0,0.0,1.583
7afjk2__7dufmn,7afjk2,7dufmn,True,,6,5,0,1.0,0.0,1.0,0.0,1.583
3krfdy__9xuf51,3krfdy,9xuf51,True,,4,13,0,1.0,0.0,1.0,0.0,1.583
2tc6w7__79bw0n,2tc6w7,79bw0n,True,,4,2,0,1.0,0.0,1.0,0.0,1.583
46c8w4__3nkx29,46c8w4,3nkx29,True,,9,7,3,0.17256637168141592,0.8274336283185841,0.4802933512477293,0.5197066487522707,2.2355783755529313
5nk99r__6m2npm,5nk99r,6m2npm,True,,3,5,2,0.5555555555555556,0.4444444444444444,0.42356988042593,0.57643011957407,2.211150310892446
7h1w14__4f3umr,7h1w14,4f3umr,True,,3,1,0,1.0,0.0,1.0,0.0,1.583
9u0ond__3s1jo6,9u0ond,3s1jo6,True,,8,6,0,1.0,0.0,1.0,0.0,1.583
3sa9sl__2jq30w,3sa9sl,2jq30w,True,,2,1,0,1.0,0.0,1.0,0.0,1.583
3yv7bv__6e1xn3,3yv7bv,6e1xn3,True,,4,6,2,0.16,0.84,0.4339728963871797,0.5660271036128204,2.281376712064013
3shc84__288oa6,3shc84,288oa6,True,,4,3,0,1.0,0.0,1.0,0.0,1.583
6xo27q__6n6xu8,6xo27q,6n6xu8,True,,6,7,3,0.4375,0.5625,0.43351918707291287,0.5664808129270871,2.2257176811926067
byqmn__3g1es3,byqmn,3g1es3,True,,4,8,0,1.0,0.0,1.0,0.0,1.583
1tbdpg__5id6gg,1tbdpg,5id6gg,True,,4,2,0,1.0,0.0,1.0,0.0,1.583
8hk9lp__7f54qt,8hk9lp,7f54qt,True,,3,1,0,1.0,0.0,1.0,0.0,1.583
3utfcc__78qbst,3utfcc,78qbst,True,,1,10,0,1.0,0.0,1.0,0.0,1.583
4wc0if__4tyhy1,4wc0if,4tyhy1,True,,2,4,0,1.0,0.0,1.0,0.0,1.583
68mv2n__6z7th6,68mv2n,6z7th6,True,,4,4,0,1.0,0.0,1.0,0.0,1.583
29d1oq__2rcfjo,29d1oq,2rcfjo,True,,1,2,0,1.0,0.0,1.0,0.0,1.583
36dd79__2yhr33,36dd79,2yhr33,True,,1,3,1,0.2,0.8,0.4354386741761118,0.5645613258238882,2.2719238221869293
4q7bbm__3slygn,4q7bbm,3slygn,True,,6,1,1,0.7142857142857143,0.2857142857142857,0.377291776239872,0.622708223760128,2.2222900673124406
4gik9o__1i4kar,4gik9o,1i4kar,True,,1,7,0,1.0,0.0,1.0,0.0,1.583
97ug48__6odfwt,97ug48,6odfwt,True,,1,2,1,0.0,1.0,0.4284590035676956,0.5715409964323044,2.318862136568129
7eos5h__uofg9,7eos5h,uofg9,True,,1,2,0,1.0,0.0,1.0,0.0,1.583
40sodz__2lefa1,40sodz,2lefa1,True,,14,1,1,0.8666666666666667,0.1333333333333333,0.46585530042648315,0.5341446995735168,2.108784401598374
1cde9k__394m5v,1cde9k,394m5v,True,,6,4,1,0.6363636363636364,0.36363636363636365,0.275627076625824,0.724372923374176,2.3329827822300517
6iaas5__6iwgvw,6iaas5,6iwgvw,True,,5,3,0,1.0,0.0,1.0,0.0,1.583
3apwzt__3dcd54,3apwzt,3dcd54,True,,4,3,0,1.0,0.0,1.0,0.0,1.583
9wvrl7__500y3s,9wvrl7,500y3s,True,,4,3,0,1.0,0.0,1.0,0.0,1.583
1ac7q4__6ecb9i,1ac7q4,6ecb9i,True,,3,2,0,1.0,0.0,1.0,0.0,1.583
30j89q__4ccago,30j89q,4ccago,True,,5,5,0,1.0,0.0,1.0,0.0,1.583
1lr6sq__91585d,1lr6sq,91585d,True,,3,7,3,0.0,1.0,0.4651305252420051,0.534869474757995,2.2846146024764913
4llf7y__2uze33,4llf7y,2uze33,True,,5,5,1,0.6363636363636364,0.36363636363636365,0.39724869281053543,0.6027513071894646,2.21940035487515
5bi617__zi585,5bi617,zi585,True,,3,5,0,1.0,0.0,1.0,0.0,1.583
5yh38i__5lq6b5,5yh38i,5lq6b5,True,,6,8,0,1.0,0.0,1.0,0.0,1.583
326ad6__3mekur,326ad6,3mekur,True,,4,2,0,1.0,0.0,1.0,0.0,1.583
4kjjtx__3gcmp5,4kjjtx,3gcmp5,True,,6,4,2,0.5454545454545454,0.4545454545454546,0.36825059726834297,0.631749402731657,2.2648544035747307
1fc6uy__6pqc9f,1fc6uy,6pqc9f,True,,9,8,7,0.23684210526315788,0.7631578947368421,0.3671182074717113,0.6328817925282887,2.3282825165684846
8g3mek__5j4wel,8g3mek,5j4wel,True,,2,1,0,1.0,0.0,1.0,0.0,1.583
730mf1__8zfjqp,730mf1,8zfjqp,True,,6,2,0,1.0,0.0,1.0,0.0,1.583
4vrg7l__34mvcm,4vrg7l,34mvcm,True,,4,3,0,1.0,0.0,1.0,0.0,1.583
2mx648__9y8v4s,2mx648,9y8v4s,True,,2,5,2,0.5,0.5,0.26047931611537933,0.7395206838846207,2.3746883666798473
9asf8r__uofg9,9asf8r,uofg9,True,,5,2,0,1.0,0.0,1.0,0.0,1.583
2t8qgr__200drh,2t8qgr,200drh,True,,2,10,0,1.0,0.0,1.0,0.0,1.583
3gn2q2__74zmvi,3gn2q2,74zmvi,True,,7,5,0,1.0,0.0,1.0,0.0,1.583
2zbnif__6v6pdc,2zbnif,6v6pdc,True,,3,2,0,1.0,0.0,1.0,0.0,1.583
88nj5s__3azsba,88nj5s,3azsba,True,,4,1,0,1.0,0.0,1.0,0.0,1.583
3e10wt__6w8erv,3e10wt,6w8erv,True,,2,6,0,1.0,0.0,1.0,0.0,1.583
36cbov__365rsz,36cbov,365rsz,True,,8,2,0,1.0,0.0,1.0,0.0,1.583
4fk05t__6z42z3,4fk05t,6z42z3,True,,10,1,0,1.0,0.0,1.0,0.0,1.583
8y7scs__379o5c,8y7scs,379o5c,True,,6,8,5,0.2916666666666667,0.7083333333333333,0.37788984924554825,0.6221101507544518,2.307142836456249
2uqrrp__4r11gj,2uqrrp,4r11gj,True,,4,6,1,0.4375,0.5625,0.36062851920723915,0.6393714807927608,2.293790275912359
4sk860__4ebjlr,4sk860,4ebjlr,True,,3,7,3,0.04,0.96,0.3794211621085803,0.6205788378914197,2.3565745767067967
369ecr__9jls44,369ecr,9jls44,True,,3,2,0,1.0,0.0,1.0,0.0,1.583
1rr9s2__94g1p3,1rr9s2,94g1p3,True,,4,2,0,1.0,0.0,1.0,0.0,1.583
4lae1y__4kme0k,4lae1y,4kme0k,True,,6,4,0,1.0,0.0,1.0,0.0,1.583
330wg1__96jzhc,330wg1,96jzhc,True,,4,5,1,0.6,0.4,0.3851745091378689,0.6148254908621311,2.2380255259161443
2v64vv__73jobp,2v64vv,73jobp,True,,4,2,1,0.6666666666666666,0.33333333333333337,0.4499334879219532,0.5500665120780468,2.1640737822963545
2r6fm1__35vr6t,2r6fm1,35vr6t,True,,3,2,0,1.0,0.0,1.0,0.0,1.583
3tb56y__3b7dim,3tb56y,3b7dim,True,,3,7,2,0.6363636363636364,0.36363636363636365,0.37637658789753914,0.6236234121024609,2.238892813653397
213blp__6q98ru,213blp,6q98ru,True,,3,2,0,1.0,0.0,1.0,0.0,1.583
2tvbsy__2lori9,2tvbsy,2lori9,True,,3,3,0,1.0,0.0,1.0,0.0,1.583
74z8at__8tz7o9,74z8at,8tz7o9,True,,5,4,0,1.0,0.0,1.0,0.0,1.583
3aggem__3xnyqw,3aggem,3xnyqw,True,,2,1,0,1.0,0.0,1.0,0.0,1.583
1l2ils__9m3hwt,1l2ils,9m3hwt,True,,4,3,1,0.7142857142857143,0.2857142857142857,0.3656758815050125,0.6343241184949875,2.233138151405326
59j7kc__6ii4hn,59j7kc,6ii4hn,True,,5,3,0,1.0,0.0,1.0,0.0,1.583
2fdrv3__3ab5as,2fdrv3,3ab5as,True,,3,4,0,1.0,0.0,1.0,0.0,1.583
2b5jwn__32qx6h,2b5jwn,32qx6h,True,,2,4,0,1.0,0.0,1.0,0.0,1.583
1xc389__43s963,1xc389,43s963,True,,2,5,0,1.0,0.0,1.0,0.0,1.583
8dmlxa__27bier,8dmlxa,27bier,True,,1,6,0,1.0,0.0,1.0,0.0,1.583
1agy0c__52iaul,1agy0c,52iaul,True,,2,3,0,1.0,0.0,1.0,0.0,1.583
49tqau__7dpyl7,49tqau,7dpyl7,True,,1,4,0,1.0,0.0,1.0,0.0,1.583
4mlzg4__9g3i8k,4mlzg4,9g3i8k,True,,5,2,0,1.0,0.0,1.0,0.0,1.583
35o5eg__1eitgg,35o5eg,1eitgg,True,,2,1,0,1.0,0.0,1.0,0.0,1.583
333pog__1quwta,333pog,1quwta,True,,3,3,2,0.42857142857142855,0.5714285714285714,0.3439880907535553,0.6560119092464447,2.3111352363309687
2v80vz__762mmz,2v80vz,762mmz,True,,2,2,0,1.0,0.0,1.0,0.0,1.583
3rmutn__6p7qc5,3rmutn,6p7qc5,True,,8,4,0,1.0,0.0,1.0,0.0,1.583
20j41o__2g5fu0,20j41o,2g5fu0,True,,3,1,0,1.0,0.0,1.0,0.0,1.583
96hjk7__1jktkx,96hjk7,1jktkx,True,,4,4,0,1.0,0.0,1.0,0.0,1.583
26xo6z__9eplh4,26xo6z,9eplh4,True,,2,3,0,1.0,0.0,1.0,0.0,1.583
61g8cp__2j8ps8,61g8cp,2j8ps8,True,,4,1,0,1.0,0.0,1.0,0.0,1.583
4gik9o__14jq74,4gik9o,14jq74,True,,1,6,0,1.0,0.0,1.0,0.0,1.583
3bm0d0__4grr42,3bm0d0,4grr42,True,,1,6,1,0.0,1.0,0.41174196141461533,0.5882580385853846,2.3344741822348904
9rxruo__3ka1ic,9rxruo,3ka1ic,True,,8,2,0,1.0,0.0,1.0,0.0,1.583
9hhao7__zb6h7,9hhao7,zb6h7,True,,2,1,0,1.0,0.0,1.0,0.0,1.583
5ehdls__9k3zj1,5ehdls,9k3zj1,True,,2,3,2,0.16666666666666666,0.8333333333333334,0.3678043633699417,0.6321956366300583,2.341824171715478
1ow3o0__2tvkvl,1ow3o0,2tvkvl,True,,4,3,3,0.1,0.9,0.3260938674211502,0.6739061325788498,2.3942509372153875
626bxb__9b96y0,626bxb,9b96y0,True,,2,5,0,1.0,0.0,1.0,0.0,1.583
5pl7ai__9fe2w4,5pl7ai,9fe2w4,True,,1,4,0,1.0,0.0,1.0,0.0,1.583
6us7ot__38oqab,6us7ot,38oqab,True,,3,8,0,1.0,0.0,1.0,0.0,1.583
6dn91q__8o7cco,6dn91q,8o7cco,True,,4,3,1,0.7142857142857143,0.2857142857142857,0.37220215797424316,0.6277978420257568,2.2270432618107114
2lu4ek__4bfpns,2lu4ek,4bfpns,True,,1,6,0,1.0,0.0,1.0,0.0,1.583
4r11gj__4jatke,4r11gj,4jatke,True,,6,2,1,0.75,0.25,0.2588832974433899,0.7411167025566101,2.325653888517618
43p879__7d8ttc,43p879,7d8ttc,True,,6,1,0,1.0,0.0,1.0,0.0,1.583
3gx3l8__9he6t9,3gx3l8,9he6t9,True,,4,9,2,0.3684210526315789,0.631578947368421,0.35604426078498363,0.6439557392150164,2.3120323701160617
2cslz6__157dx1,2cslz6,157dx1,True,,3,4,0,1.0,0.0,1.0,0.0,1.583
3se7um__1g9fgp,3se7um,1g9fgp,True,,4,3,0,1.0,0.0,1.0,0.0,1.583
47o6y8__2hl1ej,47o6y8,2hl1ej,True,,8,9,0,1.0,0.0,1.0,0.0,1.583
3lv13a__1y6kri,3lv13a,1y6kri,True,,3,3,3,0.1111111111111111,0.8888888888888888,0.3918088413774967,0.6081911586225033,2.330634167482
9ssesy__92jpwu,9ssesy,92jpwu,True,,2,2,0,1.0,0.0,1.0,0.0,1.583
3mvzcg__9d2shx,3mvzcg,9d2shx,True,,4,3,0,1.0,0.0,1.0,0.0,1.583
92in9y__26517c,92in9y,26517c,True,,10,7,0,1.0,0.0,1.0,0.0,1.583
93p9k7__3d80pf,93p9k7,3d80pf,True,,7,4,0,1.0,0.0,1.0,0.0,1.583
3ii9o6__2m67x5,3ii9o6,2m67x5,True,,4,4,0,1.0,0.0,1.0,0.0,1.583
2bw7cy__1dge24,2bw7cy,1dge24,True,,4,1,0,1.0,0.0,1.0,0.0,1.583
3bxlyw__2nlvec,3bxlyw,2nlvec,True,,11,6,0,1.0,0.0,1.0,0.0,1.583
53yi05__9usxec,53yi05,9usxec,True,,11,5,0,1.0,0.0,1.0,0.0,1.583
8mztrm__3qbtvn,8mztrm,3qbtvn,True,,2,3,0,1.0,0.0,1.0,0.0,1.583
3rqsrn__t3ht6,3rqsrn,t3ht6,True,,1,2,0,1.0,0.0,1.0,0.0,1.583
97k9fh__6brnud,97k9fh,6brnud,True,,7,2,0,1.0,0.0,1.0,0.0,1.583
9jc678__9gbccl,9jc678,9gbccl,True,,2,8,0,1.0,0.0,1.0,0.0,1.583
8ca4iq__7ha10x,8ca4iq,7ha10x,True,,3,5,2,0.5555555555555556,0.4444444444444444,0.40394682437181473,0.5960531756281853,2.2294762829413846
3wgouq__6kk6fm,3wgouq,6kk6fm,True,,4,6,0,1.0,0.0,1.0,0.0,1.583
1osahi__7gm1xd,1osahi,7gm1xd,True,,7,2,0,1.0,0.0,1.0,0.0,1.583
3rm988__2mfhiq,3rm988,2mfhiq,True,,3,2,0,1.0,0.0,1.0,0.0,1.583
1sev6a__56cshq,1sev6a,56cshq,True,,8,3,0,1.0,0.0,1.0,0.0,1.583
8d62y8__2q6bdr,8d62y8,2q6bdr,True,,5,2,0,1.0,0.0,1.0,0.0,1.583
4zh412__2mrgws,4zh412,2mrgws,True,,3,2,0,1.0,0.0,1.0,0.0,1.583
5i1myr__4o66vx,5i1myr,4o66vx,True,,3,3,0,1.0,0.0,1.0,0.0,1.583
3jmxi9__8c7wq5,3jmxi9,8c7wq5,True,,5,1,0,1.0,0.0,1.0,0.0,1.583
6muiqm__52t2cx,6muiqm,52t2cx,True,,1,8,0,1.0,0.0,1.0,0.0,1.583
2eb47z__4qb2ie,2eb47z,4qb2ie,True,,3,1,0,1.0,0.0,1.0,0.0,1.583
4virgd__7d4sw3,4virgd,7d4sw3,True,,3,2,0,1.0,0.0,1.0,0.0,1.583
319f2n__2vgumz,319f2n,2vgumz,True,,2,6,0,1.0,0.0,1.0,0.0,1.583
45tsq1__6g4632,45tsq1,6g4632,True,,2,1,0,1.0,0.0,1.0,0.0,1.583
13z2e9__96cbcg,13z2e9,96cbcg,True,,4,4,2,0.35714285714285715,0.6428571428571428,0.33379041217267513,0.6662095878273249,2.3350945626433672
9wu6o9__9gc311,9wu6o9,9gc311,True,,1,6,0,1.0,0.0,1.0,0.0,1.583
3zv8bb__3azhsc,3zv8bb,3azhsc,True,,3,3,0,1.0,0.0,1.0,0.0,1.583
5w32k3__70zf60,5w32k3,70zf60,True,,2,1,0,1.0,0.0,1.0,0.0,1.583
3cq0ux__1ynf75,3cq0ux,1ynf75,True,,3,4,0,1.0,0.0,1.0,0.0,1.583
37w8ys__9y8v4s,37w8ys,9y8v4s,True,,6,5,0,1.0,0.0,1.0,0.0,1.583
6fcrm6__21jpga,6fcrm6,21jpga,True,,1,3,0,1.0,0.0,1.0,0.0,1.583
5j9uer__5h1ifq,5j9uer,5h1ifq,True,,7,2,1,0.7777777777777778,0.2222222222222222,0.1139003336429596,0.8860996663570404,2.455439589521951
8o4rhe__8eokl5,8o4rhe,8eokl5,True,,4,2,0,1.0,0.0,1.0,0.0,1.583
37gyxt__47kzfp,37gyxt,47kzfp,True,,3,2,0,1.0,0.0,1.0,0.0,1.583
122hg1__6pruce,122hg1,6pruce,True,,2,3,0,1.0,0.0,1.0,0.0,1.583
2s1lrc__5mzh4m,2s1lrc,5mzh4m,True,,5,3,0,1.0,0.0,1.0,0.0,1.583
1ajynt__9p5od2,1ajynt,9p5od2,True,,4,2,0,1.0,0.0,1.0,0.0,1.583
1cock1__8d6l7x,1cock1,8d6l7x,True,,2,3,0,1.0,0.0,1.0,0.0,1.583
98p6id__9syrzg,98p6id,9syrzg,True,,3,3,0,1.0,0.0,1.0,0.0,1.583
77pan3__8eeyex,77pan3,8eeyex,True,,4,1,0,1.0,0.0,1.0,0.0,1.583
40qr5c__21ooob,40qr5c,21ooob,True,,5,3,0,1.0,0.0,1.0,0.0,1.583
3fh8vx__9cm1xn,3fh8vx,9cm1xn,True,,3,6,0,1.0,0.0,1.0,0.0,1.583
1s1zyu__2kfwyp,1s1zyu,2kfwyp,True,,4,1,1,0.3333333333333333,0.6666666666666667,0.3202293813228607,0.6797706186771393,2.352571114115914
2w5gbx__91585d,2w5gbx,91585d,True,,5,7,0,1.0,0.0,1.0,0.0,1.583
50j1lc__8ikct0,50j1lc,8ikct0,True,,5,8,0,1.0,0.0,1.0,0.0,1.583
6w26un__6dlidz,6w26un,6dlidz,True,,2,2,0,1.0,0.0,1.0,0.0,1.583
5qf8gb__3jkxxj,5qf8gb,3jkxxj,True,,1,3,0,1.0,0.0,1.0,0.0,1.583
2afrgf__5onchv,2afrgf,5onchv,True,,5,10,0,1.0,0.0,1.0,0.0,1.583
35m4x6__99tgpy,35m4x6,99tgpy,True,,2,5,0,1.0,0.0,1.0,0.0,1.583
626bxb__6p8r49,626bxb,6p8r49,True,,2,2,0,1.0,0.0,1.0,0.0,1.583
2s47u5__2l53es,2s47u5,2l53es,True,,3,4,0,1.0,0.0,1.0,0.0,1.583
7i40rq__12aiii,7i40rq,12aiii,True,,4,6,2,0.6363636363636364,0.36363636363636365,0.4480907488614321,0.5519092511385679,2.1719189587292176
9hls5y__4xodef,9hls5y,4xodef,True,,4,1,0,1.0,0.0,1.0,0.0,1.583
878ttc__9alwa4,878ttc,9alwa4,True,,3,4,2,0.375,0.625,0.43567240610718727,0.5643275938928127,2.2363380399364976
2fgnmb__5gxn3r,2fgnmb,5gxn3r,True,,4,6,1,0.8,0.19999999999999996,0.3053859770298004,0.6946140229701996,2.272120036051869
9xvf4a__2hr7ic,9xvf4a,2hr7ic,True,,4,3,0,1.0,0.0,1.0,0.0,1.583
3fbeu4__4gmbc9,3fbeu4,4gmbc9,True,,1,1,0,1.0,0.0,1.0,0.0,1.583
3l8bhh__7f1ge7,3l8bhh,7f1ge7,True,,2,5,0,1.0,0.0,1.0,0.0,1.583
25vs6r__26622t,25vs6r,26622t,True,,2,7,0,1.0,0.0,1.0,0.0,1.583
6bf44f__7f54qt,6bf44f,7f54qt,True,,7,1,0,1.0,0.0,1.0,0.0,1.583
3ekq21__9emwqh,3ekq21,9emwqh,True,,5,6,0,1.0,0.0,1.0,0.0,1.583
877rd6__1j5154,877rd6,1j5154,True,,2,5,0,1.0,0.0,1.0,0.0,1.583
6yvln9__9nc5m1,6yvln9,9nc5m1,True,,6,2,0,1.0,0.0,1.0,0.0,1.583
5joe02__7bjgn3,5joe02,7bjgn3,True,,6,10,6,0.3225806451612903,0.6774193548387097,0.4106477865328391,0.5893522134671609,2.2703024837698846
59fm5k__5ga1ng,59fm5k,5ga1ng,True,,4,3,1,0.5,0.5,0.3139731362462044,0.6860268637537956,2.3247304880596698
4slkkr__91b8rh,4slkkr,91b8rh,True,,6,4,0,1.0,0.0,1.0,0.0,1.583
4w8icy__4u8v3k,4w8icy,4u8v3k,True,,1,1,0,1.0,0.0,1.0,0.0,1.583
31c3yw__1756w4,31c3yw,1756w4,True,,2,5,0,1.0,0.0,1.0,0.0,1.583
2bkbj0__63q7jd,2bkbj0,63q7jd,True,,2,10,0,1.0,0.0,1.0,0.0,1.583
2y0vik__4g4wtc,2y0vik,4g4wtc,True,,1,3,0,1.0,0.0,1.0,0.0,1.583
2gc4xz__3qzndz,2gc4xz,3qzndz,True,,5,2,0,1.0,0.0,1.0,0.0,1.583
3mao95__5s8q5j,3mao95,5s8q5j,True,,4,2,0,1.0,0.0,1.0,0.0,1.583
28r9cz__8hyloi,28r9cz,8hyloi,True,,7,2,0,1.0,0.0,1.0,0.0,1.583
2rokzf__2nftg5,2rokzf,2nftg5,True,,5,4,0,1.0,0.0,1.0,0.0,1.583
3gf9tt__2oo217,3gf9tt,2oo217,True,,2,4,0,1.0,0.0,1.0,0.0,1.583
3grlgb__4ekt7n,3grlgb,4ekt7n,True,,2,3,1,0.6,0.4,0.3463432788848877,0.6536567211151123,2.2742900118494034
2byq9o__465kyx,2byq9o,465kyx,True,,1,8,0,1.0,0.0,1.0,0.0,1.583
2cc9wt__7gp8n1,2cc9wt,7gp8n1,True,,2,4,0,1.0,0.0,1.0,0.0,1.583
319f2n__3nb6xg,319f2n,3nb6xg,True,,2,8,0,1.0,0.0,1.0,0.0,1.583
38mzb3__90twwz,38mzb3,90twwz,True,,1,3,0,1.0,0.0,1.0,0.0,1.583
2ayrka__37czqn,2ayrka,37czqn,True,,1,2,0,1.0,0.0,1.0,0.0,1.583
75jmq3__9qpeqr,75jmq3,9qpeqr,True,,5,3,0,1.0,0.0,1.0,0.0,1.583
98qj16__9a3zz7,98qj16,9a3zz7,True,,6,1,0,1.0,0.0,1.0,0.0,1.583
2bl7cc__2xurfn,2bl7cc,2xurfn,True,,6,3,0,1.0,0.0,1.0,0.0,1.583
37nyeh__8biojf,37nyeh,8biojf,True,,5,1,0,1.0,0.0,1.0,0.0,1.583
7271et__42pjbe,7271et,42pjbe,True,,1,4,0,1.0,0.0,1.0,0.0,1.583
2eb47z__6ts0ip,2eb47z,6ts0ip,True,,3,8,1,0.6666666666666666,0.33333333333333337,0.2598722204566002,0.7401277795433998,2.3415719999822477
3rs4bd__2ws20j,3rs4bd,2ws20j,True,,2,5,0,1.0,0.0,1.0,0.0,1.583
3ksvu5__4wmxok,3ksvu5,4wmxok,True,,2,8,0,1.0,0.0,1.0,0.0,1.583
3lthyy__59j7kc,3lthyy,59j7kc,True,,5,5,1,0.6363636363636364,0.36363636363636365,0.3009425476193428,0.6990574523806572,2.3093406638692047
44c1h5__157dx1,44c1h5,157dx1,True,,3,4,0,1.0,0.0,1.0,0.0,1.583
2o4ixm__3hn8fm,2o4ixm,3hn8fm,True,,2,2,0,1.0,0.0,1.0,0.0,1.583
94aqc6__2bz9sj,94aqc6,2bz9sj,True,,3,3,0,1.0,0.0,1.0,0.0,1.583
6n5fmz__1wymbx,6n5fmz,1wymbx,True,,5,3,0,1.0,0.0,1.0,0.0,1.583
2uw5dp__4xepv9,2uw5dp,4xepv9,True,,5,3,0,1.0,0.0,1.0,0.0,1.583
4f7zzx__73qhpq,4f7zzx,73qhpq,True,,2,4,1,0.08333333333333333,0.9166666666666666,0.36594933457672596,0.634050665423274,2.3603982497721288
3w4qxu__2zyy8b,3w4qxu,2zyy8b,True,,1,3,0,1.0,0.0,1.0,0.0,1.583
1cv23n__87p3ca,1cv23n,87p3ca,True,,6,5,1,0.47058823529411764,0.5294117647058824,0.416550450026989,0.583449549973011,2.234877652366854
94h4c1__30h4rd,94h4c1,30h4rd,True,,3,6,1,0.7777777777777778,0.2222222222222222,0.35550154745578766,0.6444984525442123,2.229808215942151
4qrdv0__6ts0ip,4qrdv0,6ts0ip,True,,1,8,0,1.0,0.0,1.0,0.0,1.583
3ipacg__67ayej,3ipacg,67ayej,True,,6,1,0,1.0,0.0,1.0,0.0,1.583
2f8mdj__1qxc7l,2f8mdj,1qxc7l,True,,2,4,0,1.0,0.0,1.0,0.0,1.583
9ec259__9mjmu0,9ec259,9mjmu0,True,,4,3,4,0.15384615384615385,0.8461538461538461,0.36085887998342514,0.6391411200165749,2.3509015842911714
9wrrek__xxoyg,9wrrek,xxoyg,True,,4,3,0,1.0,0.0,1.0,0.0,1.583
3kjzvf__1ip9ft,3kjzvf,1ip9ft,True,,3,1,1,0.5,0.5,0.3113497793674469,0.6886502206325531,2.3271804410487413
2xqrqw__7bscg4,2xqrqw,7bscg4,True,,6,1,0,1.0,0.0,1.0,0.0,1.583
55hvet__3e1c65,55hvet,3e1c65,True,,2,2,1,0.5,0.5,0.26746824383735657,0.7325317561626434,2.3681614070802928
qajw0__706cn2,qajw0,706cn2,True,,2,4,0,1.0,0.0,1.0,0.0,1.583
465lxy__3pe0tt,465lxy,3pe0tt,True,,6,6,0,1.0,0.0,1.0,0.0,1.583
9ada84__1x2xj2,9ada84,1x2xj2,True,,6,1,1,0.3,0.7,0.3859362577398618,0.6140637422601383,2.2979441288967433
4f9leu__58kn6j,4f9leu,58kn6j,True,,1,2,0,1.0,0.0,1.0,0.0,1.583
8to8xk__9avzfo,8to8xk,9avzfo,True,,3,3,0,1.0,0.0,1.0,0.0,1.583
6ttuob__9j9rzc,6ttuob,9j9rzc,True,,4,5,0,1.0,0.0,1.0,0.0,1.583
9kxk5t__900klp,9kxk5t,900klp,True,,2,5,0,1.0,0.0,1.0,0.0,1.583
2uksga__7304iz,2uksga,7304iz,True,,3,3,1,0.6666666666666666,0.33333333333333337,0.44263850897550583,0.5573614910244942,2.1708865631344416
3l9jr7__91zw9c,3l9jr7,91zw9c,True,,3,3,0,1.0,0.0,1.0,0.0,1.583
2b3qhr__36tj0j,2b3qhr,36tj0j,True,,3,2,0,1.0,0.0,1.0,0.0,1.583
37azai__3dg5b8,37azai,3dg5b8,True,,2,5,1,0.7142857142857143,0.2857142857142857,0.3953798785805702,0.6046201214194298,2.2053975885364627
2ble54__2lwvqg,2ble54,2lwvqg,True,,6,5,2,0.5833333333333334,0.41666666666666663,0.4431081358343363,0.5568918641656637,2.1872896452776467
3dx6ni__3ttqfa,3dx6ni,3ttqfa,True,,2,7,0,1.0,0.0,1.0,0.0,1.583
3vuto4__3rlrrq,3vuto4,3rlrrq,True,,7,9,0,1.0,0.0,1.0,0.0,1.583
8k8r4i__4vrg7l,8k8r4i,4vrg7l,True,,1,4,0,1.0,0.0,1.0,0.0,1.583
3l6ddx__86hdrn,3l6ddx,86hdrn,True,,4,2,0,1.0,0.0,1.0,0.0,1.583
88gqbg__5h8xl3,88gqbg,5h8xl3,True,,2,4,0,1.0,0.0,1.0,0.0,1.583
5iu78y__72o6zo,5iu78y,72o6zo,True,,2,7,0,1.0,0.0,1.0,0.0,1.583
31nkew__8p6w0b,31nkew,8p6w0b,True,,2,7,1,0.7777777777777778,0.2222222222222222,0.27962175011634827,0.7203782498836517,2.3006723586774536
1xeiyg__2cag0r,1xeiyg,2cag0r,True,,5,5,0,1.0,0.0,1.0,0.0,1.583
2bgogc__3artba,2bgogc,3artba,True,,1,6,0,1.0,0.0,1.0,0.0,1.583
3nwroy__9y33d6,3nwroy,9y33d6,True,,6,3,0,1.0,0.0,1.0,0.0,1.583
35abpj__9ozu39,35abpj,9ozu39,True,,9,5,0,1.0,0.0,1.0,0.0,1.583
25nis0__uqlc8,25nis0,uqlc8,True,,4,6,0,1.0,0.0,1.0,0.0,1.583
347o4f__9ap0rq,347o4f,9ap0rq,True,,6,3,2,0.5,0.5,0.40280695352703333,0.5971930464729667,2.2417685861011036
2v6gg5__5qd7bd,2v6gg5,5qd7bd,True,,4,4,0,1.0,0.0,1.0,0.0,1.583
37qqld__3bmpqt,37qqld,3bmpqt,True,,4,5,0,1.0,0.0,1.0,0.0,1.583
25o4ua__8k9b41,25o4ua,8k9b41,True,,2,8,0,1.0,0.0,1.0,0.0,1.583
1hq3d1__5direc,1hq3d1,5direc,True,,4,10,4,0.20689655172413793,0.7931034482758621,0.4540553956758231,0.5459446043241769,2.2531438728749005
8utfze__2ha2ks,8utfze,2ha2ks,True,,4,4,0,1.0,0.0,1.0,0.0,1.583
1756w4__8dbqo5,1756w4,8dbqo5,True,,5,5,1,0.8,0.19999999999999996,0.3721088469028473,0.6278911530971527,2.2098075478774306
8vo4kx__2bjask,8vo4kx,2bjask,True,,3,6,0,1.0,0.0,1.0,0.0,1.583
761nfe__5t3f53,761nfe,5t3f53,True,,4,3,0,1.0,0.0,1.0,0.0,1.583
381k5k__97o5k8,381k5k,97o5k8,True,,2,2,0,1.0,0.0,1.0,0.0,1.583
2xqzxu__838uvv,2xqzxu,838uvv,True,,5,4,0,1.0,0.0,1.0,0.0,1.583
8gbll8__9rj4y8,8gbll8,9rj4y8,True,,4,4,0,1.0,0.0,1.0,0.0,1.583
9km8dp__1nnz9r,9km8dp,1nnz9r,True,,4,4,0,1.0,0.0,1.0,0.0,1.583
1v5g9c__6igpji,1v5g9c,6igpji,True,,3,1,0,1.0,0.0,1.0,0.0,1.583
1eii8f__784yuf,1eii8f,784yuf,True,,1,4,0,1.0,0.0,1.0,0.0,1.583
5sodig__3tmxwp,5sodig,3tmxwp,True,,5,3,0,1.0,0.0,1.0,0.0,1.583
7i1e8q__9gf8kg,7i1e8q,9gf8kg,True,,6,6,1,0.8333333333333334,0.16666666666666663,0.33006635308265686,0.6699336469173431,2.24233436618944
6gjp9c__8twzat,6gjp9c,8twzat,True,,5,5,1,0.8,0.19999999999999996,0.3070760518312454,0.6929239481687546,2.2705416751947998
9ghml2__5n6znk,9ghml2,5n6znk,True,,6,3,2,0.5,0.5,0.2855040207505226,0.7144959792494774,2.351317795021087
34395g__2b5nu8,34395g,2b5nu8,True,,7,4,0,1.0,0.0,1.0,0.0,1.583
2cqsgr__726erp,2cqsgr,726erp,True,,6,2,0,1.0,0.0,1.0,0.0,1.583
4khx8c__93nbdi,4khx8c,93nbdi,True,,3,5,1,0.75,0.25,0.3483946621417999,0.6516053378582001,2.242059225025773
72zdgt__9hmzki,72zdgt,9hmzki,True,,2,8,0,1.0,0.0,1.0,0.0,1.583
2g68ql__9kxluo,2g68ql,9kxluo,True,,8,5,0,1.0,0.0,1.0,0.0,1.583
2shrxr__51vrpp,2shrxr,51vrpp,True,,2,4,0,1.0,0.0,1.0,0.0,1.583
3r7jlv__1ae9mh,3r7jlv,1ae9mh,True,,5,6,0,1.0,0.0,1.0,0.0,1.583
6ny2hi__7gsxqp,6ny2hi,7gsxqp,True,,8,8,4,0.4090909090909091,0.5909090909090908,0.40575179130973993,0.5942482086902601,2.2573911293685613
36fsu5__25o4ua,36fsu5,25o4ua,True,,1,2,0,1.0,0.0,1.0,0.0,1.583
8628eg__8mb8yr,8628eg,8mb8yr,True,,6,4,0,1.0,0.0,1.0,0.0,1.583
31fgjj__3elcii,31fgjj,3elcii,True,,5,2,0,1.0,0.0,1.0,0.0,1.583
11huhu__3rtaam,11huhu,3rtaam,True,,3,2,0,1.0,0.0,1.0,0.0,1.583
6w7mzq__9sspe9,6w7mzq,9sspe9,True,,2,1,1,0.3333333333333333,0.6666666666666667,0.4154757931828499,0.5845242068171501,2.2636204900798695
8k663n__7b8k81,8k663n,7b8k81,True,,5,4,0,1.0,0.0,1.0,0.0,1.583
7bui6b__3al372,7bui6b,3al372,True,,1,7,0,1.0,0.0,1.0,0.0,1.583
8h521m__74r1qc,8h521m,74r1qc,True,,7,2,0,1.0,0.0,1.0,0.0,1.583
4k6jcu__2d1da3,4k6jcu,2d1da3,True,,2,2,0,1.0,0.0,1.0,0.0,1.583
34t5m6__3gixqh,34t5m6,3gixqh,True,,3,1,0,1.0,0.0,1.0,0.0,1.583
3xrp3k__3jk9wh,3xrp3k,3jk9wh,True,,8,3,1,0.8181818181818182,0.18181818181818177,0.22301912307739258,0.7769808769226074,2.3453678955034776
9xvf4a__9r9lh6,9xvf4a,9r9lh6,True,,4,3,0,1.0,0.0,1.0,0.0,1.583
2qkn0x__7coprn,2qkn0x,7coprn,True,,1,1,1,0.0,1.0,0.40256667137145996,0.59743332862854,2.3430429856061936
773qm9__279aa4,773qm9,279aa4,True,,1,3,0,1.0,0.0,1.0,0.0,1.583
5lirqg__6dvnoh,5lirqg,6dvnoh,True,,3,2,1,0.6,0.4,0.43671606481075287,0.5632839351892471,2.1898908670732378
3cp6hd__715zpo,3cp6hd,715zpo,True,,3,6,0,1.0,0.0,1.0,0.0,1.583
2wa4ho__38w7ii,2wa4ho,38w7ii,True,,2,3,0,1.0,0.0,1.0,0.0,1.583
64dfxr__5ce26x,64dfxr,5ce26x,True,,8,4,0,1.0,0.0,1.0,0.0,1.583
5gg2el__4kkk04,5gg2el,4kkk04,True,,3,3,0,1.0,0.0,1.0,0.0,1.583
5as1y1__y6uds,5as1y1,y6uds,True,,3,3,2,0.2857142857142857,0.7142857142857143,0.39402237348258495,0.605977626517415,2.293279648261757
4ybtef__33z83p,4ybtef,33z83p,True,,5,4,0,1.0,0.0,1.0,0.0,1.583
1hartx__7mm8f4,1hartx,7mm8f4,True,,6,4,0,1.0,0.0,1.0,0.0,1.583
3fpv0v__24m5oq,3fpv0v,24m5oq,True,,1,1,0,1.0,0.0,1.0,0.0,1.583
39gwsg__4cxmfl,39gwsg,4cxmfl,True,,9,3,0,1.0,0.0,1.0,0.0,1.583
4t4l7n__7g12gi,4t4l7n,7g12gi,True,,8,5,0,1.0,0.0,1.0,0.0,1.583
3q8tsi__7dpyl7,3q8tsi,7dpyl7,True,,2,4,0,1.0,0.0,1.0,0.0,1.583
3dd22t__77w786,3dd22t,77w786,True,,6,3,0,1.0,0.0,1.0,0.0,1.583
3l8n68__2prz7e,3l8n68,2prz7e,True,,1,2,0,1.0,0.0,1.0,0.0,1.583
9e7gqt__79bha4,9e7gqt,79bha4,True,,11,5,0,1.0,0.0,1.0,0.0,1.583
365dsl__9qyplw,365dsl,9qyplw,True,,4,5,3,0.25,0.75,0.3821380287408829,0.6178619712591171,2.3115962949588895
1km7lv__39w11r,1km7lv,39w11r,True,,1,3,0,1.0,0.0,1.0,0.0,1.583
5z21yv__8oidt5,5z21yv,8oidt5,True,,4,7,0,1.0,0.0,1.0,0.0,1.583
4gl0hg__94h4c1,4gl0hg,94h4c1,True,,5,3,1,0.75,0.25,0.3024975508451462,0.6975024491548538,2.284922537265718
6p0cpn__7b8k81,6p0cpn,7b8k81,True,,7,4,0,1.0,0.0,1.0,0.0,1.583
3pav1b__5m78v3,3pav1b,5m78v3,True,,2,1,0,1.0,0.0,1.0,0.0,1.583
2u81uj__4w2jbj,2u81uj,4w2jbj,True,,3,5,0,1.0,0.0,1.0,0.0,1.583
28xva1__3v7y8s,28xva1,3v7y8s,True,,5,1,0,1.0,0.0,1.0,0.0,1.583
8jbl0z__7uwplb,8jbl0z,7uwplb,True,,6,2,0,1.0,0.0,1.0,0.0,1.583
2hagxr__4ade1g,2hagxr,4ade1g,True,,4,7,2,0.6666666666666666,0.33333333333333337,0.33214741945266724,0.6678525805473328,2.2740741916398206
38n94d__5u2205,38n94d,5u2205,True,,4,6,0,1.0,0.0,1.0,0.0,1.583
3c4yut__2731ww,3c4yut,2731ww,True,,4,2,2,0.2857142857142857,0.7142857142857143,0.4177588280290365,0.5822411719709635,2.2711121733608257
5y45en__1fc6uy,5y45en,1fc6uy,True,,5,9,2,0.6666666666666666,0.33333333333333337,0.4182112645357847,0.5817887354642153,2.193699166716697
29u7m1__30ynhu,29u7m1,30ynhu,True,,2,2,0,1.0,0.0,1.0,0.0,1.583
1ts0o9__272ytt,1ts0o9,272ytt,True,,2,2,0,1.0,0.0,1.0,0.0,1.583
1bplco__5a103s,1bplco,5a103s,True,,8,4,1,0.3125,0.6875,0.4088815243707763,0.5911184756292237,2.273989294390132
675kal__288oa6,675kal,288oa6,True,,4,3,0,1.0,0.0,1.0,0.0,1.583
2legk7__2ha4p2,2legk7,2ha4p2,True,,1,1,0,1.0,0.0,1.0,0.0,1.583
jzjcn__2gl8eo,jzjcn,2gl8eo,True,,2,4,0,1.0,0.0,1.0,0.0,1.583
37lmad__2ytfie,37lmad,2ytfie,True,,6,1,0,1.0,0.0,1.0,0.0,1.583
6e4wx8__3609ox,6e4wx8,3609ox,True,,2,3,0,1.0,0.0,1.0,0.0,1.583
9x3yg0__94g1p3,9x3yg0,94g1p3,True,,4,2,1,0.6666666666666666,0.33333333333333337,0.38365428149700165,0.6163457185029984,2.225971933176617
5m78v3__8l35wk,5m78v3,8l35wk,True,,1,4,0,1.0,0.0,1.0,0.0,1.583
2uptpp__9ib7p0,2uptpp,9ib7p0,True,,3,5,0,1.0,0.0,1.0,0.0,1.583
1m5zmn__9mkft9,1m5zmn,9mkft9,True,,3,4,0,1.0,0.0,1.0,0.0,1.583
8gcem3__6ujnj4,8gcem3,6ujnj4,True,,4,3,2,0.375,0.625,0.3550829775631428,0.6449170224368572,2.311600507253781
1dcy7t__353ik1,1dcy7t,353ik1,True,,2,1,0,1.0,0.0,1.0,0.0,1.583
vw5bn__51u55v,vw5bn,51u55v,True,,3,5,0,1.0,0.0,1.0,0.0,1.583
4vfbyj__hwo4n,4vfbyj,hwo4n,True,,1,6,0,1.0,0.0,1.0,0.0,1.583
96c65b__2ri4uz,96c65b,2ri4uz,True,,3,10,0,1.0,0.0,1.0,0.0,1.583
9f33df__1uvpsv,9f33df,1uvpsv,True,,3,7,0,1.0,0.0,1.0,0.0,1.583
4scadm__1lz4q9,4scadm,1lz4q9,True,,4,4,0,1.0,0.0,1.0,0.0,1.583
1uv0ef__8lqcyf,1uv0ef,8lqcyf,True,,3,1,0,1.0,0.0,1.0,0.0,1.583
13r76u__8kuh7t,13r76u,8kuh7t,True,,2,8,0,1.0,0.0,1.0,0.0,1.583
8g4ifl__1dywu4,8g4ifl,1dywu4,True,,1,2,0,1.0,0.0,1.0,0.0,1.583
330wg1__2szxko,330wg1,2szxko,True,,4,3,1,0.22727272727272727,0.7727272727272727,0.33784929290413857,0.6621507070958614,2.3575507271750067
34fman__6tgxmy,34fman,6tgxmy,True,,3,11,1,0.8571428571428571,0.1428571428571429,0.3750057592988014,0.6249942407011986,2.195553549962278
46e1vn__6f7op0,46e1vn,6f7op0,True,,3,6,0,1.0,0.0,1.0,0.0,1.583
8sctw9__48ypv3,8sctw9,48ypv3,True,,3,9,0,1.0,0.0,1.0,0.0,1.583
6dlnza__52nyzb,6dlnza,52nyzb,True,,1,3,1,0.0,1.0,0.4404673936466376,0.5595326063533623,2.307647501073405
4kudwr__1gxxws,4kudwr,1gxxws,True,,8,8,0,1.0,0.0,1.0,0.0,1.583
8gaghn__5eiuxs,8gaghn,5eiuxs,True,,6,11,2,0.7222222222222222,0.2777777777777778,0.2157011330127716,0.7842988669872284,2.3715956007682615
8jdjf5__1xeiyg,8jdjf5,1xeiyg,True,,8,5,0,1.0,0.0,1.0,0.0,1.583
2o97p5__7gpfjz,2o97p5,7gpfjz,True,,2,9,0,1.0,0.0,1.0,0.0,1.583
5rvz7k__5rlen3,5rvz7k,5rlen3,True,,4,1,0,1.0,0.0,1.0,0.0,1.583
1sfdgo__4jsfb5,1sfdgo,4jsfb5,True,,7,4,0,1.0,0.0,1.0,0.0,1.583
1m9m67__zncf6,1m9m67,zncf6,True,,6,4,0,1.0,0.0,1.0,0.0,1.583
8d2izn__9ogcz4,8d2izn,9ogcz4,True,,2,4,0,1.0,0.0,1.0,0.0,1.583
71qiun__28g0dn,71qiun,28g0dn,True,,6,2,0,1.0,0.0,1.0,0.0,1.583
1q0lzb__21ooob,1q0lzb,21ooob,True,,1,3,0,1.0,0.0,1.0,0.0,1.583
3lylkj__8p6w0b,3lylkj,8p6w0b,True,,3,7,1,0.8,0.19999999999999996,0.321682408452034,0.678317591547966,2.256900798746645
2rny9w__2b8jc3,2rny9w,2b8jc3,True,,2,5,0,1.0,0.0,1.0,0.0,1.583
2zjfx6__7flemk,2zjfx6,7flemk,True,,3,7,0,1.0,0.0,1.0,0.0,1.583
31nkew__3exy3y,31nkew,3exy3y,True,,2,7,0,1.0,0.0,1.0,0.0,1.583
79hggs__8e1sbc,79hggs,8e1sbc,True,,4,1,0,1.0,0.0,1.0,0.0,1.583
9g4ga0__9uhqu8,9g4ga0,9uhqu8,True,,11,3,0,1.0,0.0,1.0,0.0,1.583
3m5vxu__95bh6j,3m5vxu,95bh6j,True,,2,4,0,1.0,0.0,1.0,0.0,1.583
3q6e98__2rq7ui,3q6e98,2rq7ui,True,,2,5,0,1.0,0.0,1.0,0.0,1.583
36gznh__29q3hn,36gznh,29q3hn,True,,1,2,0,1.0,0.0,1.0,0.0,1.583
8hnajm__9musnv,8hnajm,9musnv,True,,3,10,0,1.0,0.0,1.0,0.0,1.583
3ame30__53zp22,3ame30,53zp22,True,,4,1,0,1.0,0.0,1.0,0.0,1.583
135o9l__9xpnk3,135o9l,9xpnk3,True,,4,2,0,1.0,0.0,1.0,0.0,1.583
3it7k3__5ih13m,3it7k3,5ih13m,True,,3,6,0,1.0,0.0,1.0,0.0,1.583
2ylbd7__8xyn2j,2ylbd7,8xyn2j,True,,4,1,0,1.0,0.0,1.0,0.0,1.583
37xjqx__4l0h3d,37xjqx,4l0h3d,True,,3,1,0,1.0,0.0,1.0,0.0,1.583
5kbgma__3e1yyt,5kbgma,3e1yyt,True,,7,9,6,0.25806451612903225,0.7419354838709677,0.32389266913135845,0.6761073308686416,2.364361797588547
2crhcn__772am5,2crhcn,772am5,True,,2,2,1,0.5,0.5,0.4163982570171356,0.5836017429828644,2.229075667771697
8crt36__3rbvjp,8crt36,3rbvjp,True,,3,11,0,1.0,0.0,1.0,0.0,1.583
9it4xk__9w2z8b,9it4xk,9w2z8b,True,,7,1,0,1.0,0.0,1.0,0.0,1.583
1am0k6__9e9j61,1am0k6,9e9j61,True,,5,6,3,0.14285714285714285,0.8571428571428572,0.4471393352374434,0.5528606647625566,2.272545146250323
33lr4s__14gl0x,33lr4s,14gl0x,True,,5,6,4,0.4117647058823529,0.5882352941176471,0.327053964138031,0.672946035861969,2.330346655832669
2v594q__1apev4,2v594q,1apev4,True,,2,6,0,1.0,0.0,1.0,0.0,1.583
2m9wc8__7q9pd2,2m9wc8,7q9pd2,True,,1,4,0,1.0,0.0,1.0,0.0,1.583
3c28ln__97aht3,3c28ln,97aht3,True,,3,1,0,1.0,0.0,1.0,0.0,1.583
3xg76t__4yff39,3xg76t,4yff39,True,,9,6,0,1.0,0.0,1.0,0.0,1.583
2w22o9__1p1bdq,2w22o9,1p1bdq,True,,1,3,1,0.0,1.0,0.4381351663420598,0.5618648336579402,2.3098255681531503
70qag7__8ezcdc,70qag7,8ezcdc,True,,3,3,3,0.0,1.0,0.46305094100534916,0.5369490589946508,2.286556726195104
3aj1tp__9bozmk,3aj1tp,9bozmk,True,,3,1,0,1.0,0.0,1.0,0.0,1.583
9cm1xn__9i5kbc,9cm1xn,9i5kbc,True,,6,7,0,1.0,0.0,1.0,0.0,1.583
3n7e7j__42y3ez,3n7e7j,42y3ez,True,,4,1,0,1.0,0.0,1.0,0.0,1.583
8lv561__1dtdke,8lv561,1dtdke,True,,2,4,2,0.42857142857142855,0.5714285714285714,0.3478156179189682,0.6521843820810318,2.30756070871119
37r52a__8acyid,37r52a,8acyid,True,,3,4,0,1.0,0.0,1.0,0.0,1.583
2dd322__2ah65a,2dd322,2ah65a,True,,3,2,1,0.6,0.4,0.44910903647542,0.55089096352458,2.178317070835605
8hlo78__79sby3,8hlo78,79sby3,True,,1,4,0,1.0,0.0,1.0,0.0,1.583
6yswv9__5mjmh3,6yswv9,5mjmh3,True,,4,1,0,1.0,0.0,1.0,0.0,1.583
3gfgx8__78x5q0,3gfgx8,78x5q0,True,,3,8,2,0.5833333333333334,0.41666666666666663,0.3895505187101662,0.6104494812898338,2.237307103909909
5yzf64__9xjtec,5yzf64,9xjtec,True,,1,2,1,0.0,1.0,0.34985296055674553,0.6501470394432545,2.392272320136055
3893kk__9waq4r,3893kk,9waq4r,True,,1,2,0,1.0,0.0,1.0,0.0,1.583
3pxtzv__1jjdlq,3pxtzv,1jjdlq,True,,6,5,4,0.17647058823529413,0.8235294117647058,0.29204369708895683,0.7079563029110432,2.4105956854062702
5dmr2u__1lsiqf,5dmr2u,1lsiqf,True,,3,8,1,0.8181818181818182,0.18181818181818177,0.43917084485292435,0.5608291551470757,2.1435038025373085
91yl7l__7a0w7q,91yl7l,7a0w7q,True,,3,2,0,1.0,0.0,1.0,0.0,1.583
3o0q3d__74zmvi,3o0q3d,74zmvi,True,,4,5,0,1.0,0.0,1.0,0.0,1.583
3fkza5__2zam05,3fkza5,2zam05,True,,2,3,0,1.0,0.0,1.0,0.0,1.583
2schv9__3bl3ek,2schv9,3bl3ek,True,,5,8,0,1.0,0.0,1.0,0.0,1.583
8qk1un__8e17fl,8qk1un,8e17fl,True,,4,1,0,1.0,0.0,1.0,0.0,1.583
3hi695__4ytimz,3hi695,4ytimz,True,,9,6,0,1.0,0.0,1.0,0.0,1.583
2s8u3j__7f5ora,2s8u3j,7f5ora,True,,1,6,0,1.0,0.0,1.0,0.0,1.583
2s9y5t__9snkcp,2s9y5t,9snkcp,True,,8,3,0,1.0,0.0,1.0,0.0,1.583
36cg87__90d0uz,36cg87,90d0uz,True,,7,5,1,0.8333333333333334,0.16666666666666663,0.3303387314081192,0.6696612685918808,2.242079992071291
2zi8w9__9crg6e,2zi8w9,9crg6e,True,,6,2,0,1.0,0.0,1.0,0.0,1.583
8uecdk__3pf2yi,8uecdk,3pf2yi,True,,1,1,0,1.0,0.0,1.0,0.0,1.583
3bcv7m__1t4369,3bcv7m,1t4369,True,,7,5,3,0.5333333333333333,0.4666666666666667,0.33545003334681195,0.664549966653188,2.2979365471907456
3iq04d__97k9fh,3iq04d,97k9fh,True,,5,7,4,0.12121212121212122,0.8787878787878788,0.46134106415723053,0.5386589358427695,2.2636566104865925
330wg1__33rkzw,330wg1,33rkzw,True,,4,2,0,1.0,0.0,1.0,0.0,1.583
2w1sk7__6itpob,2w1sk7,6itpob,True,,4,4,0,1.0,0.0,1.0,0.0,1.583
9j9c41__79cov7,9j9c41,79cov7,True,,4,2,1,0.42857142857142855,0.5714285714285714,0.36282017081975937,0.6371798291802406,2.293547956757141
1lwolv__2jdck1,1lwolv,2jdck1,True,,1,1,1,0.0,1.0,0.26799294352531433,0.7320070564746857,2.4687213900417087
3331bv__4b5md8,3331bv,4b5md8,True,,7,8,4,0.3333333333333333,0.6666666666666667,0.42586966091766953,0.5741303390823305,2.2539136570023217
8l326g__89w1mi,8l326g,89w1mi,True,,2,1,0,1.0,0.0,1.0,0.0,1.583
9l65gv__3i68i7,9l65gv,3i68i7,True,,2,1,0,1.0,0.0,1.0,0.0,1.583
332nmp__9ofgd9,332nmp,9ofgd9,True,,7,2,0,1.0,0.0,1.0,0.0,1.583
3w55ih__2rnpl9,3w55ih,2rnpl9,True,,1,5,0,1.0,0.0,1.0,0.0,1.583
3z90cs__9fzrih,3z90cs,9fzrih,True,,1,2,0,1.0,0.0,1.0,0.0,1.583
1lk9u0__55lrlr,1lk9u0,55lrlr,True,,1,2,0,1.0,0.0,1.0,0.0,1.583
3609ox__9alwa4,3609ox,9alwa4,True,,3,4,1,0.7142857142857143,0.2857142857142857,0.4679964818060398,0.5320035181939602,2.1375809427841963
31poc1__9y33d6,31poc1,9y33d6,True,,6,3,0,1.0,0.0,1.0,0.0,1.583
31hj38__2ywuv3,31hj38,2ywuv3,True,,2,4,0,1.0,0.0,1.0,0.0,1.583
8u474j__8zfjqp,8u474j,8zfjqp,True,,3,2,2,0.16666666666666666,0.8333333333333334,0.398137716576457,0.601862283423543,2.3134958531559136
52rugj__7cgyoo,52rugj,7cgyoo,True,,3,4,0,1.0,0.0,1.0,0.0,1.583
9qpeqr__429cou,9qpeqr,429cou,True,,3,4,1,0.7142857142857143,0.2857142857142857,0.49324912391602993,0.5067508760839701,2.1139975003176765
26rfqn__4qpnd7,26rfqn,4qpnd7,True,,2,2,0,1.0,0.0,1.0,0.0,1.583
3d7len__3cqzew,3d7len,3cqzew,True,,1,6,0,1.0,0.0,1.0,0.0,1.583
9lf0gt__5c4k3t,9lf0gt,5c4k3t,True,,3,3,0,1.0,0.0,1.0,0.0,1.583
77x3lp__7d0qnd,77x3lp,7d0qnd,True,,8,3,0,1.0,0.0,1.0,0.0,1.583
384ahh__704puj,384ahh,704puj,True,,7,1,0,1.0,0.0,1.0,0.0,1.583
2rxw48__1x0qkn,2rxw48,1x0qkn,True,,4,3,0,1.0,0.0,1.0,0.0,1.583
1gx8uy__5b3s39,1gx8uy,5b3s39,True,,4,6,3,0.3076923076923077,0.6923076923076923,0.34803470472494763,0.6519652952750523,2.331785773872756
5mv1h5__773ra5,5mv1h5,773ra5,True,,2,2,0,1.0,0.0,1.0,0.0,1.583
2ztbsv__4kmvg2,2ztbsv,4kmvg2,True,,4,9,0,1.0,0.0,1.0,0.0,1.583
20vc2u__8mah3a,20vc2u,8mah3a,True,,3,3,0,1.0,0.0,1.0,0.0,1.583
4avquu__3903mc,4avquu,3903mc,True,,4,2,0,1.0,0.0,1.0,0.0,1.583
54umdj__8cby8t,54umdj,8cby8t,True,,1,2,0,1.0,0.0,1.0,0.0,1.583
1km7lv__6jcu1p,1km7lv,6jcu1p,True,,1,7,0,1.0,0.0,1.0,0.0,1.583
5iq7ef__34j09q,5iq7ef,34j09q,True,,5,2,2,0.375,0.625,0.39207280054688454,0.6079271994531155,2.2770557115692647
3g885f__9ada84,3g885f,9ada84,True,,1,6,0,1.0,0.0,1.0,0.0,1.583
2932q1__2qkn0x,2932q1,2qkn0x,True,,5,1,1,0.6666666666666666,0.33333333333333337,0.4195220544934273,0.5804779455065727,2.1924750199752547
9ft4se__2jkndb,9ft4se,2jkndb,True,,6,4,0,1.0,0.0,1.0,0.0,1.583
207lwo__6svd6i,207lwo,6svd6i,True,,5,12,2,0.7777777777777778,0.2222222222222222,0.3146826699376106,0.6853173300623894,2.2679289656563766
3kh9hs__3bj4r5,3kh9hs,3bj4r5,True,,5,2,0,1.0,0.0,1.0,0.0,1.583
123q1o__3s5jsu,123q1o,3s5jsu,True,,5,3,0,1.0,0.0,1.0,0.0,1.583
4ntetw__y6uds,4ntetw,y6uds,True,,4,3,0,1.0,0.0,1.0,0.0,1.583
2tztlf__16uonx,2tztlf,16uonx,True,,3,3,0,1.0,0.0,1.0,0.0,1.583
98de09__7elzya,98de09,7elzya,True,,2,2,0,1.0,0.0,1.0,0.0,1.583
5ffadv__8ezcdc,5ffadv,8ezcdc,True,,5,3,0,1.0,0.0,1.0,0.0,1.583
8th3lz__36usqg,8th3lz,36usqg,True,,5,3,0,1.0,0.0,1.0,0.0,1.583
4kka0o__31c5h4,4kka0o,31c5h4,True,,2,6,0,1.0,0.0,1.0,0.0,1.583
34t5m6__5v2iz6,34t5m6,5v2iz6,True,,3,9,0,1.0,0.0,1.0,0.0,1.583
2uzdy9__9csbo2,2uzdy9,9csbo2,True,,4,4,0,1.0,0.0,1.0,0.0,1.583
3ocag1__6x9ns4,3ocag1,6x9ns4,True,,8,2,0,1.0,0.0,1.0,0.0,1.583
4zh412__2g8r6r,4zh412,2g8r6r,True,,3,6,1,0.7777777777777778,0.2222222222222222,0.3532217890024185,0.6467782109975815,2.2319372823617525
1y38lg__8fesg8,1y38lg,8fesg8,True,,3,3,1,0.21428571428571427,0.7857142857142857,0.4223940354357991,0.5776059645642009,2.2812190674493644
5fv4ug__92k6hn,5fv4ug,92k6hn,True,,4,5,0,1.0,0.0,1.0,0.0,1.583
3lpioa__9thdbg,3lpioa,9thdbg,True,,6,5,1,0.8181818181818182,0.18181818181818177,0.37040673196315765,0.6295932680368423,2.207722607565062
6yb67a__2nj70o,6yb67a,2nj70o,True,,5,2,0,1.0,0.0,1.0,0.0,1.583
1c4g5w__7bjgn3,1c4g5w,7bjgn3,True,,5,10,3,0.6111111111111112,0.38888888888888884,0.34580039978027344,0.6541996002197266,2.272551451089647
34jphy__3e81ip,34jphy,3e81ip,True,,3,8,0,1.0,0.0,1.0,0.0,1.583
9y4moo__44jewz,9y4moo,44jewz,True,,2,2,0,1.0,0.0,1.0,0.0,1.583
4bqkog__20yusu,4bqkog,20yusu,True,,3,3,0,1.0,0.0,1.0,0.0,1.583
1uqutz__3hclak,1uqutz,3hclak,True,,4,4,0,1.0,0.0,1.0,0.0,1.583
95zhsi__2eybjl,95zhsi,2eybjl,True,,1,5,0,1.0,0.0,1.0,0.0,1.583
53y5m4__6itpob,53y5m4,6itpob,True,,4,4,0,1.0,0.0,1.0,0.0,1.583
68wj6w__1qcx19,68wj6w,1qcx19,True,,4,1,0,1.0,0.0,1.0,0.0,1.583
3g5o5q__14xeqc,3g5o5q,14xeqc,True,,4,2,0,1.0,0.0,1.0,0.0,1.583
2v9w6p__8o6k2p,2v9w6p,8o6k2p,True,,2,2,0,1.0,0.0,1.0,0.0,1.583
8gpc6w__9s3z1q,8gpc6w,9s3z1q,True,,3,2,0,1.0,0.0,1.0,0.0,1.583
3p4nzv__8xc4rm,3p4nzv,8xc4rm,True,,5,2,0,1.0,0.0,1.0,0.0,1.583
3u60by__52i5l2,3u60by,52i5l2,True,,5,4,0,1.0,0.0,1.0,0.0,1.583
1c4g5w__7cimxf,1c4g5w,7cimxf,True,,5,5,0,1.0,0.0,1.0,0.0,1.583
3p2ogp__22wow9,3p2ogp,22wow9,True,,8,3,0,1.0,0.0,1.0,0.0,1.583
3i44nc__4ewhzr,3i44nc,4ewhzr,True,,2,6,0,1.0,0.0,1.0,0.0,1.583
1lbb4d__61wwhj,1lbb4d,61wwhj,True,,4,4,3,0.21428571428571427,0.7857142857142857,0.44655436743050814,0.5534456325694919,2.2586557333995056
9ssesy__90p25b,9ssesy,90p25b,True,,2,3,0,1.0,0.0,1.0,0.0,1.583
3x19hi__9brka1,3x19hi,9brka1,True,,3,3,0,1.0,0.0,1.0,0.0,1.583
5m38a2__86jqy8,5m38a2,86jqy8,True,,2,1,0,1.0,0.0,1.0,0.0,1.583
31y5kr__8t3kbl,31y5kr,8t3kbl,True,,6,5,0,1.0,0.0,1.0,0.0,1.583
4i1hnd__7hi17a,4i1hnd,7hi17a,True,,2,9,0,1.0,0.0,1.0,0.0,1.583
2d1da3__5gtirw,2d1da3,5gtirw,True,,2,5,0,1.0,0.0,1.0,0.0,1.583
6fcrm6__4y0t6c,6fcrm6,4y0t6c,True,,1,5,1,0.0,1.0,0.3497848704457283,0.6502151295542717,2.3923359094907344
8rk26i__207bnl,8rk26i,207bnl,True,,6,3,0,1.0,0.0,1.0,0.0,1.583
1m5zmn__9um1zo,1m5zmn,9um1zo,True,,3,7,1,0.8,0.19999999999999996,0.5471952110528946,0.4528047889471054,2.0462943923977015
3i1b1b__3oew37,3i1b1b,3oew37,True,,3,1,0,1.0,0.0,1.0,0.0,1.583
2f8mdj__3g4x4n,2f8mdj,3g4x4n,True,,2,6,1,0.75,0.25,0.38920485228300095,0.610795147716999,2.2039465884529053
718hkr__6s08pr,718hkr,6s08pr,True,,2,1,0,1.0,0.0,1.0,0.0,1.583
4l37nb__2mevbz,4l37nb,2mevbz,True,,4,1,0,1.0,0.0,1.0,0.0,1.583
21s790__4lpgvg,21s790,4lpgvg,True,,4,4,3,0.18181818181818182,0.8181818181818181,0.45834840399523574,0.5416515960047643,2.254202970963395
4gik9o__52nn26,4gik9o,52nn26,True,,1,8,0,1.0,0.0,1.0,0.0,1.583
12vhls__3qcr7o,12vhls,3qcr7o,True,,1,5,0,1.0,0.0,1.0,0.0,1.583
4ci3qq__205p3n,4ci3qq,205p3n,True,,5,4,0,1.0,0.0,1.0,0.0,1.583
4a6ebo__417oju,4a6ebo,417oju,True,,1,10,0,1.0,0.0,1.0,0.0,1.583
1fcdbd__4m7quk,1fcdbd,4m7quk,True,,1,8,0,1.0,0.0,1.0,0.0,1.583
1stx3n__8xc4rm,1stx3n,8xc4rm,True,,12,2,0,1.0,0.0,1.0,0.0,1.583
38g8k8__4kyj9t,38g8k8,4kyj9t,True,,3,3,0,1.0,0.0,1.0,0.0,1.583
365rsz__1n16a7,365rsz,1n16a7,True,,2,1,0,1.0,0.0,1.0,0.0,1.583
4qbrp7__7a0w7q,4qbrp7,7a0w7q,True,,1,2,0,1.0,0.0,1.0,0.0,1.583
3osl20__4zxnf9,3osl20,4zxnf9,True,,4,3,0,1.0,0.0,1.0,0.0,1.583
2nkzs8__7z3ezz,2nkzs8,7z3ezz,True,,3,10,0,1.0,0.0,1.0,0.0,1.583
3lenza__11huhu,3lenza,11huhu,True,,4,3,0,1.0,0.0,1.0,0.0,1.583
1uh4xr__4jabp0,1uh4xr,4jabp0,True,,6,9,6,0.05555555555555555,0.9444444444444444,0.4251330074455057,0.5748669925544942,2.310740506568864
9wm7uw__5v975j,9wm7uw,5v975j,True,,4,5,0,1.0,0.0,1.0,0.0,1.583
3dlq31__2b8jc3,3dlq31,2b8jc3,True,,6,5,2,0.5833333333333334,0.41666666666666663,0.42523445934057236,0.5747655406594276,2.2039818717551727
6xe1w8__5ffadv,6xe1w8,5ffadv,True,,15,5,0,1.0,0.0,1.0,0.0,1.583
9ysamh__30cc1w,9ysamh,30cc1w,True,,6,2,0,1.0,0.0,1.0,0.0,1.583
35vr6t__7emq8n,35vr6t,7emq8n,True,,2,5,0,1.0,0.0,1.0,0.0,1.583
4zxnf9__91wjn1,4zxnf9,91wjn1,True,,3,2,0,1.0,0.0,1.0,0.0,1.583
3g94va__8blqfh,3g94va,8blqfh,True,,4,2,0,1.0,0.0,1.0,0.0,1.583
4f2n00__2own66,4f2n00,2own66,True,,2,2,0,1.0,0.0,1.0,0.0,1.583
6hgcl0__13z3k5,6hgcl0,13z3k5,True,,8,7,2,0.6875,0.3125,0.33139726519584656,0.6686027348041534,2.2705643440335987
3a1qzh__9brvax,3a1qzh,9brvax,True,,6,2,0,1.0,0.0,1.0,0.0,1.583
4jly1a__3n0nfm,4jly1a,3n0nfm,True,,4,2,0,1.0,0.0,1.0,0.0,1.583
31v67w__9jhuja,31v67w,9jhuja,True,,3,4,0,1.0,0.0,1.0,0.0,1.583
16utkx__2ovqv3,16utkx,2ovqv3,True,,5,5,3,0.3125,0.6875,0.4089493043720722,0.5910506956279278,2.2739259946469215
1q3p9l__3reprk,1q3p9l,3reprk,True,,16,4,0,1.0,0.0,1.0,0.0,1.583
3ksvu5__8lqcyf,3ksvu5,8lqcyf,True,,2,1,0,1.0,0.0,1.0,0.0,1.583
3go4dv__7e5093,3go4dv,7e5093,True,,4,5,0,1.0,0.0,1.0,0.0,1.583
1axs0z__94s49i,1axs0z,94s49i,True,,2,4,0,1.0,0.0,1.0,0.0,1.583
3360w7__784yuf,3360w7,784yuf,True,,8,4,0,1.0,0.0,1.0,0.0,1.583
9wnag7__2twzep,9wnag7,2twzep,True,,6,1,0,1.0,0.0,1.0,0.0,1.583
9cjo5w__3gzrmu,9cjo5w,3gzrmu,True,,3,6,0,1.0,0.0,1.0,0.0,1.583
9kaxbv__8wbffv,9kaxbv,8wbffv,True,,2,3,0,1.0,0.0,1.0,0.0,1.583
3gkak0__8cldf2,3gkak0,8cldf2,True,,3,1,1,0.0,1.0,0.42890006365875405,0.5710999363412459,2.3184502305490895
8to65y__2hduay,8to65y,2hduay,True,,5,1,0,1.0,0.0,1.0,0.0,1.583
649me2__2jefth,649me2,2jefth,True,,3,1,0,1.0,0.0,1.0,0.0,1.583
59zvh6__uubw2,59zvh6,uubw2,True,,5,1,0,1.0,0.0,1.0,0.0,1.583
3ef9ue__97demt,3ef9ue,97demt,True,,7,1,0,1.0,0.0,1.0,0.0,1.583
9u14m0__9j7m7t,9u14m0,9j7m7t,True,,4,3,0,1.0,0.0,1.0,0.0,1.583
4ybtef__3pp38v,4ybtef,3pp38v,True,,5,3,0,1.0,0.0,1.0,0.0,1.583
9buvtz__gk3ym,9buvtz,gk3ym,True,,5,1,0,1.0,0.0,1.0,0.0,1.583
9x4e6o__34iyeu,9x4e6o,34iyeu,True,,5,3,0,1.0,0.0,1.0,0.0,1.583
2aer9v__6h8zjc,2aer9v,6h8zjc,True,,9,2,0,1.0,0.0,1.0,0.0,1.583
8m2agq__3kyt0o,8m2agq,3kyt0o,True,,1,5,1,0.0,1.0,0.3732953563332558,0.6267046436667443,2.3703794667203724
3scspq__22vrzb,3scspq,22vrzb,True,,13,5,0,1.0,0.0,1.0,0.0,1.583
5ce6ow__49qiwe,5ce6ow,49qiwe,True,,6,3,1,0.7777777777777778,0.2222222222222222,0.3681025505065918,0.6318974494934082,2.218040139193005
5jblt5__7271et,5jblt5,7271et,True,,6,1,0,1.0,0.0,1.0,0.0,1.583
2vlupk__1owz1v,2vlupk,1owz1v,True,,7,2,0,1.0,0.0,1.0,0.0,1.583
8i1nc0__36uo8c,8i1nc0,36uo8c,True,,2,1,0,1.0,0.0,1.0,0.0,1.583
1x8oor__8fe2na,1x8oor,8fe2na,True,,3,11,0,1.0,0.0,1.0,0.0,1.583
8gpc6w__3gf9tt,8gpc6w,3gf9tt,True,,3,2,0,1.0,0.0,1.0,0.0,1.583
3fplnz__87l9et,3fplnz,87l9et,True,,2,4,0,1.0,0.0,1.0,0.0,1.583
3nog5m__205p3n,3nog5m,205p3n,True,,2,4,2,0.2857142857142857,0.7142857142857143,0.3242839202284813,0.6757160797715187,2.358408389755764
3extm3__1dlj67,3extm3,1dlj67,True,,3,4,0,1.0,0.0,1.0,0.0,1.583
9qkibo__9gp3rx,9qkibo,9gp3rx,True,,6,5,5,0.23809523809523808,0.7619047619047619,0.37583727315068244,0.6241627268493175,2.31988652298553
87caxt__5hbf44,87caxt,5hbf44,True,,6,3,0,1.0,0.0,1.0,0.0,1.583
2uysg2__4xwdei,2uysg2,4xwdei,True,,2,4,0,1.0,0.0,1.0,0.0,1.583
28sth8__72shyk,28sth8,72shyk,True,,9,3,0,1.0,0.0,1.0,0.0,1.583
7cj66y__7e2s2u,7cj66y,7e2s2u,True,,3,2,2,0.16666666666666666,0.8333333333333334,0.465881054289639,0.534118945710361,2.2502303500655727
2iymjl__2mat05,2iymjl,2mat05,True,,6,5,0,1.0,0.0,1.0,0.0,1.583
5p8xht__7cgyoo,5p8xht,7cgyoo,True,,5,4,0,1.0,0.0,1.0,0.0,1.583
6vsic0__6hxxpk,6vsic0,6hxxpk,True,,4,3,0,1.0,0.0,1.0,0.0,1.583
1cbelb__8kolmj,1cbelb,8kolmj,True,,3,6,0,1.0,0.0,1.0,0.0,1.583
1ijdnv__9ke84t,1ijdnv,9ke84t,True,,5,1,0,1.0,0.0,1.0,0.0,1.583
5frckp__86iutx,5frckp,86iutx,True,,3,7,0,1.0,0.0,1.0,0.0,1.583
1537it__3a93z0,1537it,3a93z0,True,,8,4,0,1.0,0.0,1.0,0.0,1.583
7olemr__2791rd,7olemr,2791rd,True,,1,2,0,1.0,0.0,1.0,0.0,1.583
9wxpec__3ufo8y,9wxpec,3ufo8y,True,,4,7,0,1.0,0.0,1.0,0.0,1.583
1s4j23__2xea49,1s4j23,2xea49,True,,2,7,3,0.42105263157894735,0.5789473684210527,0.3542989186942577,0.6457010813057422,2.3030255029893274
2felra__6chzcw,2felra,6chzcw,True,,5,1,0,1.0,0.0,1.0,0.0,1.583
9qzok9__7a0w7q,9qzok9,7a0w7q,True,,7,2,1,0.6,0.4,0.23427636921405792,0.7657236307859421,2.3789492987909915
96swda__5h1ifq,96swda,5h1ifq,True,,3,2,0,1.0,0.0,1.0,0.0,1.583
8vorff__765mo4,8vorff,765mo4,True,,1,1,0,1.0,0.0,1.0,0.0,1.583
77wis3__2dlwkq,77wis3,2dlwkq,True,,6,12,1,0.7894736842105263,0.21052631578947367,0.41368406638503075,0.5863159336149693,2.1731078188240724
2ciczv__2e20ib,2ciczv,2e20ib,True,,1,4,0,1.0,0.0,1.0,0.0,1.583
3thq96__77cwb1,3thq96,77cwb1,True,,6,3,0,1.0,0.0,1.0,0.0,1.583
3kuf8n__5z5dbn,3kuf8n,5z5dbn,True,,7,7,0,1.0,0.0,1.0,0.0,1.583
4h7pj3__qajw0,4h7pj3,qajw0,True,,4,2,0,1.0,0.0,1.0,0.0,1.583
9oovfv__2ovqv3,9oovfv,2ovqv3,True,,1,5,0,1.0,0.0,1.0,0.0,1.583
38qhmf__303ysd,38qhmf,303ysd,True,,1,5,0,1.0,0.0,1.0,0.0,1.583
45rph1__6ifzj5,45rph1,6ifzj5,True,,1,3,1,0.0,1.0,0.4153650974233945,0.5846349025766056,2.331090535516292
87f8eq__99isuk,87f8eq,99isuk,True,,2,3,0,1.0,0.0,1.0,0.0,1.583
2j6x20__1ickyq,2j6x20,1ickyq,True,,1,3,0,1.0,0.0,1.0,0.0,1.583
3li9oz__9pyg97,3li9oz,9pyg97,True,,4,5,0,1.0,0.0,1.0,0.0,1.583
3lbyyw__7dju4w,3lbyyw,7dju4w,True,,5,6,0,1.0,0.0,1.0,0.0,1.583
8gbll8__7ahi2b,8gbll8,7ahi2b,True,,4,1,0,1.0,0.0,1.0,0.0,1.583
9w93zq__8zov1k,9w93zq,8zov1k,True,,4,1,0,1.0,0.0,1.0,0.0,1.583
2a5u9n__28rrpd,2a5u9n,28rrpd,True,,3,4,0,1.0,0.0,1.0,0.0,1.583
2dglmb__23kgs6,2dglmb,23kgs6,True,,5,1,0,1.0,0.0,1.0,0.0,1.583
8fworq__2cui2l,8fworq,2cui2l,True,,1,4,0,1.0,0.0,1.0,0.0,1.583
3lchyb__9p6957,3lchyb,9p6957,True,,4,1,0,1.0,0.0,1.0,0.0,1.583
5vvyuu__9hjxxc,5vvyuu,9hjxxc,True,,3,3,0,1.0,0.0,1.0,0.0,1.583
365hcx__zh5jb,365hcx,zh5jb,True,,2,3,1,0.6,0.4,0.340159073472023,0.659840926527977,2.280065441284478
898beq__8c6xlu,898beq,8c6xlu,True,,5,1,0,1.0,0.0,1.0,0.0,1.583
37gyxt__64ddtd,37gyxt,64ddtd,True,,3,1,0,1.0,0.0,1.0,0.0,1.583
39andp__34sk56,39andp,34sk56,True,,11,2,0,1.0,0.0,1.0,0.0,1.583
3cep6s__suscr,3cep6s,suscr,True,,1,3,0,1.0,0.0,1.0,0.0,1.583
32oz2j__1y3ej4,32oz2j,1y3ej4,True,,5,2,0,1.0,0.0,1.0,0.0,1.583
31pc9b__1j4f6q,31pc9b,1j4f6q,True,,4,11,0,1.0,0.0,1.0,0.0,1.583
2x8hue__9ktgv9,2x8hue,9ktgv9,True,,7,1,0,1.0,0.0,1.0,0.0,1.583
35ao2c__3z6goe,35ao2c,3z6goe,True,,3,1,1,0.5,0.5,0.26969726383686066,0.7303027361631393,2.3660797253027557
333pog__77cwb1,333pog,77cwb1,True,,3,3,1,0.6666666666666666,0.33333333333333337,0.45135701820254326,0.5486429817974567,2.1627443473673114
3std6d__21fm59,3std6d,21fm59,True,,3,4,0,1.0,0.0,1.0,0.0,1.583
31orrs__3gf8jp,31orrs,3gf8jp,True,,6,9,0,1.0,0.0,1.0,0.0,1.583
3edhm6__7a8ofr,3edhm6,7a8ofr,True,,2,1,0,1.0,0.0,1.0,0.0,1.583
1m5zmn__76rki2,1m5zmn,76rki2,True,,3,4,0,1.0,0.0,1.0,0.0,1.583
8klxng__9bp0ht,8klxng,9bp0ht,True,,1,5,0,1.0,0.0,1.0,0.0,1.583
3ojmx0__77hn3n,3ojmx0,77hn3n,True,,1,3,0,1.0,0.0,1.0,0.0,1.583
3hs8us__1fyy5g,3hs8us,1fyy5g,True,,9,2,0,1.0,0.0,1.0,0.0,1.583
8t7dqc__3hhjig,8t7dqc,3hhjig,True,,3,4,1,0.7142857142857143,0.2857142857142857,0.4330283850431442,0.5669716149568558,2.1702376483510646
8ivqvf__3w2kbl,8ivqvf,3w2kbl,True,,5,5,0,1.0,0.0,1.0,0.0,1.583
3fbqyr__1fc6uy,3fbqyr,1fc6uy,True,,8,9,3,0.43478260869565216,0.5652173913043479,0.39623963460326195,0.603760365396738,2.261082240026622
9tq027__30cc1w,9tq027,30cc1w,True,,4,2,0,1.0,0.0,1.0,0.0,1.583
3gqu16__2rkso3,3gqu16,2rkso3,True,,3,4,2,0.375,0.625,0.460981797426939,0.539018202573061,2.2127015993829815
38h9w0__73wgq7,38h9w0,73wgq7,True,,3,5,0,1.0,0.0,1.0,0.0,1.583
8gqko4__1fq1bw,8gqko4,1fq1bw,True,,4,6,2,0.5454545454545454,0.4545454545454546,0.4172044564038515,0.5827955435961485,2.2191363945280793
3aa1ke__37nyeh,3aa1ke,37nyeh,True,,1,5,0,1.0,0.0,1.0,0.0,1.583
6uf31y__28gdc5,6uf31y,28gdc5,True,,7,2,2,0.041666666666666664,0.9583333333333334,0.3455105908215046,0.6544894091784954,2.3879068258984635
3w0qti__6v3cdb,3w0qti,6v3cdb,True,,3,2,0,1.0,0.0,1.0,0.0,1.583
9fiko0__8ldzi6,9fiko0,8ldzi6,True,,2,4,0,1.0,0.0,1.0,0.0,1.583
21iokn__7blmb2,21iokn,7blmb2,True,,8,7,1,0.8666666666666667,0.1333333333333333,0.3717462420463562,0.6282537579536438,2.1966728512195743
4bn3dz__9xjera,4bn3dz,9xjera,True,,5,3,0,1.0,0.0,1.0,0.0,1.583
39x85v__8tksc0,39x85v,8tksc0,True,,10,5,0,1.0,0.0,1.0,0.0,1.583
34cehl__8sd0nv,34cehl,8sd0nv,True,,5,11,5,0.03278688524590164,0.9672131147540983,0.4529856590554118,0.5470143409445882,2.289330463499954
2zqxyb__3n13b6,2zqxyb,3n13b6,True,,2,7,0,1.0,0.0,1.0,0.0,1.583
2g4ytp__8tksc0,2g4ytp,8tksc0,True,,2,5,2,0.375,0.625,0.2992304712533951,0.7007695287466049,2.3637611628964543
31motz__7fw2fj,31motz,7fw2fj,True,,4,6,1,0.2782608695652174,0.7217391304347827,0.394054052606225,0.6059459473937749,2.294756398531916
2trrap__8vo3yy,2trrap,8vo3yy,True,,1,9,0,1.0,0.0,1.0,0.0,1.583
32vz6b__3cyusq,32vz6b,3cyusq,True,,3,5,1,0.2608695652173913,0.7391304347826086,0.4260911038145423,0.5739088961854577,2.268351779017164
501z3k__2idacb,501z3k,2idacb,True,,5,6,2,0.5833333333333334,0.41666666666666663,0.42281830310821533,0.5771816968917847,2.206238320060571
1q3p9l__1x2xj2,1q3p9l,1x2xj2,True,,16,1,1,0.0,1.0,0.44866955271572806,0.5513304472842719,2.299987504718781
8maf36__91v3kp,8maf36,91v3kp,True,,3,4,2,0.0,1.0,0.3479237273335457,0.6520762726664543,2.3940740310432016
4aglga__3m102j,4aglga,3m102j,True,,1,4,0,1.0,0.0,1.0,0.0,1.583
4gmbc9__3krfdy,4gmbc9,3krfdy,True,,1,4,0,1.0,0.0,1.0,0.0,1.583
2iy93u__rufen,2iy93u,rufen,True,,3,6,0,1.0,0.0,1.0,0.0,1.583
6zgnup__5dmr2u,6zgnup,5dmr2u,True,,2,3,0,1.0,0.0,1.0,0.0,1.583
9igv6w__3073nu,9igv6w,3073nu,True,,3,3,0,1.0,0.0,1.0,0.0,1.583
5fzgcs__35i7hx,5fzgcs,35i7hx,True,,2,4,0,1.0,0.0,1.0,0.0,1.583
5omz1r__9hi1kk,5omz1r,9hi1kk,True,,2,5,0,1.0,0.0,1.0,0.0,1.583
88mixe__8efa34,88mixe,8efa34,True,,3,6,0,1.0,0.0,1.0,0.0,1.583
6gq0s0__3kbcpm,6gq0s0,3kbcpm,True,,6,1,0,1.0,0.0,1.0,0.0,1.583
wobgi__8p6hrt,wobgi,8p6hrt,True,,3,4,0,1.0,0.0,1.0,0.0,1.583
94b930__2o7i36,94b930,2o7i36,True,,2,1,0,1.0,0.0,1.0,0.0,1.583
3nh8lo__7fzs9s,3nh8lo,7fzs9s,True,,5,7,2,0.6923076923076923,0.3076923076923077,0.3621322140097618,0.6378677859902382,2.2408893407208987
2hb5ng__94qz9p,2hb5ng,94qz9p,True,,7,8,2,0.75,0.25,0.3854227215051651,0.6145772784948349,2.207478720386326
9de1nq__74z8at,9de1nq,74z8at,True,,2,5,0,1.0,0.0,1.0,0.0,1.583
5bipzh__31pg35,5bipzh,31pg35,True,,11,3,0,1.0,0.0,1.0,0.0,1.583
6uf31y__8slom4,6uf31y,8slom4,True,,7,1,1,0.75,0.25,0.44253097102046013,0.5574690289795399,2.154145326163992
9ybupa__9u14m0,9ybupa,9u14m0,True,,3,4,0,1.0,0.0,1.0,0.0,1.583
3sq16v__183lul,3sq16v,183lul,True,,4,7,0,1.0,0.0,1.0,0.0,1.583
6ia6lc__6jhpk8,6ia6lc,6jhpk8,True,,1,4,0,1.0,0.0,1.0,0.0,1.583
9fe2w4__8kzluv,9fe2w4,8kzluv,True,,4,2,0,1.0,0.0,1.0,0.0,1.583
670wba__8hyloi,670wba,8hyloi,True,,1,2,0,1.0,0.0,1.0,0.0,1.583
5fmmpb__4kkk04,5fmmpb,4kkk04,True,,3,3,0,1.0,0.0,1.0,0.0,1.583
32m1sw__6pruce,32m1sw,6pruce,True,,2,3,2,0.0,1.0,0.3733103622992833,0.6266896377007167,2.3703654526486995
1klo4n__97cd4d,1klo4n,97cd4d,True,,11,1,0,1.0,0.0,1.0,0.0,1.583
35s0fu__2zagjt,35s0fu,2zagjt,True,,2,2,0,1.0,0.0,1.0,0.0,1.583
9dhhb6__39768s,9dhhb6,39768s,True,,3,2,0,1.0,0.0,1.0,0.0,1.583
2gbp90__6jhpk8,2gbp90,6jhpk8,True,,5,4,0,1.0,0.0,1.0,0.0,1.583
3e66bp__1st3r1,3e66bp,1st3r1,True,,10,3,0,1.0,0.0,1.0,0.0,1.583
4f2n00__8fe2na,4f2n00,8fe2na,True,,2,11,0,1.0,0.0,1.0,0.0,1.583
9q93du__7fjspz,9q93du,7fjspz,True,,2,4,0,1.0,0.0,1.0,0.0,1.583
2u81uj__99pgfk,2u81uj,99pgfk,True,,3,4,0,1.0,0.0,1.0,0.0,1.583
3iq04d__91k0re,3iq04d,91k0re,True,,5,1,0,1.0,0.0,1.0,0.0,1.583
4n9a71__6zwx5e,4n9a71,6zwx5e,True,,1,3,0,1.0,0.0,1.0,0.0,1.583
3tdoat__7gqz6w,3tdoat,7gqz6w,True,,2,4,0,1.0,0.0,1.0,0.0,1.583
3w4s83__9w2z8b,3w4s83,9w2z8b,True,,2,1,0,1.0,0.0,1.0,0.0,1.583
9x00c3__39f069,9x00c3,39f069,True,,9,5,2,0.6666666666666666,0.33333333333333337,0.3644240088760853,0.6355759911239147,2.2439310847772904
2z0thp__9l1ysp,2z0thp,9l1ysp,True,,3,1,0,1.0,0.0,1.0,0.0,1.583
49w9j7__4n4a71,49w9j7,4n4a71,True,,5,1,0,1.0,0.0,1.0,0.0,1.583
8h4jg3__72ay9s,8h4jg3,72ay9s,True,,8,10,0,1.0,0.0,1.0,0.0,1.583
37w8ys__51zbcr,37w8ys,51zbcr,True,,6,2,0,1.0,0.0,1.0,0.0,1.583
356fbx__8vt98s,356fbx,8vt98s,True,,2,4,2,0.1111111111111111,0.8888888888888888,0.33943284054597217,0.6605671594540279,2.379548114658561
3fh458__6plwx7,3fh458,6plwx7,True,,4,3,0,1.0,0.0,1.0,0.0,1.583
9mn2ku__7h1t2b,9mn2ku,7h1t2b,True,,2,3,1,0.6,0.4,0.25195421278476715,0.7480457872152328,2.362439960680306
3l5964__9cgdyi,3l5964,9cgdyi,True,,7,4,2,0.29411764705882354,0.7058823529411764,0.45974386081798,0.54025613918202,2.2302040319115
9rfrbq__4pldcf,9rfrbq,4pldcf,True,,2,3,0,1.0,0.0,1.0,0.0,1.583
1i1pzw__9gbccl,1i1pzw,9gbccl,True,,1,8,0,1.0,0.0,1.0,0.0,1.583
42y3ez__74h1mz,42y3ez,74h1mz,True,,1,1,0,1.0,0.0,1.0,0.0,1.583
9gfoe6__5sy79n,9gfoe6,5sy79n,True,,1,4,0,1.0,0.0,1.0,0.0,1.583
8ikjq0__1x8oor,8ikjq0,1x8oor,True,,1,3,0,1.0,0.0,1.0,0.0,1.583
1zgwzi__y4fus,1zgwzi,y4fus,True,,2,5,0,1.0,0.0,1.0,0.0,1.583
1jxsux__40bls2,1jxsux,40bls2,True,,4,7,0,1.0,0.0,1.0,0.0,1.583
17e1mt__4ishud,17e1mt,4ishud,True,,1,6,1,0.5,0.5,0.2555363401770592,0.7444636598229408,2.3793046119086445
3vynyg__2h63aw,3vynyg,2h63aw,True,,5,5,0,1.0,0.0,1.0,0.0,1.583
3s3cm2__72sd9c,3s3cm2,72sd9c,True,,3,2,1,0.6,0.4,0.42535144090652466,0.5746485590934753,2.2005042893373967
1tqt7j__2jhz0v,1tqt7j,2jhz0v,True,,4,3,0,1.0,0.0,1.0,0.0,1.583
6347ek__3pg22h,6347ek,3pg22h,True,,5,7,0,1.0,0.0,1.0,0.0,1.583
3bs3us__z02wk,3bs3us,z02wk,True,,1,4,0,1.0,0.0,1.0,0.0,1.583
5w875i__8f0l31,5w875i,8f0l31,True,,2,15,0,1.0,0.0,1.0,0.0,1.583
11tfgf__9pbs08,11tfgf,9pbs08,True,,7,4,3,0.42857142857142855,0.5714285714285714,0.38507470736900967,0.6149252926309903,2.272764445073796
3c0itn__7fsm6o,3c0itn,7fsm6o,True,,3,4,0,1.0,0.0,1.0,0.0,1.583
3xpzpk__3n0qoe,3xpzpk,3n0qoe,True,,2,3,0,1.0,0.0,1.0,0.0,1.583
3g6kqw__773ra5,3g6kqw,773ra5,True,,8,2,0,1.0,0.0,1.0,0.0,1.583
3073nu__2crhcn,3073nu,2crhcn,True,,3,2,1,0.6,0.4,0.4026963412761688,0.5973036587238312,2.221661886882186
8lkrv8__76n9oj,8lkrv8,76n9oj,True,,4,5,0,1.0,0.0,1.0,0.0,1.583
3c08m0__54ms5r,3c08m0,54ms5r,True,,2,1,0,1.0,0.0,1.0,0.0,1.583
38mzb3__56803t,38mzb3,56803t,True,,1,7,0,1.0,0.0,1.0,0.0,1.583
42mexm__3s1jo6,42mexm,3s1jo6,True,,9,6,0,1.0,0.0,1.0,0.0,1.583
8jbl0z__36mtrp,8jbl0z,36mtrp,True,,6,1,0,1.0,0.0,1.0,0.0,1.583
2k2dg1__86mme2,2k2dg1,86mme2,True,,3,3,0,1.0,0.0,1.0,0.0,1.583
34089b__8rcnx8,34089b,8rcnx8,True,,2,7,1,0.4166666666666667,0.5833333333333333,0.2609345515569051,0.739065448443095,2.391104888967673
2dglmb__7e9was,2dglmb,7e9was,True,,5,2,0,1.0,0.0,1.0,0.0,1.583
4hzsyu__2ha2ks,4hzsyu,2ha2ks,True,,3,4,0,1.0,0.0,1.0,0.0,1.583
3ehlnp__9xyp21,3ehlnp,9xyp21,True,,2,3,0,1.0,0.0,1.0,0.0,1.583
5yaz9g__2xg8ik,5yaz9g,2xg8ik,True,,1,7,0,1.0,0.0,1.0,0.0,1.583
3bmpqt__5m4874,3bmpqt,5m4874,True,,5,9,2,0.6666666666666666,0.33333333333333337,0.41408194601535797,0.585918053984642,2.197555537282924
1v6dev__9yn7a5,1v6dev,9yn7a5,True,,3,13,1,0.2903225806451613,0.7096774193548387,0.3735515574614207,0.6264484425385792,2.311466006938392
4ujh5f__12u8p8,4ujh5f,12u8p8,True,,4,11,0,1.0,0.0,1.0,0.0,1.583
2ryogr__9cfpsv,2ryogr,9cfpsv,True,,4,2,1,0.6666666666666666,0.33333333333333337,0.4500211738049984,0.5499788261950016,2.1639918924501784
77il2q__9upmxa,77il2q,9upmxa,True,,4,8,0,1.0,0.0,1.0,0.0,1.583
14xeqc__30rbqm,14xeqc,30rbqm,True,,2,6,0,1.0,0.0,1.0,0.0,1.583
3cfnz1__3m3xm1,3cfnz1,3m3xm1,True,,5,1,0,1.0,0.0,1.0,0.0,1.583
3qm7ez__3exdkj,3qm7ez,3exdkj,True,,3,6,0,1.0,0.0,1.0,0.0,1.583
9iku4p__2z4sd5,9iku4p,2z4sd5,True,,8,5,0,1.0,0.0,1.0,0.0,1.583
91dtox__1hcjm7,91dtox,1hcjm7,True,,2,2,1,0.5,0.5,0.36481431126594543,0.6351856887340546,2.2772499147087335
2sggv8__9mqjf3,2sggv8,9mqjf3,True,,4,2,0,1.0,0.0,1.0,0.0,1.583
4ishud__3sbvka,4ishud,3sbvka,True,,6,5,1,0.8181818181818182,0.18181818181818177,0.36063481867313385,0.6393651813268661,2.216848597386615
1x53zg__9gpfvr,1x53zg,9gpfvr,True,,2,4,0,1.0,0.0,1.0,0.0,1.583
74cckz__8351jw,74cckz,8351jw,True,,4,4,2,0.5555555555555556,0.4444444444444444,0.25720350444316864,0.7427964955568314,2.366519869422747
3h3ohp__1gkfeu,3h3ohp,1gkfeu,True,,1,1,0,1.0,0.0,1.0,0.0,1.583
4v6nmi__1nyau2,4v6nmi,1nyau2,True,,5,10,0,1.0,0.0,1.0,0.0,1.583
95q9w6__27biff,95q9w6,27biff,True,,5,1,0,1.0,0.0,1.0,0.0,1.583
99ozh1__9k350s,99ozh1,9k350s,True,,2,5,1,0.3,0.7,0.36400634547074634,0.6359936545292537,2.31842447396487
4xfh51__3e7dqs,4xfh51,3e7dqs,True,,7,3,0,1.0,0.0,1.0,0.0,1.583
37g6wi__3mjsi5,37g6wi,3mjsi5,True,,5,4,1,0.26666666666666666,0.7333333333333334,0.41729881428182125,0.5827011857181787,2.2753913040088736
2cx989__8ds206,2cx989,8ds206,True,,4,7,0,1.0,0.0,1.0,0.0,1.583
9ovjbg__1hcjm7,9ovjbg,1hcjm7,True,,1,2,0,1.0,0.0,1.0,0.0,1.583
2vf35d__79sby3,2vf35d,79sby3,True,,1,4,0,1.0,0.0,1.0,0.0,1.583
7yaiv5__1x6o1a,7yaiv5,1x6o1a,True,,4,3,0,1.0,0.0,1.0,0.0,1.583
2fdrv3__5q23dw,2fdrv3,5q23dw,True,,3,5,0,1.0,0.0,1.0,0.0,1.583
8g4jdm__6vofg7,8g4jdm,6vofg7,True,,8,1,0,1.0,0.0,1.0,0.0,1.583
72o6zo__7690lz,72o6zo,7690lz,True,,7,6,0,1.0,0.0,1.0,0.0,1.583
72dghi__6orsbl,72dghi,6orsbl,True,,3,2,0,1.0,0.0,1.0,0.0,1.583
99jqoq__1qzlgm,99jqoq,1qzlgm,True,,3,1,0,1.0,0.0,1.0,0.0,1.583
1rf4k7__3cq0ux,1rf4k7,3cq0ux,True,,5,3,0,1.0,0.0,1.0,0.0,1.583
3jxgx4__2lmeyr,3jxgx4,2lmeyr,True,,3,3,3,0.0,1.0,0.4474724605679512,0.5525275394320488,2.30110546907559
91dtox__2ytfie,91dtox,2ytfie,True,,2,1,0,1.0,0.0,1.0,0.0,1.583
5sdmba__2ghrs8,5sdmba,2ghrs8,True,,4,1,0,1.0,0.0,1.0,0.0,1.583
12vhls__684obm,12vhls,684obm,True,,1,3,0,1.0,0.0,1.0,0.0,1.583
3fdgln__2lxexs,3fdgln,2lxexs,True,,1,8,0,1.0,0.0,1.0,0.0,1.583
769rub__91zw9c,769rub,91zw9c,True,,1,3,0,1.0,0.0,1.0,0.0,1.583
3afhvv__3dpynp,3afhvv,3dpynp,True,,3,6,1,0.7777777777777778,0.2222222222222222,0.25941914319992065,0.7405808568000793,2.319539573276705
2bwspu__9yz9ba,2bwspu,9yz9ba,True,,5,3,3,0.2727272727272727,0.7272727272727273,0.40196894109249115,0.5980310589075089,2.2884830240955405
1uh4xr__9ybupa,1uh4xr,9ybupa,True,,6,3,0,1.0,0.0,1.0,0.0,1.583
9x4par__7axi2n,9x4par,7axi2n,True,,4,2,0,1.0,0.0,1.0,0.0,1.583
9df5b3__37myd6,9df5b3,37myd6,True,,2,2,1,0.5,0.5,0.39202339947223663,0.6079766005277634,2.2518393472328784
3jgl49__55qtuc,3jgl49,55qtuc,True,,5,3,0,1.0,0.0,1.0,0.0,1.583
6brnud__7reco5,6brnud,7reco5,True,,2,3,0,1.0,0.0,1.0,0.0,1.583
73qhpq__2b5jxk,73qhpq,2b5jxk,True,,4,2,0,1.0,0.0,1.0,0.0,1.583
7bscg4__6jl42e,7bscg4,6jl42e,True,,1,3,0,1.0,0.0,1.0,0.0,1.583
87io7v__1fyy5g,87io7v,1fyy5g,True,,3,2,0,1.0,0.0,1.0,0.0,1.583
4392n1__4f34pc,4392n1,4f34pc,True,,2,5,0,1.0,0.0,1.0,0.0,1.583
4skv7l__2bl7cc,4skv7l,2bl7cc,True,,5,6,0,1.0,0.0,1.0,0.0,1.583
8wbffv__ksjcy,8wbffv,ksjcy,True,,3,6,2,0.5,0.5,0.3102501258254051,0.6897498741745949,2.328207407491654
8crap8__2ha2ks,8crap8,2ha2ks,True,,6,4,0,1.0,0.0,1.0,0.0,1.583
3j0u42__7b1sz8,3j0u42,7b1sz8,True,,2,3,0,1.0,0.0,1.0,0.0,1.583
1n7ggz__3sav5t,1n7ggz,3sav5t,True,,2,7,0,1.0,0.0,1.0,0.0,1.583
28bprc__3n43a5,28bprc,3n43a5,True,,8,5,0,1.0,0.0,1.0,0.0,1.583
3cvaqz__9eql33,3cvaqz,9eql33,True,,1,5,0,1.0,0.0,1.0,0.0,1.583
8wv9n9__794sud,8wv9n9,794sud,True,,5,1,0,1.0,0.0,1.0,0.0,1.583
8jpmx0__3al372,8jpmx0,3al372,True,,2,7,1,0.6,0.4,0.4093010909855366,0.5906989090144634,2.2154937111286075
19flsa__9ccrxj,19flsa,9ccrxj,True,,7,3,0,1.0,0.0,1.0,0.0,1.583
3kuf8n__59dwz2,3kuf8n,59dwz2,True,,7,4,0,1.0,0.0,1.0,0.0,1.583
6h8zjc__3uw7q7,6h8zjc,3uw7q7,True,,2,3,0,1.0,0.0,1.0,0.0,1.583
4oe0ir__55ax7u,4oe0ir,55ax7u,True,,4,1,0,1.0,0.0,1.0,0.0,1.583
2979iy__7emq8n,2979iy,7emq8n,True,,2,5,0,1.0,0.0,1.0,0.0,1.583
1zy2xq__3ibtfh,1zy2xq,3ibtfh,True,,4,2,0,1.0,0.0,1.0,0.0,1.583
3a8508__5izors,3a8508,5izors,True,,2,3,0,1.0,0.0,1.0,0.0,1.583
33cn6z__7o3ali,33cn6z,7o3ali,True,,6,7,2,0.6428571428571429,0.3571428571428571,0.45956438733264804,0.540435612667352,2.159891390098611
1x6o1a__7bmqon,1x6o1a,7bmqon,True,,3,2,2,0.16666666666666666,0.8333333333333334,0.3894670605659485,0.6105329394340515,2.321593378804127
1y38lg__26voam,1y38lg,26voam,True,,3,3,3,0.0,1.0,0.3938855528831482,0.6061144471168518,2.3511502821624277
37azai__730mf1,37azai,730mf1,True,,2,6,0,1.0,0.0,1.0,0.0,1.583
36fa3l__92jpwu,36fa3l,92jpwu,True,,7,2,2,0.3333333333333333,0.6666666666666667,0.3500996145109336,0.6499003854890664,2.3246753033415724
4wq5ps__34c4ui,4wq5ps,34c4ui,True,,3,17,0,1.0,0.0,1.0,0.0,1.583
9q7wkx__4ym12s,9q7wkx,4ym12s,True,,4,8,0,1.0,0.0,1.0,0.0,1.583
326riq__93rf53,326riq,93rf53,True,,2,11,2,0.16176470588235295,0.8382352941176471,0.44690427285703743,0.5530957271429626,2.268943452519989
2k82nw__6ffa6i,2k82nw,6ffa6i,True,,2,2,0,1.0,0.0,1.0,0.0,1.583
38lff5__8g4dos,38lff5,8g4dos,True,,2,3,0,1.0,0.0,1.0,0.0,1.583
35n3tp__5xov28,35n3tp,5xov28,True,,1,2,0,1.0,0.0,1.0,0.0,1.583
979g87__3g02hj,979g87,3g02hj,True,,6,5,1,0.8181818181818182,0.18181818181818177,0.4025702029466629,0.5974297970533371,2.177685142013566
37e2ct__30k5j9,37e2ct,30k5j9,True,,2,4,0,1.0,0.0,1.0,0.0,1.583
1d4e9m__59087l,1d4e9m,59087l,True,,1,4,0,1.0,0.0,1.0,0.0,1.583
71ensa__2gzxhp,71ensa,2gzxhp,True,,3,1,0,1.0,0.0,1.0,0.0,1.583
5nw6ct__7gm1xd,5nw6ct,7gm1xd,True,,1,2,0,1.0,0.0,1.0,0.0,1.583
36mtrp__3azvkf,36mtrp,3azvkf,True,,1,8,0,1.0,0.0,1.0,0.0,1.583
36sq8u__3a8924,36sq8u,3a8924,True,,1,4,0,1.0,0.0,1.0,0.0,1.583
8p5zet__2ef7ll,8p5zet,2ef7ll,True,,8,4,0,1.0,0.0,1.0,0.0,1.583
2whi6l__5q6kzo,2whi6l,5q6kzo,True,,5,7,0,1.0,0.0,1.0,0.0,1.583
3rmutn__9cu3k9,3rmutn,9cu3k9,True,,8,3,3,0.42857142857142855,0.5714285714285714,0.3649966095884641,0.635003390411536,2.2915153805910475
2szp2c__2e20ib,2szp2c,2e20ib,True,,1,4,0,1.0,0.0,1.0,0.0,1.583
96jzhc__9lgvhd,96jzhc,9lgvhd,True,,5,6,0,1.0,0.0,1.0,0.0,1.583
3ccecg__7covg5,3ccecg,7covg5,True,,5,3,0,1.0,0.0,1.0,0.0,1.583
2kq98n__7f54qt,2kq98n,7f54qt,True,,6,1,0,1.0,0.0,1.0,0.0,1.583
fw7y5__2o8h4y,fw7y5,2o8h4y,True,,3,1,0,1.0,0.0,1.0,0.0,1.583
20lmoe__4ytimz,20lmoe,4ytimz,True,,4,6,0,1.0,0.0,1.0,0.0,1.583
3r06wf__3txzaq,3r06wf,3txzaq,True,,3,2,2,0.125,0.875,0.42059844235579175,0.5794015576442082,2.3009406146839257
1aw3go__42dc5s,1aw3go,42dc5s,True,,3,2,0,1.0,0.0,1.0,0.0,1.583
2bexzx__1hq3d1,2bexzx,1hq3d1,True,,1,4,0,1.0,0.0,1.0,0.0,1.583
304373__6ib5t6,304373,6ib5t6,True,,2,1,0,1.0,0.0,1.0,0.0,1.583
1ai6k0__3woija,1ai6k0,3woija,True,,4,2,0,1.0,0.0,1.0,0.0,1.583
9co0ah__3shyi8,9co0ah,3shyi8,True,,1,3,0,1.0,0.0,1.0,0.0,1.583
sql4w__9oovfv,sql4w,9oovfv,True,,4,1,0,1.0,0.0,1.0,0.0,1.583
88gqbg__1s4j23,88gqbg,1s4j23,True,,2,2,1,0.5,0.5,0.36951257288455963,0.6304874271154404,2.27286220818311
3cn8ab__2ho3kz,3cn8ab,2ho3kz,True,,6,4,0,1.0,0.0,1.0,0.0,1.583
63apfj__2hl0me,63apfj,2hl0me,True,,1,5,0,1.0,0.0,1.0,0.0,1.583
2renbq__98ogid,2renbq,98ogid,True,,1,11,0,1.0,0.0,1.0,0.0,1.583
2terco__2rdcx2,2terco,2rdcx2,True,,2,5,0,1.0,0.0,1.0,0.0,1.583
3ush3j__3arneo,3ush3j,3arneo,True,,4,1,0,1.0,0.0,1.0,0.0,1.583
40sodz__2thezp,40sodz,2thezp,True,,14,9,7,0.25,0.75,0.36218920829040663,0.6378107917095934,2.330226498377589
5x0d9e__21kx55,5x0d9e,21kx55,True,,1,2,1,0.0,1.0,0.443105548620224,0.556894451379776,2.3051837281435725
5iq7ef__9sa5z0,5iq7ef,9sa5z0,True,,5,5,0,1.0,0.0,1.0,0.0,1.583
5mzh4m__8ylysp,5mzh4m,8ylysp,True,,3,11,0,1.0,0.0,1.0,0.0,1.583
34spby__64reeo,34spby,64reeo,True,,3,5,0,1.0,0.0,1.0,0.0,1.583
8heu3c__9o50vb,8heu3c,9o50vb,True,,1,5,0,1.0,0.0,1.0,0.0,1.583
6ujnj4__1v1h76,6ujnj4,1v1h76,True,,3,3,3,0.0,1.0,0.4499634423603614,0.5500365576396387,2.2987791411796583
3aok62__6wmvdm,3aok62,6wmvdm,True,,3,4,0,1.0,0.0,1.0,0.0,1.583
34pq25__9xi3ux,34pq25,9xi3ux,True,,3,1,0,1.0,0.0,1.0,0.0,1.583
27me76__39elx7,27me76,39elx7,True,,2,4,0,1.0,0.0,1.0,0.0,1.583
88khjw__75rxa9,88khjw,75rxa9,True,,2,1,1,0.3333333333333333,0.6666666666666667,0.43958308175206184,0.5604169182479382,2.241106693285083
32q8jm__3f61n3,32q8jm,3f61n3,True,,2,1,0,1.0,0.0,1.0,0.0,1.583
3wgagx__9u4j7j,3wgagx,9u4j7j,True,,6,1,0,1.0,0.0,1.0,0.0,1.583
3bob0f__8wx8vk,3bob0f,8wx8vk,True,,2,1,0,1.0,0.0,1.0,0.0,1.583
30egi9__9n9qs4,30egi9,9n9qs4,True,,3,3,0,1.0,0.0,1.0,0.0,1.583
3ija8r__9gc311,3ija8r,9gc311,True,,4,6,3,0.38461538461538464,0.6153846153846154,0.4239778680106004,0.5760221319893997,2.245316299834131
37optf__6ns199,37optf,6ns199,True,,4,4,0,1.0,0.0,1.0,0.0,1.583
3hi695__169jh4,3hi695,169jh4,True,,9,9,2,0.7368421052631579,0.26315789473684215,0.4108450822532177,0.5891549177467823,2.1863959882100357
39z1ym__2v45ng,39z1ym,2v45ng,True,,3,3,0,1.0,0.0,1.0,0.0,1.583
50zxj8__78lijk,50zxj8,78lijk,True,,1,1,0,1.0,0.0,1.0,0.0,1.583
1tl13z__1uihr2,1tl13z,1uihr2,True,,4,1,0,1.0,0.0,1.0,0.0,1.583
2gic28__6pjdlk,2gic28,6pjdlk,True,,2,3,0,1.0,0.0,1.0,0.0,1.583
tag2s__7bui6b,tag2s,7bui6b,True,,7,1,0,1.0,0.0,1.0,0.0,1.583
7yaiv5__4fprls,7yaiv5,4fprls,True,,4,3,0,1.0,0.0,1.0,0.0,1.583
8ufz2h__6nujqy,8ufz2h,6nujqy,True,,5,5,0,1.0,0.0,1.0,0.0,1.583
3g0x4j__4jd9g4,3g0x4j,4jd9g4,True,,11,5,1,0.875,0.125,0.26143263280391693,0.7385673671960831,2.298010564224422
34rmx9__9u0y0n,34rmx9,9u0y0n,True,,4,1,0,1.0,0.0,1.0,0.0,1.583
1tl13z__92wbay,1tl13z,92wbay,True,,4,9,0,1.0,0.0,1.0,0.0,1.583
9spqmb__95bh6j,9spqmb,95bh6j,True,,3,4,3,0.07692307692307693,0.9230769230769231,0.4493709714151919,0.5506290285848081,2.2837862959491986
2ucqv2__92e43u,2ucqv2,92e43u,True,,9,7,0,1.0,0.0,1.0,0.0,1.583
1v0jia__4vum09,1v0jia,4vum09,True,,4,3,0,1.0,0.0,1.0,0.0,1.583
52r4c9__1xi3uz,52r4c9,1xi3uz,True,,4,1,0,1.0,0.0,1.0,0.0,1.583
2tgsnn__3uwaqi,2tgsnn,3uwaqi,True,,7,6,0,1.0,0.0,1.0,0.0,1.583
3l5964__3s5jsu,3l5964,3s5jsu,True,,7,3,0,1.0,0.0,1.0,0.0,1.583
3id79o__2o4ixm,3id79o,2o4ixm,True,,5,2,0,1.0,0.0,1.0,0.0,1.583
8vmoan__64la9r,8vmoan,64la9r,True,,1,2,0,1.0,0.0,1.0,0.0,1.583
6h9vkl__4w2jbj,6h9vkl,4w2jbj,True,,2,5,0,1.0,0.0,1.0,0.0,1.583
2ff1of__2o3xki,2ff1of,2o3xki,True,,3,5,0,1.0,0.0,1.0,0.0,1.583
4y064o__o986g,4y064o,o986g,True,,1,2,0,1.0,0.0,1.0,0.0,1.583
9uew7x__62n803,9uew7x,62n803,True,,2,5,0,1.0,0.0,1.0,0.0,1.583
3pr4xd__2u7w8v,3pr4xd,2u7w8v,True,,4,3,0,1.0,0.0,1.0,0.0,1.583
36fa3l__8z6jta,36fa3l,8z6jta,True,,7,5,0,1.0,0.0,1.0,0.0,1.583
3godne__945bwa,3godne,945bwa,True,,6,2,0,1.0,0.0,1.0,0.0,1.583
3gazqc__40jdm4,3gazqc,40jdm4,True,,7,2,1,0.7777777777777778,0.2222222222222222,0.1927867829799652,0.8072132170200348,2.3817675344861216
3aa1ke__3rs4bd,3aa1ke,3rs4bd,True,,1,2,0,1.0,0.0,1.0,0.0,1.583
8wv75t__34esxc,8wv75t,34esxc,True,,2,6,0,1.0,0.0,1.0,0.0,1.583
73mhgh__8s3i68,73mhgh,8s3i68,True,,3,5,0,1.0,0.0,1.0,0.0,1.583
4r64kb__8vt98s,4r64kb,8vt98s,True,,1,4,0,1.0,0.0,1.0,0.0,1.583
14g81n__4cdizx,14g81n,4cdizx,True,,3,6,0,1.0,0.0,1.0,0.0,1.583
4pyyvs__4uzb66,4pyyvs,4uzb66,True,,3,3,0,1.0,0.0,1.0,0.0,1.583
77pd29__6pjdlk,77pd29,6pjdlk,True,,3,3,0,1.0,0.0,1.0,0.0,1.583
37n97t__5q6kzo,37n97t,5q6kzo,True,,4,7,0,1.0,0.0,1.0,0.0,1.583
3nkx29__15wqgv,3nkx29,15wqgv,True,,7,2,0,1.0,0.0,1.0,0.0,1.583
37fhqm__75vfxi,37fhqm,75vfxi,True,,2,1,0,1.0,0.0,1.0,0.0,1.583
2ylbd7__3iw00w,2ylbd7,3iw00w,True,,4,6,0,1.0,0.0,1.0,0.0,1.583
326ad6__3qlesh,326ad6,3qlesh,True,,4,2,2,0.2857142857142857,0.7142857142857143,0.3623952940106392,0.6376047059893608,2.3228161777806067
2v7rct__6v9kxl,2v7rct,6v9kxl,True,,8,1,0,1.0,0.0,1.0,0.0,1.583
19lzl3__380r9v,19lzl3,380r9v,True,,5,1,0,1.0,0.0,1.0,0.0,1.583
3891sp__3cdsoc,3891sp,3cdsoc,True,,5,2,0,1.0,0.0,1.0,0.0,1.583
3oqoud__704puj,3oqoud,704puj,True,,4,1,0,1.0,0.0,1.0,0.0,1.583
11vbl3__2pjs64,11vbl3,2pjs64,True,,5,10,1,0.8666666666666667,0.1333333333333333,0.3771928921341896,0.6228071078658104,2.191586224702547
33bdis__3893kk,33bdis,3893kk,True,,2,1,0,1.0,0.0,1.0,0.0,1.583
8gdyvp__2k05ga,8gdyvp,2k05ga,True,,4,1,1,0.0,1.0,0.3846783023327589,0.6153216976672411,2.3597489334514363
59j7kc__2nke19,59j7kc,2nke19,True,,5,7,0,1.0,0.0,1.0,0.0,1.583
4674t5__74fz81,4674t5,74fz81,True,,3,7,0,1.0,0.0,1.0,0.0,1.583
1aw3go__5erifr,1aw3go,5erifr,True,,3,3,0,1.0,0.0,1.0,0.0,1.583
9dyp9c__5cjod7,9dyp9c,5cjod7,True,,4,4,2,0.4444444444444444,0.5555555555555556,0.40840065479278564,0.5915993452072144,2.247772406266795
560mjc__95yz7n,560mjc,95yz7n,True,,3,2,1,0.6,0.4,0.4343112036585808,0.5656887963414192,2.192136766903251
73d411__6ia6lc,73d411,6ia6lc,True,,4,1,0,1.0,0.0,1.0,0.0,1.583
976qmq__2our97,976qmq,2our97,True,,5,2,0,1.0,0.0,1.0,0.0,1.583
397ahd__26517c,397ahd,26517c,True,,3,7,0,1.0,0.0,1.0,0.0,1.583
1spxqp__7q2ycw,1spxqp,7q2ycw,True,,8,5,2,0.7142857142857143,0.2857142857142857,0.38981473073363304,0.610185269266367,2.210594880110717
5j8pl4__2ol0jb,5j8pl4,2ol0jb,True,,4,3,2,0.375,0.625,0.3573742061853409,0.6426257938146591,2.30946072884351
5k28o4__77w786,5k28o4,77w786,True,,6,3,0,1.0,0.0,1.0,0.0,1.583
3tum6h__75kxqs,3tum6h,75kxqs,True,,2,2,0,1.0,0.0,1.0,0.0,1.583
3cj447__542apa,3cj447,542apa,True,,3,3,0,1.0,0.0,1.0,0.0,1.583
3i9bjy__p9ys3,3i9bjy,p9ys3,True,,1,2,0,1.0,0.0,1.0,0.0,1.583
93tzo4__31gi9d,93tzo4,31gi9d,True,,5,4,0,1.0,0.0,1.0,0.0,1.583
1stx3n__34ooeq,1stx3n,34ooeq,True,,12,6,0,1.0,0.0,1.0,0.0,1.583
6yo8mt__9hbfph,6yo8mt,9hbfph,True,,2,7,0,1.0,0.0,1.0,0.0,1.583
898beq__9cxz63,898beq,9cxz63,True,,5,7,0,1.0,0.0,1.0,0.0,1.583
2zam05__94g1p3,2zam05,94g1p3,True,,3,2,0,1.0,0.0,1.0,0.0,1.583
1zdbwb__8vmoan,1zdbwb,8vmoan,True,,5,1,0,1.0,0.0,1.0,0.0,1.583
6wpmy8__zi585,6wpmy8,zi585,True,,2,5,0,1.0,0.0,1.0,0.0,1.583
4x8obh__4p8mbr,4x8obh,4p8mbr,True,,5,2,0,1.0,0.0,1.0,0.0,1.583
5eiuxs__2wopzf,5eiuxs,2wopzf,True,,11,6,2,0.37037037037037035,0.6296296296296297,0.3082101956009865,0.6917898043990135,2.3563106464763868
52t2cx__4nfgkl,52t2cx,4nfgkl,True,,8,5,0,1.0,0.0,1.0,0.0,1.583
92yfkp__4vg5x7,92yfkp,4vg5x7,True,,1,2,0,1.0,0.0,1.0,0.0,1.583
30blmx__2yon9l,30blmx,2yon9l,True,,8,1,1,0.0,1.0,0.4533330319682136,0.5466669680317864,2.295632281444885
5ipj3z__26repv,5ipj3z,26repv,True,,2,8,0,1.0,0.0,1.0,0.0,1.583
2sjfba__78yf8o,2sjfba,78yf8o,True,,1,8,1,0.0,1.0,0.39135248214006424,0.6086475178599358,2.353515916929394
3rg10v__4ipz3m,3rg10v,4ipz3m,True,,3,4,0,1.0,0.0,1.0,0.0,1.583
991mgl__34s0so,991mgl,34s0so,True,,9,2,0,1.0,0.0,1.0,0.0,1.583
3j3l55__8pglf7,3j3l55,8pglf7,True,,4,1,1,0.6,0.4,0.4906727494671941,0.5093272505328059,2.1395007192725872
36vseh__1v1h76,36vseh,1v1h76,True,,2,3,0,1.0,0.0,1.0,0.0,1.583
zh5jb__2ha2ks,zh5jb,2ha2ks,True,,3,4,1,0.7142857142857143,0.2857142857142857,0.2614077478647232,0.7385922521352768,2.330514161411992
395lj2__54ms5r,395lj2,54ms5r,True,,7,1,0,1.0,0.0,1.0,0.0,1.583
1v37v2__9yc5cc,1v37v2,9yc5cc,True,,4,9,3,0.5,0.5,0.406139633540685,0.593860366459315,2.238656196236354
5v232t__615crz,5v232t,615crz,True,,3,2,0,1.0,0.0,1.0,0.0,1.583
3mfwd3__170qo0,3mfwd3,170qo0,True,,5,5,0,1.0,0.0,1.0,0.0,1.583
4ebjlr__8ldzi6,4ebjlr,8ldzi6,True,,7,4,3,0.35294117647058826,0.6470588235294117,0.41590716829523444,0.5840928317047656,2.2592548837643744
1abuli__4w6h6y,1abuli,4w6h6y,True,,2,6,0,1.0,0.0,1.0,0.0,1.583
38yusq__70qag7,38yusq,70qag7,True,,4,3,0,1.0,0.0,1.0,0.0,1.583
3gcmp5__2dzd2a,3gcmp5,2dzd2a,True,,4,2,0,1.0,0.0,1.0,0.0,1.583
2ryogr__8dkcws,2ryogr,8dkcws,True,,4,5,1,0.7777777777777778,0.2222222222222222,0.48661502078175545,0.5133849792182446,2.1073613432030296
68cqor__8t3kbl,68cqor,8t3kbl,True,,4,5,0,1.0,0.0,1.0,0.0,1.583
337v72__5bw3sl,337v72,5bw3sl,True,,2,2,0,1.0,0.0,1.0,0.0,1.583
3fns94__74hrr6,3fns94,74hrr6,True,,4,4,1,0.75,0.25,0.4396933317184448,0.5603066682815552,2.1567953975081444
3wtchr__95jom2,3wtchr,95jom2,True,,7,6,0,1.0,0.0,1.0,0.0,1.583
37xjqx__9sdycm,37xjqx,9sdycm,True,,3,1,0,1.0,0.0,1.0,0.0,1.583
54umdj__3c6fb7,54umdj,3c6fb7,True,,1,4,0,1.0,0.0,1.0,0.0,1.583
5o26o4__6w3im3,5o26o4,6w3im3,True,,4,1,0,1.0,0.0,1.0,0.0,1.583
2gc4xz__5ugw10,2gc4xz,5ugw10,True,,5,1,1,0.0,1.0,0.4756040282547474,0.5243959717452527,2.274833398012891
1xiz2g__13l1xz,1xiz2g,13l1xz,True,,5,4,1,0.26666666666666666,0.7333333333333334,0.36505703814327717,0.6349429618567228,2.32417989874466
917k02__2oadjy,917k02,2oadjy,True,,4,5,0,1.0,0.0,1.0,0.0,1.583
2ylbd7__1uihr2,2ylbd7,1uihr2,True,,4,1,0,1.0,0.0,1.0,0.0,1.583
8lypsp__2b3me6,8lypsp,2b3me6,True,,1,8,0,1.0,0.0,1.0,0.0,1.583
3b857o__6wmc9m,3b857o,6wmc9m,True,,3,4,1,0.7142857142857143,0.2857142857142857,0.39313405752182007,0.6068659424781799,2.2074949608232295
2m8ogz__8vorff,2m8ogz,8vorff,True,,9,1,0,1.0,0.0,1.0,0.0,1.583
1azb3p__9ss80l,1azb3p,9ss80l,True,,2,9,0,1.0,0.0,1.0,0.0,1.583
3jqyd6__7sejdb,3jqyd6,7sejdb,True,,3,4,0,1.0,0.0,1.0,0.0,1.583
1vb17b__3cwla2,1vb17b,3cwla2,True,,1,9,0,1.0,0.0,1.0,0.0,1.583
20c8ma__2gbp90,20c8ma,2gbp90,True,,4,5,0,1.0,0.0,1.0,0.0,1.583
byqmn__3duedr,byqmn,3duedr,True,,4,8,2,0.6153846153846154,0.3846153846153846,0.327970989048481,0.672029010951519,2.2883386625583926
99oeue__9foqv2,99oeue,9foqv2,True,,2,5,1,0.3,0.7,0.3449615389108658,0.6550384610891342,2.3362104188111426
2ubuni__8vqa99,2ubuni,8vqa99,True,,2,4,1,0.6666666666666666,0.33333333333333337,0.3011152297258377,0.6988847702741623,2.3030551536257065
2ygsgn__21c5ce,2ygsgn,21c5ce,True,,2,6,0,1.0,0.0,1.0,0.0,1.583
3h65zl__2o0c8v,3h65zl,2o0c8v,True,,8,7,0,1.0,0.0,1.0,0.0,1.583
2kbhyx__773qm9,2kbhyx,773qm9,True,,4,1,0,1.0,0.0,1.0,0.0,1.583
3t7llk__2uze33,3t7llk,2uze33,True,,2,5,0,1.0,0.0,1.0,0.0,1.583
9jcry9__z6flv,9jcry9,z6flv,True,,6,3,1,0.4,0.6,0.395334055647254,0.604665944352746,2.2689575254310292
3fh458__4jhavz,3fh458,4jhavz,True,,4,2,0,1.0,0.0,1.0,0.0,1.583
3sqpzh__9bzxow,3sqpzh,9bzxow,True,,6,4,0,1.0,0.0,1.0,0.0,1.583
2nnm9j__369ecr,2nnm9j,369ecr,True,,7,3,1,0.8,0.19999999999999996,0.42520441114902496,0.574795588850975,2.1602216004279255
63c2ox__2ma54c,63c2ox,2ma54c,True,,3,4,0,1.0,0.0,1.0,0.0,1.583
36j2t8__7g0md8,36j2t8,7g0md8,True,,5,7,4,0.5,0.5,0.29918744787573814,0.7008125521242619,2.3385388424288482
204n9i__4ntx90,204n9i,4ntx90,True,,2,1,0,1.0,0.0,1.0,0.0,1.583
8g45cc__23litm,8g45cc,23litm,True,,5,7,0,1.0,0.0,1.0,0.0,1.583
31mptn__5wyr16,31mptn,5wyr16,True,,2,2,0,1.0,0.0,1.0,0.0,1.583
2tslg1__3edhm6,2tslg1,3edhm6,True,,1,2,0,1.0,0.0,1.0,0.0,1.583
3cdxln__9jzgny,3cdxln,9jzgny,True,,6,6,0,1.0,0.0,1.0,0.0,1.583
3arneo__9imc02,3arneo,9imc02,True,,1,2,0,1.0,0.0,1.0,0.0,1.583
8i8nij__57r4af,8i8nij,57r4af,True,,2,2,1,0.5,0.5,0.25562533736228943,0.7443746626377106,2.379221497437358
7f6i87__5mjwoq,7f6i87,5mjwoq,True,,9,4,0,1.0,0.0,1.0,0.0,1.583
1c1ig6__71rc74,1c1ig6,71rc74,True,,5,4,0,1.0,0.0,1.0,0.0,1.583
35k0k9__91gste,35k0k9,91gste,True,,1,5,0,1.0,0.0,1.0,0.0,1.583
2lxraj__3lvuz1,2lxraj,3lvuz1,True,,2,5,0,1.0,0.0,1.0,0.0,1.583
19bxe8__7be8bv,19bxe8,7be8bv,True,,3,2,0,1.0,0.0,1.0,0.0,1.583
2twzep__1kpfbb,2twzep,1kpfbb,True,,1,2,0,1.0,0.0,1.0,0.0,1.583
2g3w87__6zf5ss,2g3w87,6zf5ss,True,,3,4,1,0.7142857142857143,0.2857142857142857,0.3712557405233383,0.6287442594766617,2.2279271210681113
1xi3uz__7gh64j,1xi3uz,7gh64j,True,,1,4,0,1.0,0.0,1.0,0.0,1.583
9ehy79__7rdzr3,9ehy79,7rdzr3,True,,3,5,0,1.0,0.0,1.0,0.0,1.583
5jblt5__5fmwkk,5jblt5,5fmwkk,True,,6,4,2,0.5454545454545454,0.4545454545454546,0.4233853165060282,0.5766146834939718,2.2133640892786564
632wsp__2u5r9b,632wsp,2u5r9b,True,,2,1,0,1.0,0.0,1.0,0.0,1.583
9xwfkt__7271et,9xwfkt,7271et,True,,1,1,0,1.0,0.0,1.0,0.0,1.583
2g0m7t__7hi17a,2g0m7t,7hi17a,True,,5,9,4,0.20833333333333334,0.7916666666666666,0.4772490556817502,0.5227509443182499,2.231192940232147
3rziy3__96mf2i,3rziy3,96mf2i,True,,3,2,0,1.0,0.0,1.0,0.0,1.583
fue5h__5u2205,fue5h,5u2205,True,,2,6,2,0.36363636363636365,0.6363636363636364,0.4362102101246516,0.5637897898753483,2.2381323756736786
9ozsku__7i1e8q,9ozsku,7i1e8q,True,,3,6,0,1.0,0.0,1.0,0.0,1.583
91v3kp__8o6oas,91v3kp,8o6oas,True,,4,7,0,1.0,0.0,1.0,0.0,1.583
8h0kds__6fqq7a,8h0kds,6fqq7a,True,,2,4,0,1.0,0.0,1.0,0.0,1.583
349uo7__9sxvau,349uo7,9sxvau,True,,3,5,0,1.0,0.0,1.0,0.0,1.583
9yf9mz__5kbr7r,9yf9mz,5kbr7r,True,,3,5,0,1.0,0.0,1.0,0.0,1.583
3m3xm1__8hstuz,3m3xm1,8hstuz,True,,1,6,0,1.0,0.0,1.0,0.0,1.583
8k5clm__3rwv15,8k5clm,3rwv15,True,,1,5,0,1.0,0.0,1.0,0.0,1.583
34cz8b__1cu89q,34cz8b,1cu89q,True,,6,3,0,1.0,0.0,1.0,0.0,1.583
1dcy7t__2ij5ud,1dcy7t,2ij5ud,True,,2,3,0,1.0,0.0,1.0,0.0,1.583
395lj2__4ci3qq,395lj2,4ci3qq,True,,7,5,3,0.4,0.6,0.3466821238398552,0.6533178761601448,2.3143935645459592
1xgwr6__7xfd09,1xgwr6,7xfd09,True,,2,2,0,1.0,0.0,1.0,0.0,1.583
70pobe__3bwg2b,70pobe,3bwg2b,True,,7,6,1,0.8461538461538461,0.15384615384615385,0.36455969512462616,0.6354403048753738,2.2075300084154192
3mvzcg__34fman,3mvzcg,34fman,True,,4,3,0,1.0,0.0,1.0,0.0,1.583
8c6xlu__901sm4,8c6xlu,901sm4,True,,1,5,1,0.0,1.0,0.4211268100887537,0.5788731899112463,2.325709672058113
26622t__79hx3x,26622t,79hx3x,True,,7,2,0,1.0,0.0,1.0,0.0,1.583
2zyjw3__785ndz,2zyjw3,785ndz,True,,5,7,0,1.0,0.0,1.0,0.0,1.583
3g02hj__93rwlw,3g02hj,93rwlw,True,,5,5,0,1.0,0.0,1.0,0.0,1.583
4m89zm__9w2z8b,4m89zm,9w2z8b,True,,3,1,0,1.0,0.0,1.0,0.0,1.583
5mjwoq__3shyi8,5mjwoq,3shyi8,True,,4,3,0,1.0,0.0,1.0,0.0,1.583
3b58ov__70hrek,3b58ov,70hrek,True,,7,5,1,0.3118811881188119,0.6881188118811881,0.4072969418019056,0.5927030581980943,2.275594197932388
19lzl3__89y25h,19lzl3,89y25h,True,,5,2,0,1.0,0.0,1.0,0.0,1.583
4bfsjj__3lchyb,4bfsjj,3lchyb,True,,4,4,0,1.0,0.0,1.0,0.0,1.583
3bwksx__3qtldv,3bwksx,3qtldv,True,,3,4,0,1.0,0.0,1.0,0.0,1.583
519mg4__3reprk,519mg4,3reprk,True,,7,4,0,1.0,0.0,1.0,0.0,1.583
8hazot__2zi8w9,8hazot,2zi8w9,True,,5,6,5,0.038461538461538464,0.9615384615384616,0.44466158964981634,0.5553384103501837,2.2959574645029597
9eqmb2__8w50jl,9eqmb2,8w50jl,True,,3,2,0,1.0,0.0,1.0,0.0,1.583
2ztbsv__3atgok,2ztbsv,3atgok,True,,4,2,0,1.0,0.0,1.0,0.0,1.583
967lhq__9n08k2,967lhq,9n08k2,True,,6,4,0,1.0,0.0,1.0,0.0,1.583
3xpzpk__2skg8w,3xpzpk,2skg8w,True,,2,3,0,1.0,0.0,1.0,0.0,1.583
6muiqm__2uffns,6muiqm,2uffns,True,,1,1,0,1.0,0.0,1.0,0.0,1.583
3jg26f__23kgs6,3jg26f,23kgs6,True,,7,1,0,1.0,0.0,1.0,0.0,1.583
3dqvy9__2p2um5,3dqvy9,2p2um5,True,,20,5,0,1.0,0.0,1.0,0.0,1.583
2trrap__5i7d1k,2trrap,5i7d1k,True,,1,4,0,1.0,0.0,1.0,0.0,1.583
9kaxbv__52r4c9,9kaxbv,52r4c9,True,,2,4,0,1.0,0.0,1.0,0.0,1.583
38j5ly__3ccxzs,38j5ly,3ccxzs,True,,3,1,0,1.0,0.0,1.0,0.0,1.583
8m2agq__8ypyno,8m2agq,8ypyno,True,,1,12,0,1.0,0.0,1.0,0.0,1.583
35scyg__4cxkub,35scyg,4cxkub,True,,5,2,0,1.0,0.0,1.0,0.0,1.583
68w90z__8l8kq4,68w90z,8l8kq4,True,,8,2,0,1.0,0.0,1.0,0.0,1.583
2r28ls__3fb0r5,2r28ls,3fb0r5,True,,2,8,1,0.02631578947368421,0.9736842105263158,0.47560626006543316,0.5243937399345668,2.2695128926722603
37m5w9__3dpk4u,37m5w9,3dpk4u,True,,5,9,1,0.5882352941176471,0.4117647058823529,0.33278194566567737,0.6672180543343227,2.2893325880016473
3os0gn__6dselj,3os0gn,6dselj,True,,2,3,0,1.0,0.0,1.0,0.0,1.583
2bwspu__4jtzoj,2bwspu,4jtzoj,True,,5,7,0,1.0,0.0,1.0,0.0,1.583
44gzyk__8zyn5t,44gzyk,8zyn5t,True,,1,11,0,1.0,0.0,1.0,0.0,1.583
9npt9o__1yzweq,9npt9o,1yzweq,True,,3,1,0,1.0,0.0,1.0,0.0,1.583
5adfv6__4svmd4,5adfv6,4svmd4,True,,7,2,0,1.0,0.0,1.0,0.0,1.583
6hw2jv__3o72xb,6hw2jv,3o72xb,True,,11,2,0,1.0,0.0,1.0,0.0,1.583
4slkkr__54duku,4slkkr,54duku,True,,6,4,0,1.0,0.0,1.0,0.0,1.583
2zi8w9__759kvz,2zi8w9,759kvz,True,,6,2,0,1.0,0.0,1.0,0.0,1.583
27yybi__337v72,27yybi,337v72,True,,3,2,1,0.6,0.4,0.4045069217681885,0.5954930782318115,2.2199709857606886
26d3dg__9tdjbp,26d3dg,9tdjbp,True,,3,5,0,1.0,0.0,1.0,0.0,1.583
32vdpi__6f081y,32vdpi,6f081y,True,,4,4,0,1.0,0.0,1.0,0.0,1.583
29suzl__7be8bv,29suzl,7be8bv,True,,12,2,0,1.0,0.0,1.0,0.0,1.583
99iph6__7bz8gd,99iph6,7bz8gd,True,,7,5,1,0.8333333333333334,0.16666666666666663,0.41663942486047745,0.5833605751395226,2.1614837744561335
36usqg__77h6wn,36usqg,77h6wn,True,,3,1,0,1.0,0.0,1.0,0.0,1.583
2fhypp__4scadm,2fhypp,4scadm,True,,5,4,0,1.0,0.0,1.0,0.0,1.583
94blyq__8d62y8,94blyq,8d62y8,True,,2,5,0,1.0,0.0,1.0,0.0,1.583
2h7kkg__46c8w4,2h7kkg,46c8w4,True,,2,9,0,1.0,0.0,1.0,0.0,1.583
3e4dmn__560mjc,3e4dmn,560mjc,True,,2,3,0,1.0,0.0,1.0,0.0,1.583
2lumlr__9hbfph,2lumlr,9hbfph,True,,4,7,0,1.0,0.0,1.0,0.0,1.583
2fawsy__6chzcw,2fawsy,6chzcw,True,,4,1,0,1.0,0.0,1.0,0.0,1.583
30yoqr__4f3umr,30yoqr,4f3umr,True,,2,1,0,1.0,0.0,1.0,0.0,1.583
2bg6b2__4f3umr,2bg6b2,4f3umr,True,,2,1,0,1.0,0.0,1.0,0.0,1.583
9fzrih__8c5odi,9fzrih,8c5odi,True,,2,1,0,1.0,0.0,1.0,0.0,1.583
2zucl4__20am49,2zucl4,20am49,True,,2,2,0,1.0,0.0,1.0,0.0,1.583
4ge11v__52jgnv,4ge11v,52jgnv,True,,5,4,0,1.0,0.0,1.0,0.0,1.583
2j5g72__8owzel,2j5g72,8owzel,True,,7,1,0,1.0,0.0,1.0,0.0,1.583
9b4pz2__2u5r9b,9b4pz2,2u5r9b,True,,3,1,0,1.0,0.0,1.0,0.0,1.583
87btxe__67bqvw,87btxe,67bqvw,True,,4,3,2,0.375,0.625,0.350340835750103,0.649659164249897,2.316029193492979
1xnz0b__3tqjke,1xnz0b,3tqjke,True,,2,4,0,1.0,0.0,1.0,0.0,1.583
5erifr__7atnbf,5erifr,7atnbf,True,,3,4,0,1.0,0.0,1.0,0.0,1.583
2uunc5__9gbccl,2uunc5,9gbccl,True,,6,8,4,0.1864406779661017,0.8135593220338984,0.40908210910856724,0.5909178908914328,2.29927855728656
8w50jl__207lwo,8w50jl,207lwo,True,,2,5,0,1.0,0.0,1.0,0.0,1.583
2rrz5d__4nfgkl,2rrz5d,4nfgkl,True,,5,5,0,1.0,0.0,1.0,0.0,1.583
7xfd09__2ef7ll,7xfd09,2ef7ll,True,,2,4,0,1.0,0.0,1.0,0.0,1.583
6o0mcs__8d7pj9,6o0mcs,8d7pj9,True,,1,4,0,1.0,0.0,1.0,0.0,1.583
3w0qti__5ngiaf,3w0qti,5ngiaf,True,,3,4,2,0.375,0.625,0.39128633961081505,0.608713660389185,2.2777901874374598
3i5gnx__8f0l31,3i5gnx,8f0l31,True,,5,15,0,1.0,0.0,1.0,0.0,1.583
219x87__39jesl,219x87,39jesl,True,,1,7,0,1.0,0.0,1.0,0.0,1.583
2z9ze5__1klp6h,2z9ze5,1klp6h,True,,3,2,0,1.0,0.0,1.0,0.0,1.583
2bqjwp__5yfvd3,2bqjwp,5yfvd3,True,,2,6,0,1.0,0.0,1.0,0.0,1.583
8n47o4__54wp4l,8n47o4,54wp4l,True,,5,6,2,0.42857142857142855,0.5714285714285714,0.2912716269493103,0.7087283730506897,2.360367141877753
1gjyeb__91ybue,1gjyeb,91ybue,True,,2,7,0,1.0,0.0,1.0,0.0,1.583
2bkbj0__2pl8b3,2bkbj0,2pl8b3,True,,2,4,0,1.0,0.0,1.0,0.0,1.583
9e66sn__2nfy03,9e66sn,2nfy03,True,,2,2,0,1.0,0.0,1.0,0.0,1.583
9wxpec__2b0lzk,9wxpec,2b0lzk,True,,4,5,1,0.7777777777777778,0.2222222222222222,0.35897117853164673,0.6410288214683533,2.2265679274804064
49uco1__3gyuld,49uco1,3gyuld,True,,8,5,5,0.34782608695652173,0.6521739130434783,0.4368194632232189,0.563180536776781,2.240758651121923
1jbpkf__9d32zq,1jbpkf,9d32zq,True,,4,1,0,1.0,0.0,1.0,0.0,1.583
211dxc__554zsk,211dxc,554zsk,True,,10,5,0,1.0,0.0,1.0,0.0,1.583
1rwf2n__7elzya,1rwf2n,7elzya,True,,4,2,0,1.0,0.0,1.0,0.0,1.583
3wtchr__9td6zm,3wtchr,9td6zm,True,,7,2,0,1.0,0.0,1.0,0.0,1.583
8i9lfg__2yzsid,8i9lfg,2yzsid,True,,5,4,0,1.0,0.0,1.0,0.0,1.583
33fdka__3gx3l8,33fdka,3gx3l8,True,,2,4,0,1.0,0.0,1.0,0.0,1.583
8s97hm__4zvv52,8s97hm,4zvv52,True,,1,7,0,1.0,0.0,1.0,0.0,1.583
312pfc__1j2b5d,312pfc,1j2b5d,True,,3,5,1,0.75,0.25,0.359756737947464,0.640243262052536,2.231448182430863
2nhhv7__2mevbz,2nhhv7,2mevbz,True,,5,1,0,1.0,0.0,1.0,0.0,1.583
2x8hue__6ied8s,2x8hue,6ied8s,True,,7,3,0,1.0,0.0,1.0,0.0,1.583
3jde79__7anabi,3jde79,7anabi,True,,3,4,0,1.0,0.0,1.0,0.0,1.583
3kbcpm__7dju4w,3kbcpm,7dju4w,True,,1,6,0,1.0,0.0,1.0,0.0,1.583
32ejqd__4vg5x7,32ejqd,4vg5x7,True,,5,2,0,1.0,0.0,1.0,0.0,1.583
3o8dix__39q2p2,3o8dix,39q2p2,True,,1,3,0,1.0,0.0,1.0,0.0,1.583
3c28ln__5svxvs,3c28ln,5svxvs,True,,3,9,2,0.6153846153846154,0.3846153846153846,0.35018591955304146,0.6498140804469585,2.2675921389601834
2dy9cq__59vj4v,2dy9cq,59vj4v,True,,4,5,0,1.0,0.0,1.0,0.0,1.583
3xgubw__8k9b41,3xgubw,8k9b41,True,,2,8,0,1.0,0.0,1.0,0.0,1.583
1y1mz7__9cwlq8,1y1mz7,9cwlq8,True,,2,2,1,0.5,0.5,0.32905706763267517,0.6709429323673248,2.3106436045378445
6chzcw__9xrwnt,6chzcw,9xrwnt,True,,1,2,0,1.0,0.0,1.0,0.0,1.583
28qg65__3hlvs2,28qg65,3hlvs2,True,,1,1,0,1.0,0.0,1.0,0.0,1.583
3w43f1__6eivb3,3w43f1,6eivb3,True,,4,6,4,0.35,0.65,0.42253054305911064,0.5774694569408894,2.2536637258370966
8ggdvh__1k3vnj,8ggdvh,1k3vnj,True,,2,1,1,0.3333333333333333,0.6666666666666667,0.45185553282499313,0.5481444671750069,2.2296454512280723
37azai__6e4wx8,37azai,6e4wx8,True,,2,2,0,1.0,0.0,1.0,0.0,1.583
45uz4g__752kg5,45uz4g,752kg5,True,,5,4,0,1.0,0.0,1.0,0.0,1.583
1aevii__8tepou,1aevii,8tepou,True,,4,8,0,1.0,0.0,1.0,0.0,1.583
35hh4m__704puj,35hh4m,704puj,True,,2,1,0,1.0,0.0,1.0,0.0,1.583
6svd6i__71drb3,6svd6i,71drb3,True,,12,4,0,1.0,0.0,1.0,0.0,1.583
63apfj__52ln52,63apfj,52ln52,True,,1,6,0,1.0,0.0,1.0,0.0,1.583
53vivz__6f0opd,53vivz,6f0opd,True,,2,2,0,1.0,0.0,1.0,0.0,1.583
1zr9bd__9it4xk,1zr9bd,9it4xk,True,,2,7,0,1.0,0.0,1.0,0.0,1.583
2xv4xn__99z89q,2xv4xn,99z89q,True,,5,4,0,1.0,0.0,1.0,0.0,1.583
8g6ot1__3fdgln,8g6ot1,3fdgln,True,,1,1,0,1.0,0.0,1.0,0.0,1.583
1aevii__9ump3q,1aevii,9ump3q,True,,4,2,0,1.0,0.0,1.0,0.0,1.583
8jbl0z__2oo0yw,8jbl0z,2oo0yw,True,,6,4,0,1.0,0.0,1.0,0.0,1.583
1ddy4g__3g7sid,1ddy4g,3g7sid,True,,5,5,0,1.0,0.0,1.0,0.0,1.583
9yc5cc__42dc5s,9yc5cc,42dc5s,True,,9,2,0,1.0,0.0,1.0,0.0,1.583
9sxvau__2o1bnq,9sxvau,2o1bnq,True,,5,4,1,0.7777777777777778,0.2222222222222222,0.5008644024492241,0.49913559755077586,2.0940538456637805
3e31xg__otnfd,3e31xg,otnfd,True,,4,2,0,1.0,0.0,1.0,0.0,1.583
347g3k__4ndn66,347g3k,4ndn66,True,,2,8,0,1.0,0.0,1.0,0.0,1.583
37hxi1__11a0r3,37hxi1,11a0r3,True,,5,6,3,0.35714285714285715,0.6428571428571428,0.38935650885105133,0.6106434911489487,2.2832013849554316
2axphm__9oer6p,2axphm,9oer6p,True,,8,2,0,1.0,0.0,1.0,0.0,1.583
8mb8yr__6jguo4,8mb8yr,6jguo4,True,,4,3,0,1.0,0.0,1.0,0.0,1.583
2nkzs8__5y6s2j,2nkzs8,5y6s2j,True,,3,4,0,1.0,0.0,1.0,0.0,1.583
298xua__1ok22i,298xua,1ok22i,True,,1,1,0,1.0,0.0,1.0,0.0,1.583
27u9a7__87b09y,27u9a7,87b09y,True,,2,1,0,1.0,0.0,1.0,0.0,1.583
5rap9i__52p5gp,5rap9i,52p5gp,True,,3,2,0,1.0,0.0,1.0,0.0,1.583
68xxwq__94kczb,68xxwq,94kczb,True,,4,3,0,1.0,0.0,1.0,0.0,1.583
2nl5zz__2o026b,2nl5zz,2o026b,True,,2,3,1,0.6,0.4,0.44076069444417953,0.5592393055558205,2.1861135874585806
1nd2ly__3al372,1nd2ly,3al372,True,,4,7,3,0.23529411764705882,0.7647058823529411,0.417886296287179,0.582113703712821,2.281183046720933
9h4h27__x7adp,9h4h27,x7adp,True,,8,5,0,1.0,0.0,1.0,0.0,1.583
34ntti__2lefa1,34ntti,2lefa1,True,,5,1,0,1.0,0.0,1.0,0.0,1.583
77ppol__3io3nf,77ppol,3io3nf,True,,10,3,0,1.0,0.0,1.0,0.0,1.583
1km7lv__7jlcop,1km7lv,7jlcop,True,,1,2,0,1.0,0.0,1.0,0.0,1.583
27nyum__3lgy9v,27nyum,3lgy9v,True,,5,3,0,1.0,0.0,1.0,0.0,1.583
40e23u__7g89jc,40e23u,7g89jc,True,,3,3,1,0.6666666666666666,0.33333333333333337,0.4708222597837448,0.5291777402162552,2.144565758254627
3agprf__3smckt,3agprf,3smckt,True,,4,4,2,0.4444444444444444,0.5555555555555556,0.3420053794980049,0.6579946205019951,2.309778953864591
3vcpwu__2heoxw,3vcpwu,2heoxw,True,,2,4,0,1.0,0.0,1.0,0.0,1.583
1j7nce__87bifs,1j7nce,87bifs,True,,9,4,0,1.0,0.0,1.0,0.0,1.583
27yybi__14gg0m,27yybi,14gg0m,True,,3,8,3,0.35294117647058826,0.6470588235294117,0.39432815462350845,0.6056718453764915,2.2794075246323997
3c226y__95g23j,3c226y,95g23j,True,,1,7,1,0.75,0.25,0.28152014315128326,0.7184798568487167,2.3045133383110166
2b5jwn__3uwn95,2b5jwn,3uwn95,True,,2,4,0,1.0,0.0,1.0,0.0,1.583
5vcrkw__9tq027,5vcrkw,9tq027,True,,4,4,1,0.25,0.75,0.4367524723832806,0.5632475276167195,2.2605918660412545
1z29b1__34f8no,1z29b1,34f8no,True,,1,1,0,1.0,0.0,1.0,0.0,1.583
9eg9qb__8kzy0d,9eg9qb,8kzy0d,True,,5,4,3,0.2,0.8,0.3555071195587516,0.6444928804412484,2.346571901044082
887vxr__2zbnif,887vxr,2zbnif,True,,2,3,0,1.0,0.0,1.0,0.0,1.583
8ml0wk__2nlvec,8ml0wk,2nlvec,True,,8,6,0,1.0,0.0,1.0,0.0,1.583
9x50kk__2rsnam,9x50kk,2rsnam,True,,1,2,0,1.0,0.0,1.0,0.0,1.583
74silm__1zukpv,74silm,1zukpv,True,,2,5,0,1.0,0.0,1.0,0.0,1.583
2fskc9__3p2ogp,2fskc9,3p2ogp,True,,7,8,2,0.6875,0.3125,0.20891084522008896,0.791089154779911,2.384954411648959
2tslg1__5ler6b,2tslg1,5ler6b,True,,1,4,0,1.0,0.0,1.0,0.0,1.583
3opw3q__9j9rzc,3opw3q,9j9rzc,True,,7,5,0,1.0,0.0,1.0,0.0,1.583
2up2sx__5q7u7i,2up2sx,5q7u7i,True,,7,5,0,1.0,0.0,1.0,0.0,1.583
6hq3s9__3njgyc,6hq3s9,3njgyc,True,,4,3,0,1.0,0.0,1.0,0.0,1.583
2j562o__93nlcp,2j562o,93nlcp,True,,4,4,2,0.5555555555555556,0.4444444444444444,0.366800457239151,0.633199542760849,2.264167275206579
34sehe__1hiab5,34sehe,1hiab5,True,,2,1,0,1.0,0.0,1.0,0.0,1.583
3smld1__1m9m67,3smld1,1m9m67,True,,2,6,0,1.0,0.0,1.0,0.0,1.583
2fs77s__7drw1m,2fs77s,7drw1m,True,,4,6,0,1.0,0.0,1.0,0.0,1.583
2ghkpy__1o19di,2ghkpy,1o19di,True,,7,3,0,1.0,0.0,1.0,0.0,1.583
57w69p__70qag7,57w69p,70qag7,True,,1,3,0,1.0,0.0,1.0,0.0,1.583
2ylksx__970nac,2ylksx,970nac,True,,2,13,0,1.0,0.0,1.0,0.0,1.583
2z56c8__3rgpxo,2z56c8,3rgpxo,True,,5,1,0,1.0,0.0,1.0,0.0,1.583
6zqkiu__68j3ss,6zqkiu,68j3ss,True,,2,5,0,1.0,0.0,1.0,0.0,1.583
9wvkzr__2hv0dt,9wvkzr,2hv0dt,True,,4,4,0,1.0,0.0,1.0,0.0,1.583
9y6wni__131o3k,9y6wni,131o3k,True,,6,2,1,0.75,0.25,0.26536792516708374,0.7346320748329163,2.3195978946864604
88nj5s__99pfkq,88nj5s,99pfkq,True,,4,1,0,1.0,0.0,1.0,0.0,1.583
3d764z__16axa6,3d764z,16axa6,True,,2,3,1,0.6,0.4,0.3959469348192215,0.6040530651807785,2.227965157572329
2roi15__86nttl,2roi15,86nttl,True,,2,3,1,0.3333333333333333,0.6666666666666667,0.42095842212438583,0.5790415778756142,2.2585002629113693
3yi10n__2l1o25,3yi10n,2l1o25,True,,1,3,0,1.0,0.0,1.0,0.0,1.583
9wvkzr__2ulqed,9wvkzr,2ulqed,True,,4,2,0,1.0,0.0,1.0,0.0,1.583
9tfxtt__8yv1rm,9tfxtt,8yv1rm,True,,2,9,0,1.0,0.0,1.0,0.0,1.583
3fbqyr__8lxxkj,3fbqyr,8lxxkj,True,,8,4,0,1.0,0.0,1.0,0.0,1.583
34f8no__1owz1v,34f8no,1owz1v,True,,1,2,0,1.0,0.0,1.0,0.0,1.583
87pxh2__4xp95i,87pxh2,4xp95i,True,,3,5,0,1.0,0.0,1.0,0.0,1.583
1nyau2__21mnvc,1nyau2,21mnvc,True,,10,4,0,1.0,0.0,1.0,0.0,1.583
7v8tu4__5nk99r,7v8tu4,5nk99r,True,,7,3,1,0.8,0.19999999999999996,0.384907491505146,0.615092508494854,2.1978548936833437
9iku4p__40jdm4,9iku4p,40jdm4,True,,8,2,1,0.8,0.19999999999999996,0.36768242716789246,0.6323175728321075,2.213941381267905
971u5n__2roi15,971u5n,2roi15,True,,1,2,0,1.0,0.0,1.0,0.0,1.583
2u7w8v__1kpfbb,2u7w8v,1kpfbb,True,,3,2,1,0.6,0.4,0.2537703663110733,0.7462296336889267,2.3607438549020885
2tm2gp__67dmeg,2tm2gp,67dmeg,True,,4,5,0,1.0,0.0,1.0,0.0,1.583
2l53es__94aioh,2l53es,94aioh,True,,4,2,0,1.0,0.0,1.0,0.0,1.583
4at6tx__78mc4g,4at6tx,78mc4g,True,,5,5,4,0.3125,0.6875,0.42266330402344465,0.5773366959765553,2.261118490372505
8mrjao__6qg7j4,8mrjao,6qg7j4,True,,4,4,0,1.0,0.0,1.0,0.0,1.583
8ic75t__5gwv03,8ic75t,5gwv03,True,,2,1,0,1.0,0.0,1.0,0.0,1.583
9ess1g__288oa6,9ess1g,288oa6,True,,4,3,2,0.375,0.625,0.29752784222364426,0.7024721577763557,2.3653512481473387
2a1xm4__54duku,2a1xm4,54duku,True,,8,4,0,1.0,0.0,1.0,0.0,1.583
8h0qsa__87dijz,8h0qsa,87dijz,True,,2,12,0,1.0,0.0,1.0,0.0,1.583
9x905m__92a1xb,9x905m,92a1xb,True,,3,2,0,1.0,0.0,1.0,0.0,1.583
964jdv__qzmt2,964jdv,qzmt2,True,,1,2,0,1.0,0.0,1.0,0.0,1.583
2rb1fh__33022r,2rb1fh,33022r,True,,2,6,1,0.043478260869565216,0.9565217391304348,0.44600515424584347,0.5539948457541566,2.2936888299280676
4orxkw__3bacnm,4orxkw,3bacnm,True,,1,11,0,1.0,0.0,1.0,0.0,1.583
2s1emx__3hqvnn,2s1emx,3hqvnn,True,,6,6,0,1.0,0.0,1.0,0.0,1.583
2a2nh0__9o0n8r,2a2nh0,9o0n8r,True,,5,4,0,1.0,0.0,1.0,0.0,1.583
1uybs0__2v80vz,1uybs0,2v80vz,True,,11,2,1,0.8461538461538461,0.15384615384615385,0.23627203702926636,0.7637279629707336,2.327337852310676
169jh4__6jclu1,169jh4,6jclu1,True,,9,4,0,1.0,0.0,1.0,0.0,1.583
2ei3iq__5ce26x,2ei3iq,5ce26x,True,,6,4,0,1.0,0.0,1.0,0.0,1.583
1y6m5m__2j6x20,1y6m5m,2j6x20,True,,1,1,0,1.0,0.0,1.0,0.0,1.583
9ib7p0__8xyn2j,9ib7p0,8xyn2j,True,,5,1,0,1.0,0.0,1.0,0.0,1.583
o986g__768x1w,o986g,768x1w,True,,2,1,0,1.0,0.0,1.0,0.0,1.583
4q7bbm__4a6ebo,4q7bbm,4a6ebo,True,,6,1,1,0.7142857142857143,0.2857142857142857,0.3703688532114029,0.6296311467885971,2.2287553851287276
33rkzw__5sdmba,33rkzw,5sdmba,True,,2,4,2,0.2857142857142857,0.7142857142857143,0.30295374244451523,0.6970462575554848,2.37832864278821
1uryyk__762mmz,1uryyk,762mmz,True,,2,2,0,1.0,0.0,1.0,0.0,1.583
6dpbhl__3kz02w,6dpbhl,3kz02w,True,,3,5,1,0.5555555555555556,0.4444444444444444,0.356325626373291,0.643674373626709,2.273949719752206
31xgra__4h4iva,31xgra,4h4iva,True,,4,8,0,1.0,0.0,1.0,0.0,1.583
95zhsi__78wpg7,95zhsi,78wpg7,True,,1,3,0,1.0,0.0,1.0,0.0,1.583
3x19hi__9j0bjr,3x19hi,9j0bjr,True,,3,2,0,1.0,0.0,1.0,0.0,1.583
1g9fgp__1mf85o,1g9fgp,1mf85o,True,,3,5,0,1.0,0.0,1.0,0.0,1.583
4kmvg2__8cqxm8,4kmvg2,8cqxm8,True,,9,1,0,1.0,0.0,1.0,0.0,1.583
3e6vd5__8d6bhz,3e6vd5,8d6bhz,True,,5,8,0,1.0,0.0,1.0,0.0,1.583
3a5s5y__9urdku,3a5s5y,9urdku,True,,6,4,3,0.1875,0.8125,0.4244784605689347,0.5755215394310653,2.284685815674672
7c9bgh__5q31mn,7c9bgh,5q31mn,True,,2,12,0,1.0,0.0,1.0,0.0,1.583
3g9rgq__3t5mug,3g9rgq,3t5mug,True,,3,1,0,1.0,0.0,1.0,0.0,1.583
30c27g__465lxy,30c27g,465lxy,True,,3,6,0,1.0,0.0,1.0,0.0,1.583
28hfo0__9abesp,28hfo0,9abesp,True,,3,7,3,0.35,0.65,0.3902251236140728,0.6097748763859272,2.2838337570568172
3thrfp__97qwul,3thrfp,97qwul,True,,7,3,0,1.0,0.0,1.0,0.0,1.583
3abz8w__2uunc5,3abz8w,2uunc5,True,,1,6,0,1.0,0.0,1.0,0.0,1.583
6tgbp0__6nt6eg,6tgbp0,6nt6eg,True,,9,1,0,1.0,0.0,1.0,0.0,1.583
3010z7__2o3xki,3010z7,2o3xki,True,,3,5,0,1.0,0.0,1.0,0.0,1.583
8st78y__9c2ygj,8st78y,9c2ygj,True,,5,2,0,1.0,0.0,1.0,0.0,1.583
36o3q3__9krh64,36o3q3,9krh64,True,,4,5,0,1.0,0.0,1.0,0.0,1.583
18398h__33022r,18398h,33022r,True,,8,6,4,0.25,0.75,0.3533956497907639,0.6466043502092361,2.3384388026604057
8wj264__9dwvdf,8wj264,9dwvdf,True,,1,1,0,1.0,0.0,1.0,0.0,1.583
9kxk5t__9uau42,9kxk5t,9uau42,True,,2,4,0,1.0,0.0,1.0,0.0,1.583
9wm7uw__9jcry9,9wm7uw,9jcry9,True,,4,6,0,1.0,0.0,1.0,0.0,1.583
95rq1u__2731ww,95rq1u,2731ww,True,,5,2,0,1.0,0.0,1.0,0.0,1.583
54duku__91dhh9,54duku,91dhh9,True,,4,3,0,1.0,0.0,1.0,0.0,1.583
63k3bn__97piov,63k3bn,97piov,True,,4,3,0,1.0,0.0,1.0,0.0,1.583
9ap0rq__96czpo,9ap0rq,96czpo,True,,3,1,0,1.0,0.0,1.0,0.0,1.583
2sggv8__2roi15,2sggv8,2roi15,True,,4,2,2,0.2857142857142857,0.7142857142857143,0.41071991994977,0.58928008005023,2.2776858096160524
9wxpec__9oorec,9wxpec,9oorec,True,,4,4,0,1.0,0.0,1.0,0.0,1.583
3ush3j__95yz7n,3ush3j,95yz7n,True,,4,2,0,1.0,0.0,1.0,0.0,1.583
3yrhbf__40jdm4,3yrhbf,40jdm4,True,,5,2,1,0.7142857142857143,0.2857142857142857,0.31148701906204224,0.6885129809379578,2.283745130040816
3n7e7j__2crjhm,3n7e7j,2crjhm,True,,4,7,0,1.0,0.0,1.0,0.0,1.583
6w9sqs__8ypyno,6w9sqs,8ypyno,True,,3,12,0,1.0,0.0,1.0,0.0,1.583
3x6iwi__99iph6,3x6iwi,99iph6,True,,5,7,2,0.6153846153846154,0.3846153846153846,0.3983238600194454,0.6016761399805546,2.222636116358609
91v3kp__537hkt,91v3kp,537hkt,True,,4,4,1,0.75,0.25,0.28369875252246857,0.7163012474775314,2.3024787350192666
4eut71__1n7ggz,4eut71,1n7ggz,True,,3,2,0,1.0,0.0,1.0,0.0,1.583
8sjqdv__5qfkbv,8sjqdv,5qfkbv,True,,2,1,0,1.0,0.0,1.0,0.0,1.583
4ipfrd__5tpv2i,4ipfrd,5tpv2i,True,,4,2,0,1.0,0.0,1.0,0.0,1.583
32xi8j__9qx6fr,32xi8j,9qx6fr,True,,5,7,0,1.0,0.0,1.0,0.0,1.583
syvlw__3eyl0a,syvlw,3eyl0a,True,,1,3,1,0.5,0.5,0.3915107846260071,0.6084892153739929,2.252318078237772
74zmvi__8rvtna,74zmvi,8rvtna,True,,5,1,1,0.0,1.0,0.37592430114746095,0.6240756988525391,2.367924295158386
9mjmu0__8rmnt9,9mjmu0,8rmnt9,True,,3,2,0,1.0,0.0,1.0,0.0,1.583
2toksd__7q2ycw,2toksd,7q2ycw,True,,5,5,4,0.125,0.875,0.3725940864533186,0.6274059135466814,2.3457718826612455
3atgok__2tmjsq,3atgok,2tmjsq,True,,2,5,2,0.375,0.625,0.30688291043043137,0.6931170895695686,2.35661454994902
3if8uz__93q2a1,3if8uz,93q2a1,True,,5,4,0,1.0,0.0,1.0,0.0,1.583
3std6d__8o8x6r,3std6d,8o8x6r,True,,3,1,0,1.0,0.0,1.0,0.0,1.583
7wfb08__8kzy0d,7wfb08,8kzy0d,True,,3,4,3,0.2,0.8,0.38156520823637646,0.6184347917636235,2.322236252028048
5235i5__7hyxaz,5235i5,7hyxaz,True,,7,5,2,0.6923076923076923,0.3076923076923077,0.41520786425098777,0.5847921357490122,2.191321990960618
65tnb9__5iq8h5,65tnb9,5iq8h5,True,,1,5,0,1.0,0.0,1.0,0.0,1.583
54duku__1w5iv3,54duku,1w5iv3,True,,4,2,0,1.0,0.0,1.0,0.0,1.583
5khves__1ep77h,5khves,1ep77h,True,,6,4,2,0.5454545454545454,0.4545454545454546,0.3871361054480076,0.6128638945519924,2.247217227485742
8ylysp__2jdck1,8ylysp,2jdck1,True,,11,1,0,1.0,0.0,1.0,0.0,1.583
3opw3q__2hzp5h,3opw3q,2hzp5h,True,,7,6,3,0.2857142857142857,0.7142857142857143,0.41948971586922806,0.5805102841307719,2.2694956972068705
8kpdqh__8628eg,8kpdqh,8628eg,True,,10,6,1,0.875,0.125,0.3920447677373886,0.6079552322626114,2.1760318914100525
5zkr68__9y33d6,5zkr68,9y33d6,True,,6,3,0,1.0,0.0,1.0,0.0,1.583
3w4s83__3ij6ys,3w4s83,3ij6ys,True,,2,1,0,1.0,0.0,1.0,0.0,1.583
3690t5__3xmj8j,3690t5,3xmj8j,True,,2,4,0,1.0,0.0,1.0,0.0,1.583
8fworq__74jtj9,8fworq,74jtj9,True,,1,2,0,1.0,0.0,1.0,0.0,1.583
3lbyyw__9gqypx,3lbyyw,9gqypx,True,,5,7,2,0.6,0.4,0.3397609144449234,0.6602390855550766,2.280437281999886
3abz8w__4c14gd,3abz8w,4c14gd,True,,1,1,0,1.0,0.0,1.0,0.0,1.583
8cajs2__928esj,8cajs2,928esj,True,,5,3,0,1.0,0.0,1.0,0.0,1.583
99oeue__97kx9f,99oeue,97kx9f,True,,2,5,0,1.0,0.0,1.0,0.0,1.583
3qcr7o__7cgyoo,3qcr7o,7cgyoo,True,,5,4,1,0.7777777777777778,0.2222222222222222,0.44389327988028526,0.5561067201197147,2.1472591770309126
5ab0mq__p44z2,5ab0mq,p44z2,True,,2,3,0,1.0,0.0,1.0,0.0,1.583
5cldkr__8pbvcd,5cldkr,8pbvcd,True,,8,7,2,0.6875,0.3125,0.5025152429006994,0.4974847570993006,2.110757264655037
2wio8b__8rloc0,2wio8b,8rloc0,True,,6,2,1,0.75,0.25,0.3821976035833359,0.6178023964166641,2.2104906580135224
3rebsd__3hv8by,3rebsd,3hv8by,True,,7,4,0,1.0,0.0,1.0,0.0,1.583
8hvkvx__3s8lyt,8hvkvx,3s8lyt,True,,1,1,0,1.0,0.0,1.0,0.0,1.583
s5l85__8it8zd,s5l85,8it8zd,True,,4,4,0,1.0,0.0,1.0,0.0,1.583
3e31xg__8udj7e,3e31xg,8udj7e,True,,4,3,0,1.0,0.0,1.0,0.0,1.583
4ak6pz__6ecnn0,4ak6pz,6ecnn0,True,,3,2,0,1.0,0.0,1.0,0.0,1.583
3ixljh__8blqfh,3ixljh,8blqfh,True,,3,2,0,1.0,0.0,1.0,0.0,1.583
6dpbhl__72o6zo,6dpbhl,72o6zo,True,,3,7,0,1.0,0.0,1.0,0.0,1.583
554zsk__6o568r,554zsk,6o568r,True,,5,4,0,1.0,0.0,1.0,0.0,1.583
6uiiye__4ftn3b,6uiiye,4ftn3b,True,,5,4,0,1.0,0.0,1.0,0.0,1.583
65gtb7__31ceoj,65gtb7,31ceoj,True,,3,1,0,1.0,0.0,1.0,0.0,1.583
3lylkj__9alwa4,3lylkj,9alwa4,True,,3,4,0,1.0,0.0,1.0,0.0,1.583
3m492k__3ibo6p,3m492k,3ibo6p,True,,5,4,2,0.5,0.5,0.47042006347328424,0.5295799365267158,2.1786247027223
3s33k6__74e9b9,3s33k6,74e9b9,True,,1,4,1,0.6,0.4,0.2797321379184723,0.7202678620815277,2.336498156397939
7xwio3__36wv2s,7xwio3,36wv2s,True,,4,5,0,1.0,0.0,1.0,0.0,1.583
4h1bft__2kfqvl,4h1bft,2kfqvl,True,,9,3,0,1.0,0.0,1.0,0.0,1.583
37i3s7__1j7nce,37i3s7,1j7nce,True,,3,9,1,0.8333333333333334,0.16666666666666663,0.3522808700799942,0.6477191299200058,2.2215882287656266
4qpnd7__4pbny1,4qpnd7,4pbny1,True,,2,2,0,1.0,0.0,1.0,0.0,1.583
4nztw4__55lrlr,4nztw4,55lrlr,True,,3,2,0,1.0,0.0,1.0,0.0,1.583
27me76__9um1zo,27me76,9um1zo,True,,2,7,0,1.0,0.0,1.0,0.0,1.583
8z5dl7__3401de,8z5dl7,3401de,True,,5,2,0,1.0,0.0,1.0,0.0,1.583
5fv4ug__2crpse,5fv4ug,2crpse,True,,4,3,0,1.0,0.0,1.0,0.0,1.583
3a8508__2eybjl,3a8508,2eybjl,True,,2,5,0,1.0,0.0,1.0,0.0,1.583
5k28o4__8c38qp,5k28o4,8c38qp,True,,6,2,0,1.0,0.0,1.0,0.0,1.583
3nx64a__9lyefq,3nx64a,9lyefq,True,,8,5,0,1.0,0.0,1.0,0.0,1.583
4cimj6__3jlccj,4cimj6,3jlccj,True,,6,3,0,1.0,0.0,1.0,0.0,1.583
3rtlxf__byqn5,3rtlxf,byqn5,True,,6,2,0,1.0,0.0,1.0,0.0,1.583
9mn2ku__6g74fj,9mn2ku,6g74fj,True,,2,7,0,1.0,0.0,1.0,0.0,1.583
9j3dt9__3uw7q7,9j3dt9,3uw7q7,True,,2,3,1,0.6,0.4,0.29502083361148834,0.7049791663885117,2.322220043490231
9jvbv3__25ro35,9jvbv3,25ro35,True,,3,4,0,1.0,0.0,1.0,0.0,1.583
5v2ywe__2nlvec,5v2ywe,2nlvec,True,,3,6,0,1.0,0.0,1.0,0.0,1.583
5n7669__2y262w,5n7669,2y262w,True,,2,7,0,1.0,0.0,1.0,0.0,1.583
1vp6lj__57p8y6,1vp6lj,57p8y6,True,,2,3,0,1.0,0.0,1.0,0.0,1.583
9l331n__7rdzr3,9l331n,7rdzr3,True,,2,5,0,1.0,0.0,1.0,0.0,1.583
9l65gv__4kqgzu,9l65gv,4kqgzu,True,,2,1,0,1.0,0.0,1.0,0.0,1.583
559e0e__5iy2i1,559e0e,5iy2i1,True,,3,2,0,1.0,0.0,1.0,0.0,1.583
2w3zen__872e04,2w3zen,872e04,True,,4,6,0,1.0,0.0,1.0,0.0,1.583
3i8xmg__4li56j,3i8xmg,4li56j,True,,3,3,1,0.6666666666666666,0.33333333333333337,0.41191650182008743,0.5880834981799126,2.199577845616887
9qyplw__9it4xk,9qyplw,9it4xk,True,,5,7,0,1.0,0.0,1.0,0.0,1.583
9sz5ug__9wac48,9sz5ug,9wac48,True,,15,3,0,1.0,0.0,1.0,0.0,1.583
621nm9__18oac9,621nm9,18oac9,True,,2,1,0,1.0,0.0,1.0,0.0,1.583
9ymzf1__3hv4rz,9ymzf1,3hv4rz,True,,5,10,1,0.8666666666666667,0.1333333333333333,0.4559656046330929,0.5440343953669071,2.118020388499821
32m1sw__3pahjx,32m1sw,3pahjx,True,,2,1,0,1.0,0.0,1.0,0.0,1.583
6zs037__3rgpxo,6zs037,3rgpxo,True,,3,1,0,1.0,0.0,1.0,0.0,1.583
3ly1te__9t8n8o,3ly1te,9t8n8o,True,,6,3,0,1.0,0.0,1.0,0.0,1.583
9nfqgl__55fuia,9nfqgl,55fuia,True,,7,2,0,1.0,0.0,1.0,0.0,1.583
9dyp9c__3e81ip,9dyp9c,3e81ip,True,,4,8,5,0.18181818181818182,0.8181818181818181,0.39836377240717413,0.6016362275928259,2.3102226184034853
65m8jg__4l0h3d,65m8jg,4l0h3d,True,,1,1,0,1.0,0.0,1.0,0.0,1.583
31nrvw__1rmj88,31nrvw,1rmj88,True,,2,5,0,1.0,0.0,1.0,0.0,1.583
3dsake__9de1nq,3dsake,9de1nq,True,,6,2,0,1.0,0.0,1.0,0.0,1.583
3hhjig__2lx35v,3hhjig,2lx35v,True,,4,3,0,1.0,0.0,1.0,0.0,1.583
9x00c3__3jrzl7,9x00c3,3jrzl7,True,,9,1,0,1.0,0.0,1.0,0.0,1.583
928cyw__3e8dz0,928cyw,3e8dz0,True,,1,2,0,1.0,0.0,1.0,0.0,1.583
2n6gwl__4ge11v,2n6gwl,4ge11v,True,,3,5,0,1.0,0.0,1.0,0.0,1.583
33rhr7__5fhgl8,33rhr7,5fhgl8,True,,9,5,0,1.0,0.0,1.0,0.0,1.583
2bydfm__30cp1d,2bydfm,30cp1d,True,,5,2,0,1.0,0.0,1.0,0.0,1.583
8ajpmg__92in9y,8ajpmg,92in9y,True,,1,10,0,1.0,0.0,1.0,0.0,1.583
971u5n__5zzltb,971u5n,5zzltb,True,,1,5,0,1.0,0.0,1.0,0.0,1.583
3ff579__663nf3,3ff579,663nf3,True,,3,2,2,0.16666666666666666,0.8333333333333334,0.36102689802646637,0.6389731019735336,2.3481536465997497
4gmbc9__8ew1ym,4gmbc9,8ew1ym,True,,1,10,0,1.0,0.0,1.0,0.0,1.583
20jcgv__97lra6,20jcgv,97lra6,True,,3,1,0,1.0,0.0,1.0,0.0,1.583
9jwt84__37myd6,9jwt84,37myd6,True,,6,2,0,1.0,0.0,1.0,0.0,1.583
3ot7yk__6q4spu,3ot7yk,6q4spu,True,,7,4,0,1.0,0.0,1.0,0.0,1.583
3qozqi__muaxb,3qozqi,muaxb,True,,4,2,0,1.0,0.0,1.0,0.0,1.583
32yaes__7dju4w,32yaes,7dju4w,True,,4,6,0,1.0,0.0,1.0,0.0,1.583
2ksblk__9wd96d,2ksblk,9wd96d,True,,2,5,0,1.0,0.0,1.0,0.0,1.583
38ltwy__9l8w1a,38ltwy,9l8w1a,True,,1,4,0,1.0,0.0,1.0,0.0,1.583
2gic28__34s0so,2gic28,34s0so,True,,2,2,0,1.0,0.0,1.0,0.0,1.583
9xcgf6__8z7ow7,9xcgf6,8z7ow7,True,,1,4,0,1.0,0.0,1.0,0.0,1.583
9w867k__4xd8s0,9w867k,4xd8s0,True,,5,7,0,1.0,0.0,1.0,0.0,1.583
6e9e08__2o8h4y,6e9e08,2o8h4y,True,,6,1,1,0.7142857142857143,0.2857142857142857,0.3824585974216461,0.6175414025783539,2.2174647730107817
97demt__94gct0,97demt,94gct0,True,,1,3,0,1.0,0.0,1.0,0.0,1.583
5erifr__3vd91w,5erifr,3vd91w,True,,3,1,0,1.0,0.0,1.0,0.0,1.583
1xujjo__8l4j56,1xujjo,8l4j56,True,,5,4,0,1.0,0.0,1.0,0.0,1.583
975rou__52t2cx,975rou,52t2cx,True,,3,8,0,1.0,0.0,1.0,0.0,1.583
3gx3l8__6xyxww,3gx3l8,6xyxww,True,,4,5,0,1.0,0.0,1.0,0.0,1.583
34cj0a__2duvr1,34cj0a,2duvr1,True,,1,2,0,1.0,0.0,1.0,0.0,1.583
8tshzg__74cckz,8tshzg,74cckz,True,,6,4,0,1.0,0.0,1.0,0.0,1.583
76uew7__4ztj5x,76uew7,4ztj5x,True,,3,2,0,1.0,0.0,1.0,0.0,1.583
3f7lpq__6odlud,3f7lpq,6odlud,True,,2,6,1,0.75,0.25,0.3257831484079361,0.6742168515920639,2.2631761177018284
8jbl0z__1myqam,8jbl0z,1myqam,True,,6,4,0,1.0,0.0,1.0,0.0,1.583
2legk7__4u8v3k,2legk7,4u8v3k,True,,1,1,0,1.0,0.0,1.0,0.0,1.583
3hf0d7__9l1ysp,3hf0d7,9l1ysp,True,,4,1,0,1.0,0.0,1.0,0.0,1.583
2wbz9l__8euma2,2wbz9l,8euma2,True,,2,2,0,1.0,0.0,1.0,0.0,1.583
2khmmz__3gsy9c,2khmmz,3gsy9c,True,,3,3,2,0.42857142857142855,0.5714285714285714,0.42186685651540756,0.5781331434845924,2.238404256985975
6xn1o1__48bj25,6xn1o1,48bj25,True,,6,2,0,1.0,0.0,1.0,0.0,1.583
1uh4xr__772am5,1uh4xr,772am5,True,,6,2,1,0.75,0.25,0.2158513069152832,0.7841486930847168,2.365841464471817
19xpm3__9ous8p,19xpm3,9ous8p,True,,2,6,0,1.0,0.0,1.0,0.0,1.583
49knna__2n6gwl,49knna,2n6gwl,True,,8,3,0,1.0,0.0,1.0,0.0,1.583
4zwpmm__2d9key,4zwpmm,2d9key,True,,6,6,1,0.8333333333333334,0.16666666666666663,0.40659844875335693,0.5934015512466431,2.1708610420425734
30k5j9__33logu,30k5j9,33logu,True,,4,2,0,1.0,0.0,1.0,0.0,1.583
6oxefa__4jd0sr,6oxefa,4jd0sr,True,,8,2,2,0.16129032258064516,0.8387096774193549,0.3822284112019198,0.6177715887980801,2.3294401125849786
8mlkeu__9plbum,8mlkeu,9plbum,True,,2,3,0,1.0,0.0,1.0,0.0,1.583
4fk05t__60alul,4fk05t,60alul,True,,10,1,0,1.0,0.0,1.0,0.0,1.583
68mv2n__2bw7cy,68mv2n,2bw7cy,True,,4,4,0,1.0,0.0,1.0,0.0,1.583
7olemr__2oqf07,7olemr,2oqf07,True,,1,5,0,1.0,0.0,1.0,0.0,1.583
2jr8mu__6pqc9f,2jr8mu,6pqc9f,True,,3,8,0,1.0,0.0,1.0,0.0,1.583
8nvwqe__3lmqzx,8nvwqe,3lmqzx,True,,7,1,0,1.0,0.0,1.0,0.0,1.583
8vj7lu__73b7z4,8vj7lu,73b7z4,True,,4,8,0,1.0,0.0,1.0,0.0,1.583
8cby8t__1pl293,8cby8t,1pl293,True,,2,3,0,1.0,0.0,1.0,0.0,1.583
6yfuvz__2nhhv7,6yfuvz,2nhhv7,True,,3,5,0,1.0,0.0,1.0,0.0,1.583
2fhrfs__7au7vs,2fhrfs,7au7vs,True,,1,6,0,1.0,0.0,1.0,0.0,1.583
8m2agq__8x8cz3,8m2agq,8x8cz3,True,,1,2,0,1.0,0.0,1.0,0.0,1.583
2i7jom__4f2n00,2i7jom,4f2n00,True,,3,2,0,1.0,0.0,1.0,0.0,1.583
9wvrl7__2sfx5r,9wvrl7,2sfx5r,True,,4,4,1,0.75,0.25,0.443720318377018,0.556279681622982,2.1530345946677025
3oh9p5__8mlkeu,3oh9p5,8mlkeu,True,,3,2,1,0.6,0.4,0.41506975144147873,0.5849302485585213,2.210106359128803
2izngt__95z3af,2izngt,95z3af,True,,3,7,0,1.0,0.0,1.0,0.0,1.583
3e6vd5__9eplh4,3e6vd5,9eplh4,True,,5,3,0,1.0,0.0,1.0,0.0,1.583
30ttev__57brla,30ttev,57brla,True,,4,2,0,1.0,0.0,1.0,0.0,1.583
1huvvj__2wvnwd,1huvvj,2wvnwd,True,,3,5,2,0.36363636363636365,0.6363636363636364,0.3151593903700511,0.6848406096299489,2.3511817362425003
4jd9g4__94g1p3,4jd9g4,94g1p3,True,,5,2,0,1.0,0.0,1.0,0.0,1.583
3q8ixz__3sq16v,3q8ixz,3sq16v,True,,4,4,0,1.0,0.0,1.0,0.0,1.583
1ih5e9__8p6w0b,1ih5e9,8p6w0b,True,,9,7,1,0.875,0.125,0.22949662804603577,0.7705033719539642,2.3278355990678072
1xbdel__7aa0m5,1xbdel,7aa0m5,True,,1,2,0,1.0,0.0,1.0,0.0,1.583
3nnpoh__40e23u,3nnpoh,40e23u,True,,1,3,0,1.0,0.0,1.0,0.0,1.583
31y5kr__9ri692,31y5kr,9ri692,True,,6,10,2,0.22727272727272727,0.7727272727272727,0.46825689112301916,0.5317431088769808,2.2357630711983942
2yv7p5__99pfkq,2yv7p5,99pfkq,True,,2,1,0,1.0,0.0,1.0,0.0,1.583
349uo7__5u512v,349uo7,5u512v,True,,3,5,0,1.0,0.0,1.0,0.0,1.583
326bb7__5u537g,326bb7,5u537g,True,,3,3,0,1.0,0.0,1.0,0.0,1.583
4n4a71__30cc1w,4n4a71,30cc1w,True,,1,2,0,1.0,0.0,1.0,0.0,1.583
3pffq3__9qjdec,3pffq3,9qjdec,True,,3,2,0,1.0,0.0,1.0,0.0,1.583
2ble54__2crpse,2ble54,2crpse,True,,6,3,1,0.7777777777777778,0.2222222222222222,0.3458529859781265,0.6541470140218735,2.2388190075061387
6hkxu5__7cdv13,6hkxu5,7cdv13,True,,6,7,0,1.0,0.0,1.0,0.0,1.583
6jbkrb__8eokl5,6jbkrb,8eokl5,True,,5,2,0,1.0,0.0,1.0,0.0,1.583
8hnm0e__6h8zjc,8hnm0e,6h8zjc,True,,2,2,0,1.0,0.0,1.0,0.0,1.583
9jhh2j__14gl0x,9jhh2j,14gl0x,True,,7,6,4,0.2631578947368421,0.736842105263158,0.3798263045027852,0.6201736954972148,2.311096003698533
lfv8c__95vu0m,lfv8c,95vu0m,True,,3,6,0,1.0,0.0,1.0,0.0,1.583
3hvsza__86iutx,3hvsza,86iutx,True,,3,7,3,0.46153846153846156,0.5384615384615384,0.3815595855315526,0.6184404144684474,2.26938457999516
5dw5io__96pu01,5dw5io,96pu01,True,,2,1,0,1.0,0.0,1.0,0.0,1.583
6i4odo__5zlr3h,6i4odo,5zlr3h,True,,5,3,0,1.0,0.0,1.0,0.0,1.583
3buckq__540onp,3buckq,540onp,True,,3,2,0,1.0,0.0,1.0,0.0,1.583
3hs286__4nztw4,3hs286,4nztw4,True,,3,3,0,1.0,0.0,1.0,0.0,1.583
2schv9__3vg2i7,2schv9,3vg2i7,True,,5,3,0,1.0,0.0,1.0,0.0,1.583
1rk5g1__2irpeq,1rk5g1,2irpeq,True,,7,6,0,1.0,0.0,1.0,0.0,1.583
3ibo6p__3slbju,3ibo6p,3slbju,True,,4,3,3,0.1,0.9,0.3901115208864212,0.6098884791135788,2.334464850644171
4bd02t__7pq4yj,4bd02t,7pq4yj,True,,3,2,0,1.0,0.0,1.0,0.0,1.583
2uptpp__14vqy8,2uptpp,14vqy8,True,,3,3,0,1.0,0.0,1.0,0.0,1.583
1hq3d1__4vphej,1hq3d1,4vphej,True,,4,4,0,1.0,0.0,1.0,0.0,1.583
33lr4s__9aa55j,33lr4s,9aa55j,True,,5,6,0,1.0,0.0,1.0,0.0,1.583
20vc2u__1sev6a,20vc2u,1sev6a,True,,3,8,0,1.0,0.0,1.0,0.0,1.583
36keq8__38g8k8,36keq8,38g8k8,True,,6,3,0,1.0,0.0,1.0,0.0,1.583
1nd2ly__2oo217,1nd2ly,2oo217,True,,4,4,3,0.18181818181818182,0.8181818181818181,0.4820451106255253,0.5179548893744748,2.2320726166413674
7cqty5__6q4l16,7cqty5,6q4l16,True,,5,2,0,1.0,0.0,1.0,0.0,1.583
32efad__9xrdoh,32efad,9xrdoh,True,,3,5,0,1.0,0.0,1.0,0.0,1.583
2h21lf__3ktndz,2h21lf,3ktndz,True,,5,2,0,1.0,0.0,1.0,0.0,1.583
2bg6b2__3nkx29,2bg6b2,3nkx29,True,,2,7,0,1.0,0.0,1.0,0.0,1.583
41lk50__2n7tm4,41lk50,2n7tm4,True,,10,7,0,1.0,0.0,1.0,0.0,1.583
2wbbiz__6nujqy,2wbbiz,6nujqy,True,,2,5,0,1.0,0.0,1.0,0.0,1.583
2ackyq__9emt5s,2ackyq,9emt5s,True,,3,4,0,1.0,0.0,1.0,0.0,1.583
17b306__5foyp2,17b306,5foyp2,True,,1,2,0,1.0,0.0,1.0,0.0,1.583
37efaf__56zxca,37efaf,56zxca,True,,1,1,0,1.0,0.0,1.0,0.0,1.583
560mjc__3io3nf,560mjc,3io3nf,True,,3,3,0,1.0,0.0,1.0,0.0,1.583
9cm1xn__3dmbau,9cm1xn,3dmbau,True,,6,3,0,1.0,0.0,1.0,0.0,1.583
3vutag__9gc311,3vutag,9gc311,True,,5,6,2,0.5833333333333334,0.41666666666666663,0.32562968879938126,0.6743703112006187,2.2970027669635913
2i0e8p__5iq7ef,2i0e8p,5iq7ef,True,,1,5,0,1.0,0.0,1.0,0.0,1.583
3cqzew__8fo95a,3cqzew,8fo95a,True,,6,3,0,1.0,0.0,1.0,0.0,1.583
9x905m__794sud,9x905m,794sud,True,,3,1,0,1.0,0.0,1.0,0.0,1.583
1hge1j__3o0q3d,1hge1j,3o0q3d,True,,2,4,0,1.0,0.0,1.0,0.0,1.583
1p5ssy__9um1zo,1p5ssy,9um1zo,True,,1,7,0,1.0,0.0,1.0,0.0,1.583
1tve3i__7f54qt,1tve3i,7f54qt,True,,1,1,0,1.0,0.0,1.0,0.0,1.583
3vwv2k__9498tg,3vwv2k,9498tg,True,,5,1,0,1.0,0.0,1.0,0.0,1.583
1z25mh__94aioh,1z25mh,94aioh,True,,7,2,1,0.7777777777777778,0.2222222222222222,0.31252315640449524,0.6874768435955048,2.269945735344953
3snkr4__7fb0na,3snkr4,7fb0na,True,,4,12,0,1.0,0.0,1.0,0.0,1.583
96far9__7edl2u,96far9,7edl2u,True,,3,5,0,1.0,0.0,1.0,0.0,1.583
8uuzya__21iokn,8uuzya,21iokn,True,,4,8,0,1.0,0.0,1.0,0.0,1.583
2aer9v__999bc1,2aer9v,999bc1,True,,9,1,1,0.8,0.19999999999999996,0.30146877467632294,0.6985312253236771,2.275778311329782
9hls5y__2uqfeb,9hls5y,2uqfeb,True,,4,2,1,0.19047619047619047,0.8095238095238095,0.40076804036895436,0.5992319596310456,2.306227489004195
9ada84__9ohd52,9ada84,9ohd52,True,,6,5,0,1.0,0.0,1.0,0.0,1.583
3w1w2t__2oe8fw,3w1w2t,2oe8fw,True,,4,9,0,1.0,0.0,1.0,0.0,1.583
57xz32__6yb67a,57xz32,6yb67a,True,,8,5,2,0.6428571428571429,0.3571428571428571,0.43204830936156213,0.5679516906384379,2.1855886553158084
4m8ter__75p4sb,4m8ter,75p4sb,True,,3,1,0,1.0,0.0,1.0,0.0,1.583
960vyx__58o17e,960vyx,58o17e,True,,3,2,0,1.0,0.0,1.0,0.0,1.583
87ymxa__3aa1ke,87ymxa,3aa1ke,True,,2,1,0,1.0,0.0,1.0,0.0,1.583
9n9qs4__1p5ssy,9n9qs4,1p5ssy,True,,3,1,0,1.0,0.0,1.0,0.0,1.583
9q7tcb__464mnd,9q7tcb,464mnd,True,,4,6,0,1.0,0.0,1.0,0.0,1.583
4kme0k__4p8ooc,4kme0k,4p8ooc,True,,4,2,0,1.0,0.0,1.0,0.0,1.583
1ac7q4__1jbpkf,1ac7q4,1jbpkf,True,,3,4,1,0.23255813953488372,0.7674418604651163,0.3730122074484825,0.6269877925515175,2.323643899463862
8wzf5p__8w50jl,8wzf5p,8w50jl,True,,6,2,0,1.0,0.0,1.0,0.0,1.583
9p7oqm__9cnu2b,9p7oqm,9cnu2b,True,,1,4,0,1.0,0.0,1.0,0.0,1.583
1y1mz7__k6v31,1y1mz7,k6v31,True,,2,6,0,1.0,0.0,1.0,0.0,1.583
2afrgf__35qvpz,2afrgf,35qvpz,True,,5,2,0,1.0,0.0,1.0,0.0,1.583
3e4e73__2fynqy,3e4e73,2fynqy,True,,5,3,0,1.0,0.0,1.0,0.0,1.583
3ej7br__3oew37,3ej7br,3oew37,True,,3,1,0,1.0,0.0,1.0,0.0,1.583
55cja8__718hkr,55cja8,718hkr,True,,2,2,0,1.0,0.0,1.0,0.0,1.583
920qv9__8zixhp,920qv9,8zixhp,True,,11,9,1,0.3236994219653179,0.676300578034682,0.3932061625851525,0.6067938374148475,2.286365111582535
3vfmrb__9qpeqr,3vfmrb,9qpeqr,True,,1,3,0,1.0,0.0,1.0,0.0,1.583
5hazw8__68qw0y,5hazw8,68qw0y,True,,4,6,1,0.8,0.19999999999999996,0.3082755208015442,0.6917244791984558,2.269421491123438
73a3e7__7g76r1,73a3e7,7g76r1,True,,8,4,0,1.0,0.0,1.0,0.0,1.583
3afhvv__9ks3k6,3afhvv,9ks3k6,True,,3,3,1,0.6666666666666666,0.33333333333333337,0.4158720150589943,0.5841279849410057,2.195883791803072
1x8oor__2oxfit,1x8oor,2oxfit,True,,3,4,0,1.0,0.0,1.0,0.0,1.583
3plppn__57fv4t,3plppn,57fv4t,True,,8,10,0,1.0,0.0,1.0,0.0,1.583
35t1xv__569a4j,35t1xv,569a4j,True,,3,9,0,1.0,0.0,1.0,0.0,1.583
1wymbx__21c5ce,1wymbx,21c5ce,True,,3,6,0,1.0,0.0,1.0,0.0,1.583
1nyau2__2nw5re,1nyau2,2nw5re,True,,10,7,6,0.21875,0.78125,0.388203889131546,0.611796110868454,2.312247012940049
3fgya0__5onuso,3fgya0,5onuso,True,,6,5,1,0.8181818181818182,0.18181818181818177,0.3886437714099884,0.6113562285900116,2.190691036425666
20lmoe__2fyek2,20lmoe,2fyek2,True,,4,4,1,0.75,0.25,0.44551970064640045,0.5544802993535995,2.1513541515663266
8lxjjq__3aw0v1,8lxjjq,3aw0v1,True,,3,6,0,1.0,0.0,1.0,0.0,1.583
6zwx5e__74ae04,6zwx5e,74ae04,True,,3,5,0,1.0,0.0,1.0,0.0,1.583
5ypljd__7frptj,5ypljd,7frptj,True,,3,1,1,0.5,0.5,0.3648742288351059,0.6351257711648941,2.2771939576908946
8i9lfg__3bioza,8i9lfg,3bioza,True,,5,2,0,1.0,0.0,1.0,0.0,1.583
3v42xx__9h96gj,3v42xx,9h96gj,True,,5,3,0,1.0,0.0,1.0,0.0,1.583
6c3o6d__9u14m0,6c3o6d,9u14m0,True,,1,4,0,1.0,0.0,1.0,0.0,1.583
91d1et__1uaj9c,91d1et,1uaj9c,True,,2,7,0,1.0,0.0,1.0,0.0,1.583
35o5eg__1owz1v,35o5eg,1owz1v,True,,2,2,2,0.2,0.8,0.36620689928531647,0.6337931007146835,2.336579376757443
8hljch__90v3ys,8hljch,90v3ys,True,,4,6,0,1.0,0.0,1.0,0.0,1.583
3r9w9u__773ik4,3r9w9u,773ik4,True,,3,1,0,1.0,0.0,1.0,0.0,1.583
4bejq6__961xso,4bejq6,961xso,True,,2,2,0,1.0,0.0,1.0,0.0,1.583
4wc0if__4o3xuf,4wc0if,4o3xuf,True,,2,5,2,0.375,0.625,0.3431017054244876,0.6568982945755124,2.322789817304071
52i5l2__3hlps6,52i5l2,3hlps6,True,,4,6,0,1.0,0.0,1.0,0.0,1.583
9jhlhr__2ef7ll,9jhlhr,2ef7ll,True,,10,4,0,1.0,0.0,1.0,0.0,1.583
igreq__75s8y1,igreq,75s8y1,True,,5,6,0,1.0,0.0,1.0,0.0,1.583
87w0l6__2qkn0x,87w0l6,2qkn0x,True,,3,1,0,1.0,0.0,1.0,0.0,1.583
5lfzok__98h9gf,5lfzok,98h9gf,True,,5,3,1,0.5555555555555556,0.4444444444444444,0.40365010127425194,0.5963498987257481,2.2297533926421984
6g4632__91b79x,6g4632,91b79x,True,,1,4,0,1.0,0.0,1.0,0.0,1.583
3vutag__4vt3bz,3vutag,4vt3bz,True,,5,6,0,1.0,0.0,1.0,0.0,1.583
1lbb4d__9urdku,1lbb4d,9urdku,True,,4,4,2,0.4444444444444444,0.5555555555555556,0.49711242178454995,0.50288757821545,2.1649244870731863
8vorff__1pgo3o,8vorff,1pgo3o,True,,1,7,0,1.0,0.0,1.0,0.0,1.583
16utkx__2hafga,16utkx,2hafga,True,,5,6,2,0.47619047619047616,0.5238095238095238,0.42402515448629857,0.5759748455137015,2.2267648129871507
2lu4ek__3rbvjp,2lu4ek,3rbvjp,True,,1,11,0,1.0,0.0,1.0,0.0,1.583
1rql2u__9epbwo,1rql2u,9epbwo,True,,1,4,0,1.0,0.0,1.0,0.0,1.583
8mbzm9__2fpcv8,8mbzm9,2fpcv8,True,,5,2,0,1.0,0.0,1.0,0.0,1.583
583t45__8b3wnv,583t45,8b3wnv,True,,4,2,0,1.0,0.0,1.0,0.0,1.583
9u8e50__3a5tg4,9u8e50,3a5tg4,True,,9,3,0,1.0,0.0,1.0,0.0,1.583
5u55z1__6g4632,5u55z1,6g4632,True,,6,1,0,1.0,0.0,1.0,0.0,1.583
7bd0bx__5z1e0v,7bd0bx,5z1e0v,True,,4,9,0,1.0,0.0,1.0,0.0,1.583
2fa484__5lhcvq,2fa484,5lhcvq,True,,3,4,0,1.0,0.0,1.0,0.0,1.583
3dcau9__2xurfn,3dcau9,2xurfn,True,,3,3,0,1.0,0.0,1.0,0.0,1.583
1ai6k0__8fn0qb,1ai6k0,8fn0qb,True,,4,3,0,1.0,0.0,1.0,0.0,1.583
9hls5y__32onku,9hls5y,32onku,True,,4,3,0,1.0,0.0,1.0,0.0,1.583
9ho75i__6t68f4,9ho75i,6t68f4,True,,5,3,1,0.75,0.25,0.31988266110420227,0.6801173388957977,2.2686865827947855
5adfv6__6xr1jp,5adfv6,6xr1jp,True,,7,4,0,1.0,0.0,1.0,0.0,1.583
6iaas5__6it3bu,6iaas5,6it3bu,True,,5,11,0,1.0,0.0,1.0,0.0,1.583
3jstdl__6hzjec,3jstdl,6hzjec,True,,3,4,0,1.0,0.0,1.0,0.0,1.583
3dti2i__71aw3g,3dti2i,71aw3g,True,,2,5,0,1.0,0.0,1.0,0.0,1.583
1ep77h__7n1jw5,1ep77h,7n1jw5,True,,4,7,1,0.8181818181818182,0.18181818181818177,0.41766320168972015,0.5823367983102798,2.163589790487425
2ts1jo__3q6e98,2ts1jo,3q6e98,True,,9,2,0,1.0,0.0,1.0,0.0,1.583
9gfoe6__6mpxwl,9gfoe6,6mpxwl,True,,1,3,0,1.0,0.0,1.0,0.0,1.583
1d6kre__8ziaso,1d6kre,8ziaso,True,,6,3,0,1.0,0.0,1.0,0.0,1.583
65v9ky__1y3ej4,65v9ky,1y3ej4,True,,8,2,1,0.8,0.19999999999999996,0.3902957811951637,0.6097042188048363,2.1928227699418366
1uiuej__5mg22i,1uiuej,5mg22i,True,,3,1,0,1.0,0.0,1.0,0.0,1.583
362atr__4vpw6e,362atr,4vpw6e,True,,6,6,2,0.6923076923076923,0.3076923076923077,0.28761792182922363,0.7123820781707764,2.310478238188303
61d4za__uxiof,61d4za,uxiof,True,,7,8,3,0.5555555555555556,0.4444444444444444,0.3178698072830836,0.6821301927169163,2.3098636092005504
2jnkf0__9usx9z,2jnkf0,9usx9z,True,,1,9,0,1.0,0.0,1.0,0.0,1.583
5im7lt__5iys4x,5im7lt,5iys4x,True,,5,4,0,1.0,0.0,1.0,0.0,1.583
5rk73t__4ewhzr,5rk73t,4ewhzr,True,,5,6,4,0.17647058823529413,0.8235294117647058,0.4229230163618922,0.5770769836381078,2.2883674891372756
3f3ddr__3olt1u,3f3ddr,3olt1u,True,,4,1,0,1.0,0.0,1.0,0.0,1.583
4orxkw__95rrwx,4orxkw,95rrwx,True,,1,5,0,1.0,0.0,1.0,0.0,1.583
2tslg1__3hi00e,2tslg1,3hi00e,True,,1,3,0,1.0,0.0,1.0,0.0,1.583
2ugps3__1z5coh,2ugps3,1z5coh,True,,10,2,0,1.0,0.0,1.0,0.0,1.583
5zzpo3__9g708n,5zzpo3,9g708n,True,,3,4,0,1.0,0.0,1.0,0.0,1.583
92yfkp__56zxca,92yfkp,56zxca,True,,1,1,0,1.0,0.0,1.0,0.0,1.583
3o86h6__8nbirt,3o86h6,8nbirt,True,,3,4,1,0.3,0.7,0.34953318536281586,0.6504668146371841,2.331940958189666
39x6je__2uhcjs,39x6je,2uhcjs,True,,4,2,0,1.0,0.0,1.0,0.0,1.583
5httb2__8wvgmg,5httb2,8wvgmg,True,,4,3,0,1.0,0.0,1.0,0.0,1.583
6zuvan__6jh975,6zuvan,6jh975,True,,3,3,0,1.0,0.0,1.0,0.0,1.583
2tvjbb__3tqjke,2tvjbb,3tqjke,True,,1,4,0,1.0,0.0,1.0,0.0,1.583
3jgl49__7y4h0z,3jgl49,7y4h0z,True,,5,8,0,1.0,0.0,1.0,0.0,1.583
37aubj__4jd9g4,37aubj,4jd9g4,True,,4,5,1,0.7777777777777778,0.2222222222222222,0.4106721729040146,0.5893278270959854,2.178284368836052
9lvg4z__3pzaoa,9lvg4z,3pzaoa,True,,5,1,0,1.0,0.0,1.0,0.0,1.583
2sfnpw__36jyvw,2sfnpw,36jyvw,True,,1,4,0,1.0,0.0,1.0,0.0,1.583
3e8dz0__7aa0m5,3e8dz0,7aa0m5,True,,2,2,0,1.0,0.0,1.0,0.0,1.583
8ivqvf__3bmh8z,8ivqvf,3bmh8z,True,,5,1,0,1.0,0.0,1.0,0.0,1.583
3e3nt2__2j25v0,3e3nt2,2j25v0,True,,3,4,0,1.0,0.0,1.0,0.0,1.583
6odk0u__9ozsku,6odk0u,9ozsku,True,,3,3,0,1.0,0.0,1.0,0.0,1.583
5fun7d__7900mk,5fun7d,7900mk,True,,5,1,0,1.0,0.0,1.0,0.0,1.583
8tx8q2__3ggjon,8tx8q2,3ggjon,True,,3,1,0,1.0,0.0,1.0,0.0,1.583
30zdwx__9yz6he,30zdwx,9yz6he,True,,4,12,0,1.0,0.0,1.0,0.0,1.583
t3ht6__53r2er,t3ht6,53r2er,True,,2,3,0,1.0,0.0,1.0,0.0,1.583
1ui52p__8c38qp,1ui52p,8c38qp,True,,1,2,0,1.0,0.0,1.0,0.0,1.583
3thq96__14wy3f,3thq96,14wy3f,True,,6,3,0,1.0,0.0,1.0,0.0,1.583
4erion__3r6wi8,4erion,3r6wi8,True,,1,2,0,1.0,0.0,1.0,0.0,1.583
6xa1de__9tpn3o,6xa1de,9tpn3o,True,,3,6,1,0.6,0.4,0.3541873171925545,0.6458126828074455,2.2669644644738733
1abuli__4zxnf9,1abuli,4zxnf9,True,,2,3,0,1.0,0.0,1.0,0.0,1.583
3933va__6ifzj5,3933va,6ifzj5,True,,2,3,1,0.6,0.4,0.27904337644577026,0.7209566235542297,2.337141390737295
4oe0ir__2w1xu5,4oe0ir,2w1xu5,True,,4,5,0,1.0,0.0,1.0,0.0,1.583
8rq7ck__6ecnn0,8rq7ck,6ecnn0,True,,3,2,0,1.0,0.0,1.0,0.0,1.583
2rokzf__7vho7p,2rokzf,7vho7p,True,,5,8,3,0.42105263157894735,0.5789473684210527,0.41722340881824493,0.5827765911817551,2.244260321662536
3p6rv0__7gm1xd,3p6rv0,7gm1xd,True,,4,2,1,0.6666666666666666,0.33333333333333337,0.4168059006333351,0.5831940993666649,2.195011636065195
35tgee__3fc2fp,35tgee,3fc2fp,True,,3,8,0,1.0,0.0,1.0,0.0,1.583
42ymiq__79kv3r,42ymiq,79kv3r,True,,4,7,4,0.14285714285714285,0.8571428571428572,0.39100799337029457,0.6089920066297054,2.3249662064200534
tt6a4__9bq118,tt6a4,9bq118,True,,10,3,0,1.0,0.0,1.0,0.0,1.583
6zdn9g__9ah10q,6zdn9g,9ah10q,True,,1,1,0,1.0,0.0,1.0,0.0,1.583
3pf2yi__7gpfjz,3pf2yi,7gpfjz,True,,1,9,0,1.0,0.0,1.0,0.0,1.583
36270l__53dwv5,36270l,53dwv5,True,,4,1,0,1.0,0.0,1.0,0.0,1.583
27yybi__88l4f9,27yybi,88l4f9,True,,3,2,0,1.0,0.0,1.0,0.0,1.583
3c28ln__4c7yx6,3c28ln,4c7yx6,True,,3,1,0,1.0,0.0,1.0,0.0,1.583
28sth8__347167,28sth8,347167,True,,9,3,0,1.0,0.0,1.0,0.0,1.583
89d67r__5x6y9g,89d67r,5x6y9g,True,,3,2,0,1.0,0.0,1.0,0.0,1.583
9nrnie__8pge5c,9nrnie,8pge5c,True,,8,7,0,1.0,0.0,1.0,0.0,1.583
6u9y6v__4k6jcu,6u9y6v,4k6jcu,True,,4,2,0,1.0,0.0,1.0,0.0,1.583
8d1zmm__8pfnw9,8d1zmm,8pfnw9,True,,2,3,0,1.0,0.0,1.0,0.0,1.583
fw7y5__98oui8,fw7y5,98oui8,True,,3,3,0,1.0,0.0,1.0,0.0,1.583
3dti2i__9ifnq8,3dti2i,9ifnq8,True,,2,3,1,0.6,0.4,0.31991954147815704,0.680080458521843,2.298967140213549
49b36r__3pt1eu,49b36r,3pt1eu,True,,6,3,0,1.0,0.0,1.0,0.0,1.583
58o17e__73cn5l,58o17e,73cn5l,True,,2,1,0,1.0,0.0,1.0,0.0,1.583
6y27qv__79whkn,6y27qv,79whkn,True,,2,3,1,0.6,0.4,0.3951163589954376,0.6048836410045624,2.228740832334161
38n94d__4wj8o9,38n94d,4wj8o9,True,,4,1,0,1.0,0.0,1.0,0.0,1.583
3cizze__7g12gi,3cizze,7g12gi,True,,5,5,2,0.6363636363636364,0.36363636363636365,0.3079902231693268,0.6920097768306732,2.302758839673075
731two__8y5mod,731two,8y5mod,True,,5,4,0,1.0,0.0,1.0,0.0,1.583
2rxfxj__4mwuze,2rxfxj,4mwuze,True,,2,7,0,1.0,0.0,1.0,0.0,1.583
8glzz8__4sku5w,8glzz8,4sku5w,True,,3,2,0,1.0,0.0,1.0,0.0,1.583
4xrbh8__209mga,4xrbh8,209mga,True,,6,4,0,1.0,0.0,1.0,0.0,1.583
8glzz8__90altq,8glzz8,90altq,True,,3,6,0,1.0,0.0,1.0,0.0,1.583
21236f__98oyr5,21236f,98oyr5,True,,3,2,0,1.0,0.0,1.0,0.0,1.583
3d764z__15zv5y,3d764z,15zv5y,True,,2,7,0,1.0,0.0,1.0,0.0,1.583
4prrt9__52zroo,4prrt9,52zroo,True,,3,3,0,1.0,0.0,1.0,0.0,1.583
31l0p1__3n43a5,31l0p1,3n43a5,True,,6,5,0,1.0,0.0,1.0,0.0,1.583
3ru8aa__34sehe,3ru8aa,34sehe,True,,3,2,0,1.0,0.0,1.0,0.0,1.583
35vr6t__2uw5dp,35vr6t,2uw5dp,True,,2,5,0,1.0,0.0,1.0,0.0,1.583
42o368__8dkcws,42o368,8dkcws,True,,3,5,1,0.5555555555555556,0.4444444444444444,0.3413558825850487,0.6586441174149513,2.2879299634760453
2zxd9r__274ioe,2zxd9r,274ioe,True,,3,3,1,0.6666666666666666,0.33333333333333337,0.37076203525066376,0.6292379647493362,2.2380120019460716
30zdwx__19q248,30zdwx,19q248,True,,4,2,1,0.6666666666666666,0.33333333333333337,0.43272432684898376,0.5672756731510162,2.1801454178224007
2ygly3__2un4iv,2ygly3,2un4iv,True,,8,4,0,1.0,0.0,1.0,0.0,1.583
36y3n8__30h4rd,36y3n8,30h4rd,True,,7,6,0,1.0,0.0,1.0,0.0,1.583
3aftsx__26517c,3aftsx,26517c,True,,5,7,1,0.8333333333333334,0.16666666666666663,0.35603365302085876,0.6439663469791412,2.2180835047771534
3ox5cq__3uzi8x,3ox5cq,3uzi8x,True,,2,3,0,1.0,0.0,1.0,0.0,1.583
3cl9d7__3pw8fz,3cl9d7,3pw8fz,True,,5,8,2,0.7142857142857143,0.2857142857142857,0.43516241386532784,0.5648375861346722,2.1682446788340273
2le8ou__3609ox,2le8ou,3609ox,True,,2,3,0,1.0,0.0,1.0,0.0,1.583
91p9tw__5dw5io,91p9tw,5dw5io,True,,4,2,0,1.0,0.0,1.0,0.0,1.583
70r2kk__8811gs,70r2kk,8811gs,True,,6,1,0,1.0,0.0,1.0,0.0,1.583
3fks1r__4f7zzx,3fks1r,4f7zzx,True,,4,2,0,1.0,0.0,1.0,0.0,1.583
9r2zzp__8rvtna,9r2zzp,8rvtna,True,,5,1,0,1.0,0.0,1.0,0.0,1.583
3kxabw__99le80,3kxabw,99le80,True,,6,2,0,1.0,0.0,1.0,0.0,1.583
3ha1o9__8mbzm9,3ha1o9,8mbzm9,True,,8,5,0,1.0,0.0,1.0,0.0,1.583
2auitm__3nnha3,2auitm,3nnha3,True,,4,3,0,1.0,0.0,1.0,0.0,1.583
28sth8__5cu2au,28sth8,5cu2au,True,,9,4,0,1.0,0.0,1.0,0.0,1.583
204y8q__77b18y,204y8q,77b18y,True,,3,6,0,1.0,0.0,1.0,0.0,1.583
3q2wal__8ru2mq,3q2wal,8ru2mq,True,,1,4,1,0.6,0.4,0.3419550061225891,0.6580449938774109,2.278388219782114
4axwv3__6yb67a,4axwv3,6yb67a,True,,2,5,0,1.0,0.0,1.0,0.0,1.583
318ihl__5i4z9r,318ihl,5i4z9r,True,,7,1,0,1.0,0.0,1.0,0.0,1.583
8maf36__4louoh,8maf36,4louoh,True,,3,5,0,1.0,0.0,1.0,0.0,1.583
3awsyk__3ngqj5,3awsyk,3ngqj5,True,,3,1,1,0.5,0.5,0.38936492055654526,0.6106350794434547,2.2543221006922423
8k0l33__9ju8xc,8k0l33,9ju8xc,True,,4,5,2,0.2,0.8,0.43652546778321266,0.5634745322167873,2.270908865637258
4fbz42__1u0879,4fbz42,1u0879,True,,6,2,0,1.0,0.0,1.0,0.0,1.583
3fks1r__9123mh,3fks1r,9123mh,True,,4,3,0,1.0,0.0,1.0,0.0,1.583
2bjask__1kpfbb,2bjask,1kpfbb,True,,6,2,0,1.0,0.0,1.0,0.0,1.583
993t8d__2d4tut,993t8d,2d4tut,True,,11,2,0,1.0,0.0,1.0,0.0,1.583
3gi5c5__7e8wy1,3gi5c5,7e8wy1,True,,3,3,0,1.0,0.0,1.0,0.0,1.583
94kczb__3shyi8,94kczb,3shyi8,True,,3,3,3,0.0,1.0,0.4373823404312134,0.5626176595687866,2.3105286322712897
2se8pa__6ecnn0,2se8pa,6ecnn0,True,,9,2,1,0.23809523809523808,0.7619047619047619,0.44865455739200116,0.5513454426079989,2.2518824612325625
1lco3v__2nw5re,1lco3v,2nw5re,True,,7,7,3,0.47058823529411764,0.5294117647058824,0.4130277906854947,0.5869722093145053,2.2381674639258753
4whk5s__2x0njf,4whk5s,2x0njf,True,,1,5,0,1.0,0.0,1.0,0.0,1.583
501sjv__7dhsaf,501sjv,7dhsaf,True,,2,3,0,1.0,0.0,1.0,0.0,1.583
2kfi6b__5v5y6o,2kfi6b,5v5y6o,True,,1,2,0,1.0,0.0,1.0,0.0,1.583
63c7ui__3hf0d7,63c7ui,3hf0d7,True,,6,4,0,1.0,0.0,1.0,0.0,1.583
9x4par__5ykg8n,9x4par,5ykg8n,True,,4,4,0,1.0,0.0,1.0,0.0,1.583
2bhwuv__7b1kdc,2bhwuv,7b1kdc,True,,8,6,0,1.0,0.0,1.0,0.0,1.583
8m8vi8__92ynxh,8m8vi8,92ynxh,True,,8,5,0,1.0,0.0,1.0,0.0,1.583
39w11r__3id37w,39w11r,3id37w,True,,3,1,1,0.5,0.5,0.4827465172857046,0.5172534827142954,2.1671130275068804
3fnfij__7sifmo,3fnfij,7sifmo,True,,6,9,0,1.0,0.0,1.0,0.0,1.583
314sca__3jlyls,314sca,3jlyls,True,,3,8,0,1.0,0.0,1.0,0.0,1.583
67z3jn__706cn2,67z3jn,706cn2,True,,2,4,0,1.0,0.0,1.0,0.0,1.583
5ey0wz__16e94p,5ey0wz,16e94p,True,,1,3,0,1.0,0.0,1.0,0.0,1.583
6cg1j9__5lhcvq,6cg1j9,5lhcvq,True,,3,4,0,1.0,0.0,1.0,0.0,1.583
3221cq__92mf3z,3221cq,92mf3z,True,,4,2,0,1.0,0.0,1.0,0.0,1.583
368upe__3qeda5,368upe,3qeda5,True,,5,5,0,1.0,0.0,1.0,0.0,1.583
4jtj8f__77b18y,4jtj8f,77b18y,True,,7,6,1,0.8461538461538461,0.15384615384615385,0.2908090651035309,0.7091909348964691,2.2764057217921203
3j0u42__3ushtf,3j0u42,3ushtf,True,,2,2,1,0.5,0.5,0.3827880471944809,0.6172119528055191,2.2604642427250745
3duedr__7c3m44,3duedr,7c3m44,True,,8,3,0,1.0,0.0,1.0,0.0,1.583
2lm1gi__zi585,2lm1gi,zi585,True,,10,5,0,1.0,0.0,1.0,0.0,1.583
298xua__8kqef0,298xua,8kqef0,True,,1,6,0,1.0,0.0,1.0,0.0,1.583
1zhi66__8628eg,1zhi66,8628eg,True,,2,6,0,1.0,0.0,1.0,0.0,1.583
5bhrfn__8ffsgh,5bhrfn,8ffsgh,True,,4,2,0,1.0,0.0,1.0,0.0,1.583
8vfhm6__91dhh9,8vfhm6,91dhh9,True,,4,3,0,1.0,0.0,1.0,0.0,1.583
1v9gia__507lq0,1v9gia,507lq0,True,,3,2,1,0.6,0.4,0.36592109501361847,0.6340789049863815,2.256006289366782
94b930__3kwmv7,94b930,3kwmv7,True,,2,6,0,1.0,0.0,1.0,0.0,1.583
8kywb3__3n0qoe,8kywb3,3n0qoe,True,,3,3,0,1.0,0.0,1.0,0.0,1.583
1s4j23__71aw3g,1s4j23,71aw3g,True,,2,5,1,0.7142857142857143,0.2857142857142857,0.20496463775634766,0.7950353622436523,2.3832263819422037
3uwn95__3s5jsu,3uwn95,3s5jsu,True,,4,3,0,1.0,0.0,1.0,0.0,1.583
3aml3g__4rg6p5,3aml3g,4rg6p5,True,,4,6,2,0.5454545454545454,0.4545454545454546,0.3023827448487282,0.6976172551512718,2.326368390949409
3gc4mn__5bhrfn,3gc4mn,5bhrfn,True,,4,4,0,1.0,0.0,1.0,0.0,1.583
2w5gbx__91dtox,2w5gbx,91dtox,True,,5,2,0,1.0,0.0,1.0,0.0,1.583
87b09y__4jinvr,87b09y,4jinvr,True,,1,7,0,1.0,0.0,1.0,0.0,1.583
6ffa6i__554fmo,6ffa6i,554fmo,True,,2,5,0,1.0,0.0,1.0,0.0,1.583
2o1bnq__1a96ty,2o1bnq,1a96ty,True,,4,8,0,1.0,0.0,1.0,0.0,1.583
3073nu__4c3036,3073nu,4c3036,True,,3,4,1,0.7142857142857143,0.2857142857142857,0.3287951499223709,0.6712048500776291,2.267581066630355
50j1lc__8jyk65,50j1lc,8jyk65,True,,5,1,0,1.0,0.0,1.0,0.0,1.583
1s3o15__9td6zm,1s3o15,9td6zm,True,,4,2,0,1.0,0.0,1.0,0.0,1.583
9tbprm__42vm9m,9tbprm,42vm9m,True,,2,2,0,1.0,0.0,1.0,0.0,1.583
4roahj__58c29m,4roahj,58c29m,True,,10,3,0,1.0,0.0,1.0,0.0,1.583
21fg20__2kd5xa,21fg20,2kd5xa,True,,2,3,0,1.0,0.0,1.0,0.0,1.583
37n4vk__9j9f3q,37n4vk,9j9f3q,True,,6,4,0,1.0,0.0,1.0,0.0,1.583
92sgaf__77wis3,92sgaf,77wis3,True,,7,6,0,1.0,0.0,1.0,0.0,1.583
9r2859__8bjrmr,9r2859,8bjrmr,True,,4,2,2,0.2857142857142857,0.7142857142857143,0.4477560482919216,0.5522439517080784,2.243097769357317
9xcgf6__8142k0,9xcgf6,8142k0,True,,1,8,0,1.0,0.0,1.0,0.0,1.583
9w7lv9__3avaph,9w7lv9,3avaph,True,,5,1,0,1.0,0.0,1.0,0.0,1.583
95jom2__92vird,95jom2,92vird,True,,6,10,1,0.7647058823529411,0.23529411764705888,0.34276947379112244,0.6572305262088776,2.2443405296029413
3546qy__1q3p9l,3546qy,1q3p9l,True,,1,16,0,1.0,0.0,1.0,0.0,1.583
3pp38v__2ley0s,3pp38v,2ley0s,True,,3,3,1,0.6666666666666666,0.33333333333333337,0.36002370715141296,0.639976292848587,2.248040526557962
1rr9s2__8azp1l,1rr9s2,8azp1l,True,,4,2,0,1.0,0.0,1.0,0.0,1.583
8hnajm__9i19eq,8hnajm,9i19eq,True,,3,3,0,1.0,0.0,1.0,0.0,1.583
2bfh8i__2xr99j,2bfh8i,2xr99j,True,,2,2,0,1.0,0.0,1.0,0.0,1.583
6uf7ty__9jvbv3,6uf7ty,9jvbv3,True,,8,3,0,1.0,0.0,1.0,0.0,1.583
2rny9w__3arneo,2rny9w,3arneo,True,,2,1,0,1.0,0.0,1.0,0.0,1.583
2spi9c__2l8b74,2spi9c,2l8b74,True,,3,3,0,1.0,0.0,1.0,0.0,1.583
2u6cq6__61srxy,2u6cq6,61srxy,True,,4,1,0,1.0,0.0,1.0,0.0,1.583
2a5c29__7005hu,2a5c29,7005hu,True,,3,2,0,1.0,0.0,1.0,0.0,1.583
9hjemx__7t5r90,9hjemx,7t5r90,True,,4,8,4,0.2777777777777778,0.7222222222222222,0.3510579355061054,0.6489420644938946,2.3350081051419593
9buvtz__1yzweq,9buvtz,1yzweq,True,,5,1,0,1.0,0.0,1.0,0.0,1.583
8j6jzh__2bl5zc,8j6jzh,2bl5zc,True,,4,5,0,1.0,0.0,1.0,0.0,1.583
2ulqed__8lxxkj,2ulqed,8lxxkj,True,,2,4,0,1.0,0.0,1.0,0.0,1.583
6xvtcj__3thond,6xvtcj,3thond,True,,2,1,0,1.0,0.0,1.0,0.0,1.583
4205vf__7chxfs,4205vf,7chxfs,True,,1,2,0,1.0,0.0,1.0,0.0,1.583
31motz__4ztj5x,31motz,4ztj5x,True,,4,2,0,1.0,0.0,1.0,0.0,1.583
3lv13a__2roi15,3lv13a,2roi15,True,,3,2,0,1.0,0.0,1.0,0.0,1.583
1mosgg__6a213h,1mosgg,6a213h,True,,1,2,0,1.0,0.0,1.0,0.0,1.583
9bhcfj__2pjs64,9bhcfj,2pjs64,True,,1,10,0,1.0,0.0,1.0,0.0,1.583
560mjc__6g8vj4,560mjc,6g8vj4,True,,3,4,0,1.0,0.0,1.0,0.0,1.583
2jhz0v__8bmnqu,2jhz0v,8bmnqu,True,,3,1,0,1.0,0.0,1.0,0.0,1.583
757k3y__3986p3,757k3y,3986p3,True,,2,1,0,1.0,0.0,1.0,0.0,1.583
8u1c28__92op7e,8u1c28,92op7e,True,,1,4,0,1.0,0.0,1.0,0.0,1.583
5czknh__2xivlo,5czknh,2xivlo,True,,2,1,1,0.3333333333333333,0.6666666666666667,0.2952648103237152,0.7047351896762848,2.3758855269720156
52cgg6__59udek,52cgg6,59udek,True,,3,5,2,0.5555555555555556,0.4444444444444444,0.4078973992727697,0.5921026007272303,2.2257868410413826
6q3m5w__3dg5b8,6q3m5w,3dg5b8,True,,4,5,0,1.0,0.0,1.0,0.0,1.583
3gs2z3__2opwzl,3gs2z3,2opwzl,True,,2,3,0,1.0,0.0,1.0,0.0,1.583
7y4r2g__y66ia,7y4r2g,y66ia,True,,6,7,0,1.0,0.0,1.0,0.0,1.583
1lwzld__6v9i6k,1lwzld,6v9i6k,True,,7,4,0,1.0,0.0,1.0,0.0,1.583
2ksblk__77pd29,2ksblk,77pd29,True,,2,3,0,1.0,0.0,1.0,0.0,1.583
87b09y__27eh4c,87b09y,27eh4c,True,,1,3,0,1.0,0.0,1.0,0.0,1.583
6fux1w__38rlpo,6fux1w,38rlpo,True,,5,2,0,1.0,0.0,1.0,0.0,1.583
98pupx__1ojy01,98pupx,1ojy01,True,,6,2,0,1.0,0.0,1.0,0.0,1.583
2xs5ij__4jabp0,2xs5ij,4jabp0,True,,5,9,5,0.05714285714285714,0.9428571428571428,0.374303541545357,0.625696458454643,2.3578893511222194
28gdc5__4dbk47,28gdc5,4dbk47,True,,2,1,0,1.0,0.0,1.0,0.0,1.583
2gjtst__7difvk,2gjtst,7difvk,True,,2,1,0,1.0,0.0,1.0,0.0,1.583
9p59sp__2dr40t,9p59sp,2dr40t,True,,7,6,0,1.0,0.0,1.0,0.0,1.583
8futcs__91m97w,8futcs,91m97w,True,,2,1,0,1.0,0.0,1.0,0.0,1.583
1e5026__26mhxr,1e5026,26mhxr,True,,1,4,0,1.0,0.0,1.0,0.0,1.583
7v0a9g__3518j0,7v0a9g,3518j0,True,,2,3,0,1.0,0.0,1.0,0.0,1.583
99ozh1__3c226y,99ozh1,3c226y,True,,2,1,0,1.0,0.0,1.0,0.0,1.583
5qvdj5__9hbfph,5qvdj5,9hbfph,True,,5,7,3,0.4,0.6,0.4006585304935773,0.5993414695064228,2.263984998372048
3s25ac__2s1m4d,3s25ac,2s1m4d,True,,5,6,0,1.0,0.0,1.0,0.0,1.583
3dhspl__9lthq3,3dhspl,9lthq3,True,,4,7,0,1.0,0.0,1.0,0.0,1.583
3nnha3__37rlbv,3nnha3,37rlbv,True,,3,2,0,1.0,0.0,1.0,0.0,1.583
9plbum__71sahy,9plbum,71sahy,True,,3,4,1,0.7142857142857143,0.2857142857142857,0.3978497236967087,0.6021502763032913,2.203091000182501
2n7tm4__2wrf1a,2n7tm4,2wrf1a,True,,7,7,4,0.4166666666666667,0.5833333333333333,0.4046823499724269,0.5953176500275731,2.2568588200274173
4vum09__8dei7n,4vum09,8dei7n,True,,3,6,3,0.15789473684210525,0.8421052631578947,0.3312884420156479,0.6687115579843521,2.377699197685797
9y8e9j__3b857o,9y8e9j,3b857o,True,,7,3,0,1.0,0.0,1.0,0.0,1.583
2hhbf8__750g8c,2hhbf8,750g8c,True,,4,4,0,1.0,0.0,1.0,0.0,1.583
42vna2__8l8kq4,42vna2,8l8kq4,True,,3,2,0,1.0,0.0,1.0,0.0,1.583
4u6o1r__6p5lhk,4u6o1r,6p5lhk,True,,4,2,0,1.0,0.0,1.0,0.0,1.583
2myvfc__3e1yyt,2myvfc,3e1yyt,True,,4,9,0,1.0,0.0,1.0,0.0,1.583
1ansm3__2xghde,1ansm3,2xghde,True,,2,2,0,1.0,0.0,1.0,0.0,1.583
1n67mj__3dsopy,1n67mj,3dsopy,True,,7,4,0,1.0,0.0,1.0,0.0,1.583
71es86__9jaj4v,71es86,9jaj4v,True,,4,3,0,1.0,0.0,1.0,0.0,1.583
8v4g0o__4xqj1g,8v4g0o,4xqj1g,True,,5,4,0,1.0,0.0,1.0,0.0,1.583
7u7tfv__2hxtyw,7u7tfv,2hxtyw,True,,8,9,2,0.6,0.4,0.32616254190603894,0.673837458093961,2.29313680211395
1ultj4__2mrsnz,1ultj4,2mrsnz,True,,1,3,0,1.0,0.0,1.0,0.0,1.583
9xwfkt__2wcu3g,9xwfkt,2wcu3g,True,,1,2,0,1.0,0.0,1.0,0.0,1.583
1415p2__54umdj,1415p2,54umdj,True,,7,1,0,1.0,0.0,1.0,0.0,1.583
1g3wlu__7he666,1g3wlu,7he666,True,,2,2,0,1.0,0.0,1.0,0.0,1.583
37fhqm__9bns4e,37fhqm,9bns4e,True,,2,4,1,0.6666666666666666,0.33333333333333337,0.41388551890850067,0.5861144810914993,2.1977389805580176
3ppfz8__35m4x6,3ppfz8,35m4x6,True,,5,2,0,1.0,0.0,1.0,0.0,1.583
1415p2__3fkpdk,1415p2,3fkpdk,True,,7,1,0,1.0,0.0,1.0,0.0,1.583
3g9rgq__9ur4s8,3g9rgq,9ur4s8,True,,3,3,0,1.0,0.0,1.0,0.0,1.583
74r1qc__7gpfjz,74r1qc,7gpfjz,True,,2,9,0,1.0,0.0,1.0,0.0,1.583
3cdsoc__3ov6n0,3cdsoc,3ov6n0,True,,2,5,2,0.0,1.0,0.32505597472190856,0.6749440252780914,2.4154302252072095
1n4pa8__3hqoib,1n4pa8,3hqoib,True,,1,1,0,1.0,0.0,1.0,0.0,1.583
9qjdec__1pl293,9qjdec,1pl293,True,,2,3,0,1.0,0.0,1.0,0.0,1.583
3godne__925ojp,3godne,925ojp,True,,6,5,1,0.5,0.5,0.2638412316640218,0.7361587683359783,2.37154867374897
28rrpd__9mqjf3,28rrpd,9mqjf3,True,,4,2,0,1.0,0.0,1.0,0.0,1.583
8i4a3p__7dif2o,8i4a3p,7dif2o,True,,2,3,1,0.6,0.4,0.3562083840370178,0.6437916159629822,2.265076990147829
2gpzf6__549iee,2gpzf6,549iee,True,,8,3,1,0.8181818181818182,0.18181818181818177,0.30474741756916046,0.6952525824308395,2.2690418412776157
3ehqul__2oprmn,3ehqul,2oprmn,True,,4,7,2,0.5833333333333334,0.41666666666666663,0.42811643332242966,0.5718835666775703,2.2012903962535164
9gp3rx__5hazw8,9gp3rx,5hazw8,True,,5,4,0,1.0,0.0,1.0,0.0,1.583
2gpzf6__4t2gg8,2gpzf6,4t2gg8,True,,8,9,0,1.0,0.0,1.0,0.0,1.583
86jqy8__1eitgg,86jqy8,1eitgg,True,,1,1,0,1.0,0.0,1.0,0.0,1.583
7269u2__8as9tq,7269u2,8as9tq,True,,4,4,0,1.0,0.0,1.0,0.0,1.583
88khjw__9l2rld,88khjw,9l2rld,True,,2,9,0,1.0,0.0,1.0,0.0,1.583
3f8bxh__5lr2ec,3f8bxh,5lr2ec,True,,1,3,0,1.0,0.0,1.0,0.0,1.583
35w8vc__2o4ixm,35w8vc,2o4ixm,True,,2,2,0,1.0,0.0,1.0,0.0,1.583
2sfnpw__38hxgf,2sfnpw,38hxgf,True,,1,6,0,1.0,0.0,1.0,0.0,1.583
9musnv__8antha,9musnv,8antha,True,,10,4,3,0.16,0.84,0.3609566671980752,0.6390433328019248,2.3495665685037177
363q57__3cmhm2,363q57,3cmhm2,True,,4,7,0,1.0,0.0,1.0,0.0,1.583
877rd6__2rsnam,877rd6,2rsnam,True,,2,2,0,1.0,0.0,1.0,0.0,1.583
2chfv3__77pan3,2chfv3,77pan3,True,,5,4,2,0.18518518518518517,0.8148148148148149,0.432932155020535,0.567067844979465,2.2772587345003963
3l6ddx__9lgipf,3l6ddx,9lgipf,True,,4,10,0,1.0,0.0,1.0,0.0,1.583
8x1prf__8ufz2h,8x1prf,8ufz2h,True,,9,5,0,1.0,0.0,1.0,0.0,1.583
9nx7br__6025sn,9nx7br,6025sn,True,,5,2,1,0.7142857142857143,0.2857142857142857,0.41418440639972687,0.5858155936002731,2.187836040006152
35w8vc__43sieg,35w8vc,43sieg,True,,2,3,0,1.0,0.0,1.0,0.0,1.583
3x50ef__6cpq0n,3x50ef,6cpq0n,True,,4,4,0,1.0,0.0,1.0,0.0,1.583
38j5ly__2hl1ej,38j5ly,2hl1ej,True,,3,9,0,1.0,0.0,1.0,0.0,1.583
2ubibd__2vyegu,2ubibd,2vyegu,True,,4,3,0,1.0,0.0,1.0,0.0,1.583
6em8xb__4i5p4t,6em8xb,4i5p4t,True,,3,3,0,1.0,0.0,1.0,0.0,1.583
9tzb0b__26voam,9tzb0b,26voam,True,,6,3,0,1.0,0.0,1.0,0.0,1.583
535x3d__9r7580,535x3d,9r7580,True,,2,2,0,1.0,0.0,1.0,0.0,1.583
2le8ou__78t55f,2le8ou,78t55f,True,,2,2,0,1.0,0.0,1.0,0.0,1.583
5gg6at__5iu78y,5gg6at,5iu78y,True,,7,2,2,0.2,0.8,0.43801011610776186,0.5619898838922381,2.269522352566961
6tjt25__3vy0ka,6tjt25,3vy0ka,True,,12,3,2,0.6875,0.3125,0.31516190618276596,0.684838093817234,2.2857265458159146
9hjxxc__77keyf,9hjxxc,77keyf,True,,3,2,1,0.6,0.4,0.3159470856189728,0.6840529143810272,2.302677016740441
3gkak0__2ij5ud,3gkak0,2ij5ud,True,,3,3,0,1.0,0.0,1.0,0.0,1.583
9wvoi5__2skscv,9wvoi5,2skscv,True,,2,3,1,0.6,0.4,0.21826693415641785,0.7817330658435822,2.3939005101913216
63tbse__3hipje,63tbse,3hipje,True,,8,4,0,1.0,0.0,1.0,0.0,1.583
1ytrna__365p4c,1ytrna,365p4c,True,,3,11,0,1.0,0.0,1.0,0.0,1.583
2yr44v__1u6xsf,2yr44v,1u6xsf,True,,2,6,0,1.0,0.0,1.0,0.0,1.583
2bngcd__2t4sql,2bngcd,2t4sql,True,,2,3,0,1.0,0.0,1.0,0.0,1.583
3snkr4__2pno1q,3snkr4,2pno1q,True,,4,9,3,0.4375,0.5625,0.3198222815990448,0.6801777184009552,2.331899221214652
3k95vb__42344s,3k95vb,42344s,True,,10,2,0,1.0,0.0,1.0,0.0,1.583
9t5uwd__1lbb4d,9t5uwd,1lbb4d,True,,5,4,0,1.0,0.0,1.0,0.0,1.583
1b5uid__5onuso,1b5uid,5onuso,True,,5,5,2,0.6363636363636364,0.36363636363636365,0.37888744473457336,0.6211125552654266,2.2365479244532906
2j6x20__2g6x2b,2j6x20,2g6x2b,True,,1,6,0,1.0,0.0,1.0,0.0,1.583
9h4h27__3qbtvn,9h4h27,3qbtvn,True,,8,3,0,1.0,0.0,1.0,0.0,1.583
876ph5__6aswcv,876ph5,6aswcv,True,,6,3,0,1.0,0.0,1.0,0.0,1.583
uo548__5lxcfj,uo548,5lxcfj,True,,4,3,0,1.0,0.0,1.0,0.0,1.583
3n5rqx__516vhm,3n5rqx,516vhm,True,,2,1,0,1.0,0.0,1.0,0.0,1.583
1c1ig6__1j7nce,1c1ig6,1j7nce,True,,5,9,0,1.0,0.0,1.0,0.0,1.583
87pxh2__6tjt25,87pxh2,6tjt25,True,,3,12,0,1.0,0.0,1.0,0.0,1.583
3sqqq8__2eb47z,3sqqq8,2eb47z,True,,2,3,0,1.0,0.0,1.0,0.0,1.583
3d9znn__1scbv6,3d9znn,1scbv6,True,,2,6,0,1.0,0.0,1.0,0.0,1.583
2a8n5p__6jolt7,2a8n5p,6jolt7,True,,2,5,0,1.0,0.0,1.0,0.0,1.583
1mosgg__5x6y9g,1mosgg,5x6y9g,True,,1,2,0,1.0,0.0,1.0,0.0,1.583
2bw7cy__3a4d7l,2bw7cy,3a4d7l,True,,4,9,0,1.0,0.0,1.0,0.0,1.583
74z8at__7elzya,74z8at,7elzya,True,,5,2,0,1.0,0.0,1.0,0.0,1.583
5fxkpv__6hp5pe,5fxkpv,6hp5pe,True,,5,5,0,1.0,0.0,1.0,0.0,1.583
5jpjah__1sp0cx,5jpjah,1sp0cx,True,,5,4,0,1.0,0.0,1.0,0.0,1.583
2i9qsl__2pdv0n,2i9qsl,2pdv0n,True,,4,6,0,1.0,0.0,1.0,0.0,1.583
760pxd__6gqfim,760pxd,6gqfim,True,,2,2,0,1.0,0.0,1.0,0.0,1.583
33rkzw__2efd6l,33rkzw,2efd6l,True,,2,1,0,1.0,0.0,1.0,0.0,1.583
2suhln__9kjpi1,2suhln,9kjpi1,True,,6,4,2,0.5454545454545454,0.4545454545454546,0.3956017456948757,0.6043982543051243,2.239311166059192
2m8ogz__g4fmf,2m8ogz,g4fmf,True,,9,9,0,1.0,0.0,1.0,0.0,1.583
8hjw69__vddjr,8hjw69,vddjr,True,,5,4,2,0.3333333333333333,0.6666666666666667,0.3970075299342473,0.6029924700657527,2.2808680011277396
3cyusq__3k4lbn,3cyusq,3k4lbn,True,,5,1,1,0.6666666666666666,0.33333333333333337,0.31390802562236786,0.6860919743776321,2.291107961537937
8av634__94gct0,8av634,94gct0,True,,5,3,0,1.0,0.0,1.0,0.0,1.583
58o17e__2x0xy2,58o17e,2x0xy2,True,,2,1,0,1.0,0.0,1.0,0.0,1.583
9xvf4a__3o5s7a,9xvf4a,3o5s7a,True,,4,2,1,0.6666666666666666,0.33333333333333337,0.3864220157265663,0.6135779842734337,2.2233871461796264
1xc389__5v9sks,1xc389,5v9sks,True,,2,4,0,1.0,0.0,1.0,0.0,1.583
3h2cv7__8vo3yy,3h2cv7,8vo3yy,True,,2,9,0,1.0,0.0,1.0,0.0,1.583
9iynfy__44frso,9iynfy,44frso,True,,7,6,0,1.0,0.0,1.0,0.0,1.583
3dpmh8__8c38qp,3dpmh8,8c38qp,True,,1,2,0,1.0,0.0,1.0,0.0,1.583
9s5tzo__3duaos,9s5tzo,3duaos,True,,2,9,0,1.0,0.0,1.0,0.0,1.583
35pgz9__5qmt4v,35pgz9,5qmt4v,True,,3,10,1,0.8461538461538461,0.15384615384615385,0.2775152027606964,0.7224847972393036,2.288820859834093
31vqdb__26inai,31vqdb,26inai,True,,3,1,0,1.0,0.0,1.0,0.0,1.583
2kwm6q__9xo548,2kwm6q,9xo548,True,,2,8,1,0.8,0.19999999999999996,0.330774262547493,0.669225737452507,2.2484099162068962
2wpa6u__8cwzgm,2wpa6u,8cwzgm,True,,3,7,1,0.8,0.19999999999999996,0.4036263972520828,0.5963736027479172,2.1803733076062795
4nf4fx__74jwyi,4nf4fx,74jwyi,True,,6,2,0,1.0,0.0,1.0,0.0,1.583
9buvtz__12u8p8,9buvtz,12u8p8,True,,5,11,0,1.0,0.0,1.0,0.0,1.583
5rdlzq__9jaj4v,5rdlzq,9jaj4v,True,,6,3,0,1.0,0.0,1.0,0.0,1.583
1zdeoj__3gojg3,1zdeoj,3gojg3,True,,3,6,0,1.0,0.0,1.0,0.0,1.583
33m5k3__5z318w,33m5k3,5z318w,True,,1,1,0,1.0,0.0,1.0,0.0,1.583
4ne04h__8p43lx,4ne04h,8p43lx,True,,7,1,0,1.0,0.0,1.0,0.0,1.583
3h2cv7__4n0uio,3h2cv7,4n0uio,True,,2,9,1,0.6666666666666666,0.33333333333333337,0.4218168358784169,0.5781831641215831,2.190331923639813
8ticiy__4s36hr,8ticiy,4s36hr,True,,2,7,0,1.0,0.0,1.0,0.0,1.583
1ecv49__3g5o5q,1ecv49,3g5o5q,True,,5,4,0,1.0,0.0,1.0,0.0,1.583
2ai9zw__8z6jta,2ai9zw,8z6jta,True,,2,5,0,1.0,0.0,1.0,0.0,1.583
3g7sid__2u7w8v,3g7sid,2u7w8v,True,,5,3,0,1.0,0.0,1.0,0.0,1.583
5ppg4c__6xr1jp,5ppg4c,6xr1jp,True,,3,4,0,1.0,0.0,1.0,0.0,1.583
8g73gr__1uf1ai,8g73gr,1uf1ai,True,,5,6,0,1.0,0.0,1.0,0.0,1.583
38oqab__8mah3a,38oqab,8mah3a,True,,8,3,1,0.8181818181818182,0.18181818181818177,0.3971760496497154,0.6028239503502846,2.182722741777585
1tbdpg__4cb5cr,1tbdpg,4cb5cr,True,,4,3,0,1.0,0.0,1.0,0.0,1.583
1tl13z__4eyukz,1tl13z,4eyukz,True,,4,1,0,1.0,0.0,1.0,0.0,1.583
1p4zu4__3cyusq,1p4zu4,3cyusq,True,,3,5,0,1.0,0.0,1.0,0.0,1.583
9odwkz__6igpji,9odwkz,6igpji,True,,2,1,0,1.0,0.0,1.0,0.0,1.583
8sblnv__3q2wal,8sblnv,3q2wal,True,,1,1,0,1.0,0.0,1.0,0.0,1.583
2gjtst__78r7oz,2gjtst,78r7oz,True,,2,1,1,0.3333333333333333,0.6666666666666667,0.296157643198967,0.703842356801033,2.375051710349818
3epkwu__5eurpx,3epkwu,5eurpx,True,,3,5,0,1.0,0.0,1.0,0.0,1.583
216tgv__9gc311,216tgv,9gc311,True,,2,6,0,1.0,0.0,1.0,0.0,1.583
3cdrpo__794xuo,3cdrpo,794xuo,True,,4,2,0,1.0,0.0,1.0,0.0,1.583
3ygpth__6p5lhk,3ygpth,6p5lhk,True,,3,2,2,0.3333333333333333,0.6666666666666667,0.43437495827674866,0.5656250417232513,2.245970559798678
3mzvaa__9k62qj,3mzvaa,9k62qj,True,,3,1,0,1.0,0.0,1.0,0.0,1.583
28z1ad__9alwa4,28z1ad,9alwa4,True,,5,4,0,1.0,0.0,1.0,0.0,1.583
6dvnoh__50nyok,6dvnoh,50nyok,True,,2,2,0,1.0,0.0,1.0,0.0,1.583
9l2rld__9bns4e,9l2rld,9bns4e,True,,9,4,0,1.0,0.0,1.0,0.0,1.583
37hxi1__6hif0h,37hxi1,6hif0h,True,,5,2,0,1.0,0.0,1.0,0.0,1.583
31e51l__6fcvf4,31e51l,6fcvf4,True,,1,2,0,1.0,0.0,1.0,0.0,1.583
39y3es__9xjera,39y3es,9xjera,True,,3,3,0,1.0,0.0,1.0,0.0,1.583
43mic2__5uhdkq,43mic2,5uhdkq,True,,2,1,0,1.0,0.0,1.0,0.0,1.583
3ivtdu__8bbg5h,3ivtdu,8bbg5h,True,,3,4,0,1.0,0.0,1.0,0.0,1.583
28gdc5__1zo0y8,28gdc5,1zo0y8,True,,2,2,0,1.0,0.0,1.0,0.0,1.583
1km7lv__3go4dv,1km7lv,3go4dv,True,,1,4,0,1.0,0.0,1.0,0.0,1.583
288ocb__91ehis,288ocb,91ehis,True,,3,1,0,1.0,0.0,1.0,0.0,1.583
42xmgy__3rlrrq,42xmgy,3rlrrq,True,,4,9,4,0.42105263157894735,0.5789473684210527,0.2764374762773514,0.7235625237226486,2.375740304062476
30yoqr__54xwnx,30yoqr,54xwnx,True,,2,1,0,1.0,0.0,1.0,0.0,1.583
1n67mj__69psjv,1n67mj,69psjv,True,,7,3,0,1.0,0.0,1.0,0.0,1.583
28jple__3extm3,28jple,3extm3,True,,7,3,0,1.0,0.0,1.0,0.0,1.583
92in9y__8wv9n9,92in9y,8wv9n9,True,,10,5,0,1.0,0.0,1.0,0.0,1.583
3fwz7i__752kg5,3fwz7i,752kg5,True,,8,4,0,1.0,0.0,1.0,0.0,1.583
3d7len__9ap0rq,3d7len,9ap0rq,True,,1,3,0,1.0,0.0,1.0,0.0,1.583
135o9l__46iboc,135o9l,46iboc,True,,4,7,0,1.0,0.0,1.0,0.0,1.583
1h153z__86nttl,1h153z,86nttl,True,,6,3,0,1.0,0.0,1.0,0.0,1.583
35w8vc__9axfda,35w8vc,9axfda,True,,2,1,0,1.0,0.0,1.0,0.0,1.583
1hge1j__715zpo,1hge1j,715zpo,True,,2,6,1,0.21428571428571427,0.7857142857142857,0.4054084890522063,0.5945915109477937,2.297081869217002
3w4qxu__7h1t2b,3w4qxu,7h1t2b,True,,1,3,0,1.0,0.0,1.0,0.0,1.583
8h06ey__4jhavz,8h06ey,4jhavz,True,,5,2,0,1.0,0.0,1.0,0.0,1.583
431gpa__1l2ils,431gpa,1l2ils,True,,1,4,0,1.0,0.0,1.0,0.0,1.583
2selao__8599pa,2selao,8599pa,True,,3,7,0,1.0,0.0,1.0,0.0,1.583
4392n1__9wj62z,4392n1,9wj62z,True,,2,1,0,1.0,0.0,1.0,0.0,1.583
3le596__8e9opl,3le596,8e9opl,True,,3,1,0,1.0,0.0,1.0,0.0,1.583
3cm2pd__3fb0r5,3cm2pd,3fb0r5,True,,2,8,0,1.0,0.0,1.0,0.0,1.583
3m1dy9__61z7bj,3m1dy9,61z7bj,True,,4,3,0,1.0,0.0,1.0,0.0,1.583
98pnw0__6pjdlk,98pnw0,6pjdlk,True,,3,3,0,1.0,0.0,1.0,0.0,1.583
3o7iae__9yc5cc,3o7iae,9yc5cc,True,,1,9,0,1.0,0.0,1.0,0.0,1.583
4a6dmz__3g6unq,4a6dmz,3g6unq,True,,4,7,0,1.0,0.0,1.0,0.0,1.583
58wbmj__303ysd,58wbmj,303ysd,True,,4,5,0,1.0,0.0,1.0,0.0,1.583
6ycsoe__7vho7p,6ycsoe,7vho7p,True,,6,8,0,1.0,0.0,1.0,0.0,1.583
2spi9c__3s14d7,2spi9c,3s14d7,True,,3,3,0,1.0,0.0,1.0,0.0,1.583
9ks3k6__7fvkzr,9ks3k6,7fvkzr,True,,3,3,0,1.0,0.0,1.0,0.0,1.583
3bm0d0__2nb9di,3bm0d0,2nb9di,True,,1,5,0,1.0,0.0,1.0,0.0,1.583
866n22__2g6x2b,866n22,2g6x2b,True,,5,6,0,1.0,0.0,1.0,0.0,1.583
3rlx0o__2lumlr,3rlx0o,2lumlr,True,,10,4,0,1.0,0.0,1.0,0.0,1.583
2k5w05__4h4iva,2k5w05,4h4iva,True,,6,8,0,1.0,0.0,1.0,0.0,1.583
3uyl2c__95hrgl,3uyl2c,95hrgl,True,,7,5,0,1.0,0.0,1.0,0.0,1.583
8k8r4i__5whil0,8k8r4i,5whil0,True,,1,3,0,1.0,0.0,1.0,0.0,1.583
898xwh__874lyi,898xwh,874lyi,True,,3,2,1,0.6,0.4,0.3626086860895157,0.6373913139104843,2.259099748061001
9c1ryk__65yqyq,9c1ryk,65yqyq,True,,3,8,0,1.0,0.0,1.0,0.0,1.583
6fx0fy__9jhlhr,6fx0fy,9jhlhr,True,,5,10,0,1.0,0.0,1.0,0.0,1.583
2swuki__3th0p6,2swuki,3th0p6,True,,11,4,0,1.0,0.0,1.0,0.0,1.583
9fn4bl__5z1e0v,9fn4bl,5z1e0v,True,,4,9,0,1.0,0.0,1.0,0.0,1.583
8tepou__9ufi4f,8tepou,9ufi4f,True,,8,2,3,0.0,1.0,0.41046081157401204,0.589539188425988,2.33567064807103
5onuso__86uct0,5onuso,86uct0,True,,5,4,0,1.0,0.0,1.0,0.0,1.583
3k95vb__9268xx,3k95vb,9268xx,True,,10,6,0,1.0,0.0,1.0,0.0,1.583
5vgubu__3jgj4a,5vgubu,3jgj4a,True,,5,1,0,1.0,0.0,1.0,0.0,1.583
8i899c__4vqndl,8i899c,4vqndl,True,,7,4,0,1.0,0.0,1.0,0.0,1.583
1tyvbf__726erp,1tyvbf,726erp,True,,4,2,0,1.0,0.0,1.0,0.0,1.583
72ay9s__6ppgx0,72ay9s,6ppgx0,True,,10,4,0,1.0,0.0,1.0,0.0,1.583
2uqrrp__3kzfjy,2uqrrp,3kzfjy,True,,4,3,0,1.0,0.0,1.0,0.0,1.583
4jhavz__5en3nd,4jhavz,5en3nd,True,,2,2,0,1.0,0.0,1.0,0.0,1.583
9i2zz8__2djgcy,9i2zz8,2djgcy,True,,7,1,0,1.0,0.0,1.0,0.0,1.583
10837z__83noxr,10837z,83noxr,True,,4,4,0,1.0,0.0,1.0,0.0,1.583
2zg0x7__9bq118,2zg0x7,9bq118,True,,8,3,0,1.0,0.0,1.0,0.0,1.583
96jzhc__5w8tw3,96jzhc,5w8tw3,True,,5,2,0,1.0,0.0,1.0,0.0,1.583
9mce7u__73wgq7,9mce7u,73wgq7,True,,4,5,0,1.0,0.0,1.0,0.0,1.583
42h4po__7d8ci3,42h4po,7d8ci3,True,,9,1,1,0.8,0.19999999999999996,0.3328177034854889,0.6671822965145111,2.2465015467149017
8hjw69__2zyy8b,8hjw69,2zyy8b,True,,5,3,0,1.0,0.0,1.0,0.0,1.583
2bexzx__59j7kc,2bexzx,59j7kc,True,,1,5,0,1.0,0.0,1.0,0.0,1.583
3gf37d__15cpb0,3gf37d,15cpb0,True,,5,1,0,1.0,0.0,1.0,0.0,1.583
362yso__783lq8,362yso,783lq8,True,,5,2,0,1.0,0.0,1.0,0.0,1.583
34iyeu__3mip0m,34iyeu,3mip0m,True,,3,3,0,1.0,0.0,1.0,0.0,1.583
8tdhwg__5hvr6z,8tdhwg,5hvr6z,True,,4,14,0,1.0,0.0,1.0,0.0,1.583
1z41ys__39po03,1z41ys,39po03,True,,3,1,0,1.0,0.0,1.0,0.0,1.583
90a5fa__6hvqt4,90a5fa,6hvqt4,True,,9,3,0,1.0,0.0,1.0,0.0,1.583
71lydj__9u8e50,71lydj,9u8e50,True,,3,9,1,0.5333333333333333,0.4666666666666667,0.23026915887991586,0.7697308411200842,2.39616496585538
9ngf0m__97kx9f,9ngf0m,97kx9f,True,,4,5,0,1.0,0.0,1.0,0.0,1.583
9b96y0__2l8b74,9b96y0,2l8b74,True,,5,3,0,1.0,0.0,1.0,0.0,1.583
8zody5__9qzok9,8zody5,9qzok9,True,,7,7,0,1.0,0.0,1.0,0.0,1.583
9n9qs4__7d5gbe,9n9qs4,7d5gbe,True,,3,4,0,1.0,0.0,1.0,0.0,1.583
1j2b5d__6p0cpn,1j2b5d,6p0cpn,True,,5,7,1,0.8333333333333334,0.16666666666666663,0.32964424788951874,0.6703557521104813,2.242728570229312
1soee7__4jd9g4,1soee7,4jd9g4,True,,4,5,0,1.0,0.0,1.0,0.0,1.583
3q02n1__7h7pwm,3q02n1,7h7pwm,True,,2,3,0,1.0,0.0,1.0,0.0,1.583
4wj8o9__76zgzm,4wj8o9,76zgzm,True,,1,1,0,1.0,0.0,1.0,0.0,1.583
3bf5cv__94blyq,3bf5cv,94blyq,True,,4,2,1,0.6666666666666666,0.33333333333333337,0.23742669820785522,0.7625733017921448,2.3625338732103502
8htej3__2zk7f1,8htej3,2zk7f1,True,,3,5,0,1.0,0.0,1.0,0.0,1.583
5mo0yk__9ren28,5mo0yk,9ren28,True,,4,3,0,1.0,0.0,1.0,0.0,1.583
3a4d7l__7cbpqq,3a4d7l,7cbpqq,True,,9,1,0,1.0,0.0,1.0,0.0,1.583
2gc4xz__818ja9,2gc4xz,818ja9,True,,5,8,0,1.0,0.0,1.0,0.0,1.583
9trd3g__9iduk1,9trd3g,9iduk1,True,,3,3,0,1.0,0.0,1.0,0.0,1.583
2lxexs__21bcqu,2lxexs,21bcqu,True,,8,2,0,1.0,0.0,1.0,0.0,1.583
6cg1j9__3s65nx,6cg1j9,3s65nx,True,,3,1,0,1.0,0.0,1.0,0.0,1.583
2i21zx__86mme2,2i21zx,86mme2,True,,3,3,1,0.6666666666666666,0.33333333333333337,0.3772207424044609,0.6227792575955391,2.2319802153351405
68fo8s__3slbju,68fo8s,3slbju,True,,2,3,0,1.0,0.0,1.0,0.0,1.583
1y6m5m__1hko3z,1y6m5m,1hko3z,True,,1,7,0,1.0,0.0,1.0,0.0,1.583
31zxim__727mde,31zxim,727mde,True,,6,6,0,1.0,0.0,1.0,0.0,1.583
8cldf2__7c8rkv,8cldf2,7c8rkv,True,,1,4,1,0.0,1.0,0.438344219699502,0.561655780300498,2.309630333222635
35ao2c__6z0885,35ao2c,6z0885,True,,3,4,0,1.0,0.0,1.0,0.0,1.583
6ffa6i__6g74fj,6ffa6i,6g74fj,True,,2,7,0,1.0,0.0,1.0,0.0,1.583
2a8n5p__4nztw4,2a8n5p,4nztw4,True,,2,3,1,0.6,0.4,0.44940081238746643,0.5505991876125336,2.178044581311345
95zhsi__5hvr6z,95zhsi,5hvr6z,True,,1,14,0,1.0,0.0,1.0,0.0,1.583
8yhql9__43ruvw,8yhql9,43ruvw,True,,2,3,0,1.0,0.0,1.0,0.0,1.583
3n44a4__3d234a,3n44a4,3d234a,True,,6,3,0,1.0,0.0,1.0,0.0,1.583
30bsop__30pa3a,30bsop,30pa3a,True,,3,6,0,1.0,0.0,1.0,0.0,1.583
4jly1a__2nk89n,4jly1a,2nk89n,True,,4,4,0,1.0,0.0,1.0,0.0,1.583
2ac16v__8xj3v5,2ac16v,8xj3v5,True,,2,6,0,1.0,0.0,1.0,0.0,1.583
2tnov1__5u9lri,2tnov1,5u9lri,True,,4,5,0,1.0,0.0,1.0,0.0,1.583
2xtmak__789c6j,2xtmak,789c6j,True,,2,2,0,1.0,0.0,1.0,0.0,1.583
8amln6__6wy1ty,8amln6,6wy1ty,True,,1,2,0,1.0,0.0,1.0,0.0,1.583
32lw23__3933va,32lw23,3933va,True,,2,2,0,1.0,0.0,1.0,0.0,1.583
95a2q2__2tnov1,95a2q2,2tnov1,True,,2,4,0,1.0,0.0,1.0,0.0,1.583
42lw1e__8ca4iq,42lw1e,8ca4iq,True,,5,3,2,0.4444444444444444,0.5555555555555556,0.4379290398210287,0.5620709601789713,2.220195847488919
2w2hxz__31fgjj,2w2hxz,31fgjj,True,,6,5,0,1.0,0.0,1.0,0.0,1.583
2c1w4y__78qbst,2c1w4y,78qbst,True,,3,10,1,0.8461538461538461,0.15384615384615385,0.3127131909132004,0.6872868090867996,2.2559494586984696
3sq16v__44mzcg,3sq16v,44mzcg,True,,4,5,0,1.0,0.0,1.0,0.0,1.583
7366zd__9uut63,7366zd,9uut63,True,,1,3,0,1.0,0.0,1.0,0.0,1.583
8hnajm__1m5ee5,8hnajm,1m5ee5,True,,3,3,0,1.0,0.0,1.0,0.0,1.583
3338fd__9tq027,3338fd,9tq027,True,,5,4,0,1.0,0.0,1.0,0.0,1.583
47kzfp__71ensa,47kzfp,71ensa,True,,2,3,0,1.0,0.0,1.0,0.0,1.583
20jcgv__51btro,20jcgv,51btro,True,,3,6,2,0.5,0.5,0.4619903936982155,0.5380096063017845,2.186497171325237
3aml3g__621nm9,3aml3g,621nm9,True,,4,2,2,0.1111111111111111,0.8888888888888888,0.3581865082184474,0.6418134917815526,2.3620340644192366
8vj7lu__9re5w9,8vj7lu,9re5w9,True,,4,1,0,1.0,0.0,1.0,0.0,1.583
9gq22f__6e9q2g,9gq22f,6e9q2g,True,,4,2,1,0.6666666666666666,0.33333333333333337,0.4298062026500702,0.5701937973499298,2.182870654011766
3buckq__7atnbf,3buckq,7atnbf,True,,3,4,0,1.0,0.0,1.0,0.0,1.583
2ha4p2__34ibo5,2ha4p2,34ibo5,True,,1,2,0,1.0,0.0,1.0,0.0,1.583
2rju23__3dbxar,2rju23,3dbxar,True,,1,4,1,0.6,0.4,0.36192406713962555,0.6380759328603745,2.259739113698304
8sb3fr__1zxze1,8sb3fr,1zxze1,True,,2,5,0,1.0,0.0,1.0,0.0,1.583
8g73gr__971q3u,8g73gr,971q3u,True,,5,7,5,0.3181818181818182,0.6818181818181819,0.2268260270357132,0.7731739729642868,2.442862627896802
3fh8vx__9nwoj4,3fh8vx,9nwoj4,True,,3,2,0,1.0,0.0,1.0,0.0,1.583
33leq9__4f2n00,33leq9,4f2n00,True,,1,2,0,1.0,0.0,1.0,0.0,1.583
32vz6b__2f8cqn,32vz6b,2f8cqn,True,,3,3,0,1.0,0.0,1.0,0.0,1.583
5k28o4__2p1160,5k28o4,2p1160,True,,6,9,5,0.2,0.8,0.4456051908433437,0.5543948091566563,2.262429312271401
26rfqn__7f54qt,26rfqn,7f54qt,True,,2,1,0,1.0,0.0,1.0,0.0,1.583
3xpzpk__3empck,3xpzpk,3empck,True,,2,6,0,1.0,0.0,1.0,0.0,1.583
2hawms__6nxvc7,2hawms,6nxvc7,True,,7,6,2,0.6428571428571429,0.3571428571428571,0.36984316259622574,0.6301568374037743,2.243682041879956
32b7ga__2rsnam,32b7ga,2rsnam,True,,3,2,0,1.0,0.0,1.0,0.0,1.583
9c0o3u__3r4cvc,9c0o3u,3r4cvc,True,,4,2,1,0.6666666666666666,0.33333333333333337,0.26941171288490295,0.730588287115097,2.3326630680034555
639cgx__1j4mk4,639cgx,1j4mk4,True,,4,10,0,1.0,0.0,1.0,0.0,1.583
3mlyjm__2hzsib,3mlyjm,2hzsib,True,,1,2,0,1.0,0.0,1.0,0.0,1.583
37ropz__9indua,37ropz,9indua,True,,4,2,0,1.0,0.0,1.0,0.0,1.583
5pl7ai__4ntx90,5pl7ai,4ntx90,True,,1,1,0,1.0,0.0,1.0,0.0,1.583
4vwu63__2gl8eo,4vwu63,2gl8eo,True,,6,4,1,0.8,0.19999999999999996,0.3972482830286026,0.6027517169713974,2.186329828479588
4ujh5f__3n44a4,4ujh5f,3n44a4,True,,4,6,0,1.0,0.0,1.0,0.0,1.583
912ite__2bx4gb,912ite,2bx4gb,True,,2,9,0,1.0,0.0,1.0,0.0,1.583
9dzpzz__3ep8hg,9dzpzz,3ep8hg,True,,3,7,0,1.0,0.0,1.0,0.0,1.583
1n16a7__3zljsi,1n16a7,3zljsi,True,,1,5,0,1.0,0.0,1.0,0.0,1.583
21bcqu__2pno1q,21bcqu,2pno1q,True,,2,9,0,1.0,0.0,1.0,0.0,1.583
9yf9mz__3hn8fm,9yf9mz,3hn8fm,True,,3,2,0,1.0,0.0,1.0,0.0,1.583
3bxlyw__21c3pw,3bxlyw,21c3pw,True,,11,5,1,0.875,0.125,0.436015747487545,0.563984252512455,2.1349673934213818
2jmhtf__6xyxww,2jmhtf,6xyxww,True,,1,5,0,1.0,0.0,1.0,0.0,1.583
34b99f__9f0vj0,34b99f,9f0vj0,True,,3,3,0,1.0,0.0,1.0,0.0,1.583
2pdhwk__56h33e,2pdhwk,56h33e,True,,1,6,0,1.0,0.0,1.0,0.0,1.583
6muiqm__3x50ef,6muiqm,3x50ef,True,,1,4,0,1.0,0.0,1.0,0.0,1.583
44nwh5__2met9s,44nwh5,2met9s,True,,1,6,0,1.0,0.0,1.0,0.0,1.583
37fh2s__5uhcfc,37fh2s,5uhcfc,True,,4,3,3,0.1,0.9,0.3908435230453809,0.6091564769546192,2.333781233827919
5sy79n__2v80vz,5sy79n,2v80vz,True,,4,2,0,1.0,0.0,1.0,0.0,1.583
2cgmhz__96mf2i,2cgmhz,96mf2i,True,,2,2,0,1.0,0.0,1.0,0.0,1.583
2u4utw__6q8hvt,2u4utw,6q8hvt,True,,5,8,1,0.8461538461538461,0.15384615384615385,0.3798673078417778,0.6201326921582222,2.1932342288988713
2pe67v__2bpoae,2pe67v,2bpoae,True,,4,3,0,1.0,0.0,1.0,0.0,1.583
36bsz3__1oxgzu,36bsz3,1oxgzu,True,,5,3,0,1.0,0.0,1.0,0.0,1.583
72ht8m__683kfz,72ht8m,683kfz,True,,3,4,1,0.7142857142857143,0.2857142857142857,0.41421741992235184,0.5857825800776482,2.1878052086773727
2c1w4y__95fby3,2c1w4y,95fby3,True,,3,1,1,0.5,0.5,0.4414958246052265,0.5585041753947735,2.205637049401179
9l331n__99pgfk,9l331n,99pgfk,True,,2,4,0,1.0,0.0,1.0,0.0,1.583
9a4bdb__5dhie1,9a4bdb,5dhie1,True,,1,5,0,1.0,0.0,1.0,0.0,1.583
8amln6__93rf53,8amln6,93rf53,True,,1,11,1,0.8333333333333334,0.16666666666666663,0.4349650889635086,0.5650349110364914,2.1443694367503126
38xwtc__3ufo8y,38xwtc,3ufo8y,True,,2,7,0,1.0,0.0,1.0,0.0,1.583
2azplx__2ougzs,2azplx,2ougzs,True,,2,4,0,1.0,0.0,1.0,0.0,1.583
4y9m32__16sx41,4y9m32,16sx41,True,,2,6,0,1.0,0.0,1.0,0.0,1.583
7pubpx__3dmbau,7pubpx,3dmbau,True,,7,3,0,1.0,0.0,1.0,0.0,1.583
2b0lzk__4eqpx3,2b0lzk,4eqpx3,True,,5,2,0,1.0,0.0,1.0,0.0,1.583
428fod__2b172c,428fod,2b172c,True,,3,5,0,1.0,0.0,1.0,0.0,1.583
3fduf1__7coprn,3fduf1,7coprn,True,,2,1,0,1.0,0.0,1.0,0.0,1.583
9n1qaw__73jobp,9n1qaw,73jobp,True,,7,2,0,1.0,0.0,1.0,0.0,1.583
5ze2b3__2h2kpv,5ze2b3,2h2kpv,True,,3,2,0,1.0,0.0,1.0,0.0,1.583
2jawh6__5ce6ow,2jawh6,5ce6ow,True,,1,6,0,1.0,0.0,1.0,0.0,1.583
2oj1pl__314skc,2oj1pl,314skc,True,,4,6,2,0.5454545454545454,0.4545454545454546,0.47381013445556164,0.5261898655444384,2.166272351795587
6gdbpa__2k5w05,6gdbpa,2k5w05,True,,4,6,2,0.4473684210526316,0.5526315789473684,0.4436882098671049,0.5563117901328951,2.214226422910374
2rpkro__1q0lzb,2rpkro,1q0lzb,True,,3,1,0,1.0,0.0,1.0,0.0,1.583
5c7j1x__8meu4j,5c7j1x,8meu4j,True,,2,7,0,1.0,0.0,1.0,0.0,1.583
3331bv__9b1dll,3331bv,9b1dll,True,,7,3,0,1.0,0.0,1.0,0.0,1.583
1tedbh__66lsmj,1tedbh,66lsmj,True,,3,3,0,1.0,0.0,1.0,0.0,1.583
5gwb56__2fyek2,5gwb56,2fyek2,True,,3,4,1,0.7142857142857143,0.2857142857142857,0.18383640050888062,0.8161635994911194,2.4029580427076134
5c7j1x__335fkb,5c7j1x,335fkb,True,,2,1,0,1.0,0.0,1.0,0.0,1.583
1agy0c__9x4e6o,1agy0c,9x4e6o,True,,2,5,0,1.0,0.0,1.0,0.0,1.583
9rckxp__9crg6e,9rckxp,9crg6e,True,,3,2,0,1.0,0.0,1.0,0.0,1.583
4virgd__5ytxpq,4virgd,5ytxpq,True,,3,4,0,1.0,0.0,1.0,0.0,1.583
5z21yv__6xr1jp,5z21yv,6xr1jp,True,,4,4,1,0.75,0.25,0.4023258090019226,0.5976741909980774,2.1916929269731042
2ug9f1__74ae04,2ug9f1,74ae04,True,,4,5,1,0.7777777777777778,0.2222222222222222,0.40576740354299545,0.5942325964570045,2.1828649329423078
6n18fv__4vg5x7,6n18fv,4vg5x7,True,,2,2,0,1.0,0.0,1.0,0.0,1.583
3b58ov__3tow7n,3b58ov,3tow7n,True,,7,2,0,1.0,0.0,1.0,0.0,1.583
3bx94x__9u7hc5,3bx94x,9u7hc5,True,,4,13,0,1.0,0.0,1.0,0.0,1.583
2bjlua__22edfw,2bjlua,22edfw,True,,9,1,0,1.0,0.0,1.0,0.0,1.583
9hmz5e__7rdzr3,9hmz5e,7rdzr3,True,,4,5,0,1.0,0.0,1.0,0.0,1.583
39elx7__1ddn51,39elx7,1ddn51,True,,4,3,0,1.0,0.0,1.0,0.0,1.583
330wg1__2hldwp,330wg1,2hldwp,True,,4,8,3,0.4,0.6,0.35785437499483425,0.6421456250051658,2.303959799192324
1dcy7t__74hrpn,1dcy7t,74hrpn,True,,2,2,2,0.0,1.0,0.4454669188708067,0.5545330811291933,2.3029784444665538
4kka0o__9r4n9k,4kka0o,9r4n9k,True,,2,4,0,1.0,0.0,1.0,0.0,1.583
96oj9a__5o1j6e,96oj9a,5o1j6e,True,,2,4,0,1.0,0.0,1.0,0.0,1.583
28fdxn__7h1t2b,28fdxn,7h1t2b,True,,3,3,2,0.2857142857142857,0.7142857142857143,0.39951636642217636,0.6004836335778236,2.2881488082554724
6dxd1l__7fozy7,6dxd1l,7fozy7,True,,1,6,0,1.0,0.0,1.0,0.0,1.583
9ixuko__6fron8,9ixuko,6fron8,True,,2,3,0,1.0,0.0,1.0,0.0,1.583
2swc2m__5uzync,2swc2m,5uzync,True,,4,4,1,0.75,0.25,0.26828819513320923,0.7317118048667908,2.3168706545650957
31nzt9__5lnkgy,31nzt9,5lnkgy,True,,2,4,0,1.0,0.0,1.0,0.0,1.583
39zlt3__71es86,39zlt3,71es86,True,,7,4,0,1.0,0.0,1.0,0.0,1.583
1c8xxq__5rap9i,1c8xxq,5rap9i,True,,3,3,0,1.0,0.0,1.0,0.0,1.583
3a3gy9__1vb17b,3a3gy9,1vb17b,True,,4,1,1,0.6,0.4,0.3704192489385605,0.6295807510614395,2.2518054634162783
3bbgd4__9kwlpc,3bbgd4,9kwlpc,True,,4,5,0,1.0,0.0,1.0,0.0,1.583
2twzep__3osn9p,2twzep,3osn9p,True,,1,5,0,1.0,0.0,1.0,0.0,1.583
9h4h27__1x0qkn,9h4h27,1x0qkn,True,,8,3,0,1.0,0.0,1.0,0.0,1.583
9wrrek__5qca87,9wrrek,5qca87,True,,4,3,0,1.0,0.0,1.0,0.0,1.583
34b99f__1rz0uc,34b99f,1rz0uc,True,,3,5,0,1.0,0.0,1.0,0.0,1.583
3cqdgx__8d6bhz,3cqdgx,8d6bhz,True,,7,8,0,1.0,0.0,1.0,0.0,1.583
8k663n__3nx64a,8k663n,3nx64a,True,,5,8,5,0.13043478260869565,0.8695652173913043,0.4118249237537384,0.5881750762462616,2.308035834141166
8x69qf__5krq2u,8x69qf,5krq2u,True,,5,3,0,1.0,0.0,1.0,0.0,1.583
2uysg2__1w9m11,2uysg2,1w9m11,True,,2,3,0,1.0,0.0,1.0,0.0,1.583
32yaes__13ge7g,32yaes,13ge7g,True,,4,4,2,0.5555555555555556,0.4444444444444444,0.24440129101276398,0.755598708987236,2.378475856545402
8vfhm6__74sv25,8vfhm6,74sv25,True,,4,1,0,1.0,0.0,1.0,0.0,1.583
2vgflf__4tyhy1,2vgflf,4tyhy1,True,,9,4,0,1.0,0.0,1.0,0.0,1.583
5eiuxs__13r76u,5eiuxs,13r76u,True,,11,2,0,1.0,0.0,1.0,0.0,1.583
6g74fj__3s1jo6,6g74fj,3s1jo6,True,,7,6,2,0.6428571428571429,0.3571428571428571,0.3506840579211712,0.6493159420788288,2.2615747297359894
68wj6w__2w22o9,68wj6w,2w22o9,True,,4,1,0,1.0,0.0,1.0,0.0,1.583
3i29rw__7gsxqp,3i29rw,7gsxqp,True,,2,8,0,1.0,0.0,1.0,0.0,1.583
4yubfw__9blohy,4yubfw,9blohy,True,,10,11,1,0.9047619047619048,0.09523809523809523,0.31559719145298004,0.68440280854702,2.241411401949681
6e85wh__8b3wnv,6e85wh,8b3wnv,True,,1,2,0,1.0,0.0,1.0,0.0,1.583
90lgcd__8pa4c6,90lgcd,8pa4c6,True,,1,4,0,1.0,0.0,1.0,0.0,1.583
928esj__o986g,928esj,o986g,True,,3,2,0,1.0,0.0,1.0,0.0,1.583
8jbl0z__2ps6qm,8jbl0z,2ps6qm,True,,6,2,0,1.0,0.0,1.0,0.0,1.583
971xuc__38z9gl,971xuc,38z9gl,True,,3,4,0,1.0,0.0,1.0,0.0,1.583
6n1ayn__57xz32,6n1ayn,57xz32,True,,6,8,5,0.5,0.5,0.40447569712996484,0.5955243028700352,2.240210146450326
771ri3__7f004e,771ri3,7f004e,True,,1,1,0,1.0,0.0,1.0,0.0,1.583
1r22cq__3lpioa,1r22cq,3lpioa,True,,4,6,1,0.8,0.19999999999999996,0.436909981071949,0.563090018928051,2.1492897686769066
8dbqo5__2hl343,8dbqo5,2hl343,True,,5,8,0,1.0,0.0,1.0,0.0,1.583
6cnkju__9221ui,6cnkju,9221ui,True,,1,4,0,1.0,0.0,1.0,0.0,1.583
8hk9lp__69jhpw,8hk9lp,69jhpw,True,,3,2,0,1.0,0.0,1.0,0.0,1.583
3fgya0__3ox5cq,3fgya0,3ox5cq,True,,6,2,0,1.0,0.0,1.0,0.0,1.583
3amyzm__1fmlg1,3amyzm,1fmlg1,True,,1,2,0,1.0,0.0,1.0,0.0,1.583
3sirie__2oe8fw,3sirie,2oe8fw,True,,6,9,0,1.0,0.0,1.0,0.0,1.583
95dtl9__722n14,95dtl9,722n14,True,,5,3,0,1.0,0.0,1.0,0.0,1.583
2ftwq7__7dpyl7,2ftwq7,7dpyl7,True,,1,4,0,1.0,0.0,1.0,0.0,1.583
91b8rh__66yt7d,91b8rh,66yt7d,True,,4,6,4,0.125,0.875,0.39776143431663513,0.6022385656833649,2.3222680964916944
8jwrnv__6fs9sg,8jwrnv,6fs9sg,True,,9,5,0,1.0,0.0,1.0,0.0,1.583
61wwhj__91ehis,61wwhj,91ehis,True,,4,1,1,0.3333333333333333,0.6666666666666667,0.35749973729252815,0.6425002627074718,2.317764328675841
3ef9ue__7uwplb,3ef9ue,7uwplb,True,,7,2,0,1.0,0.0,1.0,0.0,1.583
31gaog__8bf3lm,31gaog,8bf3lm,True,,1,4,0,1.0,0.0,1.0,0.0,1.583
77b18y__48g8kp,77b18y,48g8kp,True,,6,1,0,1.0,0.0,1.0,0.0,1.583
78pm42__7dhsaf,78pm42,7dhsaf,True,,2,3,0,1.0,0.0,1.0,0.0,1.583
8tx8q2__5gg2el,8tx8q2,5gg2el,True,,3,3,1,0.6666666666666666,0.33333333333333337,0.3994230031967163,0.6005769968032837,2.211245523981253
2x7l0v__4eo9fz,2x7l0v,4eo9fz,True,,5,6,0,1.0,0.0,1.0,0.0,1.583
2y0vfm__5kyt2x,2y0vfm,5kyt2x,True,,11,4,0,1.0,0.0,1.0,0.0,1.583
1aya01__715pz7,1aya01,715pz7,True,,1,6,0,1.0,0.0,1.0,0.0,1.583
3vg2i7__46w574,3vg2i7,46w574,True,,3,2,0,1.0,0.0,1.0,0.0,1.583
3pg22h__24i9io,3pg22h,24i9io,True,,7,4,0,1.0,0.0,1.0,0.0,1.583
3qcr7o__86iutx,3qcr7o,86iutx,True,,5,7,3,0.4,0.6,0.44217919496198493,0.5578208050380151,2.225208849825002
4q2ca1__2x0njf,4q2ca1,2x0njf,True,,3,5,0,1.0,0.0,1.0,0.0,1.583
34y2h8__2mfhiq,34y2h8,2mfhiq,True,,9,2,0,1.0,0.0,1.0,0.0,1.583
3hqvnn__2k7knx,3hqvnn,2k7knx,True,,6,13,1,0.8,0.19999999999999996,0.37077198177576065,0.6292280182242393,2.2110560462196167
3e8dz0__42ymiq,3e8dz0,42ymiq,True,,2,4,1,0.6666666666666666,0.33333333333333337,0.3547328859567642,0.6452671140432358,2.2529816244716443
4w8icy__5r9xk4,4w8icy,5r9xk4,True,,1,4,0,1.0,0.0,1.0,0.0,1.583
124qhq__5fx9ve,124qhq,5fx9ve,True,,3,5,0,1.0,0.0,1.0,0.0,1.583
9ahd12__86xgw1,9ahd12,86xgw1,True,,5,6,0,1.0,0.0,1.0,0.0,1.583
3i8xmg__2vwd4g,3i8xmg,2vwd4g,True,,3,1,0,1.0,0.0,1.0,0.0,1.583
9kxluo__3903mc,9kxluo,3903mc,True,,5,2,0,1.0,0.0,1.0,0.0,1.583
3fbeu4__722n14,3fbeu4,722n14,True,,1,3,1,0.5,0.5,0.4452124238014221,0.5547875761985779,2.202166117411852
9i5byq__1g3mif,9i5byq,1g3mif,True,,1,4,0,1.0,0.0,1.0,0.0,1.583
386yin__7fen5q,386yin,7fen5q,True,,6,3,0,1.0,0.0,1.0,0.0,1.583
6d67op__6o8vgu,6d67op,6o8vgu,True,,3,2,0,1.0,0.0,1.0,0.0,1.583
17goqf__zh5jb,17goqf,zh5jb,True,,4,3,2,0.5,0.5,0.39744585007429123,0.6025541499257088,2.2467753206156194
3m102j__9epua4,3m102j,9epua4,True,,4,4,2,0.4444444444444444,0.5555555555555556,0.4245877992361784,0.5754122007638216,2.2326552320711106
37zp8t__6htzd6,37zp8t,6htzd6,True,,3,5,0,1.0,0.0,1.0,0.0,1.583
33isuu__63q7jd,33isuu,63q7jd,True,,6,10,4,0.5,0.5,0.3651945237070322,0.6348054762929678,2.276894834310003
2w22o9__9po1st,2w22o9,9po1st,True,,1,3,0,1.0,0.0,1.0,0.0,1.583
90vqpv__71y4jw,90vqpv,71y4jw,True,,2,3,1,0.6,0.4,0.3717178851366043,0.6282821148633957,2.2505926670709253
8meu4j__971q3u,8meu4j,971q3u,True,,7,7,3,0.1694915254237288,0.8305084745762712,0.2952364072203636,0.7047635927796364,2.4090244820087667
89kj2m__3p2ogp,89kj2m,3p2ogp,True,,4,8,0,1.0,0.0,1.0,0.0,1.583
9xi3ux__54e8ex,9xi3ux,54e8ex,True,,1,1,0,1.0,0.0,1.0,0.0,1.583
2fdrv3__pt37t,2fdrv3,pt37t,True,,3,7,0,1.0,0.0,1.0,0.0,1.583
2jkrgx__9ty7ax,2jkrgx,9ty7ax,True,,4,3,0,1.0,0.0,1.0,0.0,1.583
318hwc__3h62z2,318hwc,3h62z2,True,,5,4,0,1.0,0.0,1.0,0.0,1.583
50zxj8__6gaahn,50zxj8,6gaahn,True,,1,4,0,1.0,0.0,1.0,0.0,1.583
3cmhm2__9f2kft,3cmhm2,9f2kft,True,,7,11,0,1.0,0.0,1.0,0.0,1.583
2xqrqw__9tzb0b,2xqrqw,9tzb0b,True,,6,6,0,1.0,0.0,1.0,0.0,1.583
34jphy__7difvk,34jphy,7difvk,True,,3,1,0,1.0,0.0,1.0,0.0,1.583
3ly1te__8dbqo5,3ly1te,8dbqo5,True,,6,5,0,1.0,0.0,1.0,0.0,1.583
9pyg97__2g8r6r,9pyg97,2g8r6r,True,,5,6,2,0.5833333333333334,0.41666666666666663,0.43196319229900837,0.5680368077009916,2.1976979080452894
3beh4p__3dujnp,3beh4p,3dujnp,True,,2,5,0,1.0,0.0,1.0,0.0,1.583
9oaetw__2mat05,9oaetw,2mat05,True,,4,5,2,0.5,0.5,0.3884722553193569,0.6115277446806431,2.2551557607572525
10j000__3rsfam,10j000,3rsfam,True,,3,5,0,1.0,0.0,1.0,0.0,1.583
96lfct__2zt3ri,96lfct,2zt3ri,True,,2,4,0,1.0,0.0,1.0,0.0,1.583
4w2ey8__5vg5fq,4w2ey8,5vg5fq,True,,3,4,0,1.0,0.0,1.0,0.0,1.583
4ageha__750g8c,4ageha,750g8c,True,,1,4,0,1.0,0.0,1.0,0.0,1.583
8142k0__2pp54o,8142k0,2pp54o,True,,8,3,0,1.0,0.0,1.0,0.0,1.583
4gcb7y__542apa,4gcb7y,542apa,True,,3,3,1,0.6666666666666666,0.33333333333333337,0.4455845132470131,0.5544154867529869,2.168135289745281
8gl46k__7ethag,8gl46k,7ethag,True,,3,1,0,1.0,0.0,1.0,0.0,1.583
2az4kt__46z3m7,2az4kt,46z3m7,True,,4,5,0,1.0,0.0,1.0,0.0,1.583
2aotk2__2v426i,2aotk2,2v426i,True,,1,5,0,1.0,0.0,1.0,0.0,1.583
3shc84__8dbqo5,3shc84,8dbqo5,True,,4,5,2,0.5,0.5,0.31555402278900146,0.6844459772109985,2.3232540981173515
5gglcv__7b8toj,5gglcv,7b8toj,True,,7,2,0,1.0,0.0,1.0,0.0,1.583
1zbl62__4l9dza,1zbl62,4l9dza,True,,4,7,0,1.0,0.0,1.0,0.0,1.583
32ejqd__6m2npm,32ejqd,6m2npm,True,,5,5,0,1.0,0.0,1.0,0.0,1.583
1jh4wt__2knbol,1jh4wt,2knbol,True,,5,3,0,1.0,0.0,1.0,0.0,1.583
2w82tx__3emzne,2w82tx,3emzne,True,,2,2,0,1.0,0.0,1.0,0.0,1.583
2j562o__9kvw2z,2j562o,9kvw2z,True,,4,3,0,1.0,0.0,1.0,0.0,1.583
8snd5b__4jhavz,8snd5b,4jhavz,True,,7,2,0,1.0,0.0,1.0,0.0,1.583
9cdw6h__1tehkn,9cdw6h,1tehkn,True,,6,5,0,1.0,0.0,1.0,0.0,1.583
1tuj7y__8yucpi,1tuj7y,8yucpi,True,,4,5,1,0.7777777777777778,0.2222222222222222,0.32084743678569794,0.6791525632143021,2.262171689896948
3mggzs__55lrlr,3mggzs,55lrlr,True,,8,2,0,1.0,0.0,1.0,0.0,1.583
8i1nc0__9co0ah,8i1nc0,9co0ah,True,,2,1,0,1.0,0.0,1.0,0.0,1.583
9xuf51__7jgqis,9xuf51,7jgqis,True,,13,1,0,1.0,0.0,1.0,0.0,1.583
2bvudi__3ghmjs,2bvudi,3ghmjs,True,,1,1,0,1.0,0.0,1.0,0.0,1.583
2y0vfm__78ip79,2y0vfm,78ip79,True,,11,3,0,1.0,0.0,1.0,0.0,1.583
31qppl__5fhgl8,31qppl,5fhgl8,True,,4,5,0,1.0,0.0,1.0,0.0,1.583
2j562o__5hvr6z,2j562o,5hvr6z,True,,4,14,2,0.30303030303030304,0.696969696969697,0.4127349096039931,0.5872650903960068,2.2723044436784066
3snkr4__3nri4x,3snkr4,3nri4x,True,,4,7,0,1.0,0.0,1.0,0.0,1.583
3n2r2z__2bx4gb,3n2r2z,2bx4gb,True,,1,9,0,1.0,0.0,1.0,0.0,1.583
5iwand__5fqe8c,5iwand,5fqe8c,True,,3,7,1,0.8,0.19999999999999996,0.35423873364925385,0.6457612663507462,2.226496446644962
1vkqoy__3glmuo,1vkqoy,3glmuo,True,,7,3,0,1.0,0.0,1.0,0.0,1.583
6tavem__8hazot,6tavem,8hazot,True,,7,5,1,0.2727272727272727,0.7272727272727273,0.4356660068035126,0.5643339931964875,2.2570133344280174
9kjpi1__5foyp2,9kjpi1,5foyp2,True,,4,2,0,1.0,0.0,1.0,0.0,1.583
3b9ioi__3deh29,3b9ioi,3deh29,True,,1,3,0,1.0,0.0,1.0,0.0,1.583
4x8obh__5j36jn,4x8obh,5j36jn,True,,5,1,0,1.0,0.0,1.0,0.0,1.583
9wip07__34d5nx,9wip07,34d5nx,True,,4,3,0,1.0,0.0,1.0,0.0,1.583
8heu3c__4g233s,8heu3c,4g233s,True,,1,1,0,1.0,0.0,1.0,0.0,1.583
3bu8bm__7frptj,3bu8bm,7frptj,True,,4,1,0,1.0,0.0,1.0,0.0,1.583
3f4t17__4d0e6x,3f4t17,4d0e6x,True,,5,3,0,1.0,0.0,1.0,0.0,1.583
2k5b8m__1klp6h,2k5b8m,1klp6h,True,,4,2,0,1.0,0.0,1.0,0.0,1.583
2xaeqn__71y4jw,2xaeqn,71y4jw,True,,4,3,0,1.0,0.0,1.0,0.0,1.583
ozotu__6pbalf,ozotu,6pbalf,True,,1,6,0,1.0,0.0,1.0,0.0,1.583
2x8hue__i1m9x,2x8hue,i1m9x,True,,7,5,0,1.0,0.0,1.0,0.0,1.583
9xcgf6__42837h,9xcgf6,42837h,True,,1,4,0,1.0,0.0,1.0,0.0,1.583
63c7ui__4ulgrk,63c7ui,4ulgrk,True,,6,6,0,1.0,0.0,1.0,0.0,1.583
8glg72__7f5ora,8glg72,7f5ora,True,,4,6,0,1.0,0.0,1.0,0.0,1.583
3e6fbp__8onb3o,3e6fbp,8onb3o,True,,3,1,0,1.0,0.0,1.0,0.0,1.583
9p5od2__9r4kgf,9p5od2,9r4kgf,True,,2,9,0,1.0,0.0,1.0,0.0,1.583
54duku__17y9o4,54duku,17y9o4,True,,4,12,2,0.7647058823529411,0.23529411764705888,0.4317383114248514,0.5682616885751486,2.161252532136802
3lchyb__2nhhv7,3lchyb,2nhhv7,True,,4,5,0,1.0,0.0,1.0,0.0,1.583
54ms5r__7d4sw3,54ms5r,7d4sw3,True,,1,2,0,1.0,0.0,1.0,0.0,1.583
37qqld__9yeozz,37qqld,9yeozz,True,,4,2,0,1.0,0.0,1.0,0.0,1.583
3clnwp__3cizzd,3clnwp,3cizzd,True,,1,6,0,1.0,0.0,1.0,0.0,1.583
8y6a93__8p1ivo,8y6a93,8p1ivo,True,,2,3,0,1.0,0.0,1.0,0.0,1.583
9jhuja__2oo0yw,9jhuja,2oo0yw,True,,4,4,0,1.0,0.0,1.0,0.0,1.583
6h9vkl__9ax5rn,6h9vkl,9ax5rn,True,,2,4,0,1.0,0.0,1.0,0.0,1.583
3rlx0o__9uhqu8,3rlx0o,9uhqu8,True,,10,3,1,0.8461538461538461,0.15384615384615385,0.40431711822748184,0.5956828817725182,2.1704005509796627
3z9pkc__13l1xz,3z9pkc,13l1xz,True,,6,4,0,1.0,0.0,1.0,0.0,1.583
2tf7fw__8fix6o,2tf7fw,8fix6o,True,,8,4,0,1.0,0.0,1.0,0.0,1.583
1rmj88__1m5zmn,1rmj88,1m5zmn,True,,5,3,0,1.0,0.0,1.0,0.0,1.583
2x8hue__74silm,2x8hue,74silm,True,,7,2,0,1.0,0.0,1.0,0.0,1.583
9ib7p0__30k5j9,9ib7p0,30k5j9,True,,5,4,0,1.0,0.0,1.0,0.0,1.583
6tgbp0__7bh8z1,6tgbp0,7bh8z1,True,,9,3,0,1.0,0.0,1.0,0.0,1.583
6tf75v__1oxyh8,6tf75v,1oxyh8,True,,1,7,1,0.75,0.25,0.4036717042326927,0.5963282957673073,2.190435995417088
67kc7a__7afjk2,67kc7a,7afjk2,True,,3,6,3,0.05263157894736842,0.9473684210526316,0.4196931146085262,0.5803068853914738,2.316411758161834
5ppg4c__95zij7,5ppg4c,95zij7,True,,3,3,0,1.0,0.0,1.0,0.0,1.583
5mhvq2__7hyxaz,5mhvq2,7hyxaz,True,,2,5,0,1.0,0.0,1.0,0.0,1.583
4wib3j__3rm988,4wib3j,3rm988,True,,4,3,0,1.0,0.0,1.0,0.0,1.583
9s7egf__9bns4e,9s7egf,9bns4e,True,,6,4,0,1.0,0.0,1.0,0.0,1.583
8hk9lp__9e89ep,8hk9lp,9e89ep,True,,3,3,0,1.0,0.0,1.0,0.0,1.583
8wgnan__2o1csf,8wgnan,2o1csf,True,,4,4,0,1.0,0.0,1.0,0.0,1.583
1g7odx__6g74fj,1g7odx,6g74fj,True,,3,7,2,0.5454545454545454,0.4545454545454546,0.34817875176668167,0.6518212482333183,2.283599500088732
87o9y2__3hf0d7,87o9y2,3hf0d7,True,,6,4,0,1.0,0.0,1.0,0.0,1.583
6i57tr__9do0tr,6i57tr,9do0tr,True,,5,6,0,1.0,0.0,1.0,0.0,1.583
suscr__7e2s2u,suscr,7e2s2u,True,,3,2,0,1.0,0.0,1.0,0.0,1.583
8zov1k__3wwfby,8zov1k,3wwfby,True,,1,3,0,1.0,0.0,1.0,0.0,1.583
3pqa7y__4s0a0k,3pqa7y,4s0a0k,True,,2,3,1,0.6,0.4,0.44090140238404274,0.5590985976159573,2.1859821803135424
1hhf0a__24ajqa,1hhf0a,24ajqa,True,,2,1,0,1.0,0.0,1.0,0.0,1.583
3jqyd6__1nagwy,3jqyd6,1nagwy,True,,3,3,1,0.6666666666666666,0.33333333333333337,0.3518645912408829,0.6481354087591171,2.255660324906806
9qyplw__3b5bqs,9qyplw,3b5bqs,True,,5,1,0,1.0,0.0,1.0,0.0,1.583
66hstu__77x3lp,66hstu,77x3lp,True,,1,8,0,1.0,0.0,1.0,0.0,1.583
23kgs6__549iee,23kgs6,549iee,True,,1,3,0,1.0,0.0,1.0,0.0,1.583
8icxme__12aiii,8icxme,12aiii,True,,1,6,0,1.0,0.0,1.0,0.0,1.583
2ch3be__4pbny1,2ch3be,4pbny1,True,,1,2,0,1.0,0.0,1.0,0.0,1.583
19lzl3__2bz9sj,19lzl3,2bz9sj,True,,5,3,0,1.0,0.0,1.0,0.0,1.583
3343su__3hzbjr,3343su,3hzbjr,True,,3,3,0,1.0,0.0,1.0,0.0,1.583
8bh8bt__4s2qv6,8bh8bt,4s2qv6,True,,3,7,0,1.0,0.0,1.0,0.0,1.583
33xs6a__vt58z,33xs6a,vt58z,True,,2,1,0,1.0,0.0,1.0,0.0,1.583
3nkx29__77cwb1,3nkx29,77cwb1,True,,7,3,0,1.0,0.0,1.0,0.0,1.583
9cxz63__8pbvcd,9cxz63,8pbvcd,True,,7,7,0,1.0,0.0,1.0,0.0,1.583
3pp38v__3av6up,3pp38v,3av6up,True,,3,4,1,0.7142857142857143,0.2857142857142857,0.3518858850002289,0.6481141149997711,2.246016629141143
29prx3__9xyhdm,29prx3,9xyhdm,True,,3,6,2,0.15789473684210525,0.8421052631578947,0.37062111496925354,0.6293788850307465,2.3409664144144244
87shxt__85vkck,87shxt,85vkck,True,,10,7,0,1.0,0.0,1.0,0.0,1.583
9kaxbv__5xe1wq,9kaxbv,5xe1wq,True,,2,3,0,1.0,0.0,1.0,0.0,1.583
28qdnd__9s2yss,28qdnd,9s2yss,True,,4,4,1,0.75,0.25,0.45354050397872925,0.5464594960212708,2.1438635233342644
773ik4__7csbul,773ik4,7csbul,True,,1,1,0,1.0,0.0,1.0,0.0,1.583
30bt96__3q2wal,30bt96,3q2wal,True,,3,1,0,1.0,0.0,1.0,0.0,1.583
3lih95__71sahy,3lih95,71sahy,True,,2,4,0,1.0,0.0,1.0,0.0,1.583
8ihvil__1mqltv,8ihvil,1mqltv,True,,9,3,1,0.8333333333333334,0.16666666666666663,0.4003942459821701,0.5996057540178299,2.1766551470105844
8k7jda__3bp6yf,8k7jda,3bp6yf,True,,6,5,3,0.42857142857142855,0.5714285714285714,0.4283308604111274,0.5716691395888727,2.2323675237477625
8f8n56__1vr53r,8f8n56,1vr53r,True,,3,3,1,0.6666666666666666,0.33333333333333337,0.41888783872127533,0.5811121612787247,2.1930673140848675
2xayw5__1tehkn,2xayw5,1tehkn,True,,9,5,0,1.0,0.0,1.0,0.0,1.583
241af1__21s1im,241af1,21s1im,True,,4,9,1,0.8461538461538461,0.15384615384615385,0.3697279840707779,0.6302720159292221,2.2027033433686083
19n8es__5h1ifq,19n8es,5h1ifq,True,,2,2,0,1.0,0.0,1.0,0.0,1.583
1lrij7__8uuzya,1lrij7,8uuzya,True,,4,4,0,1.0,0.0,1.0,0.0,1.583
898beq__31ymke,898beq,31ymke,True,,5,4,0,1.0,0.0,1.0,0.0,1.583
8lxxkj__7ethag,8lxxkj,7ethag,True,,4,1,0,1.0,0.0,1.0,0.0,1.583
erv52__9he6t9,erv52,9he6t9,True,,1,9,0,1.0,0.0,1.0,0.0,1.583
9ouiuv__27lh30,9ouiuv,27lh30,True,,1,3,0,1.0,0.0,1.0,0.0,1.583
2dr40t__23litm,2dr40t,23litm,True,,6,7,0,1.0,0.0,1.0,0.0,1.583
38e99v__8rrncl,38e99v,8rrncl,True,,5,2,0,1.0,0.0,1.0,0.0,1.583
898beq__4l9dza,898beq,4l9dza,True,,5,7,0,1.0,0.0,1.0,0.0,1.583
5mm62k__3irc7v,5mm62k,3irc7v,True,,3,5,0,1.0,0.0,1.0,0.0,1.583
70occd__10s6c3,70occd,10s6c3,True,,3,3,0,1.0,0.0,1.0,0.0,1.583
7v8tu4__8mztrm,7v8tu4,8mztrm,True,,7,2,1,0.4166666666666667,0.5833333333333333,0.2956744184096654,0.7043255815903346,2.35866132731388
6gx1bv__397ahd,6gx1bv,397ahd,True,,6,3,0,1.0,0.0,1.0,0.0,1.583
465kyx__8y7scs,465kyx,8y7scs,True,,8,6,0,1.0,0.0,1.0,0.0,1.583
94aqc6__33rhr7,94aqc6,33rhr7,True,,3,9,0,1.0,0.0,1.0,0.0,1.583
334ntb__9u4j7j,334ntb,9u4j7j,True,,7,1,0,1.0,0.0,1.0,0.0,1.583
zhmah__1ae9mh,zhmah,1ae9mh,True,,7,6,1,0.7142857142857143,0.2857142857142857,0.3928432837128639,0.6071567162871361,2.2077665144834135
wdgd9__3tzhmv,wdgd9,3tzhmv,True,,2,5,0,1.0,0.0,1.0,0.0,1.583
2aerxm__9qb8l1,2aerxm,9qb8l1,True,,9,3,0,1.0,0.0,1.0,0.0,1.583
4w2ey8__9kkwpm,4w2ey8,9kkwpm,True,,3,5,0,1.0,0.0,1.0,0.0,1.583
1xiz2g__6f0opd,1xiz2g,6f0opd,True,,5,2,0,1.0,0.0,1.0,0.0,1.583
1r1i28__7gpfjz,1r1i28,7gpfjz,True,,9,9,4,0.5416666666666666,0.45833333333333337,0.41590883070603013,0.5840911692939699,2.221111909670305
4srbgd__1n7ggz,4srbgd,1n7ggz,True,,2,2,1,0.5,0.5,0.3588811755180359,0.6411188244819641,2.2827908701837063
318ihl__7u7tfv,318ihl,7u7tfv,True,,7,8,3,0.19444444444444445,0.8055555555555556,0.27129480455602917,0.7287051954439708,2.426340559802902
2z9ze5__9j3dt9,2z9ze5,9j3dt9,True,,3,2,0,1.0,0.0,1.0,0.0,1.583
1p3ohq__2lew3h,1p3ohq,2lew3h,True,,3,6,0,1.0,0.0,1.0,0.0,1.583
6g7k9q__74wgfd,6g7k9q,74wgfd,True,,3,12,2,0.47619047619047616,0.5238095238095238,0.42397565953433514,0.5760243404656649,2.226811036322789
1gjyeb__2mfhiq,1gjyeb,2mfhiq,True,,2,2,0,1.0,0.0,1.0,0.0,1.583
1am0k6__3d9znn,1am0k6,3d9znn,True,,5,2,0,1.0,0.0,1.0,0.0,1.583
3g7sid__33qbwa,3g7sid,33qbwa,True,,5,7,0,1.0,0.0,1.0,0.0,1.583
95evhf__5iys4x,95evhf,5iys4x,True,,1,4,0,1.0,0.0,1.0,0.0,1.583
8njvt9__970nac,8njvt9,970nac,True,,5,13,1,0.1956521739130435,0.8043478260869565,0.37296985695138574,0.6270301430486143,2.3311421462452744
2xxhcy__8dsaev,2xxhcy,8dsaev,True,,2,1,0,1.0,0.0,1.0,0.0,1.583
2ryogr__95evhf,2ryogr,95evhf,True,,4,1,0,1.0,0.0,1.0,0.0,1.583
20wb2g__7f3jqm,20wb2g,7f3jqm,True,,3,6,1,0.7777777777777778,0.2222222222222222,0.42993322759866714,0.5700667724013329,2.160296469856716
1vp6lj__8xqwff,1vp6lj,8xqwff,True,,2,2,0,1.0,0.0,1.0,0.0,1.583
2cx989__7aopiz,2cx989,7aopiz,True,,4,8,0,1.0,0.0,1.0,0.0,1.583
4f34pc__7bjgn3,4f34pc,7bjgn3,True,,5,10,6,0.26666666666666666,0.7333333333333334,0.3932488039135933,0.6067511960864067,2.2978516086917615
8yv1rm__747v5i,8yv1rm,747v5i,True,,9,3,0,1.0,0.0,1.0,0.0,1.583
2twzep__5en3nd,2twzep,5en3nd,True,,1,2,0,1.0,0.0,1.0,0.0,1.583
5zkr3b__4gh4ay,5zkr3b,4gh4ay,True,,3,3,0,1.0,0.0,1.0,0.0,1.583
8id7gl__1rf4k7,8id7gl,1rf4k7,True,,4,5,0,1.0,0.0,1.0,0.0,1.583
2uohjo__4bfpns,2uohjo,4bfpns,True,,7,6,3,0.3157894736842105,0.6842105263157895,0.4195265364833176,0.5804734635166824,2.2633831149466506
1klc17__2n6gwl,1klc17,2n6gwl,True,,3,3,0,1.0,0.0,1.0,0.0,1.583
3das1s__6itpob,3das1s,6itpob,True,,4,4,1,0.75,0.25,0.4090206250548363,0.5909793749451637,2.185440638261288
1ogn2n__380vm2,1ogn2n,380vm2,True,,2,8,0,1.0,0.0,1.0,0.0,1.583
39s9yc__9kflgm,39s9yc,9kflgm,True,,1,2,0,1.0,0.0,1.0,0.0,1.583
3scspq__2wcu3g,3scspq,2wcu3g,True,,13,2,0,1.0,0.0,1.0,0.0,1.583
3fh458__2z2kug,3fh458,2z2kug,True,,4,5,0,1.0,0.0,1.0,0.0,1.583
955w8h__1y6vto,955w8h,1y6vto,True,,5,2,0,1.0,0.0,1.0,0.0,1.583
95dtl9__2c67ni,95dtl9,2c67ni,True,,5,3,0,1.0,0.0,1.0,0.0,1.583
5chtd8__7b8toj,5chtd8,7b8toj,True,,3,2,0,1.0,0.0,1.0,0.0,1.583
90twwz__9iuwlc,90twwz,9iuwlc,True,,3,3,0,1.0,0.0,1.0,0.0,1.583
25nis0__z02wk,25nis0,z02wk,True,,4,4,0,1.0,0.0,1.0,0.0,1.583
8zjr1w__2uw5dp,8zjr1w,2uw5dp,True,,2,5,0,1.0,0.0,1.0,0.0,1.583
6191u6__8ry93r,6191u6,8ry93r,True,,9,5,4,0.1375,0.8625,0.457458140989426,0.542541859010574,2.2639910921299746
9n9qs4__8wmi5c,9n9qs4,8wmi5c,True,,3,7,0,1.0,0.0,1.0,0.0,1.583
2i5tje__9nvbmn,2i5tje,9nvbmn,True,,5,1,1,0.6666666666666666,0.33333333333333337,0.35526329278945923,0.6447367072105408,2.2524862775305907
6gdbpa__64la9r,6gdbpa,64la9r,True,,4,2,0,1.0,0.0,1.0,0.0,1.583
2nzh9l__77hn3n,2nzh9l,77hn3n,True,,5,3,0,1.0,0.0,1.0,0.0,1.583
8vtu2o__3cdsoc,8vtu2o,3cdsoc,True,,5,2,1,0.058823529411764705,0.9411764705882353,0.307266828417778,0.692733171582222,2.4201552736465195
9d4f8m__9k350s,9d4f8m,9k350s,True,,4,5,0,1.0,0.0,1.0,0.0,1.583
65gtb7__36d2kv,65gtb7,36d2kv,True,,3,2,1,0.6,0.4,0.3795620873570442,0.6204379126429558,2.243266966617256
9ogv6m__9rprs0,9ogv6m,9rprs0,True,,13,2,0,1.0,0.0,1.0,0.0,1.583
32h1or__980jh3,32h1or,980jh3,True,,6,5,1,0.5,0.5,0.3421100303530693,0.6578899696469307,2.2984534426532686
1ud89c__o986g,1ud89c,o986g,True,,1,2,0,1.0,0.0,1.0,0.0,1.583
5gp15g__9hpckv,5gp15g,9hpckv,True,,2,4,0,1.0,0.0,1.0,0.0,1.583
2w5gbx__9nc5m1,2w5gbx,9nc5m1,True,,5,2,1,0.7142857142857143,0.2857142857142857,0.2567882388830185,0.7432117611169815,2.334828320850006
8kqef0__9mfkzn,8kqef0,9mfkzn,True,,6,6,2,0.6153846153846154,0.3846153846153846,0.32300692051649094,0.6769930794835091,2.292974606160418
37hl2c__6odlud,37hl2c,6odlud,True,,3,6,3,0.3333333333333333,0.6666666666666667,0.468138933647424,0.531861066352576,2.214438383200004
5r1vgq__4qrdv0,5r1vgq,4qrdv0,True,,3,1,0,1.0,0.0,1.0,0.0,1.583
64dfxr__25bpf5,64dfxr,25bpf5,True,,8,3,0,1.0,0.0,1.0,0.0,1.583
9yyet3__8f2guk,9yyet3,8f2guk,True,,9,3,0,1.0,0.0,1.0,0.0,1.583
3epkwu__6oxefa,3epkwu,6oxefa,True,,3,8,0,1.0,0.0,1.0,0.0,1.583
4jhavz__353ik1,4jhavz,353ik1,True,,2,1,0,1.0,0.0,1.0,0.0,1.583
2hx8rw__9ri692,2hx8rw,9ri692,True,,5,10,2,0.6111111111111112,0.38888888888888884,0.4478321348627408,0.5521678651372592,2.1772640136961305
9tfxtt__2rsnam,9tfxtt,2rsnam,True,,2,2,0,1.0,0.0,1.0,0.0,1.583
4486l6__3hrall,4486l6,3hrall,True,,7,4,0,1.0,0.0,1.0,0.0,1.583
5gp15g__540onp,5gp15g,540onp,True,,2,2,1,0.5,0.5,0.4557219669222832,0.5442780330777168,2.19235125509128
8g3mek__65v9ky,8g3mek,65v9ky,True,,2,8,0,1.0,0.0,1.0,0.0,1.583
92as36__3pf187,92as36,3pf187,True,,2,9,1,0.09375,0.90625,0.3554951527288982,0.6445048472711018,2.368056201866482
jnd3z__6gkx9b,jnd3z,6gkx9b,True,,3,1,0,1.0,0.0,1.0,0.0,1.583
8483sc__5y6s2j,8483sc,5y6s2j,True,,8,4,0,1.0,0.0,1.0,0.0,1.583
29avbx__3rziy3,29avbx,3rziy3,True,,3,3,0,1.0,0.0,1.0,0.0,1.583
6xe1w8__3jo8p6,6xe1w8,3jo8p6,True,,15,5,0,1.0,0.0,1.0,0.0,1.583
57brla__68j3ss,57brla,68j3ss,True,,2,5,0,1.0,0.0,1.0,0.0,1.583
2uqfeb__1tedbh,2uqfeb,1tedbh,True,,2,3,0,1.0,0.0,1.0,0.0,1.583
igreq__3bhnrz,igreq,3bhnrz,True,,5,5,0,1.0,0.0,1.0,0.0,1.583
2zaimz__3spsmc,2zaimz,3spsmc,True,,3,9,0,1.0,0.0,1.0,0.0,1.583
1ac7q4__5akh7q,1ac7q4,5akh7q,True,,3,3,0,1.0,0.0,1.0,0.0,1.583
1rz0uc__1qxc7l,1rz0uc,1qxc7l,True,,5,4,2,0.6,0.4,0.37006861716508865,0.6299313828349113,2.2521329184295236
956plz__762nzp,956plz,762nzp,True,,9,4,0,1.0,0.0,1.0,0.0,1.583
9g4ga0__8d1zmm,9g4ga0,8d1zmm,True,,11,2,0,1.0,0.0,1.0,0.0,1.583
30c27g__6kk6fm,30c27g,6kk6fm,True,,3,6,0,1.0,0.0,1.0,0.0,1.583
144ni8__9wj62z,144ni8,9wj62z,True,,3,1,1,0.5,0.5,0.35990989208221436,0.6400901079177856,2.28183015178442
26inai__9g3i8k,26inai,9g3i8k,True,,1,2,0,1.0,0.0,1.0,0.0,1.583
4f7cv3__1nnz9r,4f7cv3,1nnz9r,True,,5,4,0,1.0,0.0,1.0,0.0,1.583
6d71wn__9yf9mz,6d71wn,9yf9mz,True,,4,3,0,1.0,0.0,1.0,0.0,1.583
87beb6__1p4zu4,87beb6,1p4zu4,True,,4,3,0,1.0,0.0,1.0,0.0,1.583
348oyq__2kr23f,348oyq,2kr23f,True,,1,4,0,1.0,0.0,1.0,0.0,1.583
2v5zur__5en3nd,2v5zur,5en3nd,True,,8,2,0,1.0,0.0,1.0,0.0,1.583
60xnvg__24m5oq,60xnvg,24m5oq,True,,2,1,0,1.0,0.0,1.0,0.0,1.583
1re3ac__1z5coh,1re3ac,1z5coh,True,,5,2,0,1.0,0.0,1.0,0.0,1.583
4cvg7t__4zie1v,4cvg7t,4zie1v,True,,2,4,0,1.0,0.0,1.0,0.0,1.583
19uz2j__9p4b2l,19uz2j,9p4b2l,True,,5,4,0,1.0,0.0,1.0,0.0,1.583
8vtu2o__31a9zh,8vtu2o,31a9zh,True,,5,3,0,1.0,0.0,1.0,0.0,1.583
3r9qbz__2zmin8,3r9qbz,2zmin8,True,,3,6,0,1.0,0.0,1.0,0.0,1.583
54ms5r__2ncb45,54ms5r,2ncb45,True,,1,6,1,0.5,0.5,0.4587663672864437,0.5412336327135563,2.1895080895911905
2gjtst__2e9ndt,2gjtst,2e9ndt,True,,2,5,1,0.7142857142857143,0.2857142857142857,0.3759567588567734,0.6240432411432266,2.2235368400465165
1m5zmn__8d78fl,1m5zmn,8d78fl,True,,3,4,3,0.1,0.9,0.4198824192086856,0.5801175807913144,2.3066618087010085
8o6oas__9p30p9,8o6oas,9p30p9,True,,7,7,2,0.6666666666666666,0.33333333333333337,0.4012810215353966,0.5987189784646034,2.2095103206547595
1y6m5m__3duedr,1y6m5m,3duedr,True,,1,8,0,1.0,0.0,1.0,0.0,1.583
2vyegu__8jmaev,2vyegu,8jmaev,True,,3,4,1,0.7142857142857143,0.2857142857142857,0.21386539936065674,0.7861346006393433,2.3749139606799394
3bnwpu__9ghml2,3bnwpu,9ghml2,True,,1,6,0,1.0,0.0,1.0,0.0,1.583
71sahy__6ydv0j,71sahy,6ydv0j,True,,4,2,0,1.0,0.0,1.0,0.0,1.583
8h06ey__1hhf0a,8h06ey,1hhf0a,True,,5,2,0,1.0,0.0,1.0,0.0,1.583
9ebhb4__3dsake,9ebhb4,3dsake,True,,2,6,0,1.0,0.0,1.0,0.0,1.583
8ag285__502drk,8ag285,502drk,True,,6,3,0,1.0,0.0,1.0,0.0,1.583
7djgex__1j7nce,7djgex,1j7nce,True,,3,9,3,0.025,0.975,0.42439001239836216,0.5756099876016378,2.3176096674211695
1zr9bd__8udj7e,1zr9bd,8udj7e,True,,2,3,0,1.0,0.0,1.0,0.0,1.583
9fypfo__2l8b74,9fypfo,2l8b74,True,,5,3,0,1.0,0.0,1.0,0.0,1.583
4louoh__7br0t0,4louoh,7br0t0,True,,5,5,0,1.0,0.0,1.0,0.0,1.583
2sfnpw__7ebagm,2sfnpw,7ebagm,True,,1,3,0,1.0,0.0,1.0,0.0,1.583
88e54t__3c226y,88e54t,3c226y,True,,2,1,0,1.0,0.0,1.0,0.0,1.583
34qay8__4sr43j,34qay8,4sr43j,True,,2,7,2,0.5,0.5,0.4340797197073698,0.5659202802926302,2.2125629497652874
qtrgs__4205vf,qtrgs,4205vf,True,,1,1,0,1.0,0.0,1.0,0.0,1.583
2bngcd__2fa5px,2bngcd,2fa5px,True,,2,3,2,0.3333333333333333,0.6666666666666667,0.37566009163856506,0.6243399083614349,2.3008043737520776
37g6wi__5mg22i,37g6wi,5mg22i,True,,5,1,0,1.0,0.0,1.0,0.0,1.583
6726xq__9d4kvx,6726xq,9d4kvx,True,,7,7,0,1.0,0.0,1.0,0.0,1.583
2twdpu__40bls2,2twdpu,40bls2,True,,7,7,0,1.0,0.0,1.0,0.0,1.583
8g02em__9gfs55,8g02em,9gfs55,True,,3,1,0,1.0,0.0,1.0,0.0,1.583
4ade1g__5bd6xd,4ade1g,5bd6xd,True,,7,8,2,0.6875,0.3125,0.34343916177749634,0.6565608382225037,2.2593184168159963
9s2yss__4y0c44,9s2yss,4y0c44,True,,4,1,0,1.0,0.0,1.0,0.0,1.583
2ley0s__34vny0,2ley0s,34vny0,True,,3,10,0,1.0,0.0,1.0,0.0,1.583
9ebhb4__5c1n5b,9ebhb4,5c1n5b,True,,2,1,0,1.0,0.0,1.0,0.0,1.583
2nlvec__6s08pr,2nlvec,6s08pr,True,,6,1,0,1.0,0.0,1.0,0.0,1.583
2wkmva__1a96ty,2wkmva,1a96ty,True,,1,8,0,1.0,0.0,1.0,0.0,1.583
379zuj__2hagxr,379zuj,2hagxr,True,,2,4,1,0.17647058823529413,0.8235294117647058,0.4267068903427571,0.5732931096572429,2.284833729226546
381i4w__7279rb,381i4w,7279rb,True,,2,2,0,1.0,0.0,1.0,0.0,1.583
8a2gem__1m5zmn,8a2gem,1m5zmn,True,,1,3,0,1.0,0.0,1.0,0.0,1.583
2i0e8p__7reco5,2i0e8p,7reco5,True,,1,3,0,1.0,0.0,1.0,0.0,1.583
9i5byq__51oyld,9i5byq,51oyld,True,,1,2,0,1.0,0.0,1.0,0.0,1.583
3dd22t__9ju8xc,3dd22t,9ju8xc,True,,6,5,3,0.35714285714285715,0.6428571428571428,0.3796148858964443,0.6203851141035557,2.292299086632739
3e53wk__4eo9fz,3e53wk,4eo9fz,True,,3,6,3,0.05263157894736842,0.9473684210526316,0.4133126184344292,0.5866873815655709,2.3223705035388233
3jmye3__2rdcx2,3jmye3,2rdcx2,True,,4,5,3,0.13333333333333333,0.8666666666666667,0.40456114523112774,0.5954388547688723,2.314233679801983
8z5dl7__2rwmka,8z5dl7,2rwmka,True,,5,1,1,0.6666666666666666,0.33333333333333337,0.3626236021518707,0.6373763978481293,2.2456124846170344
5n7669__3dpbbc,5n7669,3dpbbc,True,,2,5,0,1.0,0.0,1.0,0.0,1.583
8rrncl__272ytt,8rrncl,272ytt,True,,2,2,0,1.0,0.0,1.0,0.0,1.583
5j0hkz__ozotu,5j0hkz,ozotu,True,,2,1,0,1.0,0.0,1.0,0.0,1.583
2m9wc8__53aeet,2m9wc8,53aeet,True,,1,5,0,1.0,0.0,1.0,0.0,1.583
4gxsfd__1uvpsv,4gxsfd,1uvpsv,True,,3,7,1,0.8,0.19999999999999996,0.3952016308903694,0.6047983691096306,2.188241196911484
3pahjx__9wjit0,3pahjx,9wjit0,True,,1,2,0,1.0,0.0,1.0,0.0,1.583
6tah0m__1y6vto,6tah0m,1y6vto,True,,1,2,0,1.0,0.0,1.0,0.0,1.583
3wgagx__1qcx19,3wgagx,1qcx19,True,,6,1,0,1.0,0.0,1.0,0.0,1.583
3gzf8w__5cu2au,3gzf8w,5cu2au,True,,6,4,1,0.8,0.19999999999999996,0.273999884724617,0.726000115275383,2.30143150765568
3n0nfm__9e91ud,3n0nfm,9e91ud,True,,2,5,0,1.0,0.0,1.0,0.0,1.583
1ed10w__3fg828,1ed10w,3fg828,True,,4,3,2,0.2,0.8,0.360139824450016,0.639860175549984,2.3422454179461303
3j4g7r__9fiju8,3j4g7r,9fiju8,True,,8,1,0,1.0,0.0,1.0,0.0,1.583
3bg3zt__74r1qc,3bg3zt,74r1qc,True,,1,2,0,1.0,0.0,1.0,0.0,1.583
3fh8vx__5iq8h5,3fh8vx,5iq8h5,True,,3,5,1,0.75,0.25,0.3734390288591385,0.6265609711408615,2.2186702909484506
8u3h8l__9r4n9k,8u3h8l,9r4n9k,True,,2,4,0,1.0,0.0,1.0,0.0,1.583
9g708n__8f2guk,9g708n,8f2guk,True,,4,3,0,1.0,0.0,1.0,0.0,1.583
2chfv3__5xztwj,2chfv3,5xztwj,True,,5,5,0,1.0,0.0,1.0,0.0,1.583
68cqor__2nqdep,68cqor,2nqdep,True,,4,8,0,1.0,0.0,1.0,0.0,1.583
9n4flm__9964bf,9n4flm,9964bf,True,,3,4,0,1.0,0.0,1.0,0.0,1.583
9snvt4__2uoqhq,9snvt4,2uoqhq,True,,5,3,0,1.0,0.0,1.0,0.0,1.583
35x8i2__67kc7a,35x8i2,67kc7a,True,,2,3,0,1.0,0.0,1.0,0.0,1.583
3927kg__9i19eq,3927kg,9i19eq,True,,4,3,0,1.0,0.0,1.0,0.0,1.583
2b0vzk__9dejen,2b0vzk,9dejen,True,,3,5,0,1.0,0.0,1.0,0.0,1.583
5ifsdg__11v4fl,5ifsdg,11v4fl,True,,1,11,1,0.0,1.0,0.46266242336291313,0.5373375766370869,2.2869195628213754
36usqg__94oo8c,36usqg,94oo8c,True,,3,2,0,1.0,0.0,1.0,0.0,1.583
4y0c44__9rqva6,4y0c44,9rqva6,True,,1,1,0,1.0,0.0,1.0,0.0,1.583
2uggv1__8wu10n,2uggv1,8wu10n,True,,6,1,1,0.058823529411764705,0.9411764705882353,0.4299345016479492,0.5700654983520508,2.3055959336168623
2t8qgr__7eozil,2t8qgr,7eozil,True,,2,1,0,1.0,0.0,1.0,0.0,1.583
3v15et__95zij7,3v15et,95zij7,True,,6,3,0,1.0,0.0,1.0,0.0,1.583
36emnl__jnd3z,36emnl,jnd3z,True,,2,3,0,1.0,0.0,1.0,0.0,1.583
37zp8t__3cmhm2,37zp8t,3cmhm2,True,,3,7,0,1.0,0.0,1.0,0.0,1.583
8way3e__6vt9w7,8way3e,6vt9w7,True,,6,4,3,0.3076923076923077,0.6923076923076923,0.3155617167552312,0.6844382832447689,2.3621122973376742
3nq0w9__2zl0kz,3nq0w9,2zl0kz,True,,9,4,2,0.6428571428571429,0.3571428571428571,0.3594576567411423,0.6405423432588577,2.2533810657980187
9iqmo4__4688f2,9iqmo4,4688f2,True,,6,2,0,1.0,0.0,1.0,0.0,1.583
9d32zq__7guv2r,9d32zq,7guv2r,True,,1,4,0,1.0,0.0,1.0,0.0,1.583
2c5j24__3n1few,2c5j24,3n1few,True,,6,4,0,1.0,0.0,1.0,0.0,1.583
3trvtu__9nh58f,3trvtu,9nh58f,True,,4,5,0,1.0,0.0,1.0,0.0,1.583
30a38r__5np08x,30a38r,5np08x,True,,8,3,0,1.0,0.0,1.0,0.0,1.583
3dvevr__5ytxpq,3dvevr,5ytxpq,True,,3,4,0,1.0,0.0,1.0,0.0,1.583
6y4xnf__9odwkz,6y4xnf,9odwkz,True,,4,2,0,1.0,0.0,1.0,0.0,1.583
939f41__585qss,939f41,585qss,True,,2,3,0,1.0,0.0,1.0,0.0,1.583
5w32k3__35g4j0,5w32k3,35g4j0,True,,2,1,1,0.3333333333333333,0.6666666666666667,0.4222014620900154,0.5777985379099846,2.257339387887468
6w7mzq__5chtd8,6w7mzq,5chtd8,True,,2,3,2,0.3333333333333333,0.6666666666666667,0.36243490874767303,0.637565091252327,2.3131553720538816
397ahd__3eyl0a,397ahd,3eyl0a,True,,3,3,0,1.0,0.0,1.0,0.0,1.583
9jvbv3__3huqre,9jvbv3,3huqre,True,,3,4,1,0.7142857142857143,0.2857142857142857,0.3845560774207115,0.6154439225792885,2.2155059364396545
99emps__6tntig,99emps,6tntig,True,,4,5,4,0.08333333333333333,0.9166666666666666,0.43153976641284925,0.5684602335871507,2.299143345480373
9hfyyi__9p6ymt,9hfyyi,9p6ymt,True,,8,2,0,1.0,0.0,1.0,0.0,1.583
3hvkpb__7d7y1v,3hvkpb,7d7y1v,True,,9,4,0,1.0,0.0,1.0,0.0,1.583
318ihl__3shc84,318ihl,3shc84,True,,7,4,0,1.0,0.0,1.0,0.0,1.583
36y3n8__6odfwt,36y3n8,6odfwt,True,,7,2,0,1.0,0.0,1.0,0.0,1.583
3rziy3__vw5bn,3rziy3,vw5bn,True,,3,3,0,1.0,0.0,1.0,0.0,1.583
2guga6__9w93zq,2guga6,9w93zq,True,,5,4,0,1.0,0.0,1.0,0.0,1.583
9wwyvt__36fa3l,9wwyvt,36fa3l,True,,2,7,0,1.0,0.0,1.0,0.0,1.583
3rkhts__9u5srr,3rkhts,9u5srr,True,,8,1,0,1.0,0.0,1.0,0.0,1.583
2ef7ll__8pfnw9,2ef7ll,8pfnw9,True,,4,3,0,1.0,0.0,1.0,0.0,1.583
65hpmb__37on09,65hpmb,37on09,True,,4,3,0,1.0,0.0,1.0,0.0,1.583
2kfi6b__9xjtec,2kfi6b,9xjtec,True,,1,2,0,1.0,0.0,1.0,0.0,1.583
65zh1p__2tf7fw,65zh1p,2tf7fw,True,,1,8,0,1.0,0.0,1.0,0.0,1.583
2a8n5p__170vc2,2a8n5p,170vc2,True,,2,2,0,1.0,0.0,1.0,0.0,1.583
8p84hf__7k3f2d,8p84hf,7k3f2d,True,,4,3,0,1.0,0.0,1.0,0.0,1.583
52cgg6__31gaog,52cgg6,31gaog,True,,3,1,0,1.0,0.0,1.0,0.0,1.583
5i7d1k__925ojp,5i7d1k,925ojp,True,,4,5,0,1.0,0.0,1.0,0.0,1.583
7ci16f__2zl0kz,7ci16f,2zl0kz,True,,5,4,3,0.25,0.75,0.38083018859227497,0.6191698114077251,2.3128176868736743
3rfu5h__93f70b,3rfu5h,93f70b,True,,4,4,0,1.0,0.0,1.0,0.0,1.583
2dd322__8mbzm9,2dd322,8mbzm9,True,,3,5,0,1.0,0.0,1.0,0.0,1.583
9og0vv__380vm2,9og0vv,380vm2,True,,4,8,0,1.0,0.0,1.0,0.0,1.583
5iq8h5__3wwf0a,5iq8h5,3wwf0a,True,,5,3,2,0.4444444444444444,0.5555555555555556,0.3384597599506378,0.6615402400493622,2.3130902079598767
4gcuc6__9roaa6,4gcuc6,9roaa6,True,,4,3,2,0.2,0.8,0.4222505142291387,0.5777494857708614,2.284240244761407
3os0gn__8bzldl,3os0gn,8bzldl,True,,2,5,0,1.0,0.0,1.0,0.0,1.583
4czyrs__61srxy,4czyrs,61srxy,True,,2,1,0,1.0,0.0,1.0,0.0,1.583
1lz4q9__zlt0a,1lz4q9,zlt0a,True,,4,3,0,1.0,0.0,1.0,0.0,1.583
93u1ls__1cevl2,93u1ls,1cevl2,True,,2,11,0,1.0,0.0,1.0,0.0,1.583
39dzpw__9kj0wg,39dzpw,9kj0wg,True,,6,2,1,0.75,0.25,0.3428068161010742,0.6571931838989258,2.247277714443207
7eos5h__7fen5q,7eos5h,7fen5q,True,,1,3,0,1.0,0.0,1.0,0.0,1.583
5prerr__36j2t8,5prerr,36j2t8,True,,4,5,2,0.5,0.5,0.4406076017767191,0.5593923982232809,2.206466560700722
3518j0__4zgk6i,3518j0,4zgk6i,True,,3,6,3,0.25,0.75,0.4375642662247022,0.5624357337752979,2.2598337317727504
1ojy01__74a94r,1ojy01,74a94r,True,,2,1,0,1.0,0.0,1.0,0.0,1.583
4ade1g__7qh0z2,4ade1g,7qh0z2,True,,7,12,0,1.0,0.0,1.0,0.0,1.583
1urdwq__9uf5b7,1urdwq,9uf5b7,True,,1,3,0,1.0,0.0,1.0,0.0,1.583
5vlk8o__34d5nx,5vlk8o,34d5nx,True,,4,3,3,0.3,0.7,0.3761187295118968,0.6238812704881032,2.3071127185088396
3rehw8__2mcp45,3rehw8,2mcp45,True,,2,6,1,0.5555555555555556,0.4444444444444444,0.47124387975782156,0.5287561202421784,2.1666275629163927
8kvpu4__6yyien,8kvpu4,6yyien,True,,5,3,0,1.0,0.0,1.0,0.0,1.583
5vhgaa__13222g,5vhgaa,13222g,True,,1,6,0,1.0,0.0,1.0,0.0,1.583
35rujp__2ihy4q,35rujp,2ihy4q,True,,5,4,0,1.0,0.0,1.0,0.0,1.583
3ab5as__1e5026,3ab5as,1e5026,True,,4,1,0,1.0,0.0,1.0,0.0,1.583
31vqdb__6oqkgy,31vqdb,6oqkgy,True,,3,11,0,1.0,0.0,1.0,0.0,1.583
1l2ils__7afjk2,1l2ils,7afjk2,True,,4,6,0,1.0,0.0,1.0,0.0,1.583
2twdpu__2irpeq,2twdpu,2irpeq,True,,7,6,0,1.0,0.0,1.0,0.0,1.583
8zb0rc__1ztdfp,8zb0rc,1ztdfp,True,,2,3,0,1.0,0.0,1.0,0.0,1.583
9ft4se__6yo8mt,9ft4se,6yo8mt,True,,6,2,0,1.0,0.0,1.0,0.0,1.583
2j562o__52rthk,2j562o,52rthk,True,,4,6,2,0.6363636363636364,0.36363636363636365,0.3769046366214752,0.6230953633785248,2.2383996689501133
uo548__1y6lcx,uo548,1y6lcx,True,,4,4,0,1.0,0.0,1.0,0.0,1.583
7yaiv5__9dagj7,7yaiv5,9dagj7,True,,4,1,0,1.0,0.0,1.0,0.0,1.583
3fdgln__5boq87,3fdgln,5boq87,True,,1,3,0,1.0,0.0,1.0,0.0,1.583
3ekq21__9fypfo,3ekq21,9fypfo,True,,5,5,0,1.0,0.0,1.0,0.0,1.583
878ttc__3rnkrs,878ttc,3rnkrs,True,,3,4,1,0.7142857142857143,0.2857142857142857,0.39606206119060516,0.6039379388093948,2.2047604981969506
898beq__6hia04,898beq,6hia04,True,,5,2,0,1.0,0.0,1.0,0.0,1.583
2u81uj__1st3r1,2u81uj,1st3r1,True,,3,3,0,1.0,0.0,1.0,0.0,1.583
4kvltm__95dtl9,4kvltm,95dtl9,True,,1,5,0,1.0,0.0,1.0,0.0,1.583
8ak3s0__1fc6uy,8ak3s0,1fc6uy,True,,7,9,0,1.0,0.0,1.0,0.0,1.583
3kaldi__1ck9ny,3kaldi,1ck9ny,True,,3,2,0,1.0,0.0,1.0,0.0,1.583
3u9z50__641g03,3u9z50,641g03,True,,5,5,0,1.0,0.0,1.0,0.0,1.583
61srxy__2mevbz,61srxy,2mevbz,True,,1,1,0,1.0,0.0,1.0,0.0,1.583
2fyek2__8m96gp,2fyek2,8m96gp,True,,4,1,0,1.0,0.0,1.0,0.0,1.583
2auitm__3g523n,2auitm,3g523n,True,,4,1,0,1.0,0.0,1.0,0.0,1.583
1mx5bb__3bprbv,1mx5bb,3bprbv,True,,5,2,1,0.5,0.5,0.29397372901439667,0.7060262709856033,2.343407934473455
52iaul__42nk7f,52iaul,42nk7f,True,,3,3,0,1.0,0.0,1.0,0.0,1.583
37fh2s__2yjnpx,37fh2s,2yjnpx,True,,4,2,0,1.0,0.0,1.0,0.0,1.583
3kbxwl__3aggem,3kbxwl,3aggem,True,,2,2,0,1.0,0.0,1.0,0.0,1.583
9wnag7__3exy3y,9wnag7,3exy3y,True,,6,7,0,1.0,0.0,1.0,0.0,1.583
41xkkt__72gp59,41xkkt,72gp59,True,,4,4,2,0.5555555555555556,0.4444444444444444,0.4415719974786043,0.5584280025213957,2.1943381337769536
3wcgev__2ljby4,3wcgev,2ljby4,True,,1,2,0,1.0,0.0,1.0,0.0,1.583
9off99__2b8jc3,9off99,2b8jc3,True,,1,5,1,0.0,1.0,0.40491077601909636,0.5950892239809036,2.3408538262757657
1cu6l4__8edsf3,1cu6l4,8edsf3,True,,4,1,1,0.6,0.4,0.25413353741168976,0.7458664625883102,2.3604046894112227
34f8no__3aw0v1,34f8no,3aw0v1,True,,1,6,0,1.0,0.0,1.0,0.0,1.583
3fh8vx__2hizsa,3fh8vx,2hizsa,True,,3,5,0,1.0,0.0,1.0,0.0,1.583
9ujnih__1ojp58,9ujnih,1ojp58,True,,3,6,1,0.6,0.4,0.46224804501980543,0.5377519549801946,2.1660465507560036
1zo0y8__5eiuxs,1zo0y8,5eiuxs,True,,2,11,0,1.0,0.0,1.0,0.0,1.583
3k95vb__4xr0w5,3k95vb,4xr0w5,True,,10,3,0,1.0,0.0,1.0,0.0,1.583
37optf__9acoj7,37optf,9acoj7,True,,4,2,0,1.0,0.0,1.0,0.0,1.583
5r4u55__8wzf5p,5r4u55,8wzf5p,True,,8,6,0,1.0,0.0,1.0,0.0,1.583
3un968__3dj0tj,3un968,3dj0tj,True,,7,2,0,1.0,0.0,1.0,0.0,1.583
4z109k__1y6lcx,4z109k,1y6lcx,True,,5,4,0,1.0,0.0,1.0,0.0,1.583
5drgj9__9bozmk,5drgj9,9bozmk,True,,2,1,0,1.0,0.0,1.0,0.0,1.583
1wlimc__7b2hv6,1wlimc,7b2hv6,True,,10,3,0,1.0,0.0,1.0,0.0,1.583
2xm0sc__8lypsp,2xm0sc,8lypsp,True,,1,1,0,1.0,0.0,1.0,0.0,1.583
4e2kvl__3e53wk,4e2kvl,3e53wk,True,,1,3,0,1.0,0.0,1.0,0.0,1.583
98il52__1izgna,98il52,1izgna,True,,1,4,0,1.0,0.0,1.0,0.0,1.583
53yi05__9w5a2x,53yi05,9w5a2x,True,,11,4,0,1.0,0.0,1.0,0.0,1.583
9wvrl7__34pq25,9wvrl7,34pq25,True,,4,3,0,1.0,0.0,1.0,0.0,1.583
3vynyg__2gmat6,3vynyg,2gmat6,True,,5,5,1,0.6363636363636364,0.36363636363636365,0.4057389497756958,0.5942610502243042,2.2114713038953866
3m5vxu__3nkx29,3m5vxu,3nkx29,True,,2,7,0,1.0,0.0,1.0,0.0,1.583
1ae37c__87w0l6,1ae37c,87w0l6,True,,1,3,0,1.0,0.0,1.0,0.0,1.583
2tnpl2__1lz4q9,2tnpl2,1lz4q9,True,,2,4,0,1.0,0.0,1.0,0.0,1.583
1v37v2__9fq4lu,1v37v2,9fq4lu,True,,4,5,0,1.0,0.0,1.0,0.0,1.583
465lxy__303df4,465lxy,303df4,True,,6,1,0,1.0,0.0,1.0,0.0,1.583
73v1nw__3njgyc,73v1nw,3njgyc,True,,2,3,0,1.0,0.0,1.0,0.0,1.583
3loeox__9ywv45,3loeox,9ywv45,True,,3,2,0,1.0,0.0,1.0,0.0,1.583
65z9qc__92msah,65z9qc,92msah,True,,8,4,0,1.0,0.0,1.0,0.0,1.583
219x87__5lq6b5,219x87,5lq6b5,True,,1,8,0,1.0,0.0,1.0,0.0,1.583
99pfkq__7frptj,99pfkq,7frptj,True,,1,1,0,1.0,0.0,1.0,0.0,1.583
8av634__6fron8,8av634,6fron8,True,,5,3,0,1.0,0.0,1.0,0.0,1.583
5zhs6s__4hph3c,5zhs6s,4hph3c,True,,7,1,0,1.0,0.0,1.0,0.0,1.583
6uiiye__4f2n00,6uiiye,4f2n00,True,,5,2,0,1.0,0.0,1.0,0.0,1.583
3349k4__hwo4n,3349k4,hwo4n,True,,3,6,0,1.0,0.0,1.0,0.0,1.583
2x35k5__4eut71,2x35k5,4eut71,True,,3,3,0,1.0,0.0,1.0,0.0,1.583
2bzjj0__5h8xl3,2bzjj0,5h8xl3,True,,2,4,2,0.42857142857142855,0.5714285714285714,0.35114020854234695,0.648859791457653,2.304455873528016
2orjlm__40khu9,2orjlm,40khu9,True,,8,1,1,0.0,1.0,0.40027924824971706,0.5997207517502829,2.345179210059589
1x3c9s__2nlvec,1x3c9s,2nlvec,True,,3,6,1,0.7777777777777778,0.2222222222222222,0.3119436055421829,0.6880563944578171,2.2704869778952665
3mvzcg__7dfjrp,3mvzcg,7dfjrp,True,,4,10,3,0.375,0.625,0.3183147221803665,0.6816852778196335,2.3459383809557557
39zlt3__2hy8w4,39zlt3,2hy8w4,True,,7,5,0,1.0,0.0,1.0,0.0,1.583
8gqp98__1ansm3,8gqp98,1ansm3,True,,5,2,2,0.29411764705882354,0.7058823529411764,0.4035459764301777,0.5964540235698224,2.282687236141269
4kvltm__5b1e6g,4kvltm,5b1e6g,True,,1,4,0,1.0,0.0,1.0,0.0,1.583
9i2zz8__9ubuls,9i2zz8,9ubuls,True,,7,3,0,1.0,0.0,1.0,0.0,1.583
8ic75t__9odwkz,8ic75t,9odwkz,True,,2,2,1,0.5,0.5,0.3819572627544403,0.6180427372455597,2.261240112313628
3shyi8__4s0a0k,3shyi8,4s0a0k,True,,3,3,0,1.0,0.0,1.0,0.0,1.583
9iahi1__5t3f53,9iahi1,5t3f53,True,,3,3,0,1.0,0.0,1.0,0.0,1.583
6v777s__4vkw2j,6v777s,4vkw2j,True,,7,7,0,1.0,0.0,1.0,0.0,1.583
4l9dza__2pno1q,4l9dza,2pno1q,True,,7,9,0,1.0,0.0,1.0,0.0,1.583
2u7osc__pt37t,2u7osc,pt37t,True,,6,7,0,1.0,0.0,1.0,0.0,1.583
9x905m__3d3lsu,9x905m,3d3lsu,True,,3,8,0,1.0,0.0,1.0,0.0,1.583
30b7y4__6gdbpa,30b7y4,6gdbpa,True,,3,4,0,1.0,0.0,1.0,0.0,1.583
3keaoo__8s5sln,3keaoo,8s5sln,True,,9,4,0,1.0,0.0,1.0,0.0,1.583
33qqa6__379o5c,33qqa6,379o5c,True,,3,8,0,1.0,0.0,1.0,0.0,1.583
3mzvlz__1dywu4,3mzvlz,1dywu4,True,,5,2,0,1.0,0.0,1.0,0.0,1.583
4q2ca1__2ihb6m,4q2ca1,2ihb6m,True,,3,1,0,1.0,0.0,1.0,0.0,1.583
3u89d4__7buh6e,3u89d4,7buh6e,True,,2,5,0,1.0,0.0,1.0,0.0,1.583
3gc4mn__4m89zm,3gc4mn,4m89zm,True,,4,3,1,0.3,0.7,0.3597789940734704,0.6402210059265296,2.322372397434786
7xfd09__8eihdl,7xfd09,8eihdl,True,,2,3,0,1.0,0.0,1.0,0.0,1.583
4r9q06__8oc9gx,4r9q06,8oc9gx,True,,3,3,1,0.42857142857142855,0.5714285714285714,0.28732677549123764,0.7126732245087624,2.364051238654447
3ha1o9__5u9lri,3ha1o9,5u9lri,True,,8,5,0,1.0,0.0,1.0,0.0,1.583
94kczb__3lvuz1,94kczb,3lvuz1,True,,3,5,2,0.4444444444444444,0.5555555555555556,0.3803859204053879,0.6196140795946121,2.2739353667111857
2gjtst__7o3ali,2gjtst,7o3ali,True,,2,7,0,1.0,0.0,1.0,0.0,1.583
3g9i51__5l1bxq,3g9i51,5l1bxq,True,,2,2,0,1.0,0.0,1.0,0.0,1.583
3e92kg__8vj7lu,3e92kg,8vj7lu,True,,4,4,4,0.21428571428571427,0.7857142857142857,0.390536954626441,0.609463045373559,2.310970395217224
3m5vxu__9yd97s,3m5vxu,9yd97s,True,,2,1,0,1.0,0.0,1.0,0.0,1.583
1p5ssy__7bxi65,1p5ssy,7bxi65,True,,1,3,0,1.0,0.0,1.0,0.0,1.583
34xzss__9iku4p,34xzss,9iku4p,True,,2,8,0,1.0,0.0,1.0,0.0,1.583
3bf5cv__6i5sji,3bf5cv,6i5sji,True,,4,2,0,1.0,0.0,1.0,0.0,1.583
36dd79__3aftsx,36dd79,3aftsx,True,,1,5,0,1.0,0.0,1.0,0.0,1.583
3ac45f__9sbbw3,3ac45f,9sbbw3,True,,5,10,2,0.6875,0.3125,0.44131482020020485,0.5586851797997952,2.167912339415029
8vj6vd__69psjv,8vj6vd,69psjv,True,,6,3,0,1.0,0.0,1.0,0.0,1.583
55caop__5kygn0,55caop,5kygn0,True,,4,3,2,0.375,0.625,0.20463499426841736,0.7953650057315826,2.452103878852725
4szj59__61wwhj,4szj59,61wwhj,True,,8,4,0,1.0,0.0,1.0,0.0,1.583
3x5kfi__7cqow1,3x5kfi,7cqow1,True,,2,3,0,1.0,0.0,1.0,0.0,1.583
9emt5s__2w5gbx,9emt5s,2w5gbx,True,,4,5,0,1.0,0.0,1.0,0.0,1.583
28z1ad__5bw3sl,28z1ad,5bw3sl,True,,5,2,0,1.0,0.0,1.0,0.0,1.583
1zdeoj__118c4z,1zdeoj,118c4z,True,,3,3,0,1.0,0.0,1.0,0.0,1.583
2he9v6__2fskc9,2he9v6,2fskc9,True,,3,7,0,1.0,0.0,1.0,0.0,1.583
3xrp3k__365p4c,3xrp3k,365p4c,True,,8,11,3,0.6363636363636364,0.36363636363636365,0.35541241988539696,0.644587580114603,2.258471250159937
495ku7__2g5tn1,495ku7,2g5tn1,True,,3,3,0,1.0,0.0,1.0,0.0,1.583
2ble54__91yl7l,2ble54,91yl7l,True,,6,3,4,0.26666666666666666,0.7333333333333334,0.4781617857515812,0.5218382142484188,2.218551374953265
607n1w__9eaik3,607n1w,9eaik3,True,,2,3,1,0.6,0.4,0.4564182832837105,0.5435817167162895,2.1714909652413428
930ea3__6i3dtx,930ea3,6i3dtx,True,,5,5,0,1.0,0.0,1.0,0.0,1.583
8wv75t__971q3u,8wv75t,971q3u,True,,2,7,0,1.0,0.0,1.0,0.0,1.583
1hc5m8__7q9l8c,1hc5m8,7q9l8c,True,,4,3,0,1.0,0.0,1.0,0.0,1.583
3ibo6p__3w2kbl,3ibo6p,3w2kbl,True,,4,5,0,1.0,0.0,1.0,0.0,1.583
33z83p__4jvd0z,33z83p,4jvd0z,True,,4,2,1,0.6666666666666666,0.33333333333333337,0.335005059838295,0.664994940161705,2.271405441283683
5zzpo3__704puj,5zzpo3,704puj,True,,3,1,0,1.0,0.0,1.0,0.0,1.583
2xivlo__92gnv3,2xivlo,92gnv3,True,,1,6,0,1.0,0.0,1.0,0.0,1.583
1l1zwx__4scadm,1l1zwx,4scadm,True,,10,4,2,0.5294117647058824,0.47058823529411764,0.43958039954304695,0.560419600456953,2.2014817472196895
2cgmhz__3bbgd4,2cgmhz,3bbgd4,True,,2,4,0,1.0,0.0,1.0,0.0,1.583
9x4e6o__7h5fhh,9x4e6o,7h5fhh,True,,5,1,1,0.6666666666666666,0.33333333333333337,0.25814853608608246,0.7418514639139175,2.343181748815874
4lcosk__7clmoi,4lcosk,7clmoi,True,,3,11,0,1.0,0.0,1.0,0.0,1.583
2rxfxj__2hhbf8,2rxfxj,2hhbf8,True,,2,4,0,1.0,0.0,1.0,0.0,1.583
j1x1x__5u6eq8,j1x1x,5u6eq8,True,,1,6,0,1.0,0.0,1.0,0.0,1.583
275e2a__6in0my,275e2a,6in0my,True,,5,6,0,1.0,0.0,1.0,0.0,1.583
9j9rzc__75zru1,9j9rzc,75zru1,True,,5,4,4,0.4666666666666667,0.5333333333333333,0.3514037188142538,0.6485962811857462,2.296510733666035
6cbnbj__23kgs6,6cbnbj,23kgs6,True,,2,1,0,1.0,0.0,1.0,0.0,1.583
91yl7l__7vho7p,91yl7l,7vho7p,True,,3,8,0,1.0,0.0,1.0,0.0,1.583
2e327m__3frcin,2e327m,3frcin,True,,2,7,0,1.0,0.0,1.0,0.0,1.583
38xwtc__5ffadv,38xwtc,5ffadv,True,,2,5,0,1.0,0.0,1.0,0.0,1.583
9ju3b4__3o7iae,9ju3b4,3o7iae,True,,7,1,0,1.0,0.0,1.0,0.0,1.583
4jhavz__9p10pa,4jhavz,9p10pa,True,,2,4,0,1.0,0.0,1.0,0.0,1.583
2u81uj__8sz0gq,2u81uj,8sz0gq,True,,3,2,0,1.0,0.0,1.0,0.0,1.583
3d5u6e__7gp8n1,3d5u6e,7gp8n1,True,,8,4,0,1.0,0.0,1.0,0.0,1.583
3jgl49__9qutv2,3jgl49,9qutv2,True,,5,10,0,1.0,0.0,1.0,0.0,1.583
204y8q__71rc74,204y8q,71rc74,True,,3,4,0,1.0,0.0,1.0,0.0,1.583
9y1xu4__78wpg7,9y1xu4,78wpg7,True,,1,3,0,1.0,0.0,1.0,0.0,1.583
288ocb__8blqfh,288ocb,8blqfh,True,,3,2,0,1.0,0.0,1.0,0.0,1.583
8xtcft__51y9a8,8xtcft,51y9a8,True,,3,3,0,1.0,0.0,1.0,0.0,1.583
9mjmu0__2swuki,9mjmu0,2swuki,True,,3,11,0,1.0,0.0,1.0,0.0,1.583
9ogv6m__2zlrqe,9ogv6m,2zlrqe,True,,13,1,0,1.0,0.0,1.0,0.0,1.583
3ajvr7__4n9qyg,3ajvr7,4n9qyg,True,,4,5,0,1.0,0.0,1.0,0.0,1.583
2h21lf__4xsvjl,2h21lf,4xsvjl,True,,5,2,0,1.0,0.0,1.0,0.0,1.583
1s3o15__2ypc3j,1s3o15,2ypc3j,True,,4,3,0,1.0,0.0,1.0,0.0,1.583
8uuzya__51vjpq,8uuzya,51vjpq,True,,4,1,0,1.0,0.0,1.0,0.0,1.583
8kpdqh__2z4sd5,8kpdqh,2z4sd5,True,,10,5,0,1.0,0.0,1.0,0.0,1.583
8x69qf__2dzd2a,8x69qf,2dzd2a,True,,5,2,0,1.0,0.0,1.0,0.0,1.583
8i899c__89d67r,8i899c,89d67r,True,,7,3,0,1.0,0.0,1.0,0.0,1.583
3vgu2b__56h33e,3vgu2b,56h33e,True,,3,6,1,0.6,0.4,0.3002413734793663,0.6997586265206337,2.3173445813076197
9cdw6h__303ysd,9cdw6h,303ysd,True,,6,5,0,1.0,0.0,1.0,0.0,1.583
2p2um5__21pl9b,2p2um5,21pl9b,True,,5,7,0,1.0,0.0,1.0,0.0,1.583
32xi8j__92as36,32xi8j,92as36,True,,5,2,0,1.0,0.0,1.0,0.0,1.583
2jawh6__2hl1ej,2jawh6,2hl1ej,True,,1,9,0,1.0,0.0,1.0,0.0,1.583
5ny7id__5ngiaf,5ny7id,5ngiaf,True,,7,4,0,1.0,0.0,1.0,0.0,1.583
32w3lf__3rs4bd,32w3lf,3rs4bd,True,,1,2,0,1.0,0.0,1.0,0.0,1.583
36uo8c__3pnxh3,36uo8c,3pnxh3,True,,1,4,0,1.0,0.0,1.0,0.0,1.583
3ef9ue__3nkx29,3ef9ue,3nkx29,True,,7,7,5,0.13793103448275862,0.8620689655172413,0.4460463495925069,0.5539536504074931,2.2745614520465924
35ys7w__3b6e9r,35ys7w,3b6e9r,True,,4,1,0,1.0,0.0,1.0,0.0,1.583
9f12ql__4uvrky,9f12ql,4uvrky,True,,5,4,3,0.3333333333333333,0.6666666666666667,0.42139825597405434,0.5786017440259457,2.258089502079164
2fa484__38f74s,2fa484,38f74s,True,,3,4,0,1.0,0.0,1.0,0.0,1.583
4bqyml__1nl0ry,4bqyml,1nl0ry,True,,4,8,0,1.0,0.0,1.0,0.0,1.583
727mde__74silm,727mde,74silm,True,,6,2,0,1.0,0.0,1.0,0.0,1.583
3q2wal__209mga,3q2wal,209mga,True,,1,4,0,1.0,0.0,1.0,0.0,1.583
33izyf__9j7m7t,33izyf,9j7m7t,True,,2,3,0,1.0,0.0,1.0,0.0,1.583
3jstdl__7jgqis,3jstdl,7jgqis,True,,3,1,0,1.0,0.0,1.0,0.0,1.583
8t9ma0__7fvkzr,8t9ma0,7fvkzr,True,,2,3,0,1.0,0.0,1.0,0.0,1.583
2dr40t__3wl600,2dr40t,3wl600,True,,6,1,0,1.0,0.0,1.0,0.0,1.583
88mixe__7fu6lg,88mixe,7fu6lg,True,,3,7,0,1.0,0.0,1.0,0.0,1.583
5j9uer__4p094x,5j9uer,4p094x,True,,7,3,1,0.8,0.19999999999999996,0.4866569321602583,0.5133430678397417,2.102831091055535
9ke84t__57p8y6,9ke84t,57p8y6,True,,1,3,0,1.0,0.0,1.0,0.0,1.583
9jc678__7bf5ng,9jc678,7bf5ng,True,,2,2,0,1.0,0.0,1.0,0.0,1.583
6m5f01__818ja9,6m5f01,818ja9,True,,10,8,1,0.8888888888888888,0.11111111111111116,0.39197684079408646,0.6080231592059135,2.173288383937958
8a5vdu__6fnb2u,8a5vdu,6fnb2u,True,,5,1,0,1.0,0.0,1.0,0.0,1.583
3q76qj__6ijoy3,3q76qj,6ijoy3,True,,10,3,0,1.0,0.0,1.0,0.0,1.583
2s4tbt__29jih0,2s4tbt,29jih0,True,,1,3,0,1.0,0.0,1.0,0.0,1.583
2e0n02__3b6e9r,2e0n02,3b6e9r,True,,6,1,0,1.0,0.0,1.0,0.0,1.583
8zf6oo__5ih13m,8zf6oo,5ih13m,True,,2,6,1,0.5555555555555556,0.4444444444444444,0.3114195168018341,0.6885804831981659,2.3158875354809894
96xrz6__3bioza,96xrz6,3bioza,True,,4,2,0,1.0,0.0,1.0,0.0,1.583
29002o__21s1im,29002o,21s1im,True,,3,9,2,0.4666666666666667,0.5333333333333333,0.4465821757912636,0.5534178242087364,2.207623572695206
5rd22q__39hn8r,5rd22q,39hn8r,True,,6,14,0,1.0,0.0,1.0,0.0,1.583
2pig0s__7csbul,2pig0s,7csbul,True,,5,1,0,1.0,0.0,1.0,0.0,1.583
8jpmx0__9x5gar,8jpmx0,9x5gar,True,,2,1,1,0.3333333333333333,0.6666666666666667,0.44843117520213127,0.5515688247978687,2.232843458812063
3b7dim__zi585,3b7dim,zi585,True,,7,5,0,1.0,0.0,1.0,0.0,1.583
1w9m11__4ade1g,1w9m11,4ade1g,True,,3,7,0,1.0,0.0,1.0,0.0,1.583
3hs286__3ij6ys,3hs286,3ij6ys,True,,3,1,0,1.0,0.0,1.0,0.0,1.583
54zo5b__5vlqjl,54zo5b,5vlqjl,True,,1,4,0,1.0,0.0,1.0,0.0,1.583
4bqyml__5nt7dd,4bqyml,5nt7dd,True,,4,1,0,1.0,0.0,1.0,0.0,1.583
35abpj__67m2rx,35abpj,67m2rx,True,,9,1,1,0.6363636363636364,0.36363636363636365,0.4167438857257366,0.5832561142742634,2.2011937942116435
2smap3__5ryb5m,2smap3,5ryb5m,True,,9,4,0,1.0,0.0,1.0,0.0,1.583
68wj6w__3uzi8x,68wj6w,3uzi8x,True,,4,3,0,1.0,0.0,1.0,0.0,1.583
5v232t__4u8v3k,5v232t,4u8v3k,True,,3,1,0,1.0,0.0,1.0,0.0,1.583
3f4t17__3609ox,3f4t17,3609ox,True,,5,3,2,0.4444444444444444,0.5555555555555556,0.4179009608924389,0.5820990391075611,2.238900070400329
3pin6l__34yo8w,3pin6l,34yo8w,True,,5,2,0,1.0,0.0,1.0,0.0,1.583
4ebjlr__9jvbv3,4ebjlr,9jvbv3,True,,7,3,0,1.0,0.0,1.0,0.0,1.583
1re3ac__3mfwd3,1re3ac,3mfwd3,True,,5,5,0,1.0,0.0,1.0,0.0,1.583
2d16cx__2162nu,2d16cx,2162nu,True,,2,4,0,1.0,0.0,1.0,0.0,1.583
2tvbsy__4svndk,2tvbsy,4svndk,True,,3,1,0,1.0,0.0,1.0,0.0,1.583
34upzs__931z6c,34upzs,931z6c,True,,1,4,0,1.0,0.0,1.0,0.0,1.583
95rq1u__99pfkq,95rq1u,99pfkq,True,,5,1,0,1.0,0.0,1.0,0.0,1.583
4xnbz3__8ol6if,4xnbz3,8ol6if,True,,8,4,3,0.4666666666666667,0.5333333333333333,0.46924131487806636,0.5307586851219337,2.1864622027020406
8a5r0w__37hxu0,8a5r0w,37hxu0,True,,7,2,0,1.0,0.0,1.0,0.0,1.583
2aerxm__7zh1od,2aerxm,7zh1od,True,,9,3,3,0.18181818181818182,0.8181818181818181,0.28487825095653535,0.7151217490434647,2.416206746886237
398u01__5iwand,398u01,5iwand,True,,7,3,0,1.0,0.0,1.0,0.0,1.583
1oxgzu__3hipje,1oxgzu,3hipje,True,,3,4,0,1.0,0.0,1.0,0.0,1.583
3a2e33__7fudx8,3a2e33,7fudx8,True,,3,6,0,1.0,0.0,1.0,0.0,1.583
28xva1__3k95vb,28xva1,3k95vb,True,,5,10,0,1.0,0.0,1.0,0.0,1.583
71goye__21fg20,71goye,21fg20,True,,4,2,0,1.0,0.0,1.0,0.0,1.583
25lzfq__3minun,25lzfq,3minun,True,,5,9,0,1.0,0.0,1.0,0.0,1.583
2t9epd__5dlhvf,2t9epd,5dlhvf,True,,7,4,0,1.0,0.0,1.0,0.0,1.583
5c7j1x__3pvkpd,5c7j1x,3pvkpd,True,,2,8,0,1.0,0.0,1.0,0.0,1.583
344ipb__5mzh4m,344ipb,5mzh4m,True,,5,3,0,1.0,0.0,1.0,0.0,1.583
3m49uf__663nf3,3m49uf,663nf3,True,,5,2,1,0.3,0.7,0.36240463455518085,0.6375953654448192,2.3199203117889167
9aont6__2auitm,9aont6,2auitm,True,,4,4,0,1.0,0.0,1.0,0.0,1.583
61d4za__1pl293,61d4za,1pl293,True,,7,3,0,1.0,0.0,1.0,0.0,1.583
9cpn7h__9fi7jw,9cpn7h,9fi7jw,True,,3,1,0,1.0,0.0,1.0,0.0,1.583
8hxcrv__4vkn7z,8hxcrv,4vkn7z,True,,1,4,0,1.0,0.0,1.0,0.0,1.583
3v7y8s__6gg1ug,3v7y8s,6gg1ug,True,,1,4,1,0.0,1.0,0.38398180657532066,0.6160181934246793,2.3603993908393077
3e8vq6__8slz1u,3e8vq6,8slz1u,True,,1,3,0,1.0,0.0,1.0,0.0,1.583
3o8dix__37aubj,3o8dix,37aubj,True,,1,4,0,1.0,0.0,1.0,0.0,1.583
5n7669__6v3cdb,5n7669,6v3cdb,True,,2,2,1,0.5,0.5,0.48001643642783165,0.5199835635721684,2.169662650020048
3irc7v__94jbmx,3irc7v,94jbmx,True,,5,10,0,1.0,0.0,1.0,0.0,1.583
326riq__9cnu2b,326riq,9cnu2b,True,,2,4,0,1.0,0.0,1.0,0.0,1.583
8d6l7x__7dhsaf,8d6l7x,7dhsaf,True,,3,3,0,1.0,0.0,1.0,0.0,1.583
8id7gl__6i57tr,8id7gl,6i57tr,True,,4,5,1,0.2868217054263566,0.7131782945736433,0.41135750873945653,0.5886424912605435,2.2768665559215546
4rox3w__5q31mn,4rox3w,5q31mn,True,,3,12,0,1.0,0.0,1.0,0.0,1.583
55fuia__4gcb7y,55fuia,4gcb7y,True,,2,3,0,1.0,0.0,1.0,0.0,1.583
3kydlb__33022r,3kydlb,33022r,True,,2,6,0,1.0,0.0,1.0,0.0,1.583
366rmx__9br7ty,366rmx,9br7ty,True,,1,3,1,0.0,1.0,0.47242346064498025,0.5275765393550198,2.2778037301036527
297tv4__4kka0o,297tv4,4kka0o,True,,4,2,0,1.0,0.0,1.0,0.0,1.583
9blohy__6p5c81,9blohy,6p5c81,True,,11,4,0,1.0,0.0,1.0,0.0,1.583
4jinvr__8vwtkg,4jinvr,8vwtkg,True,,7,4,0,1.0,0.0,1.0,0.0,1.583
8ci6nk__74h1mz,8ci6nk,74h1mz,True,,2,1,0,1.0,0.0,1.0,0.0,1.583
4wbwh2__3sx9ke,4wbwh2,3sx9ke,True,,10,5,0,1.0,0.0,1.0,0.0,1.583
8vwtkg__9u0y0n,8vwtkg,9u0y0n,True,,4,1,0,1.0,0.0,1.0,0.0,1.583
4pqf4w__4i5p4t,4pqf4w,4i5p4t,True,,2,3,0,1.0,0.0,1.0,0.0,1.583
3scu8f__8pa4c6,3scu8f,8pa4c6,True,,5,4,2,0.5,0.5,0.4398571141064167,0.5601428858935833,2.2071674411360176
2r6fm1__2he9v6,2r6fm1,2he9v6,True,,3,3,0,1.0,0.0,1.0,0.0,1.583
3bt92m__2bvudi,3bt92m,2bvudi,True,,5,1,0,1.0,0.0,1.0,0.0,1.583
4jabp0__2xgrya,4jabp0,2xgrya,True,,9,4,0,1.0,0.0,1.0,0.0,1.583
8sblnv__47ofat,8sblnv,47ofat,True,,1,4,0,1.0,0.0,1.0,0.0,1.583
1jh4wt__9h0bo6,1jh4wt,9h0bo6,True,,5,4,3,0.3333333333333333,0.6666666666666667,0.4466049385567506,0.5533950614432495,2.234548981215184
4sku5w__9s1qxh,4sku5w,9s1qxh,True,,2,4,0,1.0,0.0,1.0,0.0,1.583
28oztj__2legk7,28oztj,2legk7,True,,4,1,0,1.0,0.0,1.0,0.0,1.583
4vamjo__3pxt33,4vamjo,3pxt33,True,,5,3,0,1.0,0.0,1.0,0.0,1.583
7dji23__96stdq,7dji23,96stdq,True,,6,2,0,1.0,0.0,1.0,0.0,1.583
26622t__2ugps3,26622t,2ugps3,True,,7,10,3,0.55,0.44999999999999996,0.37431279569864273,0.6256872043013573,2.2582742800970377
8i9lfg__3njibp,8i9lfg,3njibp,True,,5,7,0,1.0,0.0,1.0,0.0,1.583
1eii8f__8f01hw,1eii8f,8f01hw,True,,1,3,0,1.0,0.0,1.0,0.0,1.583
3uyvwl__4fprls,3uyvwl,4fprls,True,,3,3,0,1.0,0.0,1.0,0.0,1.583
87rj7a__1tbdpg,87rj7a,1tbdpg,True,,8,4,0,1.0,0.0,1.0,0.0,1.583
3i6kh1__7sejdb,3i6kh1,7sejdb,True,,3,4,0,1.0,0.0,1.0,0.0,1.583
3x50ef__6w8erv,3x50ef,6w8erv,True,,4,6,0,1.0,0.0,1.0,0.0,1.583
8ikct0__9g2pqa,8ikct0,9g2pqa,True,,8,4,1,0.8333333333333334,0.16666666666666663,0.31564265489578247,0.6843573451042175,2.255804657926162
3gixqh__53l8o4,3gixqh,53l8o4,True,,1,6,0,1.0,0.0,1.0,0.0,1.583
33azy6__4kkk04,33azy6,4kkk04,True,,1,3,0,1.0,0.0,1.0,0.0,1.583
3ghq0f__9fbgtg,3ghq0f,9fbgtg,True,,2,5,0,1.0,0.0,1.0,0.0,1.583
9fzrih__2psv7j,9fzrih,2psv7j,True,,2,1,0,1.0,0.0,1.0,0.0,1.583
87ubeb__39gwsg,87ubeb,39gwsg,True,,2,9,0,1.0,0.0,1.0,0.0,1.583
1y6kri__1kvkst,1y6kri,1kvkst,True,,3,3,0,1.0,0.0,1.0,0.0,1.583
33leq9__3u60by,33leq9,3u60by,True,,1,5,0,1.0,0.0,1.0,0.0,1.583
2c00xe__3q9994,2c00xe,3q9994,True,,2,3,0,1.0,0.0,1.0,0.0,1.583
97alt2__3n0qoe,97alt2,3n0qoe,True,,4,3,0,1.0,0.0,1.0,0.0,1.583
3buckq__607n1w,3buckq,607n1w,True,,3,2,0,1.0,0.0,1.0,0.0,1.583
3x9m3h__zlt0a,3x9m3h,zlt0a,True,,2,3,0,1.0,0.0,1.0,0.0,1.583
3hbpml__3qyuc2,3hbpml,3qyuc2,True,,2,3,1,0.6,0.4,0.3660337030887604,0.6339662969112396,2.2559011246854066
8ixe7x__6m2npm,8ixe7x,6m2npm,True,,2,5,0,1.0,0.0,1.0,0.0,1.583
5x89ev__20zpvn,5x89ev,20zpvn,True,,2,4,0,1.0,0.0,1.0,0.0,1.583
44c1h5__962tw7,44c1h5,962tw7,True,,3,2,0,1.0,0.0,1.0,0.0,1.583
3fbqyr__706cn2,3fbqyr,706cn2,True,,8,4,1,0.8333333333333334,0.16666666666666663,0.3545057624578476,0.6454942375421524,2.2195104017739493
89jedl__6r8rlp,89jedl,6r8rlp,True,,2,5,0,1.0,0.0,1.0,0.0,1.583
47kzfp__621nm9,47kzfp,621nm9,True,,2,2,1,0.5,0.5,0.3646557629108429,0.6353442370891571,2.277397983017564
4qd7jo__2spi9c,4qd7jo,2spi9c,True,,6,3,1,0.7777777777777778,0.2222222222222222,0.41749202460050583,0.5825079753994942,2.1719153093366987
8tepou__7dec16,8tepou,7dec16,True,,8,3,1,0.2865853658536585,0.7134146341463414,0.40910900565278197,0.590890994347218,2.2790141971818425
1ecv49__31gi9d,1ecv49,31gi9d,True,,5,4,0,1.0,0.0,1.0,0.0,1.583
8t5xt9__3jgj4a,8t5xt9,3jgj4a,True,,3,1,0,1.0,0.0,1.0,0.0,1.583
9iqmo4__9br7ty,9iqmo4,9br7ty,True,,6,3,0,1.0,0.0,1.0,0.0,1.583
3dujnp__13ii7l,3dujnp,13ii7l,True,,5,3,0,1.0,0.0,1.0,0.0,1.583
3a0u57__50zxj8,3a0u57,50zxj8,True,,3,1,0,1.0,0.0,1.0,0.0,1.583
32yaes__1bv51k,32yaes,1bv51k,True,,4,2,1,0.6666666666666666,0.33333333333333337,0.23596733808517456,0.7640326619148254,2.363896769628922
2yon9l__3fkpdk,2yon9l,3fkpdk,True,,1,1,0,1.0,0.0,1.0,0.0,1.583
37xjqx__1uybs0,37xjqx,1uybs0,True,,3,11,0,1.0,0.0,1.0,0.0,1.583
2ftwq7__76orxw,2ftwq7,76orxw,True,,1,3,0,1.0,0.0,1.0,0.0,1.583
3fynsr__8dnp8c,3fynsr,8dnp8c,True,,1,4,0,1.0,0.0,1.0,0.0,1.583
8m1cxm__68qw0y,8m1cxm,68qw0y,True,,3,6,0,1.0,0.0,1.0,0.0,1.583
326ad6__937jwv,326ad6,937jwv,True,,4,1,1,0.6,0.4,0.36935359239578247,0.6306464076042175,2.2528006800615787
4l0h3d__5c56p7,4l0h3d,5c56p7,True,,1,5,0,1.0,0.0,1.0,0.0,1.583
8zody5__2orbc2,8zody5,2orbc2,True,,7,5,0,1.0,0.0,1.0,0.0,1.583
8h2uzl__3id79o,8h2uzl,3id79o,True,,8,5,0,1.0,0.0,1.0,0.0,1.583
8i4a3p__44appq,8i4a3p,44appq,True,,2,1,0,1.0,0.0,1.0,0.0,1.583
3hseey__8s0jsv,3hseey,8s0jsv,True,,3,1,0,1.0,0.0,1.0,0.0,1.583
5nonzg__49qiwe,5nonzg,49qiwe,True,,3,3,0,1.0,0.0,1.0,0.0,1.583
2r6fm1__9f93t4,2r6fm1,9f93t4,True,,3,9,1,0.5333333333333333,0.4666666666666667,0.34028106679519016,0.6597189332048099,2.293424845053305
78ce5q__96mf2i,78ce5q,96mf2i,True,,5,2,0,1.0,0.0,1.0,0.0,1.583
1jnvvm__4f3umr,1jnvvm,4f3umr,True,,4,1,1,0.6,0.4,0.2638089060783386,0.7361910939216614,2.3513688626134392
1km7lv__67dmeg,1km7lv,67dmeg,True,,1,5,0,1.0,0.0,1.0,0.0,1.583
37wnh8__9ren28,37wnh8,9ren28,True,,3,3,0,1.0,0.0,1.0,0.0,1.583
4x6ixv__6n0322,4x6ixv,6n0322,True,,1,2,0,1.0,0.0,1.0,0.0,1.583
3754h8__7bf5ng,3754h8,7bf5ng,True,,5,2,0,1.0,0.0,1.0,0.0,1.583
3e66bp__2ff1of,3e66bp,2ff1of,True,,10,3,0,1.0,0.0,1.0,0.0,1.583
5zgub0__1v37v2,5zgub0,1v37v2,True,,6,4,1,0.8,0.19999999999999996,0.27292078733444214,0.7270792126655579,2.3024392767083643
38w7ii__2i9hhs,38w7ii,2i9hhs,True,,3,4,0,1.0,0.0,1.0,0.0,1.583
4szj59__8599pa,4szj59,8599pa,True,,8,7,0,1.0,0.0,1.0,0.0,1.583
3u52py__2g6x2b,3u52py,2g6x2b,True,,5,6,1,0.5,0.5,0.4208807597557704,0.5791192402442296,2.224889458464086
1c8xxq__2d16cx,1c8xxq,2d16cx,True,,3,2,0,1.0,0.0,1.0,0.0,1.583
93q2a1__6hw2jv,93q2a1,6hw2jv,True,,4,11,2,0.42857142857142855,0.5714285714285714,0.38268446549773216,0.6173155345022678,2.274996691957382
2twdpu__8ic75t,2twdpu,8ic75t,True,,7,2,0,1.0,0.0,1.0,0.0,1.583
2wgu1b__3dwy0i,2wgu1b,3dwy0i,True,,1,9,0,1.0,0.0,1.0,0.0,1.583
4j0lui__6z42z3,4j0lui,6z42z3,True,,2,1,1,0.0,1.0,0.3244672417640686,0.6755327582359314,2.4159800429165363
1oxgzu__2fh1tj,1oxgzu,2fh1tj,True,,3,8,0,1.0,0.0,1.0,0.0,1.583
3d7len__6gdbpa,3d7len,6gdbpa,True,,1,4,0,1.0,0.0,1.0,0.0,1.583
1s4j23__9y7q3q,1s4j23,9y7q3q,True,,2,1,1,0.3333333333333333,0.6666666666666667,0.2672727555036545,0.7327272444963455,2.4020273069684706
4l8w8b__2be5tu,4l8w8b,2be5tu,True,,6,6,0,1.0,0.0,1.0,0.0,1.583
3dqdce__789c6j,3dqdce,789c6j,True,,4,2,0,1.0,0.0,1.0,0.0,1.583
3732p0__8bbg5h,3732p0,8bbg5h,True,,1,4,1,0.6,0.4,0.32553403079509735,0.6744659692049026,2.293723768640459
976qmq__3b58ov,976qmq,3b58ov,True,,5,7,1,0.6923076923076923,0.3076923076923077,0.3374117761850357,0.6625882238149643,2.2639757576054103
3fgya0__5hupvx,3fgya0,5hupvx,True,,6,1,1,0.7142857142857143,0.2857142857142857,0.3849780857563019,0.6150219142436981,2.2151118228550466
fue5h__6m2npm,fue5h,6m2npm,True,,2,5,2,0.23529411764705882,0.7647058823529411,0.42953928634524347,0.5704607136547566,2.2703003193057065
91v3kp__2nqtxu,91v3kp,2nqtxu,True,,4,4,0,1.0,0.0,1.0,0.0,1.583
4n5pv4__39wx5m,4n5pv4,39wx5m,True,,3,2,0,1.0,0.0,1.0,0.0,1.583
2fskc9__51dy3o,2fskc9,51dy3o,True,,7,2,0,1.0,0.0,1.0,0.0,1.583
9gfoe6__1ac7q4,9gfoe6,1ac7q4,True,,1,3,0,1.0,0.0,1.0,0.0,1.583
8ivqvf__3ju9ag,8ivqvf,3ju9ag,True,,5,1,0,1.0,0.0,1.0,0.0,1.583
8ticiy__3f8bxh,8ticiy,3f8bxh,True,,2,1,0,1.0,0.0,1.0,0.0,1.583
63a9la__36e4ey,63a9la,36e4ey,True,,2,5,0,1.0,0.0,1.0,0.0,1.583
60xnvg__3e7zce,60xnvg,3e7zce,True,,2,6,0,1.0,0.0,1.0,0.0,1.583
4f7mkk__5y45en,4f7mkk,5y45en,True,,5,5,3,0.15,0.85,0.45112808840349317,0.5488719115965068,2.267376478239978
2s8u3j__7bn63c,2s8u3j,7bn63c,True,,1,4,0,1.0,0.0,1.0,0.0,1.583
6c6ezm__6pfd33,6c6ezm,6pfd33,True,,1,6,0,1.0,0.0,1.0,0.0,1.583
8kep9i__20cscu,8kep9i,20cscu,True,,3,1,0,1.0,0.0,1.0,0.0,1.583
15pjbl__960idh,15pjbl,960idh,True,,4,2,0,1.0,0.0,1.0,0.0,1.583
3k0uhm__2v6gg5,3k0uhm,2v6gg5,True,,2,4,0,1.0,0.0,1.0,0.0,1.583
2t2qp7__8ybd48,2t2qp7,8ybd48,False,'NoneType' object is not subscriptable,4,1,0,1.0,0.0,1.0,0.0,1.583
13hy58__67ayej,13hy58,67ayej,True,,4,1,0,1.0,0.0,1.0,0.0,1.583
3fp0de__3a8ggn,3fp0de,3a8ggn,True,,3,7,2,0.38461538461538464,0.6153846153846154,0.4238474828501542,0.5761525171498458,2.245438066535472
39jesl__4rg6p5,39jesl,4rg6p5,True,,7,6,0,1.0,0.0,1.0,0.0,1.583
8vo3yy__4xok2s,8vo3yy,4xok2s,True,,9,6,0,1.0,0.0,1.0,0.0,1.583
38g8k8__5ap8ub,38g8k8,5ap8ub,True,,3,6,0,1.0,0.0,1.0,0.0,1.583
3wgagx__7g89jc,3wgagx,7g89jc,True,,6,3,0,1.0,0.0,1.0,0.0,1.583
6hhiya__17c0j9,6hhiya,17c0j9,True,,1,1,0,1.0,0.0,1.0,0.0,1.583
3tbntr__fue5h,3tbntr,fue5h,True,,2,2,0,1.0,0.0,1.0,0.0,1.583
8ggdvh__9z3d2z,8ggdvh,9z3d2z,True,,2,4,0,1.0,0.0,1.0,0.0,1.583
2bnfmr__8lypsp,2bnfmr,8lypsp,True,,4,1,1,0.6,0.4,0.403000570833683,0.596999429166317,2.2213777668984234
6f0opd__6i2dv1,6f0opd,6i2dv1,True,,2,4,0,1.0,0.0,1.0,0.0,1.583
3p8sdz__97o5k8,3p8sdz,97o5k8,True,,4,2,1,0.6666666666666666,0.33333333333333337,0.2931417375802994,0.7068582624197006,2.3105015979404246
6xr1jp__v4w8g,6xr1jp,v4w8g,True,,4,7,3,0.29411764705882354,0.7058823529411764,0.3961719423532486,0.6038280576467514,2.289573846565713
2uot38__2xg8ik,2uot38,2xg8ik,True,,12,7,0,1.0,0.0,1.0,0.0,1.583
3ru8aa__1ai6k0,3ru8aa,1ai6k0,True,,3,4,0,1.0,0.0,1.0,0.0,1.583
2dngd6__761nfe,2dngd6,761nfe,True,,6,4,0,1.0,0.0,1.0,0.0,1.583
3m3xm1__9csbo2,3m3xm1,9csbo2,True,,1,4,0,1.0,0.0,1.0,0.0,1.583
3if8uz__2mevbz,3if8uz,2mevbz,True,,5,1,1,0.6666666666666666,0.33333333333333337,0.24121415615081787,0.7587858438491821,2.358996766237418
6xr1jp__3a796s,6xr1jp,3a796s,True,,4,8,2,0.6923076923076923,0.3076923076923077,0.3634922355413437,0.6365077644586563,2.2396192166125544
8j9am6__9abesp,8j9am6,9abesp,True,,2,7,0,1.0,0.0,1.0,0.0,1.583
9p4ej5__2fpea4,9p4ej5,2fpea4,True,,3,1,0,1.0,0.0,1.0,0.0,1.583
8m49r2__629az0,8m49r2,629az0,True,,1,4,0,1.0,0.0,1.0,0.0,1.583
70f4hv__18398h,70f4hv,18398h,True,,9,8,0,1.0,0.0,1.0,0.0,1.583
8xc4rm__7bjgn3,8xc4rm,7bjgn3,True,,2,10,0,1.0,0.0,1.0,0.0,1.583
32mgmz__1utlhk,32mgmz,1utlhk,True,,4,7,0,1.0,0.0,1.0,0.0,1.583
7cb69f__2tvbsy,7cb69f,2tvbsy,True,,1,3,0,1.0,0.0,1.0,0.0,1.583
94g1p3__1fc6uy,94g1p3,1fc6uy,True,,2,9,0,1.0,0.0,1.0,0.0,1.583
5twc81__6ydv0j,5twc81,6ydv0j,True,,4,2,0,1.0,0.0,1.0,0.0,1.583
2yzsid__585qss,2yzsid,585qss,True,,4,3,0,1.0,0.0,1.0,0.0,1.583
38rlpo__8amln6,38rlpo,8amln6,True,,2,1,0,1.0,0.0,1.0,0.0,1.583
2jmhtf__71goye,2jmhtf,71goye,True,,1,4,0,1.0,0.0,1.0,0.0,1.583
2yxzqu__7d7y1v,2yxzqu,7d7y1v,True,,9,4,0,1.0,0.0,1.0,0.0,1.583
1dlj67__1n4pa8,1dlj67,1n4pa8,True,,4,1,0,1.0,0.0,1.0,0.0,1.583
3lg0iq__3s6jaa,3lg0iq,3s6jaa,True,,5,8,0,1.0,0.0,1.0,0.0,1.583
2uqfeb__9ydp8g,2uqfeb,9ydp8g,True,,2,1,0,1.0,0.0,1.0,0.0,1.583
59h492__9u8rh4,59h492,9u8rh4,True,,1,1,0,1.0,0.0,1.0,0.0,1.583
s5l85__5zkr68,s5l85,5zkr68,True,,4,6,4,0.1875,0.8125,0.36367870308458805,0.636321296915412,2.3414667091893033
1tqt7j__2cuyv7,1tqt7j,2cuyv7,True,,4,2,0,1.0,0.0,1.0,0.0,1.583
3tbntr__4glx9t,3tbntr,4glx9t,True,,2,5,1,0.5,0.5,0.41614174470305443,0.5838582552969456,2.2293152246218177
2kfwyp__92mh85,2kfwyp,92mh85,True,,1,3,0,1.0,0.0,1.0,0.0,1.583
3id37w__xxoyg,3id37w,xxoyg,True,,1,3,1,0.0,1.0,0.3881416320800781,0.6118583679199219,2.356514529800415
4m89zm__380vm2,4m89zm,380vm2,True,,3,8,0,1.0,0.0,1.0,0.0,1.583
8vfhm6__9omjb6,8vfhm6,9omjb6,True,,4,5,2,0.3333333333333333,0.6666666666666667,0.31910273929437,0.6808972607056301,2.3536232851063215
3jxgx4__2e327m,3jxgx4,2e327m,True,,3,2,0,1.0,0.0,1.0,0.0,1.583
6cgp4n__79mrgt,6cgp4n,79mrgt,True,,2,1,0,1.0,0.0,1.0,0.0,1.583
8snd5b__3hmcjm,8snd5b,3hmcjm,True,,7,7,3,0.47058823529411764,0.5294117647058824,0.4062500298023224,0.5937499701976776,2.24449721481467
363zxm__9bns4e,363zxm,9bns4e,True,,3,4,0,1.0,0.0,1.0,0.0,1.583
3m5vxu__9p5fuf,3m5vxu,9p5fuf,True,,2,3,0,1.0,0.0,1.0,0.0,1.583
4i7rvq__2mat05,4i7rvq,2mat05,True,,2,5,2,0.375,0.625,0.3645470105111599,0.6354529894888401,2.3027620468836276
9r9lh6__2p57dm,9r9lh6,2p57dm,True,,3,6,0,1.0,0.0,1.0,0.0,1.583
87btxe__1j7nce,87btxe,1j7nce,True,,4,9,0,1.0,0.0,1.0,0.0,1.583
3nnpoh__4glx9t,3nnpoh,4glx9t,True,,1,5,0,1.0,0.0,1.0,0.0,1.583
3acqwt__1stx3n,3acqwt,1stx3n,True,,6,12,0,1.0,0.0,1.0,0.0,1.583
5jblt5__2nnm9j,5jblt5,2nnm9j,True,,6,7,3,0.4375,0.5625,0.4200371565918128,0.5799628434081872,2.238308549458906
99hgal__3duedr,99hgal,3duedr,True,,1,8,0,1.0,0.0,1.0,0.0,1.583
1mvj6s__5nsnrc,1mvj6s,5nsnrc,True,,6,2,0,1.0,0.0,1.0,0.0,1.583
9ntudz__14jq74,9ntudz,14jq74,True,,6,6,0,1.0,0.0,1.0,0.0,1.583
8k7jda__9h35mb,8k7jda,9h35mb,True,,6,4,0,1.0,0.0,1.0,0.0,1.583
94aioh__8yh0vf,94aioh,8yh0vf,True,,2,5,0,1.0,0.0,1.0,0.0,1.583
67bqvw__36270l,67bqvw,36270l,True,,3,4,0,1.0,0.0,1.0,0.0,1.583
59zvh6__7ug4hn,59zvh6,7ug4hn,True,,5,6,3,0.35714285714285715,0.6428571428571428,0.4104444930950801,0.5895555069049199,2.263507316469933
3qlzoi__9aa55j,3qlzoi,9aa55j,True,,1,6,0,1.0,0.0,1.0,0.0,1.583
2idzuv__6jcu1p,2idzuv,6jcu1p,True,,5,7,4,0.05263157894736842,0.9473684210526316,0.43128538159653546,0.5687146184034646,2.3055857400217326
36wcak__4qrdv0,36wcak,4qrdv0,True,,4,1,0,1.0,0.0,1.0,0.0,1.583
7a6p7s__2ps6qm,7a6p7s,2ps6qm,True,,5,2,0,1.0,0.0,1.0,0.0,1.583
3aa1ke__1em6ov,3aa1ke,1em6ov,True,,1,8,0,1.0,0.0,1.0,0.0,1.583
726erp__8sga6v,726erp,8sga6v,True,,2,5,2,0.2,0.8,0.36755138883988064,0.6324486111601193,2.3353237579624353
3svfsj__3ep8hg,3svfsj,3ep8hg,True,,3,7,1,0.8,0.19999999999999996,0.37633824348449707,0.6236617565155029,2.205857714409828
74hrpn__2hl343,74hrpn,2hl343,True,,2,8,0,1.0,0.0,1.0,0.0,1.583
42xmgy__3p9yq7,42xmgy,3p9yq7,True,,4,2,0,1.0,0.0,1.0,0.0,1.583
3ja8jp__6ozm0x,3ja8jp,6ozm0x,True,,2,1,0,1.0,0.0,1.0,0.0,1.583
9q93du__2j5tz2,9q93du,2j5tz2,True,,2,5,0,1.0,0.0,1.0,0.0,1.583
5tesba__6hq3s9,5tesba,6hq3s9,True,,1,4,1,0.6,0.4,0.34729303419589996,0.6527069658041,2.273403035364449
9b96y0__4b5md8,9b96y0,4b5md8,True,,5,8,0,1.0,0.0,1.0,0.0,1.583
9u021d__2thezp,9u021d,2thezp,True,,1,9,0,1.0,0.0,1.0,0.0,1.583
3g1dnn__77dlpq,3g1dnn,77dlpq,True,,5,1,0,1.0,0.0,1.0,0.0,1.583
60vcsa__431a8g,60vcsa,431a8g,True,,2,7,0,1.0,0.0,1.0,0.0,1.583
3rl2i6__59j7kc,3rl2i6,59j7kc,True,,4,5,0,1.0,0.0,1.0,0.0,1.583
9he6t9__7c3m44,9he6t9,7c3m44,True,,9,3,0,1.0,0.0,1.0,0.0,1.583
2felra__30rbqm,2felra,30rbqm,True,,5,6,0,1.0,0.0,1.0,0.0,1.583
454zq5__2uot38,454zq5,2uot38,True,,2,12,0,1.0,0.0,1.0,0.0,1.583
8sf1ur__3uwn95,8sf1ur,3uwn95,True,,5,4,3,0.05263157894736842,0.9473684210526316,0.4490671591833234,0.5509328408166766,2.288979337933431
3if8uz__47to2e,3if8uz,47to2e,True,,5,5,2,0.5454545454545454,0.4545454545454546,0.4085236229002476,0.5914763770997524,2.227243424937095
3hipje__2uorer,3hipje,2uorer,True,,4,4,0,1.0,0.0,1.0,0.0,1.583
4q2ca1__9een8c,4q2ca1,9een8c,True,,3,9,0,1.0,0.0,1.0,0.0,1.583
5v9sks__71w8cn,5v9sks,71w8cn,True,,4,3,2,0.5,0.5,0.3385138586163521,0.6614861413836479,2.301811907438189
8wj264__92nvv4,8wj264,92nvv4,True,,1,5,0,1.0,0.0,1.0,0.0,1.583
8vvqqy__5hazw8,8vvqqy,5hazw8,True,,2,4,0,1.0,0.0,1.0,0.0,1.583
29002o__73wgq7,29002o,73wgq7,True,,3,5,1,0.1111111111111111,0.8888888888888888,0.3740219250321388,0.6259780749678612,2.34724536865693
5khves__64hf4i,5khves,64hf4i,True,,6,2,0,1.0,0.0,1.0,0.0,1.583
3aua9o__6f081y,3aua9o,6f081y,True,,1,4,0,1.0,0.0,1.0,0.0,1.583
5svxvs__5krq2u,5svxvs,5krq2u,True,,9,3,0,1.0,0.0,1.0,0.0,1.583
4khx8c__67zy46,4khx8c,67zy46,True,,3,4,0,1.0,0.0,1.0,0.0,1.583
675kal__4kmvg2,675kal,4kmvg2,True,,4,9,0,1.0,0.0,1.0,0.0,1.583
3gx3l8__6v9i6k,3gx3l8,6v9i6k,True,,4,4,0,1.0,0.0,1.0,0.0,1.583
78879g__5qfkbv,78879g,5qfkbv,True,,3,1,0,1.0,0.0,1.0,0.0,1.583
52p5gp__7fudx8,52p5gp,7fudx8,True,,2,6,1,0.36363636363636365,0.6363636363636364,0.4733276424619059,0.526672357538094,2.2034684056139167
6opkhv__hwo4n,6opkhv,hwo4n,True,,2,6,0,1.0,0.0,1.0,0.0,1.583
3a0u57__9xs5oj,3a0u57,9xs5oj,True,,3,10,0,1.0,0.0,1.0,0.0,1.583
71vjhq__7g219e,71vjhq,7g219e,True,,5,3,0,1.0,0.0,1.0,0.0,1.583
762023__3cn8ab,762023,3cn8ab,True,,8,6,0,1.0,0.0,1.0,0.0,1.583
281acy__3jlyls,281acy,3jlyls,True,,3,8,0,1.0,0.0,1.0,0.0,1.583
38nolt__1vsp0o,38nolt,1vsp0o,True,,5,1,0,1.0,0.0,1.0,0.0,1.583
2trrlh__9k3jsw,2trrlh,9k3jsw,True,,6,5,0,1.0,0.0,1.0,0.0,1.583
9o3k48__5l1bxq,9o3k48,5l1bxq,True,,5,2,0,1.0,0.0,1.0,0.0,1.583
8h0qsa__5x6be1,8h0qsa,5x6be1,True,,2,5,0,1.0,0.0,1.0,0.0,1.583
1juw4b__2i3jm6,1juw4b,2i3jm6,True,,3,7,3,0.38461538461538464,0.6153846153846154,0.356585072974364,0.643414927025636,2.3082544311184723
34xatv__5chtd8,34xatv,5chtd8,True,,10,3,0,1.0,0.0,1.0,0.0,1.583
3scu8f__353ik1,3scu8f,353ik1,True,,5,1,0,1.0,0.0,1.0,0.0,1.583
4tddd1__1a96ty,4tddd1,1a96ty,True,,2,8,2,0.0,1.0,0.4306724020279944,0.5693275979720056,2.316795043746056
1rk5g1__o8s1o,1rk5g1,o8s1o,True,,7,2,0,1.0,0.0,1.0,0.0,1.583
6utdob__9dejen,6utdob,9dejen,True,,3,5,0,1.0,0.0,1.0,0.0,1.583
34fman__3kublv,34fman,3kublv,True,,3,5,0,1.0,0.0,1.0,0.0,1.583
3j4g7r__2lg0f4,3j4g7r,2lg0f4,True,,8,2,0,1.0,0.0,1.0,0.0,1.583
5fik9b__3x5kfi,5fik9b,3x5kfi,True,,2,2,0,1.0,0.0,1.0,0.0,1.583
3mvzcg__555r6h,3mvzcg,555r6h,True,,4,2,0,1.0,0.0,1.0,0.0,1.583
3ra751__3m3sd5,3ra751,3m3sd5,True,,3,2,0,1.0,0.0,1.0,0.0,1.583
71sahy__1nl67q,71sahy,1nl67q,True,,4,6,0,1.0,0.0,1.0,0.0,1.583
64la9r__8l4j56,64la9r,8l4j56,True,,2,4,0,1.0,0.0,1.0,0.0,1.583
9ogv6m__87004i,9ogv6m,87004i,True,,13,3,0,1.0,0.0,1.0,0.0,1.583
2dy9cq__40khu9,2dy9cq,40khu9,True,,4,1,0,1.0,0.0,1.0,0.0,1.583
2bkghf__7difvk,2bkghf,7difvk,True,,5,1,0,1.0,0.0,1.0,0.0,1.583
5dhie1__34wb3g,5dhie1,34wb3g,True,,5,8,1,0.8461538461538461,0.15384615384615385,0.39946893602609634,0.6005310639739037,2.174928268337536
2pjhck__3sirie,2pjhck,3sirie,True,,4,6,3,0.3076923076923077,0.6923076923076923,0.4807217704728828,0.5192782295271172,2.207869323170759
33z83p__4gzg7v,33z83p,4gzg7v,True,,4,1,0,1.0,0.0,1.0,0.0,1.583
6z00mf__8k9b41,6z00mf,8k9b41,True,,1,8,1,0.6,0.4,0.45968063827604055,0.5403193617239594,2.1684442519140057
2zqxyb__9r4kgf,2zqxyb,9r4kgf,True,,2,9,2,0.42857142857142855,0.5714285714285714,0.4410969238573064,0.5589030761426936,2.2204452970953756
92k6hn__28ja4x,92k6hn,28ja4x,True,,5,2,2,0.5,0.5,0.40445180237293243,0.5955481976270676,2.2402324617639184
4orxkw__9ymzf1,4orxkw,9ymzf1,True,,1,5,0,1.0,0.0,1.0,0.0,1.583
2tslg1__3s3cm2,2tslg1,3s3cm2,True,,1,3,0,1.0,0.0,1.0,0.0,1.583
xr6oh__7difvk,xr6oh,7difvk,True,,5,1,1,0.6666666666666666,0.33333333333333337,0.26239749789237976,0.7376025021076202,2.339213643384973
30bt96__4k5m3d,30bt96,4k5m3d,True,,3,1,0,1.0,0.0,1.0,0.0,1.583
5yh38i__57uc94,5yh38i,57uc94,True,,6,3,2,0.5,0.5,0.30935097485780716,0.6906490251421928,2.3290471245802937
4u8v3k__6j43ts,4u8v3k,6j43ts,True,,1,2,0,1.0,0.0,1.0,0.0,1.583
2g30v8__2e20ib,2g30v8,2e20ib,True,,4,4,0,1.0,0.0,1.0,0.0,1.583
3w3rbr__5i4z9r,3w3rbr,5i4z9r,True,,3,1,0,1.0,0.0,1.0,0.0,1.583
9fmvva__8dyvn4,9fmvva,8dyvn4,True,,6,1,0,1.0,0.0,1.0,0.0,1.583
4u6o1r__99k88q,4u6o1r,99k88q,True,,4,3,0,1.0,0.0,1.0,0.0,1.583
8mh5rt__7flgqi,8mh5rt,7flgqi,True,,3,2,1,0.6,0.4,0.36251281201839447,0.6374871879816055,2.2591892848560216
8k5clm__3ggjon,8k5clm,3ggjon,True,,1,1,0,1.0,0.0,1.0,0.0,1.583
2h98mx__71nk23,2h98mx,71nk23,True,,2,3,1,0.6,0.4,0.2563629001379013,0.7436370998620987,2.358322687561214
2ayrka__4ac3t6,2ayrka,4ac3t6,True,,1,5,0,1.0,0.0,1.0,0.0,1.583
5q6kzo__6ctlra,5q6kzo,6ctlra,True,,7,3,1,0.8,0.19999999999999996,0.36469176411628723,0.6353082358837128,2.216734361491799
5u512v__2kbhyx,5u512v,2kbhyx,True,,5,4,1,0.7777777777777778,0.2222222222222222,0.38830655068159103,0.611693449318409,2.199171623429573
8rpt8p__49v2vz,8rpt8p,49v2vz,True,,2,1,0,1.0,0.0,1.0,0.0,1.583
3sgvdp__97aht3,3sgvdp,97aht3,True,,1,1,0,1.0,0.0,1.0,0.0,1.583
4v6nmi__3psmzd,4v6nmi,3psmzd,True,,5,8,0,1.0,0.0,1.0,0.0,1.583
6x9ns4__5u537g,6x9ns4,5u537g,True,,2,3,0,1.0,0.0,1.0,0.0,1.583
2w1sk7__3vgu2b,2w1sk7,3vgu2b,True,,4,3,0,1.0,0.0,1.0,0.0,1.583
2jmhtf__9jwt84,2jmhtf,9jwt84,True,,1,6,0,1.0,0.0,1.0,0.0,1.583
3mvzcg__8zpq1u,3mvzcg,8zpq1u,True,,4,5,0,1.0,0.0,1.0,0.0,1.583
3rkyfy__3j3l55,3rkyfy,3j3l55,True,,5,4,0,1.0,0.0,1.0,0.0,1.583
3x1gp5__5lcpsf,3x1gp5,5lcpsf,True,,2,10,0,1.0,0.0,1.0,0.0,1.583
3o0kdy__3qzd4f,3o0kdy,3qzd4f,True,,1,2,0,1.0,0.0,1.0,0.0,1.583
124qhq__6p8r49,124qhq,6p8r49,True,,3,2,0,1.0,0.0,1.0,0.0,1.583
3pm9a8__8c6xlu,3pm9a8,8c6xlu,True,,3,1,0,1.0,0.0,1.0,0.0,1.583
2to8td__2jr8mu,2to8td,2jr8mu,True,,5,3,3,0.2727272727272727,0.7272727272727273,0.2763569851716359,0.7236430148283641,2.4057920297300273
8g73gr__3vkzok,8g73gr,3vkzok,True,,5,7,0,1.0,0.0,1.0,0.0,1.583
4wqdiy__5ehdls,4wqdiy,5ehdls,True,,3,2,0,1.0,0.0,1.0,0.0,1.583
8ab942__3r7jlv,8ab942,3r7jlv,True,,2,5,0,1.0,0.0,1.0,0.0,1.583
51a1yy__73utf9,51a1yy,73utf9,True,,3,1,0,1.0,0.0,1.0,0.0,1.583
9lvg4z__9sxvau,9lvg4z,9sxvau,True,,5,5,1,0.8,0.19999999999999996,0.29017186164855957,0.7098281383514404,2.28632849840641
5zhs6s__3cxfnl,5zhs6s,3cxfnl,True,,7,3,0,1.0,0.0,1.0,0.0,1.583
715pz7__92ynxh,715pz7,92ynxh,True,,6,5,0,1.0,0.0,1.0,0.0,1.583
1v9gia__9npt9o,1v9gia,9npt9o,True,,3,3,3,0.0,1.0,0.4092237589259942,0.5907762410740058,2.336825931539014
3avuxp__66hstu,3avuxp,66hstu,True,,8,1,0,1.0,0.0,1.0,0.0,1.583
1uqutz__5xe1wq,1uqutz,5xe1wq,True,,4,3,1,0.7142857142857143,0.2857142857142857,0.4066357687115669,0.5933642312884331,2.1948857127431247
3hx1wg__8upjbh,3hx1wg,8upjbh,True,,3,3,0,1.0,0.0,1.0,0.0,1.583
8nvwqe__2wxk3l,8nvwqe,2wxk3l,True,,7,6,2,0.5,0.5,0.4115298151349028,0.5884701848650973,2.2336223056455142
3q8tsi__706cn2,3q8tsi,706cn2,True,,2,4,2,0.2857142857142857,0.7142857142857143,0.3388647250831127,0.6611352749168873,2.344791376102024
3b8eha__39voem,3b8eha,39voem,True,,5,2,0,1.0,0.0,1.0,0.0,1.583
2zam05__78tuuw,2zam05,78tuuw,True,,3,5,1,0.75,0.25,0.3433080464601517,0.6566919535398483,2.2468096154108643
8dcey9__2p60sv,8dcey9,2p60sv,True,,5,8,0,1.0,0.0,1.0,0.0,1.583
29002o__4uvqyn,29002o,4uvqyn,True,,3,9,0,1.0,0.0,1.0,0.0,1.583
3clnwp__9pslpc,3clnwp,9pslpc,True,,1,3,0,1.0,0.0,1.0,0.0,1.583
4yubfw__3dz210,4yubfw,3dz210,True,,10,6,0,1.0,0.0,1.0,0.0,1.583
2swqw9__3u4uru,2swqw9,3u4uru,True,,9,1,1,0.8,0.19999999999999996,0.34322820603847504,0.656771793961525,2.236779178380668
8ae608__9e1rq2,8ae608,9e1rq2,True,,4,4,1,0.75,0.25,0.3827635794878006,0.6172364205121994,2.209962093116343
1b5uid__2hhaep,1b5uid,2hhaep,True,,5,7,3,0.12121212121212122,0.8787878787878788,0.43502132567976204,0.564978674320238,2.2882366142507005
2bexzx__8vfzyg,2bexzx,8vfzyg,True,,1,6,0,1.0,0.0,1.0,0.0,1.583
3das1s__5rdlzq,3das1s,5rdlzq,True,,4,6,2,0.6363636363636364,0.36363636363636365,0.40045849420130253,0.5995415057986975,2.2164027213563124
6muf7q__78mc4g,6muf7q,78mc4g,True,,3,5,0,1.0,0.0,1.0,0.0,1.583
77keyf__8mswn4,77keyf,8mswn4,True,,2,2,0,1.0,0.0,1.0,0.0,1.583
33m5k3__8wfmcz,33m5k3,8wfmcz,True,,1,3,0,1.0,0.0,1.0,0.0,1.583
3hi00e__6jamp2,3hi00e,6jamp2,True,,3,2,1,0.6,0.4,0.3492242991924286,0.6507757008075714,2.271599426984191
31s194__3518j0,31s194,3518j0,True,,8,3,0,1.0,0.0,1.0,0.0,1.583
wdfbu__8142k0,wdfbu,8142k0,True,,3,8,0,1.0,0.0,1.0,0.0,1.583
2ig13f__9kctc9,2ig13f,9kctc9,True,,4,4,1,0.75,0.25,0.44355130568146706,0.5564486943185329,2.153192435624078
3mp939__8ldzi6,3mp939,8ldzi6,True,,1,4,0,1.0,0.0,1.0,0.0,1.583
39ixii__2saoe0,39ixii,2saoe0,True,,3,8,0,1.0,0.0,1.0,0.0,1.583
5na9io__1r1i28,5na9io,1r1i28,True,,8,9,0,1.0,0.0,1.0,0.0,1.583
6d67op__78ccao,6d67op,78ccao,True,,3,3,0,1.0,0.0,1.0,0.0,1.583
2vch6j__1lhpsu,2vch6j,1lhpsu,True,,6,3,0,1.0,0.0,1.0,0.0,1.583
1ansm3__3v5jsh,1ansm3,3v5jsh,True,,2,2,0,1.0,0.0,1.0,0.0,1.583
2uqt34__2b8jc3,2uqt34,2b8jc3,True,,13,5,3,0.3835616438356164,0.6164383561643836,0.4033680781722069,0.5966319218277931,2.2647767435757977
6zxr6m__3woija,6zxr6m,3woija,True,,4,2,0,1.0,0.0,1.0,0.0,1.583
3pnxh3__7h7pwm,3pnxh3,7h7pwm,True,,4,3,0,1.0,0.0,1.0,0.0,1.583
8i0vh4__2u4ee3,8i0vh4,2u4ee3,True,,1,1,0,1.0,0.0,1.0,0.0,1.583
2j2h54__8b3wnv,2j2h54,8b3wnv,True,,1,2,0,1.0,0.0,1.0,0.0,1.583
5o1j6e__76u4lw,5o1j6e,76u4lw,True,,4,6,0,1.0,0.0,1.0,0.0,1.583
4hday2__570lc2,4hday2,570lc2,True,,2,6,0,1.0,0.0,1.0,0.0,1.583
2ut4i7__9b9umy,2ut4i7,9b9umy,True,,2,2,2,0.0,1.0,0.29874251782894135,0.7012574821710587,2.4400043625995513
8h4jg3__8ygqm3,8h4jg3,8ygqm3,True,,8,6,0,1.0,0.0,1.0,0.0,1.583
9jhuja__7bj1hq,9jhuja,7bj1hq,True,,4,6,0,1.0,0.0,1.0,0.0,1.583
4lgfdg__2z2kug,4lgfdg,2z2kug,True,,5,5,2,0.5454545454545454,0.4545454545454546,0.3542785942554474,0.6457214057445526,2.277902857188474
79sby3__8840tl,79sby3,8840tl,True,,4,8,0,1.0,0.0,1.0,0.0,1.583
93p4tc__2hizsa,93p4tc,2hizsa,True,,2,5,0,1.0,0.0,1.0,0.0,1.583
6y69hj__5z21yv,6y69hj,5z21yv,True,,5,4,0,1.0,0.0,1.0,0.0,1.583
36tj0j__43mic2,36tj0j,43mic2,True,,2,2,0,1.0,0.0,1.0,0.0,1.583
1bkqpc__2wqo3y,1bkqpc,2wqo3y,True,,7,3,0,1.0,0.0,1.0,0.0,1.583
9jffe8__6ffa6i,9jffe8,6ffa6i,True,,11,2,0,1.0,0.0,1.0,0.0,1.583
2btlg9__30k79b,2btlg9,30k79b,True,,2,3,0,1.0,0.0,1.0,0.0,1.583
9ozfmd__g4fmf,9ozfmd,g4fmf,True,,1,9,0,1.0,0.0,1.0,0.0,1.583
90pnie__9j5pt1,90pnie,9j5pt1,True,,5,4,0,1.0,0.0,1.0,0.0,1.583
8j5a3t__2htrl1,8j5a3t,2htrl1,True,,2,10,0,1.0,0.0,1.0,0.0,1.583
35n3tp__h28qh,35n3tp,h28qh,True,,1,3,0,1.0,0.0,1.0,0.0,1.583
9cxz63__2psv7j,9cxz63,2psv7j,True,,7,1,0,1.0,0.0,1.0,0.0,1.583
20qxus__4zxnf9,20qxus,4zxnf9,True,,5,3,0,1.0,0.0,1.0,0.0,1.583
3ajqxn__20cscu,3ajqxn,20cscu,True,,4,1,0,1.0,0.0,1.0,0.0,1.583
5eu1vq__7o3ali,5eu1vq,7o3ali,True,,7,7,1,0.8571428571428571,0.1428571428571429,0.5336498208343983,0.46635017916560173,2.0473958608941842
20c8ma__2pv7k0,20c8ma,2pv7k0,True,,4,4,1,0.75,0.25,0.38648027181625366,0.6135197281837463,2.206491074150801
2b0vzk__2ghkpy,2b0vzk,2ghkpy,True,,3,7,0,1.0,0.0,1.0,0.0,1.583
4jtzoj__90twwz,4jtzoj,90twwz,True,,7,3,0,1.0,0.0,1.0,0.0,1.583
3w07bi__78njqs,3w07bi,78njqs,True,,5,2,0,1.0,0.0,1.0,0.0,1.583
9d101j__3go4dv,9d101j,3go4dv,True,,5,4,4,0.0,1.0,0.39111524671316145,0.6088847532868386,2.353737471094578
9wrrek__6a0n8r,9wrrek,6a0n8r,True,,4,6,0,1.0,0.0,1.0,0.0,1.583
9jtqih__8as9tq,9jtqih,8as9tq,True,,5,4,0,1.0,0.0,1.0,0.0,1.583
9x5gar__2v9w6p,9x5gar,2v9w6p,True,,1,2,1,0.0,1.0,0.3933698534965515,0.6066301465034485,2.3516318938195706
15c4x2__8yhzqe,15c4x2,8yhzqe,True,,3,8,0,1.0,0.0,1.0,0.0,1.583
8lcw67__7elzya,8lcw67,7elzya,True,,7,2,0,1.0,0.0,1.0,0.0,1.583
9g4ga0__7coprn,9g4ga0,7coprn,True,,11,1,0,1.0,0.0,1.0,0.0,1.583
2xj10u__6ctlra,2xj10u,6ctlra,True,,2,3,0,1.0,0.0,1.0,0.0,1.583
2ubuni__3fh458,2ubuni,3fh458,True,,2,4,0,1.0,0.0,1.0,0.0,1.583
5fhgl8__9dagj7,5fhgl8,9dagj7,True,,5,1,0,1.0,0.0,1.0,0.0,1.583
4whk5s__7bmle4,4whk5s,7bmle4,True,,1,7,0,1.0,0.0,1.0,0.0,1.583
5ie392__9mjmu0,5ie392,9mjmu0,True,,1,3,0,1.0,0.0,1.0,0.0,1.583
896u9w__3bg3zt,896u9w,3bg3zt,True,,5,1,0,1.0,0.0,1.0,0.0,1.583
9crlw4__500y3s,9crlw4,500y3s,True,,4,3,0,1.0,0.0,1.0,0.0,1.583
3dsopy__4eqpx3,3dsopy,4eqpx3,True,,4,2,0,1.0,0.0,1.0,0.0,1.583
1m3fm7__9rj4y8,1m3fm7,9rj4y8,True,,1,4,0,1.0,0.0,1.0,0.0,1.583
57up9v__3w07bi,57up9v,3w07bi,True,,4,5,0,1.0,0.0,1.0,0.0,1.583
36cbov__1xv30v,36cbov,1xv30v,True,,8,4,4,0.2777777777777778,0.7222222222222222,0.3219940159469843,0.6780059840530157,2.3621508996182223
9lh1s4__9awe7a,9lh1s4,9awe7a,True,,1,6,0,1.0,0.0,1.0,0.0,1.583
36b50q__3mfwd3,36b50q,3mfwd3,True,,2,5,0,1.0,0.0,1.0,0.0,1.583
3plty3__9v4rto,3plty3,9v4rto,True,,1,5,0,1.0,0.0,1.0,0.0,1.583
536777__8em8r4,536777,8em8r4,True,,1,4,0,1.0,0.0,1.0,0.0,1.583
3ly7k9__9d2shx,3ly7k9,9d2shx,True,,1,3,0,1.0,0.0,1.0,0.0,1.583
794sud__31u11l,794sud,31u11l,True,,1,3,0,1.0,0.0,1.0,0.0,1.583
2rbnzi__32vdpi,2rbnzi,32vdpi,True,,9,4,2,0.6428571428571429,0.3571428571428571,0.37079063802957535,0.6292093619704247,2.242797194572751
31e6tb__76u4lw,31e6tb,76u4lw,True,,2,6,0,1.0,0.0,1.0,0.0,1.583
63g438__2w8dg6,63g438,2w8dg6,True,,2,2,0,1.0,0.0,1.0,0.0,1.583
32vdpi__385zfd,32vdpi,385zfd,True,,4,2,0,1.0,0.0,1.0,0.0,1.583
89w1mi__2ypc3j,89w1mi,2ypc3j,True,,1,3,0,1.0,0.0,1.0,0.0,1.583
292658__3ipv73,292658,3ipv73,True,,3,2,0,1.0,0.0,1.0,0.0,1.583
32mrqs__25rt18,32mrqs,25rt18,True,,6,1,0,1.0,0.0,1.0,0.0,1.583
49mc6t__8fo30g,49mc6t,8fo30g,True,,8,1,0,1.0,0.0,1.0,0.0,1.583
3h3n8c__6jlifb,3h3n8c,6jlifb,True,,1,3,0,1.0,0.0,1.0,0.0,1.583
3u8kl4__71g451,3u8kl4,71g451,True,,2,3,0,1.0,0.0,1.0,0.0,1.583
3nqef1__1h6vp2,3nqef1,1h6vp2,True,,1,1,0,1.0,0.0,1.0,0.0,1.583
4s51kv__9tg4wc,4s51kv,9tg4wc,True,,7,6,4,0.47368421052631576,0.5263157894736843,0.37915531639009714,0.6208446836099029,2.2691752710759197
3q92fz__1gkfeu,3q92fz,1gkfeu,True,,4,1,0,1.0,0.0,1.0,0.0,1.583
16ycii__37hl2c,16ycii,37hl2c,True,,3,3,0,1.0,0.0,1.0,0.0,1.583
6wuy20__6hp5pe,6wuy20,6hp5pe,True,,1,5,0,1.0,0.0,1.0,0.0,1.583
2byq9o__3nvvro,2byq9o,3nvvro,True,,1,5,0,1.0,0.0,1.0,0.0,1.583
58waff__3s5jsu,58waff,3s5jsu,True,,6,3,0,1.0,0.0,1.0,0.0,1.583
4kqgzu__2rgj9e,4kqgzu,2rgj9e,True,,1,1,1,0.0,1.0,0.2157326638698578,0.7842673361301422,2.51752726521194
3ky3tw__rufen,3ky3tw,rufen,True,,4,6,0,1.0,0.0,1.0,0.0,1.583
37dmax__3s8meu,37dmax,3s8meu,True,,3,2,0,1.0,0.0,1.0,0.0,1.583
6it3bu__9wkuyj,6it3bu,9wkuyj,True,,11,3,0,1.0,0.0,1.0,0.0,1.583
6tah0m__8cwbxs,6tah0m,8cwbxs,True,,1,1,0,1.0,0.0,1.0,0.0,1.583
9l65gv__31vqdb,9l65gv,31vqdb,True,,2,3,0,1.0,0.0,1.0,0.0,1.583
87ymxa__6s08pr,87ymxa,6s08pr,True,,2,1,0,1.0,0.0,1.0,0.0,1.583
8hf28l__1j5epy,8hf28l,1j5epy,True,,3,2,0,1.0,0.0,1.0,0.0,1.583
3h285s__3v7y8s,3h285s,3v7y8s,True,,1,1,0,1.0,0.0,1.0,0.0,1.583
2cbxkh__2ryogr,2cbxkh,2ryogr,True,,1,4,0,1.0,0.0,1.0,0.0,1.583
34cz8b__4guiyj,34cz8b,4guiyj,True,,6,5,3,0.42857142857142855,0.5714285714285714,0.3799583812554677,0.6200416187445323,2.277542582031233
30blmx__5vlqjl,30blmx,5vlqjl,True,,8,4,0,1.0,0.0,1.0,0.0,1.583
38z9gl__7fzs9s,38z9gl,7fzs9s,True,,4,7,1,0.8181818181818182,0.18181818181818177,0.337474524974823,0.662525475025177,2.2384779956714675
3a8bv6__33gdnb,3a8bv6,33gdnb,True,,3,1,0,1.0,0.0,1.0,0.0,1.583
2vch6j__1uf1ai,2vch6j,1uf1ai,True,,6,6,0,1.0,0.0,1.0,0.0,1.583
28n4wl__87l9et,28n4wl,87l9et,True,,3,4,0,1.0,0.0,1.0,0.0,1.583
3c256f__79cov7,3c256f,79cov7,True,,5,2,0,1.0,0.0,1.0,0.0,1.583
2oprmn__8548g1,2oprmn,8548g1,True,,7,4,0,1.0,0.0,1.0,0.0,1.583
3e4dmn__77cwb1,3e4dmn,77cwb1,True,,2,3,0,1.0,0.0,1.0,0.0,1.583
638zpo__2nke19,638zpo,2nke19,True,,2,7,0,1.0,0.0,1.0,0.0,1.583
3pyt34__31c5h4,3pyt34,31c5h4,True,,2,6,0,1.0,0.0,1.0,0.0,1.583
34y2h8__5lxcfj,34y2h8,5lxcfj,True,,9,3,0,1.0,0.0,1.0,0.0,1.583
9kaxbv__9cu3k9,9kaxbv,9cu3k9,True,,2,3,0,1.0,0.0,1.0,0.0,1.583
9kaxbv__6htdd2,9kaxbv,6htdd2,True,,2,2,0,1.0,0.0,1.0,0.0,1.583
3mvzcg__83noxr,3mvzcg,83noxr,True,,4,4,0,1.0,0.0,1.0,0.0,1.583
8xc4rm__9qrlao,8xc4rm,9qrlao,True,,2,2,0,1.0,0.0,1.0,0.0,1.583
4bn3dz__9dagj7,4bn3dz,9dagj7,True,,5,1,0,1.0,0.0,1.0,0.0,1.583
86zpu7__38w7ii,86zpu7,38w7ii,True,,2,3,0,1.0,0.0,1.0,0.0,1.583
35ms5u__9qybu9,35ms5u,9qybu9,True,,7,2,0,1.0,0.0,1.0,0.0,1.583
2rcfjo__21s1im,2rcfjo,21s1im,True,,2,9,0,1.0,0.0,1.0,0.0,1.583
976pmi__9kwlpc,976pmi,9kwlpc,True,,8,5,0,1.0,0.0,1.0,0.0,1.583
9iuwlc__2hs54r,9iuwlc,2hs54r,True,,3,4,0,1.0,0.0,1.0,0.0,1.583
495ku7__3gkuu0,495ku7,3gkuu0,True,,3,3,0,1.0,0.0,1.0,0.0,1.583
865wai__7271et,865wai,7271et,True,,1,1,0,1.0,0.0,1.0,0.0,1.583
2trbm7__6w1z90,2trbm7,6w1z90,True,,1,1,0,1.0,0.0,1.0,0.0,1.583
2gt1c3__32mn7a,2gt1c3,32mn7a,True,,7,1,0,1.0,0.0,1.0,0.0,1.583
3eup96__45hvf7,3eup96,45hvf7,True,,3,2,0,1.0,0.0,1.0,0.0,1.583
1ecv49__760xab,1ecv49,760xab,True,,5,3,0,1.0,0.0,1.0,0.0,1.583
8ci6nk__9xuf51,8ci6nk,9xuf51,True,,2,13,0,1.0,0.0,1.0,0.0,1.583
95g23j__4gmbc9,95g23j,4gmbc9,True,,7,1,0,1.0,0.0,1.0,0.0,1.583
379zuj__3dcd54,379zuj,3dcd54,True,,2,3,0,1.0,0.0,1.0,0.0,1.583
1gx8uy__24m5oq,1gx8uy,24m5oq,True,,4,1,0,1.0,0.0,1.0,0.0,1.583
9xs5oj__i1m9x,9xs5oj,i1m9x,True,,10,5,0,1.0,0.0,1.0,0.0,1.583
3pahjx__9k4tt0,3pahjx,9k4tt0,True,,1,3,0,1.0,0.0,1.0,0.0,1.583
3abz8w__20gmca,3abz8w,20gmca,True,,1,2,0,1.0,0.0,1.0,0.0,1.583
4ba0rh__3kublv,4ba0rh,3kublv,True,,3,5,0,1.0,0.0,1.0,0.0,1.583
9r3k87__5nk99r,9r3k87,5nk99r,True,,3,3,0,1.0,0.0,1.0,0.0,1.583
8ftuku__4wxi3a,8ftuku,4wxi3a,True,,2,6,2,0.4444444444444444,0.5555555555555556,0.28824881464242935,0.7117511853575706,2.3599822097832126
200drh__5lhcvq,200drh,5lhcvq,True,,10,4,2,0.32,0.6799999999999999,0.34753647612200844,0.6524635238779916,2.3297636849496564
2tlxmo__6wpmy8,2tlxmo,6wpmy8,True,,5,2,0,1.0,0.0,1.0,0.0,1.583
2g68ql__4ccago,2g68ql,4ccago,True,,8,5,0,1.0,0.0,1.0,0.0,1.583
38v2xu__79l5xe,38v2xu,79l5xe,True,,3,3,0,1.0,0.0,1.0,0.0,1.583
33b3mr__93oa5b,33b3mr,93oa5b,True,,3,4,0,1.0,0.0,1.0,0.0,1.583
5vgubu__747v5i,5vgubu,747v5i,True,,5,3,0,1.0,0.0,1.0,0.0,1.583
4xr0w5__6w3im3,4xr0w5,6w3im3,True,,3,1,0,1.0,0.0,1.0,0.0,1.583
9ous8p__365p4c,9ous8p,365p4c,True,,6,11,0,1.0,0.0,1.0,0.0,1.583
4cdizx__8ojnq3,4cdizx,8ojnq3,True,,6,7,0,1.0,0.0,1.0,0.0,1.583
3pl4p0__9brka1,3pl4p0,9brka1,True,,2,3,0,1.0,0.0,1.0,0.0,1.583
2cinw4__2duvr1,2cinw4,2duvr1,True,,6,2,0,1.0,0.0,1.0,0.0,1.583
5gwb56__5rvz7k,5gwb56,5rvz7k,True,,3,4,0,1.0,0.0,1.0,0.0,1.583
1fcdbd__2hl343,1fcdbd,2hl343,True,,1,8,1,0.4166666666666667,0.5833333333333333,0.3670935233434041,0.6329064766565959,2.2919630252162615
9oaetw__uubw2,9oaetw,uubw2,True,,4,1,0,1.0,0.0,1.0,0.0,1.583
6zs037__5upgp2,6zs037,5upgp2,True,,3,1,0,1.0,0.0,1.0,0.0,1.583
9wwyvt__3pu2aq,9wwyvt,3pu2aq,True,,2,1,0,1.0,0.0,1.0,0.0,1.583
3dsopk__2i2zqt,3dsopk,2i2zqt,True,,2,2,0,1.0,0.0,1.0,0.0,1.583
9b96y0__61z7bj,9b96y0,61z7bj,True,,5,3,0,1.0,0.0,1.0,0.0,1.583
o986g__8erjh5,o986g,8erjh5,True,,2,4,0,1.0,0.0,1.0,0.0,1.583
8d6l7x__1p5yq7,8d6l7x,1p5yq7,True,,3,4,0,1.0,0.0,1.0,0.0,1.583
62gk1x__2ikv6l,62gk1x,2ikv6l,True,,3,4,0,1.0,0.0,1.0,0.0,1.583
1af9ub__1bdiq3,1af9ub,1bdiq3,True,,2,2,0,1.0,0.0,1.0,0.0,1.583
6n5fmz__9br7ty,6n5fmz,9br7ty,True,,5,3,0,1.0,0.0,1.0,0.0,1.583
8dl6rp__1w0b2h,8dl6rp,1w0b2h,True,,6,7,0,1.0,0.0,1.0,0.0,1.583
2d4tut__8b6eyh,2d4tut,8b6eyh,True,,2,1,1,0.0,1.0,0.4260270856320858,0.5739729143679142,2.321133304728195
2x35k5__1v0y5v,2x35k5,1v0y5v,True,,3,4,2,0.375,0.625,0.40431706234812737,0.5956829376518726,2.265620795473084
57vaow__72ay9s,57vaow,72ay9s,True,,2,10,0,1.0,0.0,1.0,0.0,1.583
7c346z__3phcet,7c346z,3phcet,True,,11,1,0,1.0,0.0,1.0,0.0,1.583
3bpim9__9jwt84,3bpim9,9jwt84,True,,3,6,0,1.0,0.0,1.0,0.0,1.583
3w3rbr__7h1w14,3w3rbr,7h1w14,True,,3,3,1,0.6666666666666666,0.33333333333333337,0.4001168832182884,0.5998831167817116,2.210597509429107
1ecv49__1x2xj2,1ecv49,1x2xj2,True,,5,1,0,1.0,0.0,1.0,0.0,1.583
5j9uer__1lwkbl,5j9uer,1lwkbl,True,,7,1,0,1.0,0.0,1.0,0.0,1.583
37xjqx__6a213h,37xjqx,6a213h,True,,3,2,0,1.0,0.0,1.0,0.0,1.583
6fc9dp__27cyks,6fc9dp,27cyks,True,,6,3,0,1.0,0.0,1.0,0.0,1.583
5kajmy__615crz,5kajmy,615crz,True,,6,2,0,1.0,0.0,1.0,0.0,1.583
3810c6__6rtgfq,3810c6,6rtgfq,True,,1,5,0,1.0,0.0,1.0,0.0,1.583
8iu83c__4e2kvl,8iu83c,4e2kvl,True,,2,1,0,1.0,0.0,1.0,0.0,1.583
8golrs__9ren28,8golrs,9ren28,True,,11,3,0,1.0,0.0,1.0,0.0,1.583
39jf37__suscr,39jf37,suscr,True,,2,3,0,1.0,0.0,1.0,0.0,1.583
3q8tsi__59udek,3q8tsi,59udek,True,,2,5,0,1.0,0.0,1.0,0.0,1.583
2gbp90__183lul,2gbp90,183lul,True,,5,7,0,1.0,0.0,1.0,0.0,1.583
2asb26__3h62z2,2asb26,3h62z2,True,,7,4,0,1.0,0.0,1.0,0.0,1.583
730mf1__4arnh2,730mf1,4arnh2,True,,6,1,1,0.3,0.7,0.27916419009367627,0.7208358099063237,2.3976585628715155
385lqm__3mal0u,385lqm,3mal0u,True,,5,2,2,0.375,0.625,0.4286837726831436,0.5713162273168564,2.242864724691212
9rfrbq__14jq74,9rfrbq,14jq74,True,,2,6,0,1.0,0.0,1.0,0.0,1.583
1r60ft__26eo14,1r60ft,26eo14,True,,4,4,0,1.0,0.0,1.0,0.0,1.583
2n6gwl__40e23u,2n6gwl,40e23u,True,,3,3,0,1.0,0.0,1.0,0.0,1.583
2zaimz__5rvz7k,2zaimz,5rvz7k,True,,3,4,0,1.0,0.0,1.0,0.0,1.583
74z50v__3syc3g,74z50v,3syc3g,True,,1,1,1,0.0,1.0,0.49517735186964273,0.5048226481303573,2.2565538710889403
9wp0y3__8slom4,9wp0y3,8slom4,True,,3,1,0,1.0,0.0,1.0,0.0,1.583
38g8k8__3sqpzh,38g8k8,3sqpzh,True,,3,6,0,1.0,0.0,1.0,0.0,1.583
3ppt2o__8pa4c6,3ppt2o,8pa4c6,True,,2,4,1,0.2222222222222222,0.7777777777777778,0.44234556953112286,0.5576544304688771,2.260982361503773
3ktndz__9j7m7t,3ktndz,9j7m7t,True,,2,3,0,1.0,0.0,1.0,0.0,1.583
2rb1fh__2wce6b,2rb1fh,2wce6b,True,,2,1,0,1.0,0.0,1.0,0.0,1.583
30lhw2__5ce26x,30lhw2,5ce26x,True,,1,4,0,1.0,0.0,1.0,0.0,1.583
16ycii__22vrzb,16ycii,22vrzb,True,,3,5,2,0.4444444444444444,0.5555555555555556,0.3268028646707535,0.6731971353292465,2.323976582461761
2tzqtx__9wlupg,2tzqtx,9wlupg,True,,1,8,0,1.0,0.0,1.0,0.0,1.583
13hy58__1pfusv,13hy58,1pfusv,True,,4,11,0,1.0,0.0,1.0,0.0,1.583
8sf1ur__30otlb,8sf1ur,30otlb,True,,5,4,0,1.0,0.0,1.0,0.0,1.583
8hiv1s__6yajjk,8hiv1s,6yajjk,True,,7,10,0,1.0,0.0,1.0,0.0,1.583
52ln52__8kwa8b,52ln52,8kwa8b,True,,6,3,0,1.0,0.0,1.0,0.0,1.583
2axof5__3k4gc2,2axof5,3k4gc2,True,,3,3,0,1.0,0.0,1.0,0.0,1.583
5u2205__8fcfgf,5u2205,8fcfgf,True,,6,4,4,0.5,0.5,0.33263130486011505,0.667368695139885,2.3073056243911387
3gjphc__90jzjb,3gjphc,90jzjb,True,,2,4,0,1.0,0.0,1.0,0.0,1.583
8wzf5p__3vj3e4,8wzf5p,3vj3e4,True,,6,1,0,1.0,0.0,1.0,0.0,1.583
3cizze__2xu5hi,3cizze,2xu5hi,True,,5,1,0,1.0,0.0,1.0,0.0,1.583
2mag03__2mevbz,2mag03,2mevbz,True,,4,1,0,1.0,0.0,1.0,0.0,1.583
91ch3w__54n5nz,91ch3w,54n5nz,True,,6,3,1,0.7777777777777778,0.2222222222222222,0.3270929753780365,0.6729070246219635,2.2563389814055625
2yiwaa__7ek38q,2yiwaa,7ek38q,True,,2,2,1,0.5,0.5,0.4256405308842659,0.5743594691157341,2.220444308207184
705xd7__928esj,705xd7,928esj,True,,5,3,0,1.0,0.0,1.0,0.0,1.583
8acjdb__3pzt46,8acjdb,3pzt46,True,,4,2,0,1.0,0.0,1.0,0.0,1.583
8hvkvx__35rujp,8hvkvx,35rujp,True,,1,5,0,1.0,0.0,1.0,0.0,1.583
2dy9cq__8w8rpi,2dy9cq,8w8rpi,True,,4,4,0,1.0,0.0,1.0,0.0,1.583
5drgj9__5enfpf,5drgj9,5enfpf,True,,2,5,2,0.375,0.625,0.4475092510692775,0.5524907489307225,2.2252836104264015
3bnwpu__4674t5,3bnwpu,4674t5,True,,1,3,1,0.5,0.5,0.3103283792734146,0.6896716207265854,2.328134326596558
2g5tn1__1scbv6,2g5tn1,1scbv6,True,,3,6,1,0.7777777777777778,0.2222222222222222,0.25701911747455597,0.742980882525444,2.3217809573016233
3hi695__2wqo3y,3hi695,2wqo3y,True,,9,3,0,1.0,0.0,1.0,0.0,1.583
3mao95__93p9k7,3mao95,93p9k7,True,,4,7,0,1.0,0.0,1.0,0.0,1.583
39qc6t__8w7c0e,39qc6t,8w7c0e,True,,7,5,0,1.0,0.0,1.0,0.0,1.583
5hvr6z__y4fus,5hvr6z,y4fus,True,,14,5,0,1.0,0.0,1.0,0.0,1.583
8g4jdm__3hlvs2,8g4jdm,3hlvs2,True,,8,1,0,1.0,0.0,1.0,0.0,1.583
3jq7p4__5fmmpb,3jq7p4,5fmmpb,True,,3,3,0,1.0,0.0,1.0,0.0,1.583
9waq4r__8xqwff,9waq4r,8xqwff,True,,2,2,0,1.0,0.0,1.0,0.0,1.583
4ipjne__8yhzqe,4ipjne,8yhzqe,True,,3,8,0,1.0,0.0,1.0,0.0,1.583
6gjp9c__5zkr3b,6gjp9c,5zkr3b,True,,5,3,0,1.0,0.0,1.0,0.0,1.583
2l1o25__7304iz,2l1o25,7304iz,True,,3,3,1,0.6666666666666666,0.33333333333333337,0.396285705268383,0.603714294731617,2.2141754465165238
307bvy__7g76r1,307bvy,7g76r1,True,,3,4,0,1.0,0.0,1.0,0.0,1.583
2h3jai__9gbccl,2h3jai,9gbccl,True,,8,8,3,0.631578947368421,0.368421052631579,0.4054679647088051,0.5945320352911949,2.2126913624952893
9rfrbq__4y0t6c,9rfrbq,4y0t6c,True,,2,5,0,1.0,0.0,1.0,0.0,1.583
99tgpy__768x1w,99tgpy,768x1w,True,,5,1,0,1.0,0.0,1.0,0.0,1.583
4z0h8y__6eycxe,4z0h8y,6eycxe,True,,5,2,1,0.7142857142857143,0.2857142857142857,0.39427609741687775,0.6057239025831223,2.206428409765235
6u7p2g__3pi1oh,6u7p2g,3pi1oh,True,,2,7,0,1.0,0.0,1.0,0.0,1.583
1fiqsd__21nyly,1fiqsd,21nyly,True,,2,4,2,0.2857142857142857,0.7142857142857143,0.4566747462376952,0.5433252537623048,2.2347685973457594
8gdyvp__9p7oqm,8gdyvp,9p7oqm,True,,4,1,1,0.3333333333333333,0.6666666666666667,0.3564103990793228,0.6435896009206772,2.3187816616331536
38qhmf__1fjwp6,38qhmf,1fjwp6,True,,1,3,0,1.0,0.0,1.0,0.0,1.583
3vlrkh__79kr46,3vlrkh,79kr46,True,,5,2,0,1.0,0.0,1.0,0.0,1.583
8hjs1x__53l8o4,8hjs1x,53l8o4,True,,2,6,0,1.0,0.0,1.0,0.0,1.583
2y8j35__2v45ng,2y8j35,2v45ng,True,,6,3,2,0.5,0.5,0.29451415687799454,0.7054858431220055,2.342903228891641
3ush3j__51x9fe,3ush3j,51x9fe,True,,4,8,0,1.0,0.0,1.0,0.0,1.583
42mgv0__12n9kz,42mgv0,12n9kz,True,,1,1,0,1.0,0.0,1.0,0.0,1.583
7b8toj__7gqz6w,7b8toj,7gqz6w,True,,2,4,0,1.0,0.0,1.0,0.0,1.583
3dn1wb__8lfjzs,3dn1wb,8lfjzs,True,,4,4,0,1.0,0.0,1.0,0.0,1.583
3cep6s__9kxk5t,3cep6s,9kxk5t,True,,1,2,0,1.0,0.0,1.0,0.0,1.583
9l8w1a__2mat05,9l8w1a,2mat05,True,,4,5,0,1.0,0.0,1.0,0.0,1.583
2auitm__3i8xmg,2auitm,3i8xmg,True,,4,3,0,1.0,0.0,1.0,0.0,1.583
2ygly3__3p6aip,2ygly3,3p6aip,True,,8,2,0,1.0,0.0,1.0,0.0,1.583
1w9m11__73a77l,1w9m11,73a77l,True,,3,2,0,1.0,0.0,1.0,0.0,1.583
4izi0x__6zqkiu,4izi0x,6zqkiu,True,,2,2,0,1.0,0.0,1.0,0.0,1.583
52rugj__9g8e8r,52rugj,9g8e8r,True,,3,2,0,1.0,0.0,1.0,0.0,1.583
37lmad__39iaxb,37lmad,39iaxb,True,,6,2,0,1.0,0.0,1.0,0.0,1.583
3klo2f__4uhxrx,3klo2f,4uhxrx,True,,3,1,0,1.0,0.0,1.0,0.0,1.583
2bjlua__2e327m,2bjlua,2e327m,True,,9,2,0,1.0,0.0,1.0,0.0,1.583
2uggv1__4nv1w6,2uggv1,4nv1w6,True,,6,3,0,1.0,0.0,1.0,0.0,1.583
4cimj6__36tj0j,4cimj6,36tj0j,True,,6,2,0,1.0,0.0,1.0,0.0,1.583
9i5byq__3kk6mx,9i5byq,3kk6mx,True,,1,4,0,1.0,0.0,1.0,0.0,1.583
8h0kds__7emq8n,8h0kds,7emq8n,True,,2,5,0,1.0,0.0,1.0,0.0,1.583
5ngg0v__31cnjg,5ngg0v,31cnjg,True,,3,2,0,1.0,0.0,1.0,0.0,1.583
2tm2gp__5gtirw,2tm2gp,5gtirw,True,,4,5,0,1.0,0.0,1.0,0.0,1.583
274ioe__7dkeig,274ioe,7dkeig,True,,3,3,0,1.0,0.0,1.0,0.0,1.583
90ud83__2g68ql,90ud83,2g68ql,True,,2,8,0,1.0,0.0,1.0,0.0,1.583
40qr5c__2xr99j,40qr5c,2xr99j,True,,5,2,1,0.7142857142857143,0.2857142857142857,0.5038706250488758,0.4961293749511242,2.104078080409712
1ffwa7__2jrfsm,1ffwa7,2jrfsm,True,,8,3,3,0.2692307692307692,0.7307692307692308,0.3973330492153764,0.6026669507846236,2.2935191268762214
40kerd__6ttjmi,40kerd,6ttjmi,True,,3,2,2,0.125,0.875,0.40431364874045056,0.5956863512595494,2.316148983441293
8w7c0e__281ff4,8w7c0e,281ff4,True,,5,4,0,1.0,0.0,1.0,0.0,1.583
6z00mf__3ymtdx,6z00mf,3ymtdx,True,,1,3,0,1.0,0.0,1.0,0.0,1.583
2zyjw3__3hipje,2zyjw3,3hipje,True,,5,4,0,1.0,0.0,1.0,0.0,1.583
3pxtzv__86xgw1,3pxtzv,86xgw1,True,,6,6,0,1.0,0.0,1.0,0.0,1.583
6pcbnk__7a8ofr,6pcbnk,7a8ofr,True,,4,1,0,1.0,0.0,1.0,0.0,1.583
33leq9__3hhh8i,33leq9,3hhh8i,True,,1,3,0,1.0,0.0,1.0,0.0,1.583
2t8qgr__4cok6w,2t8qgr,4cok6w,True,,2,3,0,1.0,0.0,1.0,0.0,1.583
8cajs2__3ii9o6,8cajs2,3ii9o6,True,,5,4,0,1.0,0.0,1.0,0.0,1.583
95g23j__72o6zo,95g23j,72o6zo,True,,7,7,0,1.0,0.0,1.0,0.0,1.583
9dyp9c__9acoj7,9dyp9c,9acoj7,True,,4,2,1,0.6666666666666666,0.33333333333333337,0.43061456084251404,0.569385439157486,2.1821157282958428
4k9k7j__8sjrt6,4k9k7j,8sjrt6,True,,4,5,0,1.0,0.0,1.0,0.0,1.583
2y262w__1kjvub,2y262w,1kjvub,True,,7,5,0,1.0,0.0,1.0,0.0,1.583
26eo14__9y4woq,26eo14,9y4woq,True,,4,6,0,1.0,0.0,1.0,0.0,1.583
2d4tut__54e8ex,2d4tut,54e8ex,True,,2,1,0,1.0,0.0,1.0,0.0,1.583
39f069__3hzbjr,39f069,3hzbjr,True,,5,3,0,1.0,0.0,1.0,0.0,1.583
9ijwfe__3z6goe,9ijwfe,3z6goe,True,,1,1,0,1.0,0.0,1.0,0.0,1.583
3e7dqs__4ulgrk,3e7dqs,4ulgrk,True,,3,6,0,1.0,0.0,1.0,0.0,1.583
8it8zd__8d6l7x,8it8zd,8d6l7x,True,,4,3,0,1.0,0.0,1.0,0.0,1.583
96xrz6__3bbgd4,96xrz6,3bbgd4,True,,4,4,0,1.0,0.0,1.0,0.0,1.583
2t7ifx__53c8j2,2t7ifx,53c8j2,True,,3,7,0,1.0,0.0,1.0,0.0,1.583
3kwmv7__65yqyq,3kwmv7,65yqyq,True,,6,8,0,1.0,0.0,1.0,0.0,1.583
3f3y0a__8x1prf,3f3y0a,8x1prf,True,,6,9,0,1.0,0.0,1.0,0.0,1.583
8ikjq0__5fzgcs,8ikjq0,5fzgcs,True,,1,2,0,1.0,0.0,1.0,0.0,1.583
3bfs0r__615crz,3bfs0r,615crz,True,,1,2,0,1.0,0.0,1.0,0.0,1.583
1huvvj__1kvkst,1huvvj,1kvkst,True,,3,3,0,1.0,0.0,1.0,0.0,1.583
h38y4__61srxy,h38y4,61srxy,True,,2,1,0,1.0,0.0,1.0,0.0,1.583
9qd942__3jjkms,9qd942,3jjkms,True,,4,9,0,1.0,0.0,1.0,0.0,1.583
2t69u1__52nyzb,2t69u1,52nyzb,True,,3,3,0,1.0,0.0,1.0,0.0,1.583
2j5tz2__9crg6e,2j5tz2,9crg6e,True,,5,2,0,1.0,0.0,1.0,0.0,1.583
9q6r7u__2o1csf,9q6r7u,2o1csf,True,,2,4,0,1.0,0.0,1.0,0.0,1.583
98h9gf__31bywp,98h9gf,31bywp,True,,3,4,2,0.375,0.625,0.42550912220031023,0.5744908777996898,2.2458295307771303
5vlk8o__8antha,5vlk8o,8antha,True,,4,4,2,0.4444444444444444,0.5555555555555556,0.41306687518954277,0.5869331248104572,2.2434146230382637
32m1sw__8e4b1z,32m1sw,8e4b1z,True,,2,6,0,1.0,0.0,1.0,0.0,1.583
34f8no__5nt7dd,34f8no,5nt7dd,True,,1,1,0,1.0,0.0,1.0,0.0,1.583
3mip0m__2z2kug,3mip0m,2z2kug,True,,3,5,0,1.0,0.0,1.0,0.0,1.583
70f4hv__6xtp1d,70f4hv,6xtp1d,True,,9,7,2,0.7647058823529411,0.23529411764705888,0.32665275037288666,0.6733472496271133,2.2593919376032314
38lff5__872e04,38lff5,872e04,True,,2,6,0,1.0,0.0,1.0,0.0,1.583
vddjr__68j3ss,vddjr,68j3ss,True,,4,5,0,1.0,0.0,1.0,0.0,1.583
2wqo3y__9i1d8v,2wqo3y,9i1d8v,True,,3,3,0,1.0,0.0,1.0,0.0,1.583
39igrl__8acjdb,39igrl,8acjdb,True,,5,4,1,0.7777777777777778,0.2222222222222222,0.4432515427470207,0.5567484572529793,2.147858495339668
8lxxkj__980jh3,8lxxkj,980jh3,True,,4,5,0,1.0,0.0,1.0,0.0,1.583
5fik9b__3iw00w,5fik9b,3iw00w,True,,2,6,0,1.0,0.0,1.0,0.0,1.583
2i9qsl__6ilk6p,2i9qsl,6ilk6p,True,,4,8,0,1.0,0.0,1.0,0.0,1.583
3f3ddr__288oa6,3f3ddr,288oa6,True,,4,3,3,0.4,0.6,0.38444172715147334,0.6155582728485267,2.279129871013239
2un4iv__3r9qbz,2un4iv,3r9qbz,True,,4,3,0,1.0,0.0,1.0,0.0,1.583
sm14t__7azxy1,sm14t,7azxy1,True,,7,5,0,1.0,0.0,1.0,0.0,1.583
3bwksx__9iz7e8,3bwksx,9iz7e8,True,,3,2,0,1.0,0.0,1.0,0.0,1.583
70pobe__2iibl4,70pobe,2iibl4,True,,7,10,0,1.0,0.0,1.0,0.0,1.583
2y8j35__2h509p,2y8j35,2h509p,True,,6,4,0,1.0,0.0,1.0,0.0,1.583
3rtaam__3v5jsh,3rtaam,3v5jsh,True,,2,2,0,1.0,0.0,1.0,0.0,1.583
8kqef0__2o8h4y,8kqef0,2o8h4y,True,,6,1,0,1.0,0.0,1.0,0.0,1.583
8jrha0__2u7osc,8jrha0,2u7osc,True,,11,6,0,1.0,0.0,1.0,0.0,1.583
uubw2__8d2izn,uubw2,8d2izn,True,,1,2,0,1.0,0.0,1.0,0.0,1.583
2uqfeb__923fx6,2uqfeb,923fx6,True,,2,4,0,1.0,0.0,1.0,0.0,1.583
1l0pqs__8m96gp,1l0pqs,8m96gp,True,,3,1,0,1.0,0.0,1.0,0.0,1.583
2gic28__16v8zi,2gic28,16v8zi,True,,2,5,0,1.0,0.0,1.0,0.0,1.583
1dtdke__9hjemx,1dtdke,9hjemx,True,,4,4,0,1.0,0.0,1.0,0.0,1.583
9u05ab__6f7op0,9u05ab,6f7op0,True,,3,6,0,1.0,0.0,1.0,0.0,1.583
3g6unq__3pl4p0,3g6unq,3pl4p0,True,,7,2,0,1.0,0.0,1.0,0.0,1.583
2o1csf__7q9l8c,2o1csf,7q9l8c,True,,4,3,3,0.1,0.9,0.4803977009529869,0.519602299047013,2.2501465870800055
3tb56y__5q6kzo,3tb56y,5q6kzo,True,,3,7,1,0.8,0.19999999999999996,0.36842764914035797,0.631572350859642,2.2132454184678196
207vvb__2tlmfq,207vvb,2tlmfq,True,,1,1,0,1.0,0.0,1.0,0.0,1.583
2thno0__8wu10n,2thno0,8wu10n,True,,4,1,0,1.0,0.0,1.0,0.0,1.583
2iiobs__9jaiu9,2iiobs,9jaiu9,True,,2,2,0,1.0,0.0,1.0,0.0,1.583
20c8ma__3al372,20c8ma,3al372,True,,4,7,1,0.6666666666666666,0.33333333333333337,0.43463884852826595,0.565361151471734,2.178357446026119
6w7mzq__5vvyuu,6w7mzq,5vvyuu,True,,2,3,2,0.3333333333333333,0.6666666666666667,0.389944102615118,0.610055897384882,2.2874645359010746
3diqg6__615crz,3diqg6,615crz,True,,2,2,0,1.0,0.0,1.0,0.0,1.583
8j0bjs__4xmjty,8j0bjs,4xmjty,True,,1,3,0,1.0,0.0,1.0,0.0,1.583
1db4ab__72zdgt,1db4ab,72zdgt,True,,4,2,1,0.6666666666666666,0.33333333333333337,0.3503488749265671,0.6496511250734329,2.2570758523727457
1mbwr2__9usxec,1mbwr2,9usxec,True,,6,5,1,0.8181818181818182,0.18181818181818177,0.3593428432941437,0.6406571567058563,2.218055173193054
5tv8s5__6odlud,5tv8s5,6odlud,True,,4,6,1,0.6363636363636364,0.36363636363636365,0.33854519575834274,0.6614548042416573,2.274223550772193
68lfvt__1x128c,68lfvt,1x128c,True,,6,3,2,0.5,0.5,0.3472660556435585,0.6527339443564415,2.293638230634481
46c8w4__3loeox,46c8w4,3loeox,True,,9,3,1,0.6923076923076923,0.3076923076923077,0.34890131652355194,0.6510986834764481,2.25324567588327
3d99la__19hb5r,3d99la,19hb5r,True,,2,7,0,1.0,0.0,1.0,0.0,1.583
9xs5oj__38kilh,9xs5oj,38kilh,True,,10,6,0,1.0,0.0,1.0,0.0,1.583
3dbxar__7cwfdw,3dbxar,7cwfdw,True,,4,1,0,1.0,0.0,1.0,0.0,1.583
35b5jv__8tozsl,35b5jv,8tozsl,True,,1,6,0,1.0,0.0,1.0,0.0,1.583
4ch8y6__8yucpi,4ch8y6,8yucpi,True,,10,5,0,1.0,0.0,1.0,0.0,1.583
6y27qv__40qr5c,6y27qv,40qr5c,True,,2,5,0,1.0,0.0,1.0,0.0,1.583
2z9ozp__18bb7a,2z9ozp,18bb7a,True,,6,4,0,1.0,0.0,1.0,0.0,1.583
5vcrkw__9tdjbp,5vcrkw,9tdjbp,True,,4,5,0,1.0,0.0,1.0,0.0,1.583
9lf3qo__8pfotk,9lf3qo,8pfotk,True,,5,2,0,1.0,0.0,1.0,0.0,1.583
8ge2ek__514yvt,8ge2ek,514yvt,True,,6,4,3,0.3076923076923077,0.6923076923076923,0.3313104510307312,0.6686895489692688,2.3474045543977846
6obrkv__615crz,6obrkv,615crz,True,,3,2,1,0.6,0.4,0.3618116229772568,0.6381883770227432,2.25984412530154
4i3b4t__8njvt9,4i3b4t,8njvt9,True,,4,5,2,0.4166666666666667,0.5833333333333333,0.3847466434041659,0.615253356595834,2.275476776391516
3ky3tw__27bd38,3ky3tw,27bd38,True,,4,2,0,1.0,0.0,1.0,0.0,1.583
78xk0z__4kme0k,78xk0z,4kme0k,True,,8,4,0,1.0,0.0,1.0,0.0,1.583
9srv0p__9km8dp,9srv0p,9km8dp,True,,6,4,0,1.0,0.0,1.0,0.0,1.583
5uhcfc__9l312u,5uhcfc,9l312u,True,,3,4,3,0.2,0.8,0.3586783930659294,0.6413216069340706,2.3436102487157284
2ukmgi__6pn4ca,2ukmgi,6pn4ca,True,,5,6,4,0.4117647058823529,0.5882352941176471,0.40720720030367374,0.5927927996963263,2.2554915485775755
6plwx7__7dufmn,6plwx7,7dufmn,True,,3,5,0,1.0,0.0,1.0,0.0,1.583
3ff579__5m56le,3ff579,5m56le,True,,3,2,0,1.0,0.0,1.0,0.0,1.583
32qvy4__5kuayt,32qvy4,5kuayt,True,,1,4,0,1.0,0.0,1.0,0.0,1.583
3dsopk__2oj1pl,3dsopk,2oj1pl,True,,2,4,0,1.0,0.0,1.0,0.0,1.583
2s2epk__3b2sl6,2s2epk,3b2sl6,True,,1,10,0,1.0,0.0,1.0,0.0,1.583
3p0lsk__6yb67a,3p0lsk,6yb67a,True,,1,5,0,1.0,0.0,1.0,0.0,1.583
4gxsfd__3v7y8s,4gxsfd,3v7y8s,True,,3,1,0,1.0,0.0,1.0,0.0,1.583
4gl969__9qjdec,4gl969,9qjdec,True,,5,2,0,1.0,0.0,1.0,0.0,1.583
31y5kr__8u3h8l,31y5kr,8u3h8l,True,,6,2,0,1.0,0.0,1.0,0.0,1.583
1jnvvm__4b5md8,1jnvvm,4b5md8,True,,4,8,2,0.6153846153846154,0.3846153846153846,0.42407650128006935,0.5759234987199306,2.198585724685312
3pu2aq__1xeiyg,3pu2aq,1xeiyg,True,,1,5,0,1.0,0.0,1.0,0.0,1.583
75jmq3__5sy3q8,75jmq3,5sy3q8,True,,5,3,3,0.18181818181818182,0.8181818181818181,0.4189753724883,0.5810246275116999,2.290973445087722
3oew37__59vj4v,3oew37,59vj4v,True,,1,5,0,1.0,0.0,1.0,0.0,1.583
2t9epd__3o6is8,2t9epd,3o6is8,True,,7,4,4,0.038461538461538464,0.9615384615384616,0.42100212288399536,0.5789978771160047,2.3180530405155597
1zdbwb__2kdpzp,1zdbwb,2kdpzp,True,,5,1,0,1.0,0.0,1.0,0.0,1.583
4ntetw__2d0ysq,4ntetw,2d0ysq,True,,4,2,0,1.0,0.0,1.0,0.0,1.583
3p4nzv__15urjv,3p4nzv,15urjv,True,,5,4,0,1.0,0.0,1.0,0.0,1.583
1z9ydp__77ppol,1z9ydp,77ppol,True,,4,10,4,0.0,1.0,0.46980017009191216,0.5301998299080879,2.280253621151163
6vvb17__9uf5b7,6vvb17,9uf5b7,True,,5,3,1,0.75,0.25,0.2264479696750641,0.7735520303249359,2.3559452411204576
2wxk3l__7dfjrp,2wxk3l,7dfjrp,True,,6,10,0,1.0,0.0,1.0,0.0,1.583
4ba0rh__3f9rc9,4ba0rh,3f9rc9,True,,3,3,0,1.0,0.0,1.0,0.0,1.583
2tgsnn__4zh412,2tgsnn,4zh412,True,,7,3,0,1.0,0.0,1.0,0.0,1.583
428fod__65z9qc,428fod,65z9qc,True,,3,8,1,0.8181818181818182,0.18181818181818177,0.36693307757377625,0.6330669224262238,2.210966653399305
7q9pd2__765mo4,7q9pd2,765mo4,True,,4,1,0,1.0,0.0,1.0,0.0,1.583
9l331n__912ite,9l331n,912ite,True,,2,2,0,1.0,0.0,1.0,0.0,1.583
35k0k9__170qo0,35k0k9,170qo0,True,,1,5,0,1.0,0.0,1.0,0.0,1.583
3pzaoa__2fqzav,3pzaoa,2fqzav,True,,1,6,0,1.0,0.0,1.0,0.0,1.583
3fkza5__76snh3,3fkza5,76snh3,True,,2,3,0,1.0,0.0,1.0,0.0,1.583
2zmwsn__29jih0,2zmwsn,29jih0,True,,2,3,0,1.0,0.0,1.0,0.0,1.583
8s97hm__1f29sj,8s97hm,1f29sj,True,,1,1,0,1.0,0.0,1.0,0.0,1.583
5gfmt7__3jde79,5gfmt7,3jde79,True,,2,3,0,1.0,0.0,1.0,0.0,1.583
6c4pk4__66lsmj,6c4pk4,66lsmj,True,,4,3,0,1.0,0.0,1.0,0.0,1.583
90pnie__94h4c1,90pnie,94h4c1,True,,5,3,1,0.75,0.25,0.40090973675251007,0.5990902632474899,2.193015396846831
6v8l0g__1r1i28,6v8l0g,1r1i28,True,,14,9,0,1.0,0.0,1.0,0.0,1.583
9r2859__4hz1cj,9r2859,4hz1cj,True,,4,3,0,1.0,0.0,1.0,0.0,1.583
8cldf2__8t3kbl,8cldf2,8t3kbl,True,,1,5,0,1.0,0.0,1.0,0.0,1.583
3ksvu5__5e7etd,3ksvu5,5e7etd,True,,2,2,0,1.0,0.0,1.0,0.0,1.583
9mqdxi__6zdn9g,9mqdxi,6zdn9g,True,,1,1,0,1.0,0.0,1.0,0.0,1.583
3minun__8dkcws,3minun,8dkcws,True,,9,5,2,0.5294117647058824,0.47058823529411764,0.42833057045936584,0.5716694295406342,2.211987962600939
3bit54__4vpw6e,3bit54,4vpw6e,True,,3,6,1,0.7777777777777778,0.2222222222222222,0.2669677883386612,0.7330322116613388,2.3124898935816356
3kuy1d__9221ui,3kuy1d,9221ui,True,,2,4,0,1.0,0.0,1.0,0.0,1.583
2xqzxu__7bwokn,2xqzxu,7bwokn,True,,5,1,0,1.0,0.0,1.0,0.0,1.583
9xrwnt__14aeu6,9xrwnt,14aeu6,True,,2,7,1,0.15789473684210525,0.8421052631578947,0.44256897307932375,0.5574310269206763,2.2737743097254297
9cwlq8__90v3ys,9cwlq8,90v3ys,True,,2,6,3,0.36363636363636365,0.6363636363636364,0.36536243309577304,0.634637566904227,2.3042971146409483
522cj6__8hstuz,522cj6,8hstuz,True,,3,6,0,1.0,0.0,1.0,0.0,1.583
2mx648__9nnnew,2mx648,9nnnew,True,,2,5,1,0.7142857142857143,0.2857142857142857,0.4802006334066391,0.5197993665933609,2.126183485604397
1v6dev__2x7v83,1v6dev,2x7v83,True,,3,4,0,1.0,0.0,1.0,0.0,1.583
5zkr3b__9ulhzs,5zkr3b,9ulhzs,True,,3,11,0,1.0,0.0,1.0,0.0,1.583
3dbxar__6q8hvt,3dbxar,6q8hvt,True,,4,8,1,0.5333333333333333,0.4666666666666667,0.3139963646729787,0.6860036353270214,2.3179721283652386
2t8qgr__4205vf,2t8qgr,4205vf,True,,2,1,0,1.0,0.0,1.0,0.0,1.583
88khjw__380vm2,88khjw,380vm2,True,,2,8,0,1.0,0.0,1.0,0.0,1.583
4uk34v__3qcr7o,4uk34v,3qcr7o,True,,9,5,0,1.0,0.0,1.0,0.0,1.583
34zm7e__3qp7bu,34zm7e,3qp7bu,True,,5,6,0,1.0,0.0,1.0,0.0,1.583
3aobp4__3bf8d4,3aobp4,3bf8d4,True,,4,2,1,0.6666666666666666,0.33333333333333337,0.3843199238181114,0.6156800761818886,2.2253502898129325
31vqdb__2fwn1z,31vqdb,2fwn1z,True,,3,1,0,1.0,0.0,1.0,0.0,1.583
1f9399__9setfd,1f9399,9setfd,True,,1,1,0,1.0,0.0,1.0,0.0,1.583
3jas05__73wgq7,3jas05,73wgq7,True,,2,5,0,1.0,0.0,1.0,0.0,1.583
34ntti__2d1da3,34ntti,2d1da3,True,,5,2,0,1.0,0.0,1.0,0.0,1.583
3n6eh5__2v80vz,3n6eh5,2v80vz,True,,8,2,0,1.0,0.0,1.0,0.0,1.583
4i91sd__663nf3,4i91sd,663nf3,True,,2,2,0,1.0,0.0,1.0,0.0,1.583
297tv4__96uiks,297tv4,96uiks,True,,4,2,0,1.0,0.0,1.0,0.0,1.583
16axa6__2hawms,16axa6,2hawms,True,,3,7,0,1.0,0.0,1.0,0.0,1.583
1t0fe5__72zdgt,1t0fe5,72zdgt,True,,4,2,0,1.0,0.0,1.0,0.0,1.583
5u512v__2wopzf,5u512v,2wopzf,True,,5,6,3,0.4117647058823529,0.5882352941176471,0.3616291284561157,0.6383708715438843,2.29805690987601
4i1hnd__1mfjjc,4i1hnd,1mfjjc,True,,2,7,0,1.0,0.0,1.0,0.0,1.583
5kypjr__9azhx7,5kypjr,9azhx7,True,,9,6,0,1.0,0.0,1.0,0.0,1.583
3fhgwu__2x0njf,3fhgwu,2x0njf,True,,3,5,2,0.45454545454545453,0.5454545454545454,0.4263366839538018,0.5736633160461981,2.228980534491908
866n22__3b857o,866n22,3b857o,True,,5,3,0,1.0,0.0,1.0,0.0,1.583
4huu6l__1ljnlj,4huu6l,1ljnlj,True,,2,3,0,1.0,0.0,1.0,0.0,1.583
3cubmd__2fpcv8,3cubmd,2fpcv8,True,,4,2,0,1.0,0.0,1.0,0.0,1.583
4ca9yz__8zov1k,4ca9yz,8zov1k,True,,2,1,0,1.0,0.0,1.0,0.0,1.583
9o0n8r__3q8nj7,9o0n8r,3q8nj7,True,,4,5,0,1.0,0.0,1.0,0.0,1.583
3scu8f__30h4rd,3scu8f,30h4rd,True,,5,6,0,1.0,0.0,1.0,0.0,1.583
3jxgx4__5zkr3b,3jxgx4,5zkr3b,True,,3,3,1,0.6666666666666666,0.33333333333333337,0.4938870295882225,0.5061129704117775,2.1230255697342253
3oldln__3uezhv,3oldln,3uezhv,True,,5,2,1,0.7142857142857143,0.2857142857142857,0.3673405200242996,0.6326594799757004,2.2315835454921635
8nfg1q__4kkk04,8nfg1q,4kkk04,True,,6,3,0,1.0,0.0,1.0,0.0,1.583
9foqv2__90v3ys,9foqv2,90v3ys,True,,5,6,4,0.3076923076923077,0.6923076923076923,0.45254401086034096,0.5474559891396591,2.234184532872912
3apcv7__53yi05,3apcv7,53yi05,True,,8,11,0,1.0,0.0,1.0,0.0,1.583
2kfwyp__6ilk6p,2kfwyp,6ilk6p,True,,1,8,0,1.0,0.0,1.0,0.0,1.583
271kmu__91b79x,271kmu,91b79x,True,,4,4,0,1.0,0.0,1.0,0.0,1.583
3ccxzs__2lr4ay,3ccxzs,2lr4ay,True,,1,4,0,1.0,0.0,1.0,0.0,1.583
1t4369__4t9qo1,1t4369,4t9qo1,True,,5,7,1,0.5333333333333333,0.4666666666666667,0.34281884878873825,0.6571811512112617,2.2910548104495305
9hl4hl__8e5rjo,9hl4hl,8e5rjo,True,,4,3,0,1.0,0.0,1.0,0.0,1.583
9gh6k9__2ri4uz,9gh6k9,2ri4uz,True,,1,10,1,0.5,0.5,0.4878298199425141,0.5121701800574858,2.162365731155686
25o4ua__9oxyu8,25o4ua,9oxyu8,True,,2,4,0,1.0,0.0,1.0,0.0,1.583
2o8trx__7zh1od,2o8trx,7zh1od,True,,7,3,0,1.0,0.0,1.0,0.0,1.583
2ug9f1__3dqvy9,2ug9f1,3dqvy9,True,,4,20,0,1.0,0.0,1.0,0.0,1.583
3e81ip__2w22o9,3e81ip,2w22o9,True,,8,1,0,1.0,0.0,1.0,0.0,1.583
9f0vj0__2nnm9j,9f0vj0,2nnm9j,True,,3,7,0,1.0,0.0,1.0,0.0,1.583
931z6c__7269u2,931z6c,7269u2,True,,4,4,0,1.0,0.0,1.0,0.0,1.583
8rq7ck__3w3rbr,8rq7ck,3w3rbr,True,,3,3,0,1.0,0.0,1.0,0.0,1.583
2xg8ik__8eh112,2xg8ik,8eh112,True,,7,2,0,1.0,0.0,1.0,0.0,1.583
9xx3b6__9j9rzc,9xx3b6,9j9rzc,True,,4,5,0,1.0,0.0,1.0,0.0,1.583
9cipom__9i19eq,9cipom,9i19eq,True,,4,3,0,1.0,0.0,1.0,0.0,1.583
3n1gax__3xnyqw,3n1gax,3xnyqw,True,,1,1,0,1.0,0.0,1.0,0.0,1.583
4xrbh8__4e4yev,4xrbh8,4e4yev,True,,6,6,0,1.0,0.0,1.0,0.0,1.583
suscr__8o6gb9,suscr,8o6gb9,True,,3,4,2,0.5,0.5,0.311759889125824,0.688240110874176,2.326797439545393
297i60__4c7yx6,297i60,4c7yx6,True,,5,1,0,1.0,0.0,1.0,0.0,1.583
44frso__6ii4hn,44frso,6ii4hn,True,,6,3,0,1.0,0.0,1.0,0.0,1.583
6ii2jp__35qvpz,6ii2jp,35qvpz,True,,3,2,1,0.6,0.4,0.37327447533607483,0.6267255246639252,2.2491389674836397
2zhza6__89jedl,2zhza6,89jedl,True,,3,2,1,0.6,0.4,0.2481469213962555,0.7518530786037445,2.365995590108037
6ua3t2__3rch5z,6ua3t2,3rch5z,True,,8,2,0,1.0,0.0,1.0,0.0,1.583
5j97rz__9o9gi4,5j97rz,9o9gi4,True,,6,3,0,1.0,0.0,1.0,0.0,1.583
3dqvy9__3dsopk,3dqvy9,3dsopk,True,,20,2,0,1.0,0.0,1.0,0.0,1.583
60vcsa__783lq8,60vcsa,783lq8,True,,2,2,0,1.0,0.0,1.0,0.0,1.583
58xto9__1cu89q,58xto9,1cu89q,True,,7,3,0,1.0,0.0,1.0,0.0,1.583
78icvu__2hizsa,78icvu,2hizsa,True,,4,5,0,1.0,0.0,1.0,0.0,1.583
9ggawy__5ypljd,9ggawy,5ypljd,True,,7,3,0,1.0,0.0,1.0,0.0,1.583
2fzqrh__6hy4jg,2fzqrh,6hy4jg,True,,5,2,0,1.0,0.0,1.0,0.0,1.583
4k6jcu__9f02xx,4k6jcu,9f02xx,True,,2,8,0,1.0,0.0,1.0,0.0,1.583
4ytimz__39p86l,4ytimz,39p86l,True,,6,3,0,1.0,0.0,1.0,0.0,1.583
8g02em__8f2guk,8g02em,8f2guk,True,,3,3,1,0.6666666666666666,0.33333333333333337,0.3940693214535713,0.6059306785464287,2.216245327361176
1r60ft__1q0lzb,1r60ft,1q0lzb,True,,4,1,0,1.0,0.0,1.0,0.0,1.583
3d2nox__9ks3k6,3d2nox,9ks3k6,True,,1,3,0,1.0,0.0,1.0,0.0,1.583
3kuqis__2le8ou,3kuqis,2le8ou,True,,2,2,0,1.0,0.0,1.0,0.0,1.583
3tl912__9eht55,3tl912,9eht55,True,,3,1,0,1.0,0.0,1.0,0.0,1.583
9r25i0__32mn7a,9r25i0,32mn7a,True,,5,1,0,1.0,0.0,1.0,0.0,1.583
3thq96__5z1e0v,3thq96,5z1e0v,True,,6,9,0,1.0,0.0,1.0,0.0,1.583
2lumlr__2prz7e,2lumlr,2prz7e,True,,4,2,0,1.0,0.0,1.0,0.0,1.583
2ma54c__5ypljd,2ma54c,5ypljd,True,,4,3,0,1.0,0.0,1.0,0.0,1.583
4rox3w__42vna2,4rox3w,42vna2,True,,3,3,0,1.0,0.0,1.0,0.0,1.583
31xoe3__9sxvau,31xoe3,9sxvau,True,,5,5,0,1.0,0.0,1.0,0.0,1.583
8zb0rc__9dxp3a,8zb0rc,9dxp3a,True,,2,3,0,1.0,0.0,1.0,0.0,1.583
752kg5__5kd1x8,752kg5,5kd1x8,True,,4,1,0,1.0,0.0,1.0,0.0,1.583
115ils__4150ov,115ils,4150ov,True,,5,1,1,0.6666666666666666,0.33333333333333337,0.3239244818687439,0.6760755181312561,2.2817535930494466
9dzpzz__2z6fiu,9dzpzz,2z6fiu,True,,3,5,0,1.0,0.0,1.0,0.0,1.583
4dkhvx__3jaewk,4dkhvx,3jaewk,True,,1,2,0,1.0,0.0,1.0,0.0,1.583
2l6u08__33b3mr,2l6u08,33b3mr,True,,3,3,0,1.0,0.0,1.0,0.0,1.583
2jkt69__37jjk7,2jkt69,37jjk7,True,,5,4,0,1.0,0.0,1.0,0.0,1.583
3kzypx__6hw2jv,3kzypx,6hw2jv,True,,2,11,1,0.8461538461538461,0.15384615384615385,0.13584548234939575,0.8641545176506042,2.421126211726207
4l8w8b__94g1p3,4l8w8b,94g1p3,True,,6,2,0,1.0,0.0,1.0,0.0,1.583
747v5i__7pq4yj,747v5i,7pq4yj,True,,3,2,0,1.0,0.0,1.0,0.0,1.583
3hclak__15urjv,3hclak,15urjv,True,,4,4,0,1.0,0.0,1.0,0.0,1.583
29tayd__9sonfi,29tayd,9sonfi,True,,1,1,0,1.0,0.0,1.0,0.0,1.583
9cdn6h__2pno1q,9cdn6h,2pno1q,True,,6,9,0,1.0,0.0,1.0,0.0,1.583
9rj4y8__77ppol,9rj4y8,77ppol,True,,4,10,1,0.8571428571428571,0.1428571428571429,0.2998993992805481,0.7001006007194519,2.265695379583325
9tve1k__7n1jw5,9tve1k,7n1jw5,True,,3,7,0,1.0,0.0,1.0,0.0,1.583
2bd6ab__960vyx,2bd6ab,960vyx,True,,2,3,0,1.0,0.0,1.0,0.0,1.583
2w5gbx__7bp6ku,2w5gbx,7bp6ku,True,,5,8,0,1.0,0.0,1.0,0.0,1.583
2bwspu__3s6jaa,2bwspu,3s6jaa,True,,5,8,3,0.3157894736842105,0.6842105263157895,0.36868791840970516,0.6313120815902948,2.3108613003655973
8d7pj9__9u14m0,8d7pj9,9u14m0,True,,4,4,0,1.0,0.0,1.0,0.0,1.583
8hazot__8mswn4,8hazot,8mswn4,True,,5,2,0,1.0,0.0,1.0,0.0,1.583
9w92x3__4nyr9r,9w92x3,4nyr9r,True,,3,4,0,1.0,0.0,1.0,0.0,1.583
3hv4rz__9i5kbc,3hv4rz,9i5kbc,True,,10,7,3,0.55,0.44999999999999996,0.4265618572632472,0.5734381427367528,2.2094788815018536
8fzvlo__3g30dp,8fzvlo,3g30dp,True,,5,3,0,1.0,0.0,1.0,0.0,1.583
3bbgd4__2oqckw,3bbgd4,2oqckw,True,,4,5,0,1.0,0.0,1.0,0.0,1.583
21c3pw__4jvd0z,21c3pw,4jvd0z,True,,5,2,0,1.0,0.0,1.0,0.0,1.583
30c27g__4mfnaj,30c27g,4mfnaj,True,,3,5,0,1.0,0.0,1.0,0.0,1.583
6odlud__3frcin,6odlud,3frcin,True,,6,7,0,1.0,0.0,1.0,0.0,1.583
4v6nmi__3h5wf0,4v6nmi,3h5wf0,True,,5,2,0,1.0,0.0,1.0,0.0,1.583
20gnyl__8lcw67,20gnyl,8lcw67,True,,3,7,0,1.0,0.0,1.0,0.0,1.583
3cpqce__60a7j6,3cpqce,60a7j6,True,,2,1,0,1.0,0.0,1.0,0.0,1.583
51yyks__964xeo,51yyks,964xeo,True,,6,4,1,0.6363636363636364,0.36363636363636365,0.3742890916764736,0.6257109083235264,2.24084232637425
2bz9sj__3d23jq,2bz9sj,3d23jq,True,,3,9,1,0.6923076923076923,0.3076923076923077,0.43812776170670986,0.5618722382932901,2.169917098726719
4n4ho8__42pjbe,4n4ho8,42pjbe,True,,4,4,0,1.0,0.0,1.0,0.0,1.583
9clzb2__874lyi,9clzb2,874lyi,True,,2,2,0,1.0,0.0,1.0,0.0,1.583
2wfd0m__652ik3,2wfd0m,652ik3,True,,2,2,0,1.0,0.0,1.0,0.0,1.583
30c27g__2jhqsx,30c27g,2jhqsx,True,,3,2,0,1.0,0.0,1.0,0.0,1.583
15rvxl__2aenwe,15rvxl,2aenwe,True,,2,2,0,1.0,0.0,1.0,0.0,1.583
2b0vzk__9jhuja,2b0vzk,9jhuja,True,,3,4,2,0.5,0.5,0.3748861849308014,0.6251138150691986,2.2678437918931245
2rwmka__3a1qzh,2rwmka,3a1qzh,True,,1,6,0,1.0,0.0,1.0,0.0,1.583
3ea2lw__3emhoz,3ea2lw,3emhoz,True,,9,7,5,0.4230769230769231,0.5769230769230769,0.2618228495121002,0.7381771504878998,2.3889797946868034
9xyhdm__2k5b8m,9xyhdm,2k5b8m,True,,6,4,0,1.0,0.0,1.0,0.0,1.583
3vutag__8av634,3vutag,8av634,True,,5,5,3,0.3076923076923077,0.6923076923076923,0.44166041165590286,0.5583395883440971,2.244348726169937
38ve65__59vj4v,38ve65,59vj4v,True,,5,5,0,1.0,0.0,1.0,0.0,1.583
2pjhck__2g3w87,2pjhck,2g3w87,True,,4,3,0,1.0,0.0,1.0,0.0,1.583
2xivlo__20laz6,2xivlo,20laz6,True,,1,8,0,1.0,0.0,1.0,0.0,1.583
4f9b5w__9kj0wg,4f9b5w,9kj0wg,True,,3,2,0,1.0,0.0,1.0,0.0,1.583
9oer6p__4l8025,9oer6p,4l8025,True,,2,2,0,1.0,0.0,1.0,0.0,1.583
7c346z__18oac9,7c346z,18oac9,True,,11,1,1,0.8333333333333334,0.16666666666666663,0.3081476390361786,0.6918523609638214,2.262804253237446
9c2ygj__21j1ei,9c2ygj,21j1ei,True,,2,3,1,0.6,0.4,0.5269022583961487,0.4730977416038513,2.1056659808838365
5bi617__1l1zwx,5bi617,1l1zwx,True,,3,10,0,1.0,0.0,1.0,0.0,1.583
3t2n88__4vtbbc,3t2n88,4vtbbc,True,,6,5,0,1.0,0.0,1.0,0.0,1.583
8rloc0__8owzel,8rloc0,8owzel,True,,2,1,0,1.0,0.0,1.0,0.0,1.583
9tg4wc__9mj0b1,9tg4wc,9mj0b1,True,,6,1,0,1.0,0.0,1.0,0.0,1.583
38g8k8__7pq4yj,38g8k8,7pq4yj,True,,3,2,0,1.0,0.0,1.0,0.0,1.583
38g8k8__9yzguq,38g8k8,9yzguq,True,,3,4,0,1.0,0.0,1.0,0.0,1.583
353ue6__61d4za,353ue6,61d4za,True,,5,7,0,1.0,0.0,1.0,0.0,1.583
14vqy8__sxr0m,14vqy8,sxr0m,True,,3,2,0,1.0,0.0,1.0,0.0,1.583
8k8n13__3gtztm,8k8n13,3gtztm,True,,3,6,1,0.7777777777777778,0.2222222222222222,0.3505130112171173,0.6494869887828827,2.2344670099354453
39iaxb__3sbvka,39iaxb,3sbvka,True,,2,5,0,1.0,0.0,1.0,0.0,1.583
36270l__5m49bb,36270l,5m49bb,True,,4,8,0,1.0,0.0,1.0,0.0,1.583
36172e__byqnb,36172e,byqnb,True,,1,7,1,0.36363636363636365,0.6363636363636364,0.35716017584005993,0.64283982415994,2.3119572026920587
3hs286__38u6w3,3hs286,38u6w3,True,,3,2,0,1.0,0.0,1.0,0.0,1.583
2s47u5__38r3t8,2s47u5,38r3t8,True,,3,4,0,1.0,0.0,1.0,0.0,1.583
36womh__3lm97t,36womh,3lm97t,True,,4,1,0,1.0,0.0,1.0,0.0,1.583
3qcr7o__91ybue,3qcr7o,91ybue,True,,5,7,0,1.0,0.0,1.0,0.0,1.583
9u1vfg__8fix6o,9u1vfg,8fix6o,True,,2,4,0,1.0,0.0,1.0,0.0,1.583
fsxwy__9q7zgy,fsxwy,9q7zgy,True,,1,6,0,1.0,0.0,1.0,0.0,1.583
3jd1et__16axa6,3jd1et,16axa6,True,,6,3,0,1.0,0.0,1.0,0.0,1.583
28jple__96kqec,28jple,96kqec,True,,7,2,0,1.0,0.0,1.0,0.0,1.583
2selao__2rcfjo,2selao,2rcfjo,True,,3,2,0,1.0,0.0,1.0,0.0,1.583
4arnh2__454zq5,4arnh2,454zq5,True,,1,2,0,1.0,0.0,1.0,0.0,1.583
7f6i87__8tuwm6,7f6i87,8tuwm6,True,,9,2,0,1.0,0.0,1.0,0.0,1.583
1j3zkk__2ougzs,1j3zkk,2ougzs,True,,1,4,1,0.125,0.875,0.31608005861441296,0.683919941385587,2.3985503332599993
9stjc0__9urdku,9stjc0,9urdku,True,,5,4,0,1.0,0.0,1.0,0.0,1.583
9hhao7__5i1myr,9hhao7,5i1myr,True,,2,3,1,0.6,0.4,0.3128734827041626,0.6871265172958374,2.3055474545025825
2bw7cy__3jg26f,2bw7cy,3jg26f,True,,4,7,1,0.8181818181818182,0.18181818181818177,0.35550524294376373,0.6444947570562363,2.2216391081602738
4ntetw__3k4gc2,4ntetw,3k4gc2,True,,4,3,0,1.0,0.0,1.0,0.0,1.583
5h72d8__83noxr,5h72d8,83noxr,True,,2,4,0,1.0,0.0,1.0,0.0,1.583
1lrij7__9w9iaq,1lrij7,9w9iaq,True,,4,2,0,1.0,0.0,1.0,0.0,1.583
3fns94__4kp9ua,3fns94,4kp9ua,True,,4,3,0,1.0,0.0,1.0,0.0,1.583
1h6vp2__9iuwlc,1h6vp2,9iuwlc,True,,1,3,0,1.0,0.0,1.0,0.0,1.583
3kzfjy__9f93t4,3kzfjy,9f93t4,True,,3,9,0,1.0,0.0,1.0,0.0,1.583
2i5tje__2oxfit,2i5tje,2oxfit,True,,5,4,0,1.0,0.0,1.0,0.0,1.583
4oe0ir__28ja4x,4oe0ir,28ja4x,True,,4,2,2,0.2857142857142857,0.7142857142857143,0.31792122311890125,0.6820787768810987,2.364350512586401
537hkt__92a69w,537hkt,92a69w,True,,4,3,1,0.7142857142857143,0.2857142857142857,0.4163966327905655,0.5836033672094345,2.185770041779748
6o1zfv__8ygqm3,6o1zfv,8ygqm3,True,,7,6,5,0.3902439024390244,0.6097560975609756,0.41387552430387586,0.5861244756961241,2.2536133551696835
1wy0v3__91oe15,1wy0v3,91oe15,True,,2,1,0,1.0,0.0,1.0,0.0,1.583
43bs7y__978d1c,43bs7y,978d1c,True,,1,1,0,1.0,0.0,1.0,0.0,1.583
9s5tzo__3n0qoe,9s5tzo,3n0qoe,True,,2,3,1,0.6,0.4,0.4600742235779762,0.5399257764220238,2.168076682600528
1uvpsv__25bpf5,1uvpsv,25bpf5,True,,7,3,0,1.0,0.0,1.0,0.0,1.583
3a19s7__8vlb46,3a19s7,8vlb46,True,,6,2,0,1.0,0.0,1.0,0.0,1.583
3cnoot__1ih5e9,3cnoot,1ih5e9,True,,2,9,1,0.8181818181818182,0.18181818181818177,0.3375869393348694,0.6624130606651306,2.23837301190062
2f1rym__29ogi0,2f1rym,29ogi0,True,,7,5,0,1.0,0.0,1.0,0.0,1.583
3r9qbz__8biojf,3r9qbz,8biojf,True,,3,1,1,0.5,0.5,0.24278637766838074,0.7572136223316193,2.391211801895499
9p59sp__3qyuc2,9p59sp,3qyuc2,True,,7,3,0,1.0,0.0,1.0,0.0,1.583
2g0m7t__3woija,2g0m7t,3woija,True,,5,2,0,1.0,0.0,1.0,0.0,1.583
4sk00f__3cp6hd,4sk00f,3cp6hd,True,,2,3,0,1.0,0.0,1.0,0.0,1.583
21236f__9dwvdf,21236f,9dwvdf,True,,3,1,0,1.0,0.0,1.0,0.0,1.583
2u4ee3__20nhlb,2u4ee3,20nhlb,True,,1,3,0,1.0,0.0,1.0,0.0,1.583
3u89d4__70b1x5,3u89d4,70b1x5,True,,2,1,0,1.0,0.0,1.0,0.0,1.583
38g8k8__96mp9b,38g8k8,96mp9b,True,,3,4,1,0.7142857142857143,0.2857142857142857,0.3818848058581352,0.6181151941418648,2.2180006369519445
4l9dza__1jktkx,4l9dza,1jktkx,True,,7,4,0,1.0,0.0,1.0,0.0,1.583
2v9w6p__9498tg,2v9w6p,9498tg,True,,2,1,0,1.0,0.0,1.0,0.0,1.583
9eccvf__9oovfv,9eccvf,9oovfv,True,,2,1,0,1.0,0.0,1.0,0.0,1.583
2xs5ij__98yfh0,2xs5ij,98yfh0,True,,5,10,0,1.0,0.0,1.0,0.0,1.583
3tmqnq__303df4,3tmqnq,303df4,True,,1,1,0,1.0,0.0,1.0,0.0,1.583
75xof1__17c0j9,75xof1,17c0j9,True,,4,1,0,1.0,0.0,1.0,0.0,1.583
51bs11__2162nu,51bs11,2162nu,True,,4,4,0,1.0,0.0,1.0,0.0,1.583
3lye5i__2j5g72,3lye5i,2j5g72,True,,8,7,1,0.8666666666666667,0.1333333333333333,0.4295627176761627,0.5704372823238373,2.142678044628898
9p5od2__92t6xr,9p5od2,92t6xr,True,,2,4,0,1.0,0.0,1.0,0.0,1.583
36emnl__9xuf51,36emnl,9xuf51,True,,2,13,0,1.0,0.0,1.0,0.0,1.583
3dqdce__183lul,3dqdce,183lul,True,,4,7,2,0.5833333333333334,0.41666666666666663,0.38016660511493683,0.6198333948850632,2.246070740816494
9p4ej5__2gdz0a,9p4ej5,2gdz0a,True,,3,2,0,1.0,0.0,1.0,0.0,1.583
2h98mx__3bob0f,2h98mx,3bob0f,True,,2,2,1,0.5,0.5,0.3926558792591095,0.6073441207408905,2.2512486743599176
1xjt01__9y3tzs,1xjt01,9y3tzs,True,,5,1,0,1.0,0.0,1.0,0.0,1.583
4ybtef__9sblwg,4ybtef,9sblwg,True,,5,2,0,1.0,0.0,1.0,0.0,1.583
35ms5u__71mfdm,35ms5u,71mfdm,True,,7,5,3,0.6,0.4,0.3901919362445672,0.6098080637554328,2.233339750741199
1zo0y8__66fwig,1zo0y8,66fwig,True,,2,6,0,1.0,0.0,1.0,0.0,1.583
5oddvl__8kcn0x,5oddvl,8kcn0x,True,,5,4,2,0.5,0.5,0.32236453145742416,0.6776354685425758,2.316893764071912
3g7sid__785ndz,3g7sid,785ndz,True,,5,7,0,1.0,0.0,1.0,0.0,1.583
8c68yr__3ppt2o,8c68yr,3ppt2o,True,,2,2,0,1.0,0.0,1.0,0.0,1.583
6xvtcj__2zam05,6xvtcj,2zam05,True,,2,3,0,1.0,0.0,1.0,0.0,1.583
6n1ayn__2mrgws,6n1ayn,2mrgws,True,,6,2,0,1.0,0.0,1.0,0.0,1.583
546qep__3hrall,546qep,3hrall,True,,2,4,0,1.0,0.0,1.0,0.0,1.583
9xvf4a__964jdv,9xvf4a,964jdv,True,,4,1,0,1.0,0.0,1.0,0.0,1.583
340gyy__5prerr,340gyy,5prerr,True,,6,4,0,1.0,0.0,1.0,0.0,1.583
5hazw8__9alx6c,5hazw8,9alx6c,True,,4,4,1,0.75,0.25,0.38490965962409973,0.6150903403759003,2.2079578688770534
1lr6sq__zncf6,1lr6sq,zncf6,True,,3,4,0,1.0,0.0,1.0,0.0,1.583
1j2b5d__8e9opl,1j2b5d,8e9opl,True,,5,1,0,1.0,0.0,1.0,0.0,1.583
4grr42__77c2qf,4grr42,77c2qf,True,,6,4,0,1.0,0.0,1.0,0.0,1.583
68fo8s__5m2evv,68fo8s,5m2evv,True,,2,4,0,1.0,0.0,1.0,0.0,1.583
1pgo3o__86xgw1,1pgo3o,86xgw1,True,,7,6,0,1.0,0.0,1.0,0.0,1.583
1ae37c__3gjphc,1ae37c,3gjphc,True,,1,2,0,1.0,0.0,1.0,0.0,1.583
36wcak__2rb1fh,36wcak,2rb1fh,True,,4,2,0,1.0,0.0,1.0,0.0,1.583
8vs95v__1puqfi,8vs95v,1puqfi,True,,2,5,0,1.0,0.0,1.0,0.0,1.583
3fmodw__727mde,3fmodw,727mde,True,,2,6,0,1.0,0.0,1.0,0.0,1.583
342iw4__9u5srr,342iw4,9u5srr,True,,8,1,0,1.0,0.0,1.0,0.0,1.583
8htej3__9d3308,8htej3,9d3308,True,,3,2,0,1.0,0.0,1.0,0.0,1.583
8je8zn__48j4xp,8je8zn,48j4xp,True,,3,3,2,0.42857142857142855,0.5714285714285714,0.424911642447114,0.575088357552886,2.2355607314043544
29avbx__6utdob,29avbx,6utdob,True,,3,3,0,1.0,0.0,1.0,0.0,1.583
98daed__5lfzok,98daed,5lfzok,True,,14,5,0,1.0,0.0,1.0,0.0,1.583
2cai5z__9gmodo,2cai5z,9gmodo,True,,4,7,0,1.0,0.0,1.0,0.0,1.583
2b0vzk__8rloc0,2b0vzk,8rloc0,True,,3,2,0,1.0,0.0,1.0,0.0,1.583
3m5vxu__75cdge,3m5vxu,75cdge,True,,2,2,0,1.0,0.0,1.0,0.0,1.583
1tl13z__4s0a0k,1tl13z,4s0a0k,True,,4,3,0,1.0,0.0,1.0,0.0,1.583
2jkt69__7e5093,2jkt69,7e5093,True,,5,5,0,1.0,0.0,1.0,0.0,1.583
2tvbsy__2uunc5,2tvbsy,2uunc5,True,,3,6,0,1.0,0.0,1.0,0.0,1.583
31s194__4ulgrk,31s194,4ulgrk,True,,8,6,1,0.8571428571428571,0.1428571428571429,0.41734809428453445,0.5826519057154655,2.156010043319102
2ghkpy__5arhqd,2ghkpy,5arhqd,True,,7,2,0,1.0,0.0,1.0,0.0,1.583
3t4gve__2u6cq6,3t4gve,2u6cq6,True,,2,4,0,1.0,0.0,1.0,0.0,1.583
3cwngj__3aggem,3cwngj,3aggem,True,,2,2,1,0.5,0.5,0.4927692827768624,0.5072307172231376,2.157752766814688
3cq0ux__7f54qt,3cq0ux,7f54qt,True,,3,1,0,1.0,0.0,1.0,0.0,1.583
5zi3lm__2lmncb,5zi3lm,2lmncb,True,,3,3,0,1.0,0.0,1.0,0.0,1.583
6yks8k__549iee,6yks8k,549iee,True,,6,3,0,1.0,0.0,1.0,0.0,1.583
5bw3sl__4xsvjl,5bw3sl,4xsvjl,True,,2,2,1,0.5,0.5,0.34117574989795685,0.6588242501020432,2.299325967170298
2byq9o__3q0eze,2byq9o,3q0eze,True,,1,5,0,1.0,0.0,1.0,0.0,1.583
1dwxxi__3t5mug,1dwxxi,3t5mug,True,,8,1,1,0.7777777777777778,0.2222222222222222,0.35714778304100037,0.6428522169589996,2.228270796529121
30pa3a__3pgd6w,30pa3a,3pgd6w,True,,6,3,0,1.0,0.0,1.0,0.0,1.583
32qvy4__9ixfzt,32qvy4,9ixfzt,True,,1,1,0,1.0,0.0,1.0,0.0,1.583
2bnfmr__35k0k9,2bnfmr,35k0k9,True,,4,1,0,1.0,0.0,1.0,0.0,1.583
1vr53r__99vzlr,1vr53r,99vzlr,True,,3,6,0,1.0,0.0,1.0,0.0,1.583
1x261u__7bw8f0,1x261u,7bw8f0,True,,2,3,0,1.0,0.0,1.0,0.0,1.583
2leci9__4gl0hg,2leci9,4gl0hg,True,,6,5,0,1.0,0.0,1.0,0.0,1.583
1sph3h__8m3ptp,1sph3h,8m3ptp,True,,6,2,0,1.0,0.0,1.0,0.0,1.583
3vzbyj__3nqyyy,3vzbyj,3nqyyy,True,,4,3,1,0.7142857142857143,0.2857142857142857,0.4416581280529499,0.5583418719470501,2.162178331354207
1csjmk__8bvzg8,1csjmk,8bvzg8,True,,11,6,4,0.5652173913043478,0.4347826086956522,0.3220403119921684,0.6779596880078316,2.304016117847905
35vr6t__2ylbd7,35vr6t,2ylbd7,True,,2,4,1,0.6666666666666666,0.33333333333333337,0.4206884652376175,0.5793115347623825,2.1913857089812554
3d9znn__991mgl,3d9znn,991mgl,True,,2,9,1,0.8181818181818182,0.18181818181818177,0.3850961923599243,0.6149038076400757,2.194004120500521
88l4f9__63w2rb,88l4f9,63w2rb,True,,2,5,0,1.0,0.0,1.0,0.0,1.583
3010z7__75e9r4,3010z7,75e9r4,True,,3,3,0,1.0,0.0,1.0,0.0,1.583
1p5ssy__6zd33s,1p5ssy,6zd33s,True,,1,5,0,1.0,0.0,1.0,0.0,1.583
3s65nx__70vpvq,3s65nx,70vpvq,True,,1,2,0,1.0,0.0,1.0,0.0,1.583
2j4thz__7bmu23,2j4thz,7bmu23,True,,3,5,0,1.0,0.0,1.0,0.0,1.583
20wb2g__33x9p8,20wb2g,33x9p8,True,,3,1,0,1.0,0.0,1.0,0.0,1.583
9kxluo__7qq36w,9kxluo,7qq36w,True,,5,2,0,1.0,0.0,1.0,0.0,1.583
3r9qbz__9fdxzd,3r9qbz,9fdxzd,True,,3,2,0,1.0,0.0,1.0,0.0,1.583
8lsqpq__2yhppn,8lsqpq,2yhppn,True,,2,4,0,1.0,0.0,1.0,0.0,1.583
3uwn95__3b7dim,3uwn95,3b7dim,True,,4,7,1,0.8181818181818182,0.18181818181818177,0.4116091653704643,0.5883908346295357,2.169243655005978
2l53es__3d5u6e,2l53es,3d5u6e,True,,4,8,0,1.0,0.0,1.0,0.0,1.583
4qt2lw__6potvz,4qt2lw,6potvz,True,,3,4,1,0.7142857142857143,0.2857142857142857,0.3720933794975281,0.6279066205024719,2.2271448500301156
2m8wia__2ikfbf,2m8wia,2ikfbf,True,,5,1,0,1.0,0.0,1.0,0.0,1.583
2dvek6__365p4c,2dvek6,365p4c,True,,2,11,0,1.0,0.0,1.0,0.0,1.583
2vlupk__2e0hyb,2vlupk,2e0hyb,True,,7,3,0,1.0,0.0,1.0,0.0,1.583
5xo3z1__5wk3kd,5xo3z1,5wk3kd,True,,1,3,1,0.2,0.8,0.27316946536302567,0.7268305346369743,2.4234670362974704
356ynr__4v865z,356ynr,4v865z,True,,4,2,0,1.0,0.0,1.0,0.0,1.583
39wfya__72ht8m,39wfya,72ht8m,True,,1,3,0,1.0,0.0,1.0,0.0,1.583
772am5__3lvuz1,772am5,3lvuz1,True,,2,5,0,1.0,0.0,1.0,0.0,1.583
3arneo__7dxb8u,3arneo,7dxb8u,True,,1,6,0,1.0,0.0,1.0,0.0,1.583
1f0upk__9u7hc5,1f0upk,9u7hc5,True,,2,13,0,1.0,0.0,1.0,0.0,1.583
41xkkt__5iy2i1,41xkkt,5iy2i1,True,,4,2,0,1.0,0.0,1.0,0.0,1.583
2l21cu__2iibl4,2l21cu,2iibl4,True,,3,10,0,1.0,0.0,1.0,0.0,1.583
3fwz7i__1ae9mh,3fwz7i,1ae9mh,True,,8,6,0,1.0,0.0,1.0,0.0,1.583
37mbwc__7b2hv6,37mbwc,7b2hv6,True,,4,3,1,0.5,0.5,0.37961752712726593,0.6203824728727341,2.2634251914158465
2vyegu__5ler6b,2vyegu,5ler6b,True,,3,4,2,0.3,0.7,0.3104819357395172,0.6895180642604828,2.368410920212865
9t5uwd__8a5r0w,9t5uwd,8a5r0w,True,,5,7,0,1.0,0.0,1.0,0.0,1.583
8u3h8l__78mc4g,8u3h8l,78mc4g,True,,2,5,0,1.0,0.0,1.0,0.0,1.583
7covg5__38kilh,7covg5,38kilh,True,,3,6,1,0.6,0.4,0.22225938737392426,0.7777406126260757,2.390171958131492
11huhu__6eon9x,11huhu,6eon9x,True,,3,2,0,1.0,0.0,1.0,0.0,1.583
39958r__7x4tsf,39958r,7x4tsf,True,,4,1,0,1.0,0.0,1.0,0.0,1.583
8gujs3__6xueqq,8gujs3,6xueqq,True,,3,4,0,1.0,0.0,1.0,0.0,1.583
3zt4s6__3fxphc,3zt4s6,3fxphc,True,,6,3,2,0.5,0.5,0.4567835330963135,0.5432164669036865,2.191359858441353
9fdxzd__761fu7,9fdxzd,761fu7,True,,2,5,0,1.0,0.0,1.0,0.0,1.583
35g4j0__5jzna2,35g4j0,5jzna2,True,,1,2,0,1.0,0.0,1.0,0.0,1.583
31s194__7ebagm,31s194,7ebagm,True,,8,3,0,1.0,0.0,1.0,0.0,1.583
2tgsnn__3s25ac,2tgsnn,3s25ac,True,,7,5,2,0.6153846153846154,0.3846153846153846,0.4507290404289961,0.5492709595710039,2.17369491837413
93p4tc__24ajqa,93p4tc,24ajqa,True,,2,1,0,1.0,0.0,1.0,0.0,1.583
7azxy1__8pfnw9,7azxy1,8pfnw9,True,,5,3,0,1.0,0.0,1.0,0.0,1.583
3bf5cv__5iys4x,3bf5cv,5iys4x,True,,4,4,1,0.75,0.25,0.4088718146085739,0.5911281853914261,2.185579612337053
8hc46g__39958r,8hc46g,39958r,True,,8,4,0,1.0,0.0,1.0,0.0,1.583
8jrgrh__12n9kz,8jrgrh,12n9kz,True,,7,1,0,1.0,0.0,1.0,0.0,1.583
9h75j7__9u1vfg,9h75j7,9u1vfg,True,,4,2,0,1.0,0.0,1.0,0.0,1.583
3jvf41__2ql93l,3jvf41,2ql93l,True,,6,7,0,1.0,0.0,1.0,0.0,1.583
15vqyq__3gjy8x,15vqyq,3gjy8x,True,,2,1,0,1.0,0.0,1.0,0.0,1.583
2b5c2p__3foggt,2b5c2p,3foggt,True,,1,4,0,1.0,0.0,1.0,0.0,1.583
705xd7__i1m9x,705xd7,i1m9x,True,,5,5,0,1.0,0.0,1.0,0.0,1.583
9pslpc__9gzhqv,9pslpc,9gzhqv,True,,3,3,1,0.42857142857142855,0.5714285714285714,0.44812649115920067,0.5518735088407993,2.2138803841921364
39f069__9p4ej5,39f069,9p4ej5,True,,5,3,0,1.0,0.0,1.0,0.0,1.583
703gbi__24m5oq,703gbi,24m5oq,True,,4,1,0,1.0,0.0,1.0,0.0,1.583
670wba__5iq7ef,670wba,5iq7ef,True,,1,5,0,1.0,0.0,1.0,0.0,1.583
2b5jwn__9gbccl,2b5jwn,9gbccl,True,,2,8,1,0.8,0.19999999999999996,0.38792359083890915,0.6120764091610909,2.1950381585155427
37xjqx__1em6ov,37xjqx,1em6ov,True,,3,8,0,1.0,0.0,1.0,0.0,1.583
8dbd2s__2i9q87,8dbd2s,2i9q87,True,,3,1,0,1.0,0.0,1.0,0.0,1.583
26voam__9au2g8,26voam,9au2g8,True,,3,2,0,1.0,0.0,1.0,0.0,1.583
3q2wal__53r2er,3q2wal,53r2er,True,,1,3,0,1.0,0.0,1.0,0.0,1.583
3xrp3k__3lp7oz,3xrp3k,3lp7oz,True,,8,2,0,1.0,0.0,1.0,0.0,1.583
6dpbhl__7271et,6dpbhl,7271et,True,,3,1,0,1.0,0.0,1.0,0.0,1.583
30egi9__4i1hnd,30egi9,4i1hnd,True,,3,2,0,1.0,0.0,1.0,0.0,1.583
4cok6w__7chxfs,4cok6w,7chxfs,True,,3,2,1,0.6,0.4,0.4103059843182564,0.5896940156817436,2.21455524124518
6uf7ty__36sq8u,6uf7ty,36sq8u,True,,8,1,0,1.0,0.0,1.0,0.0,1.583
40qr5c__5jpjah,40qr5c,5jpjah,True,,5,5,2,0.5454545454545454,0.4545454545454546,0.4161408431828022,0.5838591568171978,2.220129702915217
2e9ndt__3d80pf,2e9ndt,3d80pf,True,,5,4,0,1.0,0.0,1.0,0.0,1.583
4kjjtx__1xi3uz,4kjjtx,1xi3uz,True,,6,1,0,1.0,0.0,1.0,0.0,1.583
9g8e8r__6hzjec,9g8e8r,6hzjec,True,,2,4,1,0.6666666666666666,0.33333333333333337,0.4453229159116745,0.5546770840883255,2.168379595496754
96gms0__42837h,96gms0,42837h,True,,4,4,1,0.75,0.25,0.3870611637830734,0.6129388362169266,2.2059485791429876
9w6hes__7h99qe,9w6hes,7h99qe,True,,2,3,0,1.0,0.0,1.0,0.0,1.583
4kyj9t__8cgdwc,4kyj9t,8cgdwc,True,,3,4,1,0.7142857142857143,0.2857142857142857,0.42509517818689346,0.5749048218131065,2.177646470234117
980w78__3rmutn,980w78,3rmutn,True,,2,8,0,1.0,0.0,1.0,0.0,1.583
2dvek6__9jaj4v,2dvek6,9jaj4v,True,,2,3,0,1.0,0.0,1.0,0.0,1.583
87ubeb__7vqwg6,87ubeb,7vqwg6,True,,2,7,0,1.0,0.0,1.0,0.0,1.583
8qmawp__78ce5q,8qmawp,78ce5q,True,,2,5,0,1.0,0.0,1.0,0.0,1.583
3qyntk__6hfltw,3qyntk,6hfltw,True,,1,2,0,1.0,0.0,1.0,0.0,1.583
2bhwuv__3tarkg,2bhwuv,3tarkg,True,,8,1,0,1.0,0.0,1.0,0.0,1.583
1p9xrz__9ks3k6,1p9xrz,9ks3k6,True,,5,3,0,1.0,0.0,1.0,0.0,1.583
2l53es__5ih13m,2l53es,5ih13m,True,,4,6,0,1.0,0.0,1.0,0.0,1.583
fw7y5__94qz9p,fw7y5,94qz9p,True,,3,8,1,0.8181818181818182,0.18181818181818177,0.45307397469878197,0.546926025301218,2.1305196695742623
4s2qv6__9oorec,4s2qv6,9oorec,True,,7,4,1,0.8181818181818182,0.18181818181818177,0.463654987514019,0.536345012485981,2.1206380617061122
1bv51k__2u1squ,1bv51k,2u1squ,True,,2,3,0,1.0,0.0,1.0,0.0,1.583
5rxhtz__795zy2,5rxhtz,795zy2,True,,4,4,0,1.0,0.0,1.0,0.0,1.583
3jctng__74jwyi,3jctng,74jwyi,True,,4,2,0,1.0,0.0,1.0,0.0,1.583
288ocb__2oe8fw,288ocb,2oe8fw,True,,3,9,0,1.0,0.0,1.0,0.0,1.583
3u4uru__9md2iv,3u4uru,9md2iv,True,,1,9,0,1.0,0.0,1.0,0.0,1.583
3n43a5__3ef9ue,3n43a5,3ef9ue,True,,5,7,3,0.4,0.6,0.42598562811811763,0.5740143718818824,2.24033202190049
5ncn26__9wj62z,5ncn26,9wj62z,True,,3,1,0,1.0,0.0,1.0,0.0,1.583
1dy3m8__9f0vj0,1dy3m8,9f0vj0,True,,1,3,0,1.0,0.0,1.0,0.0,1.583
53azlv__95q9w6,53azlv,95q9w6,True,,5,5,0,1.0,0.0,1.0,0.0,1.583
5fnht8__62n803,5fnht8,62n803,True,,3,5,0,1.0,0.0,1.0,0.0,1.583
49gy98__3l41zu,49gy98,3l41zu,True,,3,4,0,1.0,0.0,1.0,0.0,1.583
2uqrrp__3eam99,2uqrrp,3eam99,True,,4,2,0,1.0,0.0,1.0,0.0,1.583
9yx2tj__8bmnqu,9yx2tj,8bmnqu,True,,1,1,0,1.0,0.0,1.0,0.0,1.583
3aobp4__2uqcja,3aobp4,2uqcja,True,,4,1,1,0.6,0.4,0.4866877803578973,0.5133122196421027,2.1432222819237596
2wb42l__7fu6lg,2wb42l,7fu6lg,True,,1,7,0,1.0,0.0,1.0,0.0,1.583
2wio8b__8pglf7,2wio8b,8pglf7,True,,6,1,0,1.0,0.0,1.0,0.0,1.583
2l53es__8blqfh,2l53es,8blqfh,True,,4,2,0,1.0,0.0,1.0,0.0,1.583
7clpxb__6jh975,7clpxb,6jh975,True,,6,3,0,1.0,0.0,1.0,0.0,1.583
340gyy__5s5ely,340gyy,5s5ely,True,,6,3,2,0.5,0.5,0.284209410349528,0.7157905896504719,2.3525268316745755
36tf4x__92vird,36tf4x,92vird,True,,2,10,0,1.0,0.0,1.0,0.0,1.583
9ymzf1__2mfhiq,9ymzf1,2mfhiq,True,,5,2,0,1.0,0.0,1.0,0.0,1.583
4uxpgg__2e20ib,4uxpgg,2e20ib,True,,3,4,0,1.0,0.0,1.0,0.0,1.583
4spacd__4dgh7a,4spacd,4dgh7a,True,,5,1,0,1.0,0.0,1.0,0.0,1.583
3n2r2z__464mnd,3n2r2z,464mnd,True,,1,6,0,1.0,0.0,1.0,0.0,1.583
39jf37__97ug48,39jf37,97ug48,True,,2,1,0,1.0,0.0,1.0,0.0,1.583
4ch8y6__73peec,4ch8y6,73peec,True,,10,5,0,1.0,0.0,1.0,0.0,1.583
9ous8p__2yldf9,9ous8p,2yldf9,True,,6,4,0,1.0,0.0,1.0,0.0,1.583
3qbf21__k6v31,3qbf21,k6v31,True,,4,6,1,0.8,0.19999999999999996,0.4284592866897583,0.5715407133102417,2.1571818721604346
5qe2wo__6ge0a3,5qe2wo,6ge0a3,True,,3,3,0,1.0,0.0,1.0,0.0,1.583
72jnjj__2our97,72jnjj,2our97,True,,3,2,0,1.0,0.0,1.0,0.0,1.583
3nq1gr__6wpmy8,3nq1gr,6wpmy8,True,,1,2,0,1.0,0.0,1.0,0.0,1.583
8x1we1__tag2s,8x1we1,tag2s,True,,2,7,0,1.0,0.0,1.0,0.0,1.583
2uqrrp__9uqiw9,2uqrrp,9uqiw9,True,,4,4,0,1.0,0.0,1.0,0.0,1.583
4f9pzm__64z8l6,4f9pzm,64z8l6,True,,4,9,2,0.3684210526315789,0.631578947368421,0.3808907475322485,0.6191092524677515,2.2888282361427907
970nac__1p1bdq,970nac,1p1bdq,True,,13,3,0,1.0,0.0,1.0,0.0,1.583
3apcv7__2xuccl,3apcv7,2xuccl,True,,8,3,0,1.0,0.0,1.0,0.0,1.583
8vmoan__2mr1f4,8vmoan,2mr1f4,True,,1,1,0,1.0,0.0,1.0,0.0,1.583
2gxbf2__4wj8o9,2gxbf2,4wj8o9,True,,3,1,0,1.0,0.0,1.0,0.0,1.583
2iiobs__30cc1w,2iiobs,30cc1w,True,,2,2,0,1.0,0.0,1.0,0.0,1.583
3a2vjf__6jlifb,3a2vjf,6jlifb,True,,2,3,1,0.6,0.4,0.38146108388900757,0.6185389161109924,2.2414934937560558
4yt0jq__p9ys3,4yt0jq,p9ys3,True,,2,2,0,1.0,0.0,1.0,0.0,1.583
9c0o3u__8eltsh,9c0o3u,8eltsh,True,,4,7,0,1.0,0.0,1.0,0.0,1.583
2dm81u__8l4j56,2dm81u,8l4j56,True,,8,4,0,1.0,0.0,1.0,0.0,1.583
26ewqy__6jlifb,26ewqy,6jlifb,True,,6,3,0,1.0,0.0,1.0,0.0,1.583
5dw5io__8wvgmg,5dw5io,8wvgmg,True,,2,3,0,1.0,0.0,1.0,0.0,1.583
55mo4w__961xso,55mo4w,961xso,True,,4,2,0,1.0,0.0,1.0,0.0,1.583
3ekm9c__1i1pzw,3ekm9c,1i1pzw,True,,4,1,0,1.0,0.0,1.0,0.0,1.583
2vwq41__7c3m44,2vwq41,7c3m44,True,,2,3,0,1.0,0.0,1.0,0.0,1.583
6fc9dp__21fm59,6fc9dp,21fm59,True,,6,4,0,1.0,0.0,1.0,0.0,1.583
32mrno__6hxxpk,32mrno,6hxxpk,True,,3,3,0,1.0,0.0,1.0,0.0,1.583
91wxnx__2oxz6s,91wxnx,2oxz6s,True,,4,4,3,0.21428571428571427,0.7857142857142857,0.3000606233254075,0.6999393766745925,2.395466241019259
1axs0z__547343,1axs0z,547343,True,,2,3,0,1.0,0.0,1.0,0.0,1.583
3wtchr__73akvm,3wtchr,73akvm,True,,7,5,0,1.0,0.0,1.0,0.0,1.583
4aglga__987ndd,4aglga,987ndd,True,,1,2,0,1.0,0.0,1.0,0.0,1.583
1r4dun__1tl6tu,1r4dun,1tl6tu,True,,5,2,1,0.7142857142857143,0.2857142857142857,0.17350468039512634,0.8264953196048737,2.4126068361218485
3vynyg__1lwolv,3vynyg,1lwolv,True,,5,1,0,1.0,0.0,1.0,0.0,1.583
7pubpx__2fs77s,7pubpx,2fs77s,True,,7,4,1,0.6666666666666666,0.33333333333333337,0.2683475390076637,0.7316524609923363,2.3336568999874094
8l326g__9indua,8l326g,9indua,True,,2,2,0,1.0,0.0,1.0,0.0,1.583
2m8ogz__2vuc5r,2m8ogz,2vuc5r,True,,9,2,0,1.0,0.0,1.0,0.0,1.583
4vay2x__2kfi6b,4vay2x,2kfi6b,True,,4,1,0,1.0,0.0,1.0,0.0,1.583
9de1nq__4k5m3d,9de1nq,4k5m3d,True,,2,1,0,1.0,0.0,1.0,0.0,1.583
9wtpuv__5direc,9wtpuv,5direc,True,,2,10,0,1.0,0.0,1.0,0.0,1.583
4nztw4__gk3ym,4nztw4,gk3ym,True,,3,1,0,1.0,0.0,1.0,0.0,1.583
3l39lv__8p8la8,3l39lv,8p8la8,True,,3,2,1,0.6,0.4,0.36748509109020233,0.6325149089097977,2.2545456734308598
7nbdh2__2y5h0c,7nbdh2,2y5h0c,True,,5,2,0,1.0,0.0,1.0,0.0,1.583
31poc1__38e99v,31poc1,38e99v,True,,6,5,2,0.6666666666666666,0.33333333333333337,0.35406429693102837,0.6459357030689716,2.253606019762779
8rgvwo__1a8s1t,8rgvwo,1a8s1t,True,,4,3,0,1.0,0.0,1.0,0.0,1.583
3kydlb__4l37nb,3kydlb,4l37nb,True,,2,4,0,1.0,0.0,1.0,0.0,1.583
2zucl4__9e66sn,2zucl4,9e66sn,True,,2,2,0,1.0,0.0,1.0,0.0,1.583
98vbid__6ynwkm,98vbid,6ynwkm,True,,1,2,0,1.0,0.0,1.0,0.0,1.583
3yuepy__3cdxln,3yuepy,3cdxln,True,,2,6,1,0.5555555555555556,0.4444444444444444,0.33209699392318726,0.6679030060768127,2.296576839597358
39qc6t__6n5fmz,39qc6t,6n5fmz,True,,7,5,0,1.0,0.0,1.0,0.0,1.583
9c8ip5__5ih13m,9c8ip5,5ih13m,True,,4,6,2,0.38461538461538464,0.6153846153846154,0.2885902648170789,0.7114097351829212,2.371754782456561
96far9__5wd5ov,96far9,5wd5ov,True,,3,2,0,1.0,0.0,1.0,0.0,1.583
9x3yg0__6nww88,9x3yg0,6nww88,True,,4,5,0,1.0,0.0,1.0,0.0,1.583
1debp9__5kbr7r,1debp9,5kbr7r,True,,2,5,0,1.0,0.0,1.0,0.0,1.583
3kjcpw__39p86l,3kjcpw,39p86l,True,,5,3,0,1.0,0.0,1.0,0.0,1.583
4erion__6561qa,4erion,6561qa,True,,1,8,0,1.0,0.0,1.0,0.0,1.583
9d101j__2ywzst,9d101j,2ywzst,True,,5,7,0,1.0,0.0,1.0,0.0,1.583
33isuu__1tehkn,33isuu,1tehkn,True,,6,5,1,0.8181818181818182,0.18181818181818177,0.4255743995308876,0.5744256004691124,2.1562015228235585
1mvj6s__2efd6l,1mvj6s,2efd6l,True,,6,1,0,1.0,0.0,1.0,0.0,1.583
6m5f01__5ffadv,6m5f01,5ffadv,True,,10,5,2,0.42857142857142855,0.5714285714285714,0.3140852954238653,0.6859147045761347,2.3390614568893664
3010z7__3azhsc,3010z7,3azhsc,True,,3,3,0,1.0,0.0,1.0,0.0,1.583
39ixii__1o241p,39ixii,1o241p,True,,3,3,0,1.0,0.0,1.0,0.0,1.583
7c346z__3609ox,7c346z,3609ox,True,,11,3,0,1.0,0.0,1.0,0.0,1.583
41fwum__1utlhk,41fwum,1utlhk,True,,9,7,0,1.0,0.0,1.0,0.0,1.583
9j9c41__27lh30,9j9c41,27lh30,True,,4,3,0,1.0,0.0,1.0,0.0,1.583
2g4ytp__1lk59u,2g4ytp,1lk59u,True,,2,8,1,0.6363636363636364,0.36363636363636365,0.4188506193459034,0.5811493806540966,2.1992263156837697
92op7e__9j3dt9,92op7e,9j3dt9,True,,4,2,0,1.0,0.0,1.0,0.0,1.583
8b7742__4cdizx,8b7742,4cdizx,True,,4,6,1,0.6363636363636364,0.36363636363636365,0.47616292582824826,0.5238370741717517,2.145702352659908
87940j__3q92fz,87940j,3q92fz,True,,3,4,2,0.375,0.625,0.37767255678772926,0.6223274432122707,2.29050409921594
31v67w__3zt1ue,31v67w,3zt1ue,True,,3,2,2,0.16666666666666666,0.8333333333333334,0.45231687370687723,0.5476831262931228,2.2628979383118137
38ox7u__2le8ou,38ox7u,2le8ou,True,,8,2,0,1.0,0.0,1.0,0.0,1.583
1ultj4__1g3wlu,1ultj4,1g3wlu,True,,1,2,0,1.0,0.0,1.0,0.0,1.583
3amyzm__74silm,3amyzm,74silm,True,,1,2,0,1.0,0.0,1.0,0.0,1.583
3trvtu__8o8x6r,3trvtu,8o8x6r,True,,4,1,0,1.0,0.0,1.0,0.0,1.583
3h4yrg__5onuso,3h4yrg,5onuso,True,,8,5,0,1.0,0.0,1.0,0.0,1.583
37n97t__4y0c44,37n97t,4y0c44,True,,4,1,0,1.0,0.0,1.0,0.0,1.583
9w6hes__35wcah,9w6hes,35wcah,True,,2,7,0,1.0,0.0,1.0,0.0,1.583
2pjhck__3v42xx,2pjhck,3v42xx,True,,4,5,2,0.5,0.5,0.3854548931121826,0.6145451068878174,2.257973675322533
4xr0w5__5lhcvq,4xr0w5,5lhcvq,True,,3,4,0,1.0,0.0,1.0,0.0,1.583
kbtqs__91ehis,kbtqs,91ehis,True,,3,1,0,1.0,0.0,1.0,0.0,1.583
4rox3w__96c65b,4rox3w,96c65b,True,,3,3,0,1.0,0.0,1.0,0.0,1.583
7d2o7b__2pv7k0,7d2o7b,2pv7k0,True,,2,4,0,1.0,0.0,1.0,0.0,1.583
46lr6r__8p5zet,46lr6r,8p5zet,True,,2,8,0,1.0,0.0,1.0,0.0,1.583
960vyx__1w0b2h,960vyx,1w0b2h,True,,3,7,0,1.0,0.0,1.0,0.0,1.583
8jvi0x__8etx2t,8jvi0x,8etx2t,True,,9,2,0,1.0,0.0,1.0,0.0,1.583
945did__5dk32a,945did,5dk32a,True,,2,5,0,1.0,0.0,1.0,0.0,1.583
9x6a1z__2nfy03,9x6a1z,2nfy03,True,,8,2,1,0.8,0.19999999999999996,0.39395853132009506,0.6060414686799049,2.189402127600163
28hzfj__26622t,28hzfj,26622t,True,,7,7,0,1.0,0.0,1.0,0.0,1.583
5351kx__2heoxw,5351kx,2heoxw,True,,1,4,0,1.0,0.0,1.0,0.0,1.583
3f8bxh__4kqgzu,3f8bxh,4kqgzu,True,,1,1,0,1.0,0.0,1.0,0.0,1.583
8kii8n__13z3k5,8kii8n,13z3k5,True,,3,7,0,1.0,0.0,1.0,0.0,1.583
1s7tev__7gnx8s,1s7tev,7gnx8s,True,,4,2,0,1.0,0.0,1.0,0.0,1.583
91v3kp__5v7d4z,91v3kp,5v7d4z,True,,4,2,1,0.6666666666666666,0.33333333333333337,0.4293567016720772,0.5706432983279228,2.183290442975114
6e1xn3__79sby3,6e1xn3,79sby3,True,,6,4,0,1.0,0.0,1.0,0.0,1.583
4xthb5__4avquu,4xthb5,4avquu,True,,1,4,0,1.0,0.0,1.0,0.0,1.583
3thq96__8er9k4,3thq96,8er9k4,True,,6,7,0,1.0,0.0,1.0,0.0,1.583
6qgsx7__5rk73t,6qgsx7,5rk73t,True,,9,5,0,1.0,0.0,1.0,0.0,1.583
8ci6nk__71ensa,8ci6nk,71ensa,True,,2,3,0,1.0,0.0,1.0,0.0,1.583
5k3jix__7coprn,5k3jix,7coprn,True,,2,1,0,1.0,0.0,1.0,0.0,1.583
63apfj__3bacnm,63apfj,3bacnm,True,,1,11,0,1.0,0.0,1.0,0.0,1.583
23wxuw__20laz6,23wxuw,20laz6,True,,3,8,0,1.0,0.0,1.0,0.0,1.583
5iys4x__78aza5,5iys4x,78aza5,True,,4,3,1,0.7142857142857143,0.2857142857142857,0.3490779399871826,0.6509220600128174,2.248638968988827
3o5s7a__31u11l,3o5s7a,31u11l,True,,2,3,0,1.0,0.0,1.0,0.0,1.583
5qmt4v__9xwfkt,5qmt4v,9xwfkt,True,,10,1,0,1.0,0.0,1.0,0.0,1.583
292658__5k3jix,292658,5k3jix,True,,3,2,0,1.0,0.0,1.0,0.0,1.583
2ts1jo__8gwyat,2ts1jo,8gwyat,True,,9,3,0,1.0,0.0,1.0,0.0,1.583
9oxdc6__2uunc5,9oxdc6,2uunc5,True,,2,6,1,0.5555555555555556,0.4444444444444444,0.4195638410747051,0.5804361589252949,2.2148915510425553
40qr5c__8d6bhz,40qr5c,8d6bhz,True,,5,8,0,1.0,0.0,1.0,0.0,1.583
9hfyyi__52jgnv,9hfyyi,52jgnv,True,,8,4,0,1.0,0.0,1.0,0.0,1.583
56zxca__9fiju8,56zxca,9fiju8,True,,1,1,1,0.0,1.0,0.20840969681739807,0.7915903031826019,2.524366184142232
4m8ter__536777,4m8ter,536777,True,,3,1,0,1.0,0.0,1.0,0.0,1.583
35cirh__5onuso,35cirh,5onuso,True,,4,5,3,0.25,0.75,0.39231689274311066,0.6076831072568893,2.302090253867209
8hk9lp__3e1c65,8hk9lp,3e1c65,True,,3,2,0,1.0,0.0,1.0,0.0,1.583
2iymjl__1v0y5v,2iymjl,1v0y5v,True,,6,4,3,0.38461538461538464,0.6153846153846154,0.43321026240785915,0.5667897375921409,2.236694166706531
3ste8f__8s3i68,3ste8f,8s3i68,True,,1,5,0,1.0,0.0,1.0,0.0,1.583
3f4t17__23wxuw,3f4t17,23wxuw,True,,5,3,2,0.14285714285714285,0.8571428571428572,0.4225882440805435,0.5774117559194565,2.295473410281752
31zxim__35ngzx,31zxim,35ngzx,True,,6,5,0,1.0,0.0,1.0,0.0,1.583
3thond__5iq8h5,3thond,5iq8h5,True,,1,5,1,0.42857142857142855,0.5714285714285714,0.43508846312761307,0.5649115368723869,2.2260565985708363
38a945__3ushtf,38a945,3ushtf,True,,3,2,2,0.0,1.0,0.47360556821028393,0.526394431789716,2.2766997598484155
2gt1c3__7cdv13,2gt1c3,7cdv13,True,,7,7,0,1.0,0.0,1.0,0.0,1.583
63apfj__342iw4,63apfj,342iw4,True,,1,8,0,1.0,0.0,1.0,0.0,1.583
3q9994__2saoe0,3q9994,2saoe0,True,,3,8,2,0.5833333333333334,0.41666666666666663,0.35290733352303505,0.647092666476965,2.271528174556171
2ksl18__9acoj7,2ksl18,9acoj7,True,,3,2,0,1.0,0.0,1.0,0.0,1.583
649me2__9tbprm,649me2,9tbprm,True,,3,2,0,1.0,0.0,1.0,0.0,1.583
5zkr68__6dc5au,5zkr68,6dc5au,True,,6,4,0,1.0,0.0,1.0,0.0,1.583
7u7tfv__5vlqjl,7u7tfv,5vlqjl,True,,8,4,1,0.3,0.7,0.36877207178622484,0.6312279282137752,2.3139737621588443
49uco1__38nolt,49uco1,38nolt,True,,8,5,2,0.6428571428571429,0.3571428571428571,0.45337813533842564,0.5466218646615744,2.165668730836016
3q76qj__2nx7fo,3q76qj,2nx7fo,True,,10,3,0,1.0,0.0,1.0,0.0,1.583
8glg72__7ci16f,8glg72,7ci16f,True,,4,5,0,1.0,0.0,1.0,0.0,1.583
4kudwr__2t6v9q,4kudwr,2t6v9q,True,,8,6,4,0.25,0.75,0.40025884360075,0.5997411563992501,2.2946732659612596
52i5l2__3sdwxh,52i5l2,3sdwxh,True,,4,3,0,1.0,0.0,1.0,0.0,1.583
93zgvy__9123mh,93zgvy,9123mh,True,,4,3,1,0.7142857142857143,0.2857142857142857,0.21981599926948547,0.7801840007305145,2.3693566954250844
2t7osy__3a0u57,2t7osy,3a0u57,True,,4,3,0,1.0,0.0,1.0,0.0,1.583
38rwce__9ump3q,38rwce,9ump3q,True,,3,2,0,1.0,0.0,1.0,0.0,1.583
87f8eq__89kj2m,87f8eq,89kj2m,True,,2,4,0,1.0,0.0,1.0,0.0,1.583
9fe2w4__96neqf,9fe2w4,96neqf,True,,4,3,0,1.0,0.0,1.0,0.0,1.583
33lyu5__2qvlhc,33lyu5,2qvlhc,True,,2,4,0,1.0,0.0,1.0,0.0,1.583
4huu6l__7ghfws,4huu6l,7ghfws,True,,2,5,0,1.0,0.0,1.0,0.0,1.583
4m89zm__2ybpvn,4m89zm,2ybpvn,True,,3,5,0,1.0,0.0,1.0,0.0,1.583
8hnm0e__4ipnu7,8hnm0e,4ipnu7,True,,2,5,0,1.0,0.0,1.0,0.0,1.583
282v1z__3a7g5m,282v1z,3a7g5m,True,,5,6,3,0.42857142857142855,0.5714285714285714,0.48638327854375046,0.5136167214562495,2.1781523704537054
4r9q06__5ehdls,4r9q06,5ehdls,True,,3,2,0,1.0,0.0,1.0,0.0,1.583
3jq17j__4uxety,3jq17j,4uxety,True,,6,5,0,1.0,0.0,1.0,0.0,1.583
5rdlzq__2b172c,5rdlzq,2b172c,True,,6,5,0,1.0,0.0,1.0,0.0,1.583
3h5wf0__5ppg4c,3h5wf0,5ppg4c,True,,2,3,0,1.0,0.0,1.0,0.0,1.583
9gfs55__8yhql9,9gfs55,8yhql9,True,,1,2,0,1.0,0.0,1.0,0.0,1.583
3pxt33__1osahi,3pxt33,1osahi,True,,3,7,0,1.0,0.0,1.0,0.0,1.583
3scspq__62ih01,3scspq,62ih01,True,,13,6,0,1.0,0.0,1.0,0.0,1.583
1izgna__502drk,1izgna,502drk,True,,4,3,3,0.1,0.9,0.3913618102669716,0.6086381897330284,2.333297205391675
2rwmka__51x9fe,2rwmka,51x9fe,True,,1,8,0,1.0,0.0,1.0,0.0,1.583
96uiks__7clpxb,96uiks,7clpxb,True,,2,6,2,0.14285714285714285,0.8571428571428572,0.45357334008440375,0.5464266599155962,2.2665364291237466
3cdwnl__20c8ma,3cdwnl,20c8ma,True,,4,4,0,1.0,0.0,1.0,0.0,1.583
3fhamq__2h8njh,3fhamq,2h8njh,True,,3,2,0,1.0,0.0,1.0,0.0,1.583
6726xq__4xp95i,6726xq,4xp95i,True,,7,5,0,1.0,0.0,1.0,0.0,1.583
35scyg__1jxsux,35scyg,1jxsux,True,,5,4,0,1.0,0.0,1.0,0.0,1.583
6i5sji__6obmtx,6i5sji,6obmtx,True,,2,4,1,0.42857142857142855,0.5714285714285714,0.25913205742836,0.74086794257164,2.3903822858533688
30ird1__9socrk,30ird1,9socrk,True,,2,6,0,1.0,0.0,1.0,0.0,1.583
6delln__6hia04,6delln,6hia04,True,,1,2,0,1.0,0.0,1.0,0.0,1.583
3wcgev__2t4tmx,3wcgev,2t4tmx,True,,1,6,0,1.0,0.0,1.0,0.0,1.583
4vay2x__44mzcg,4vay2x,44mzcg,True,,4,5,0,1.0,0.0,1.0,0.0,1.583
4g4wtc__17y9o4,4g4wtc,17y9o4,True,,3,12,0,1.0,0.0,1.0,0.0,1.583
986z8f__2sjfba,986z8f,2sjfba,True,,1,1,0,1.0,0.0,1.0,0.0,1.583
2smap3__9xu9kc,2smap3,9xu9kc,True,,9,2,1,0.6666666666666666,0.33333333333333337,0.43273498862981796,0.567265011370182,2.1801354607852796
9w4xtg__3luw2m,9w4xtg,3luw2m,True,,2,3,0,1.0,0.0,1.0,0.0,1.583
8id7gl__1csjmk,8id7gl,1csjmk,True,,4,11,0,1.0,0.0,1.0,0.0,1.583
37lmad__6odlud,37lmad,6odlud,True,,6,6,0,1.0,0.0,1.0,0.0,1.583
31nkew__2oe8fw,31nkew,2oe8fw,True,,2,9,0,1.0,0.0,1.0,0.0,1.583
2bnfmr__90jzjb,2bnfmr,90jzjb,True,,4,4,0,1.0,0.0,1.0,0.0,1.583
7i40rq__9ebhb4,7i40rq,9ebhb4,True,,4,2,0,1.0,0.0,1.0,0.0,1.583
88o06r__3gf9tt,88o06r,3gf9tt,True,,2,2,0,1.0,0.0,1.0,0.0,1.583
3n6eh5__1ayq7j,3n6eh5,1ayq7j,True,,8,6,1,0.8571428571428571,0.1428571428571429,0.3009773790836334,0.6990226209163666,2.2646886542452234
77keyf__773qm9,77keyf,773qm9,True,,2,1,0,1.0,0.0,1.0,0.0,1.583
8hjw69__1m8932,8hjw69,1m8932,True,,5,8,3,0.42105263157894735,0.5789473684210527,0.4268546998500824,0.5731453001499176,2.235265658967903
2gxmbg__31g1hz,2gxmbg,31g1hz,True,,1,4,0,1.0,0.0,1.0,0.0,1.583
35t1xv__3bmrxo,35t1xv,3bmrxo,True,,3,3,0,1.0,0.0,1.0,0.0,1.583
3gqu16__9k1jfq,3gqu16,9k1jfq,True,,3,8,0,1.0,0.0,1.0,0.0,1.583
8t9lud__9ggb7x,8t9lud,9ggb7x,True,,3,7,2,0.25,0.75,0.4153148583136499,0.5846851416863501,2.2806124538208823
26srsb__9sspe9,26srsb,9sspe9,True,,1,1,0,1.0,0.0,1.0,0.0,1.583
3gs2z3__7c9bgh,3gs2z3,7c9bgh,True,,2,2,0,1.0,0.0,1.0,0.0,1.583
3mbwxj__9plbum,3mbwxj,9plbum,True,,4,3,0,1.0,0.0,1.0,0.0,1.583
31xoe3__2h2kpv,31xoe3,2h2kpv,True,,5,2,0,1.0,0.0,1.0,0.0,1.583
5hvr6z__4h4iva,5hvr6z,4h4iva,True,,14,8,0,1.0,0.0,1.0,0.0,1.583
6uiiye__3ef6ng,6uiiye,3ef6ng,True,,5,3,0,1.0,0.0,1.0,0.0,1.583
3m1dy9__99iph6,3m1dy9,99iph6,True,,4,7,0,1.0,0.0,1.0,0.0,1.583
3v7y8s__9tdjbp,3v7y8s,9tdjbp,True,,1,5,0,1.0,0.0,1.0,0.0,1.583
8i8nij__4wj8o9,8i8nij,4wj8o9,True,,2,1,1,0.3333333333333333,0.6666666666666667,0.35317298769950867,0.6468270123004913,2.321805080120762
1cafcx__9jzgny,1cafcx,9jzgny,True,,8,6,0,1.0,0.0,1.0,0.0,1.583
4wqdiy__3jkxxj,4wqdiy,3jkxxj,True,,3,3,0,1.0,0.0,1.0,0.0,1.583
3zd7ou__2oqf07,3zd7ou,2oqf07,True,,3,5,0,1.0,0.0,1.0,0.0,1.583
5jdct9__2oe8fw,5jdct9,2oe8fw,True,,2,9,0,1.0,0.0,1.0,0.0,1.583
6c9of5__51vrpp,6c9of5,51vrpp,True,,7,4,0,1.0,0.0,1.0,0.0,1.583
7005hu__8ds206,7005hu,8ds206,True,,2,7,0,1.0,0.0,1.0,0.0,1.583
2hzp5h__5i4z9r,2hzp5h,5i4z9r,True,,6,1,0,1.0,0.0,1.0,0.0,1.583
2l4r9w__3f61n3,2l4r9w,3f61n3,True,,4,1,0,1.0,0.0,1.0,0.0,1.583
4ageha__8bdke8,4ageha,8bdke8,True,,1,3,0,1.0,0.0,1.0,0.0,1.583
8m2agq__3m5vxu,8m2agq,3m5vxu,True,,1,2,1,0.0,1.0,0.3662251681089401,0.6337748318910599,2.376982315503061
2ujxhs__9waq4r,2ujxhs,9waq4r,True,,3,2,0,1.0,0.0,1.0,0.0,1.583
2rho06__26mg30,2rho06,26mg30,True,,1,3,0,1.0,0.0,1.0,0.0,1.583
3ba0z2__5fx9ve,3ba0z2,5fx9ve,True,,7,5,0,1.0,0.0,1.0,0.0,1.583
8t9ma0__2idzew,8t9ma0,2idzew,True,,2,7,0,1.0,0.0,1.0,0.0,1.583
9mnjrw__6xsyf8,9mnjrw,6xsyf8,True,,6,3,0,1.0,0.0,1.0,0.0,1.583
5x6be1__7f004e,5x6be1,7f004e,True,,5,1,0,1.0,0.0,1.0,0.0,1.583
2iymjl__9sa5z0,2iymjl,9sa5z0,True,,6,5,1,0.8181818181818182,0.18181818181818177,0.3478376567363739,0.6521623432636261,2.228799866919355
1jbpkf__4430a9,1jbpkf,4430a9,True,,4,1,0,1.0,0.0,1.0,0.0,1.583
19flsa__2mfukj,19flsa,2mfukj,True,,7,3,0,1.0,0.0,1.0,0.0,1.583
362atr__4w6h6y,362atr,4w6h6y,True,,6,6,0,1.0,0.0,1.0,0.0,1.583
94559v__77dlpq,94559v,77dlpq,True,,1,1,0,1.0,0.0,1.0,0.0,1.583
33a9pt__3bob0f,33a9pt,3bob0f,True,,2,2,0,1.0,0.0,1.0,0.0,1.583
9axfda__8jmaev,9axfda,8jmaev,True,,1,4,0,1.0,0.0,1.0,0.0,1.583
9sf4zz__3azvkf,9sf4zz,3azvkf,True,,4,8,0,1.0,0.0,1.0,0.0,1.583
6xvtcj__4k5b91,6xvtcj,4k5b91,True,,2,3,1,0.3333333333333333,0.6666666666666667,0.298141285777092,0.701858714222908,2.373199186546107
8jrvow__54ms5r,8jrvow,54ms5r,True,,2,1,0,1.0,0.0,1.0,0.0,1.583
6u9y6v__3d90hc,6u9y6v,3d90hc,True,,4,1,1,0.6,0.4,0.3124306797981262,0.6875693202018738,2.3059609881365297
36tf4x__6pqc9f,36tf4x,6pqc9f,True,,2,8,1,0.8,0.19999999999999996,0.3329453021287918,0.6670546978712082,2.2463823823419213
1x53zg__6e9e08,1x53zg,6e9e08,True,,2,6,1,0.75,0.25,0.32641254365444183,0.6735874563455582,2.2625883254811168
3rlx0o__9qd66l,3rlx0o,9qd66l,True,,10,3,0,1.0,0.0,1.0,0.0,1.583
3fkza5__2yqac0,3fkza5,2yqac0,True,,2,1,0,1.0,0.0,1.0,0.0,1.583
1stx3n__4enx0w,1stx3n,4enx0w,True,,12,6,0,1.0,0.0,1.0,0.0,1.583
39xm8q__5v2ywe,39xm8q,5v2ywe,True,,3,3,0,1.0,0.0,1.0,0.0,1.583
44pdt4__9i19eq,44pdt4,9i19eq,True,,1,3,0,1.0,0.0,1.0,0.0,1.583
65v9ky__5wd5ov,65v9ky,5wd5ov,True,,8,2,1,0.32,0.6799999999999999,0.3845736396809419,0.6154263603190582,2.2951746779019686
9kwlpc__3krfdy,9kwlpc,3krfdy,True,,5,4,0,1.0,0.0,1.0,0.0,1.583
9ogv6m__9j9c41,9ogv6m,9j9c41,True,,13,4,0,1.0,0.0,1.0,0.0,1.583
211dxc__6mp5gs,211dxc,6mp5gs,True,,10,8,0,1.0,0.0,1.0,0.0,1.583
1an6sg__30yoqr,1an6sg,30yoqr,True,,5,2,0,1.0,0.0,1.0,0.0,1.583
31l1ud__2x0v24,31l1ud,2x0v24,True,,3,4,0,1.0,0.0,1.0,0.0,1.583
94xvnn__6dea46,94xvnn,6dea46,True,,5,2,0,1.0,0.0,1.0,0.0,1.583
3rfu5h__4ipfrd,3rfu5h,4ipfrd,True,,4,4,0,1.0,0.0,1.0,0.0,1.583
8rq7ck__2lwvqg,8rq7ck,2lwvqg,True,,3,5,0,1.0,0.0,1.0,0.0,1.583
3l39lv__48g8kp,3l39lv,48g8kp,True,,3,1,0,1.0,0.0,1.0,0.0,1.583
2n08s9__3kz02w,2n08s9,3kz02w,True,,5,5,0,1.0,0.0,1.0,0.0,1.583
2zjfx6__4n9zkk,2zjfx6,4n9zkk,True,,3,2,0,1.0,0.0,1.0,0.0,1.583
3cqdgx__57xdui,3cqdgx,57xdui,True,,7,2,0,1.0,0.0,1.0,0.0,1.583
9jhlhr__2yvonh,9jhlhr,2yvonh,True,,10,3,0,1.0,0.0,1.0,0.0,1.583
29ot8n__4n4a71,29ot8n,4n4a71,True,,3,1,0,1.0,0.0,1.0,0.0,1.583
31orrs__7ew1ql,31orrs,7ew1ql,True,,6,4,0,1.0,0.0,1.0,0.0,1.583
5gp15g__34s0so,5gp15g,34s0so,True,,2,2,0,1.0,0.0,1.0,0.0,1.583
2cslz6__6ttuob,2cslz6,6ttuob,True,,3,4,0,1.0,0.0,1.0,0.0,1.583
f0ki9__9kldph,f0ki9,9kldph,True,,6,7,0,1.0,0.0,1.0,0.0,1.583
87004i__9thdbg,87004i,9thdbg,True,,3,5,0,1.0,0.0,1.0,0.0,1.583
288oa6__2pwvu8,288oa6,2pwvu8,True,,3,2,0,1.0,0.0,1.0,0.0,1.583
1d4e9m__9qzok9,1d4e9m,9qzok9,True,,1,7,0,1.0,0.0,1.0,0.0,1.583
6uiiye__2pno1q,6uiiye,2pno1q,True,,5,9,2,0.5294117647058824,0.47058823529411764,0.3282743530968825,0.6717256469031174,2.3054304639957626
3gzrmu__3n1few,3gzrmu,3n1few,True,,6,4,0,1.0,0.0,1.0,0.0,1.583
27qc3f__2d9key,27qc3f,2d9key,True,,6,6,0,1.0,0.0,1.0,0.0,1.583
8wc9pc__4anepv,8wc9pc,4anepv,True,,2,4,0,1.0,0.0,1.0,0.0,1.583
1f3zik__75kxqs,1f3zik,75kxqs,True,,2,2,1,0.5,0.5,0.3794185668230057,0.6205814331769943,2.263611000443995
1lwzld__3dpk4u,1lwzld,3dpk4u,True,,7,9,0,1.0,0.0,1.0,0.0,1.583
6tf75v__522cj6,6tf75v,522cj6,True,,1,3,0,1.0,0.0,1.0,0.0,1.583
2tnov1__6jf86k,2tnov1,6jf86k,True,,4,1,0,1.0,0.0,1.0,0.0,1.583
9eqmb2__5e7etd,9eqmb2,5e7etd,True,,3,2,0,1.0,0.0,1.0,0.0,1.583
6v777s__66kck1,6v777s,66kck1,True,,7,3,0,1.0,0.0,1.0,0.0,1.583
1f9399__3m1dy9,1f9399,3m1dy9,True,,1,4,0,1.0,0.0,1.0,0.0,1.583
39abra__2oxfit,39abra,2oxfit,True,,4,4,0,1.0,0.0,1.0,0.0,1.583
9snkcp__31cnjg,9snkcp,31cnjg,True,,3,2,0,1.0,0.0,1.0,0.0,1.583
9qcksr__54ui6c,9qcksr,54ui6c,True,,1,1,0,1.0,0.0,1.0,0.0,1.583
8ivs6g__62gk1x,8ivs6g,62gk1x,True,,4,3,0,1.0,0.0,1.0,0.0,1.583
663nf3__2crhcn,663nf3,2crhcn,True,,2,2,0,1.0,0.0,1.0,0.0,1.583
9s7egf__4dbk47,9s7egf,4dbk47,True,,6,1,1,0.5,0.5,0.33028125762939453,0.6697187423706055,2.3095003334999085
31a9zh__40bls2,31a9zh,40bls2,True,,3,7,0,1.0,0.0,1.0,0.0,1.583
2hhaep__2xg8ik,2hhaep,2xg8ik,True,,7,7,2,0.19047619047619047,0.8095238095238095,0.45705983228981495,0.542940167710185,2.253656584529304
9nwoj4__7269u2,9nwoj4,7269u2,True,,2,4,0,1.0,0.0,1.0,0.0,1.583
30egi9__4lo8b3,30egi9,4lo8b3,True,,3,1,0,1.0,0.0,1.0,0.0,1.583
1fiqsd__9k1jfq,1fiqsd,9k1jfq,True,,2,8,0,1.0,0.0,1.0,0.0,1.583
8kqef0__1qxc7l,8kqef0,1qxc7l,True,,6,4,0,1.0,0.0,1.0,0.0,1.583
8w8rpi__2v7h2h,8w8rpi,2v7h2h,True,,4,2,0,1.0,0.0,1.0,0.0,1.583
3uuczw__2pdv0n,3uuczw,2pdv0n,True,,2,6,0,1.0,0.0,1.0,0.0,1.583
5fun7d__6dn91q,5fun7d,6dn91q,True,,5,4,2,0.5,0.5,0.3954680301249027,0.6045319698750973,2.248622406666353
3h0xow__54m0re,3h0xow,54m0re,True,,3,6,0,1.0,0.0,1.0,0.0,1.583
8kywb3__7dju4w,8kywb3,7dju4w,True,,3,6,2,0.041666666666666664,0.9583333333333334,0.324240284661452,0.675759715338548,2.4077711648213365
9yz9ba__90mjsd,9yz9ba,90mjsd,True,,3,3,0,1.0,0.0,1.0,0.0,1.583
5ugw10__3nisxa,5ugw10,3nisxa,True,,1,4,0,1.0,0.0,1.0,0.0,1.583
3jstdl__8lkrv8,3jstdl,8lkrv8,True,,3,4,0,1.0,0.0,1.0,0.0,1.583
2uksga__1mtesn,2uksga,1mtesn,True,,3,5,0,1.0,0.0,1.0,0.0,1.583
89y25h__2eb47z,89y25h,2eb47z,True,,2,3,0,1.0,0.0,1.0,0.0,1.583
3210vy__535x3d,3210vy,535x3d,True,,5,2,0,1.0,0.0,1.0,0.0,1.583
3ra751__8amln6,3ra751,8amln6,True,,3,1,0,1.0,0.0,1.0,0.0,1.583
68w90z__1zo18j,68w90z,1zo18j,True,,8,4,0,1.0,0.0,1.0,0.0,1.583
94jbmx__1lwkbl,94jbmx,1lwkbl,True,,10,1,0,1.0,0.0,1.0,0.0,1.583
8cgdwc__6yfkcr,8cgdwc,6yfkcr,True,,4,4,0,1.0,0.0,1.0,0.0,1.583
4ak6pz__9p5fuf,4ak6pz,9p5fuf,True,,3,3,1,0.6666666666666666,0.33333333333333337,0.32014596462249756,0.6798540353775024,2.285282350305716
5nr54k__4ge11v,5nr54k,4ge11v,True,,1,5,1,0.6666666666666666,0.33333333333333337,0.41616883128881454,0.5838311687111855,2.1956065951260424
3hi695__951ue5,3hi695,951ue5,True,,9,3,2,0.6153846153846154,0.3846153846153846,0.3657511919736862,0.6342488080263138,2.2530557310465436
3cn0dn__3k4gc2,3cn0dn,3k4gc2,True,,2,3,0,1.0,0.0,1.0,0.0,1.583
6odxks__5uhdkq,6odxks,5uhdkq,True,,3,1,0,1.0,0.0,1.0,0.0,1.583
3dpynp__2tslg1,3dpynp,2tslg1,True,,6,1,0,1.0,0.0,1.0,0.0,1.583
3mvzcg__2sg35y,3mvzcg,2sg35y,True,,4,2,1,0.6666666666666666,0.33333333333333337,0.41373948752880096,0.586260512471199,2.197875359263519
6cgp4n__72xz96,6cgp4n,72xz96,True,,2,6,1,0.75,0.25,0.39338092505931854,0.6066190749406815,2.2000465540871024
87dijz__31cpen,87dijz,31cpen,True,,12,6,2,0.6190476190476191,0.38095238095238093,0.3611504261692365,0.6388495738307636,2.256612093191026
4xfh51__y42hw,4xfh51,y42hw,True,,7,2,0,1.0,0.0,1.0,0.0,1.583
3hv9jg__68cqor,3hv9jg,68cqor,True,,2,4,0,1.0,0.0,1.0,0.0,1.583
3wpg9w__2b172c,3wpg9w,2b172c,True,,8,5,0,1.0,0.0,1.0,0.0,1.583
5gp15g__653iw7,5gp15g,653iw7,True,,2,8,0,1.0,0.0,1.0,0.0,1.583
3grlgb__4iwqb4,3grlgb,4iwqb4,True,,2,2,1,0.2,0.8,0.29895932227373123,0.7010406777262688,2.3993818889285623
2uvcdq__3o0kdy,2uvcdq,3o0kdy,True,,5,1,0,1.0,0.0,1.0,0.0,1.583
9bpnxh__1e5ika,9bpnxh,1e5ika,True,,3,7,0,1.0,0.0,1.0,0.0,1.583
540onp__9wj62z,540onp,9wj62z,True,,2,1,1,0.3333333333333333,0.6666666666666667,0.290302038192749,0.709697961807251,2.3805202598651247
1b5uid__9qpeqr,1b5uid,9qpeqr,True,,5,3,0,1.0,0.0,1.0,0.0,1.583
3pgd6w__3e7zce,3pgd6w,3e7zce,True,,3,6,0,1.0,0.0,1.0,0.0,1.583
39zlt3__749drw,39zlt3,749drw,True,,7,3,0,1.0,0.0,1.0,0.0,1.583
4ujh5f__6qg7j4,4ujh5f,6qg7j4,True,,4,4,0,1.0,0.0,1.0,0.0,1.583
3cdbid__3sdwxh,3cdbid,3sdwxh,True,,3,3,1,0.6666666666666666,0.33333333333333337,0.3090411573648453,0.6909588426351547,2.2956531298036373
3rehw8__216tgv,3rehw8,216tgv,True,,2,2,0,1.0,0.0,1.0,0.0,1.583
3a86wi__8mlkeu,3a86wi,8mlkeu,True,,4,2,0,1.0,0.0,1.0,0.0,1.583
88khjw__762023,88khjw,762023,True,,2,8,0,1.0,0.0,1.0,0.0,1.583
8ziaso__35ac30,8ziaso,35ac30,True,,3,3,0,1.0,0.0,1.0,0.0,1.583
93nfpt__6ecb9i,93nfpt,6ecb9i,True,,4,2,0,1.0,0.0,1.0,0.0,1.583
79p2sn__2idzew,79p2sn,2idzew,True,,3,7,0,1.0,0.0,1.0,0.0,1.583
3bjrbl__9268xx,3bjrbl,9268xx,True,,3,6,0,1.0,0.0,1.0,0.0,1.583
3l0qyk__64gjzo,3l0qyk,64gjzo,True,,1,1,0,1.0,0.0,1.0,0.0,1.583
91v3kp__6c4pk4,91v3kp,6c4pk4,True,,4,4,0,1.0,0.0,1.0,0.0,1.583
8g6ot1__9clzb2,8g6ot1,9clzb2,True,,1,2,0,1.0,0.0,1.0,0.0,1.583
65afwx__2zxd9r,65afwx,2zxd9r,True,,7,3,0,1.0,0.0,1.0,0.0,1.583
73cn5l__6k8kge,73cn5l,6k8kge,True,,1,6,0,1.0,0.0,1.0,0.0,1.583
3l5alo__5xz5iw,3l5alo,5xz5iw,True,,1,2,0,1.0,0.0,1.0,0.0,1.583
2a2nh0__5nt7dd,2a2nh0,5nt7dd,True,,5,1,0,1.0,0.0,1.0,0.0,1.583
607n1w__9ke84t,607n1w,9ke84t,True,,2,1,0,1.0,0.0,1.0,0.0,1.583
30v6pd__9pbs08,30v6pd,9pbs08,True,,5,4,3,0.25,0.75,0.29728948573271435,0.7027105142672856,2.3908363492742177
91p9tw__2vrrcv,91p9tw,2vrrcv,True,,4,6,0,1.0,0.0,1.0,0.0,1.583
8sf03s__7ckoau,8sf03s,7ckoau,True,,8,3,0,1.0,0.0,1.0,0.0,1.583
2crhcn__8kuh7t,2crhcn,8kuh7t,True,,2,8,0,1.0,0.0,1.0,0.0,1.583
2xbax3__4lo8b3,2xbax3,4lo8b3,True,,7,1,0,1.0,0.0,1.0,0.0,1.583
3l6ddx__98dl9p,3l6ddx,98dl9p,True,,4,4,0,1.0,0.0,1.0,0.0,1.583
8hjs1x__5enfpf,8hjs1x,5enfpf,True,,2,5,0,1.0,0.0,1.0,0.0,1.583
8iclbi__2zqxyb,8iclbi,2zqxyb,True,,2,2,0,1.0,0.0,1.0,0.0,1.583
8igmqj__9wtpuv,8igmqj,9wtpuv,True,,1,2,0,1.0,0.0,1.0,0.0,1.583
898gne__2khzl1,898gne,2khzl1,True,,2,5,0,1.0,0.0,1.0,0.0,1.583
36dd79__8cby8t,36dd79,8cby8t,True,,1,2,0,1.0,0.0,1.0,0.0,1.583
3id79o__4skbtn,3id79o,4skbtn,True,,5,1,0,1.0,0.0,1.0,0.0,1.583
3q6e98__8zb0rc,3q6e98,8zb0rc,True,,2,2,0,1.0,0.0,1.0,0.0,1.583
8gbll8__6f0opd,8gbll8,6f0opd,True,,4,2,0,1.0,0.0,1.0,0.0,1.583
88mixe__2b8jc3,88mixe,2b8jc3,True,,3,5,2,0.5555555555555556,0.4444444444444444,0.36904550716280937,0.6309544928371906,2.2620706230828747
1fdtu8__8y1lhm,1fdtu8,8y1lhm,True,,6,1,0,1.0,0.0,1.0,0.0,1.583
2thno0__3ojmx0,2thno0,3ojmx0,True,,4,1,0,1.0,0.0,1.0,0.0,1.583
295hgx__3pgd6w,295hgx,3pgd6w,True,,1,3,0,1.0,0.0,1.0,0.0,1.583
2h8njh__8p6w0b,2h8njh,8p6w0b,True,,2,7,0,1.0,0.0,1.0,0.0,1.583
3rziy3__6ozm0x,3rziy3,6ozm0x,True,,3,1,0,1.0,0.0,1.0,0.0,1.583
92a69w__2mcp45,92a69w,2mcp45,True,,3,6,2,0.5,0.5,0.37974501494318247,0.6202549850568175,2.263306130544562
9rfx1d__7y4r2g,9rfx1d,7y4r2g,True,,6,6,5,0.13636363636363635,0.8636363636363636,0.4339511881582439,0.5660488118417561,2.286173894469925
7cbpqq__7k3f2d,7cbpqq,7k3f2d,True,,1,3,0,1.0,0.0,1.0,0.0,1.583
31p7rd__3pffq3,31p7rd,3pffq3,True,,2,3,0,1.0,0.0,1.0,0.0,1.583
1hhf0a__5q8rym,1hhf0a,5q8rym,True,,2,4,1,0.6666666666666666,0.33333333333333337,0.32400476932525635,0.6759952306747437,2.2816786125938098
1c4g5w__1khp1i,1c4g5w,1khp1i,True,,5,2,0,1.0,0.0,1.0,0.0,1.583
3slygn__4g4wtc,3slygn,4g4wtc,True,,1,3,0,1.0,0.0,1.0,0.0,1.583
5n6znk__2ltx99,5n6znk,2ltx99,True,,3,5,3,0.18181818181818182,0.8181818181818181,0.3882184053460757,0.6117815946539242,2.3196973767018454
4jvd0z__2xqvcn,4jvd0z,2xqvcn,True,,2,7,0,1.0,0.0,1.0,0.0,1.583
9clzb2__3x9m3h,9clzb2,3x9m3h,True,,2,2,0,1.0,0.0,1.0,0.0,1.583
53azlv__55qtuc,53azlv,55qtuc,True,,5,3,1,0.75,0.25,0.41278450191020966,0.5872154980897903,2.181925553666055
2twzep__9ybupa,2twzep,9ybupa,True,,1,3,0,1.0,0.0,1.0,0.0,1.583
44vthc__76u4lw,44vthc,76u4lw,True,,7,6,0,1.0,0.0,1.0,0.0,1.583
8iuy3n__5o26o4,8iuy3n,5o26o4,True,,2,4,1,0.6666666666666666,0.33333333333333337,0.39202721416950226,0.6079727858304977,2.2181524513537685
3wwf9q__qzmt2,3wwf9q,qzmt2,True,,3,2,0,1.0,0.0,1.0,0.0,1.583
9xt6br__2vrpue,9xt6br,2vrpue,True,,2,1,0,1.0,0.0,1.0,0.0,1.583
3ipacg__2d16cx,3ipacg,2d16cx,True,,6,2,0,1.0,0.0,1.0,0.0,1.583
9fn4bl__7d1nrz,9fn4bl,7d1nrz,True,,4,5,0,1.0,0.0,1.0,0.0,1.583
2yzsid__58364e,2yzsid,58364e,True,,4,6,1,0.8,0.19999999999999996,0.20636451244354248,0.7936354875564575,2.3645961818289756
51oyld__8e4b1z,51oyld,8e4b1z,True,,2,6,0,1.0,0.0,1.0,0.0,1.583
9spqmb__95q9w6,9spqmb,95q9w6,True,,3,5,0,1.0,0.0,1.0,0.0,1.583
9hfyyi__4ishud,9hfyyi,4ishud,True,,8,6,5,0.2916666666666667,0.7083333333333333,0.41853297911584375,0.5814670208841562,2.2691862174703803
2vuc5r__6hzjec,2vuc5r,6hzjec,True,,2,4,0,1.0,0.0,1.0,0.0,1.583
37x2f1__27eh4c,37x2f1,27eh4c,True,,2,3,0,1.0,0.0,1.0,0.0,1.583
9xmaey__20zpvn,9xmaey,20zpvn,True,,1,4,0,1.0,0.0,1.0,0.0,1.583
2vi5q5__j7dlj,2vi5q5,j7dlj,True,,1,3,0,1.0,0.0,1.0,0.0,1.583
35b5jv__2cfy0a,35b5jv,2cfy0a,True,,1,1,0,1.0,0.0,1.0,0.0,1.583
4e2kvl__96lpgx,4e2kvl,96lpgx,True,,1,5,0,1.0,0.0,1.0,0.0,1.583
28oztj__96mf2i,28oztj,96mf2i,True,,4,2,0,1.0,0.0,1.0,0.0,1.583
33izyf__3ivtdu,33izyf,3ivtdu,True,,2,3,0,1.0,0.0,1.0,0.0,1.583
1ow3o0__9xuf51,1ow3o0,9xuf51,True,,4,13,3,0.6,0.4,0.343215470512708,0.656784529487292,2.277211072088182
2lori9__9h96gj,2lori9,9h96gj,True,,3,3,1,0.6666666666666666,0.33333333333333337,0.4490569122135639,0.5509430877864361,2.164892416350419
6gx1bv__4jj4xb,6gx1bv,4jj4xb,True,,6,4,0,1.0,0.0,1.0,0.0,1.583
3pvxp9__4fvp9k,3pvxp9,4fvp9k,True,,4,10,1,0.8571428571428571,0.1428571428571429,0.3260973393917084,0.6739026606082916,2.241229123313512
3bcjqe__8c5odi,3bcjqe,8c5odi,True,,3,1,0,1.0,0.0,1.0,0.0,1.583
1mx5bb__71tjsb,1mx5bb,71tjsb,True,,5,4,2,0.5,0.5,0.275485061109066,0.724514938890934,2.3606745014302435
3sa9sl__2jkt69,3sa9sl,2jkt69,True,,2,5,0,1.0,0.0,1.0,0.0,1.583
63h6hg__96jzhc,63h6hg,96jzhc,True,,3,5,0,1.0,0.0,1.0,0.0,1.583
8mjrn8__23kgs6,8mjrn8,23kgs6,True,,4,1,0,1.0,0.0,1.0,0.0,1.583
731two__7csfol,731two,7csfol,True,,5,1,0,1.0,0.0,1.0,0.0,1.583
2bjlua__9p6957,2bjlua,9p6957,True,,9,1,0,1.0,0.0,1.0,0.0,1.583
13hy58__3expqe,13hy58,3expqe,True,,4,4,0,1.0,0.0,1.0,0.0,1.583
2w2hxz__3g9rgq,2w2hxz,3g9rgq,True,,6,3,1,0.7777777777777778,0.2222222222222222,0.315666526556015,0.684333473443985,2.2670101419604487
71tjsb__9rywki,71tjsb,9rywki,True,,4,2,0,1.0,0.0,1.0,0.0,1.583
8ihvil__3g7sid,8ihvil,3g7sid,True,,9,5,0,1.0,0.0,1.0,0.0,1.583
3n1few__2iy93u,3n1few,2iy93u,True,,4,3,0,1.0,0.0,1.0,0.0,1.583
6e1xn3__95qwpd,6e1xn3,95qwpd,True,,6,2,0,1.0,0.0,1.0,0.0,1.583
1b2sre__37optf,1b2sre,37optf,True,,5,4,0,1.0,0.0,1.0,0.0,1.583
1zr9bd__1ny7ji,1zr9bd,1ny7ji,True,,2,2,2,0.0,1.0,0.37535860016942024,0.6246413998305798,2.3684526033017783
2v9w6p__5rlen3,2v9w6p,5rlen3,True,,2,1,0,1.0,0.0,1.0,0.0,1.583
8vj7lu__4t71pc,8vj7lu,4t71pc,True,,4,3,0,1.0,0.0,1.0,0.0,1.583
85xgp2__36bsz3,85xgp2,36bsz3,True,,4,5,0,1.0,0.0,1.0,0.0,1.583
28n4wl__9tshxn,28n4wl,9tshxn,True,,3,5,0,1.0,0.0,1.0,0.0,1.583
98jodf__9eplh4,98jodf,9eplh4,True,,3,3,0,1.0,0.0,1.0,0.0,1.583
115ils__78mc4g,115ils,78mc4g,True,,5,5,0,1.0,0.0,1.0,0.0,1.583
5gtirw__93zh2g,5gtirw,93zh2g,True,,5,3,1,0.5555555555555556,0.4444444444444444,0.2417578250169754,0.7582421749830246,2.3809445894388688
7xwio3__3n7e7j,7xwio3,3n7e7j,True,,4,4,0,1.0,0.0,1.0,0.0,1.583
9krh64__9u8rh4,9krh64,9u8rh4,True,,5,1,0,1.0,0.0,1.0,0.0,1.583
37t6c3__2zqh21,37t6c3,2zqh21,True,,1,5,0,1.0,0.0,1.0,0.0,1.583
5lirqg__4gcuc6,5lirqg,4gcuc6,True,,3,4,1,0.7142857142857143,0.2857142857142857,0.47804226726293564,0.5219577327370644,2.1281991837460015
31vqdb__80bhq3,31vqdb,80bhq3,True,,3,3,0,1.0,0.0,1.0,0.0,1.583
3z90cs__7gelc8,3z90cs,7gelc8,True,,1,4,0,1.0,0.0,1.0,0.0,1.583
9gf8kg__3qjotl,9gf8kg,3qjotl,True,,6,2,0,1.0,0.0,1.0,0.0,1.583
9clzb2__8acyid,9clzb2,8acyid,True,,2,4,0,1.0,0.0,1.0,0.0,1.583
3j4g7r__9m7urf,3j4g7r,9m7urf,True,,8,2,0,1.0,0.0,1.0,0.0,1.583
19n8es__7g89jc,19n8es,7g89jc,True,,2,3,0,1.0,0.0,1.0,0.0,1.583
6fux1w__8m33i9,6fux1w,8m33i9,True,,5,4,2,0.6,0.4,0.4529256112873554,0.5470743887126446,2.1747527716187385
69psjv__5rcjsu,69psjv,5rcjsu,True,,3,5,2,0.14285714285714285,0.8571428571428572,0.3949975650757551,0.6050024349242449,2.321240345404324
1h6vp2__6wuy20,1h6vp2,6wuy20,True,,1,1,0,1.0,0.0,1.0,0.0,1.583
1dy3m8__2sfnpw,1dy3m8,2sfnpw,True,,1,1,0,1.0,0.0,1.0,0.0,1.583
8h521m__63tbse,8h521m,63tbse,True,,7,8,0,1.0,0.0,1.0,0.0,1.583
3ibtfh__2vf8vp,3ibtfh,2vf8vp,True,,2,7,0,1.0,0.0,1.0,0.0,1.583
2nl5zz__2gf1k8,2nl5zz,2gf1k8,True,,2,4,0,1.0,0.0,1.0,0.0,1.583
3m49uf__3rnkrs,3m49uf,3rnkrs,True,,5,4,0,1.0,0.0,1.0,0.0,1.583
89y25h__3it7k3,89y25h,3it7k3,True,,2,3,1,0.6,0.4,0.4165630638599396,0.5834369361400604,2.2087117546612025
21c5ce__7g219e,21c5ce,7g219e,True,,6,3,0,1.0,0.0,1.0,0.0,1.583
33izyf__2t4tmx,33izyf,2t4tmx,True,,2,6,0,1.0,0.0,1.0,0.0,1.583
6tp6ua__8u474j,6tp6ua,8u474j,True,,1,3,0,1.0,0.0,1.0,0.0,1.583
1mosgg__2p60sv,1mosgg,2p60sv,True,,1,8,0,1.0,0.0,1.0,0.0,1.583
3gh8yr__3woija,3gh8yr,3woija,True,,5,2,1,0.7142857142857143,0.2857142857142857,0.39219318330287933,0.6078068166971207,2.208373643256298
2brpdv__7bscg4,2brpdv,7bscg4,True,,3,1,0,1.0,0.0,1.0,0.0,1.583
31mptn__3sl5hb,31mptn,3sl5hb,True,,2,5,0,1.0,0.0,1.0,0.0,1.583
64rpqn__2zyy8b,64rpqn,2zyy8b,True,,3,3,0,1.0,0.0,1.0,0.0,1.583
9xvf4a__34xatv,9xvf4a,34xatv,True,,4,10,0,1.0,0.0,1.0,0.0,1.583
30fr8y__5v232t,30fr8y,5v232t,True,,3,3,0,1.0,0.0,1.0,0.0,1.583
94xvnn__209mga,94xvnn,209mga,True,,5,4,2,0.5,0.5,0.41465969756245613,0.5853403024375439,2.230699308446422
3bnwpu__4ytimz,3bnwpu,4ytimz,True,,1,6,0,1.0,0.0,1.0,0.0,1.583
36cbov__64a2vw,36cbov,64a2vw,True,,8,3,0,1.0,0.0,1.0,0.0,1.583
9qb8l1__52t2cx,9qb8l1,52t2cx,True,,3,8,0,1.0,0.0,1.0,0.0,1.583
730mf1__8lcw67,730mf1,8lcw67,True,,6,7,0,1.0,0.0,1.0,0.0,1.583
6zuvan__6zlpc7,6zuvan,6zlpc7,True,,3,5,0,1.0,0.0,1.0,0.0,1.583
5b7quz__704puj,5b7quz,704puj,True,,2,1,1,0.0,1.0,0.3779293969273567,0.6220706030726433,2.3660517362095415
44vthc__4e6te2,44vthc,4e6te2,True,,7,3,0,1.0,0.0,1.0,0.0,1.583
2r6fm1__7reco5,2r6fm1,7reco5,True,,3,3,0,1.0,0.0,1.0,0.0,1.583
2g6x2b__2mfukj,2g6x2b,2mfukj,True,,6,3,0,1.0,0.0,1.0,0.0,1.583
26d3dg__7zh1od,26d3dg,7zh1od,True,,3,3,0,1.0,0.0,1.0,0.0,1.583
4qe1wr__3x9m3h,4qe1wr,3x9m3h,True,,4,2,0,1.0,0.0,1.0,0.0,1.583
3gh8yr__5u2205,3gh8yr,5u2205,True,,5,6,2,0.5833333333333334,0.41666666666666663,0.4169347882270813,0.5830652117729187,2.211732934608062
5en3nd__761fu7,5en3nd,761fu7,True,,2,5,0,1.0,0.0,1.0,0.0,1.583
4svndk__3akf5s,4svndk,3akf5s,True,,1,8,0,1.0,0.0,1.0,0.0,1.583
722n14__18ce5s,722n14,18ce5s,True,,3,10,2,0.11764705882352941,0.8823529411764706,0.35737286295209614,0.6426271370479039,2.361473012700802
9yc5cc__2nq9dx,9yc5cc,2nq9dx,True,,9,2,2,0.5833333333333334,0.41666666666666663,0.41388093680143356,0.5861190631985664,2.2145849264544744
4w8icy__2uqfeb,4w8icy,2uqfeb,True,,1,2,0,1.0,0.0,1.0,0.0,1.583
91yl7l__odbcf,91yl7l,odbcf,True,,3,2,0,1.0,0.0,1.0,0.0,1.583
3jmye3__3sh10o,3jmye3,3sh10o,True,,4,3,0,1.0,0.0,1.0,0.0,1.583
3ik66u__5sdmba,3ik66u,5sdmba,True,,1,4,0,1.0,0.0,1.0,0.0,1.583
8st78y__2s8u3j,8st78y,2s8u3j,True,,5,1,0,1.0,0.0,1.0,0.0,1.583
6plwx7__p44z2,6plwx7,p44z2,True,,3,3,0,1.0,0.0,1.0,0.0,1.583
5j5ysh__3f61n3,5j5ysh,3f61n3,True,,3,1,0,1.0,0.0,1.0,0.0,1.583
5prerr__64mxf8,5prerr,64mxf8,True,,4,3,0,1.0,0.0,1.0,0.0,1.583
8j9am6__3kh9hs,8j9am6,3kh9hs,True,,2,5,0,1.0,0.0,1.0,0.0,1.583
8hk5e1__379zuj,8hk5e1,379zuj,True,,5,2,0,1.0,0.0,1.0,0.0,1.583
36zipc__7h7pwm,36zipc,7h7pwm,True,,4,3,2,0.07692307692307693,0.9230769230769231,0.4376035681925714,0.5623964318074286,2.2947758738188035
30wowr__3fot6u,30wowr,3fot6u,True,,1,2,0,1.0,0.0,1.0,0.0,1.583
4skbtn__6vo193,4skbtn,6vo193,True,,1,3,0,1.0,0.0,1.0,0.0,1.583
32yaes__9emt5s,32yaes,9emt5s,True,,4,4,0,1.0,0.0,1.0,0.0,1.583
2swqw9__3pgd6w,2swqw9,3pgd6w,True,,9,3,0,1.0,0.0,1.0,0.0,1.583
6odxks__6t68f4,6odxks,6t68f4,True,,3,3,2,0.1111111111111111,0.8888888888888888,0.376155545314153,0.623844454685847,2.345252780675557
73wgq7__1w5iv3,73wgq7,1w5iv3,True,,5,2,0,1.0,0.0,1.0,0.0,1.583
9uau42__4wox7e,9uau42,4wox7e,True,,4,1,0,1.0,0.0,1.0,0.0,1.583
3kk6mx__9ygask,3kk6mx,9ygask,True,,4,7,0,1.0,0.0,1.0,0.0,1.583
2yuybg__2totl9,2yuybg,2totl9,True,,3,5,0,1.0,0.0,1.0,0.0,1.583
6e9e08__42344s,6e9e08,42344s,True,,6,2,0,1.0,0.0,1.0,0.0,1.583
6exn8d__34j09q,6exn8d,34j09q,True,,6,2,0,1.0,0.0,1.0,0.0,1.583
1hko3z__1qcx19,1hko3z,1qcx19,True,,7,1,0,1.0,0.0,1.0,0.0,1.583
67bqvw__3986p3,67bqvw,3986p3,True,,3,1,0,1.0,0.0,1.0,0.0,1.583
3fks1r__78ccao,3fks1r,78ccao,True,,4,3,0,1.0,0.0,1.0,0.0,1.583
3960vd__7wqz16,3960vd,7wqz16,True,,6,3,0,1.0,0.0,1.0,0.0,1.583
m4n05__5ke84i,m4n05,5ke84i,True,,9,7,3,0.5789473684210527,0.42105263157894735,0.36089733988046646,0.6391026601195335,2.2649527111277377
9kq579__762mmz,9kq579,762mmz,True,,2,2,0,1.0,0.0,1.0,0.0,1.583
1pwsnf__5kby10,1pwsnf,5kby10,True,,6,10,0,1.0,0.0,1.0,0.0,1.583
3dch8o__1lbb4d,3dch8o,1lbb4d,True,,4,4,0,1.0,0.0,1.0,0.0,1.583
20am49__7x4tsf,20am49,7x4tsf,True,,2,1,0,1.0,0.0,1.0,0.0,1.583
2bl5zc__6mpxwl,2bl5zc,6mpxwl,True,,5,3,1,0.75,0.25,0.4372016489505768,0.5627983510494232,2.1591223800450563
4f3sat__35x8i2,4f3sat,35x8i2,True,,3,2,0,1.0,0.0,1.0,0.0,1.583
3fks1r__15rvxl,3fks1r,15rvxl,True,,4,2,0,1.0,0.0,1.0,0.0,1.583
8k0l33__9xjtec,8k0l33,9xjtec,True,,4,2,0,1.0,0.0,1.0,0.0,1.583
6fxkig__17c0j9,6fxkig,17c0j9,True,,3,1,0,1.0,0.0,1.0,0.0,1.583
65zh1p__6plwx7,65zh1p,6plwx7,True,,1,3,0,1.0,0.0,1.0,0.0,1.583
1zy2xq__1xnz0b,1zy2xq,1xnz0b,True,,4,2,1,0.42857142857142855,0.5714285714285714,0.28878961503505707,0.7112103849649429,2.3626850928044743
36c76o__7fjspz,36c76o,7fjspz,True,,4,4,0,1.0,0.0,1.0,0.0,1.583
31e51l__1ddn51,31e51l,1ddn51,True,,1,3,0,1.0,0.0,1.0,0.0,1.583
36wv2s__2ha3gh,36wv2s,2ha3gh,True,,5,10,0,1.0,0.0,1.0,0.0,1.583
33aom6__4ne04h,33aom6,4ne04h,True,,3,7,0,1.0,0.0,1.0,0.0,1.583
55fuia__3cyusq,55fuia,3cyusq,True,,2,5,0,1.0,0.0,1.0,0.0,1.583
8u1c28__x7adp,8u1c28,x7adp,True,,1,5,0,1.0,0.0,1.0,0.0,1.583
1hc5m8__77b18y,1hc5m8,77b18y,True,,4,6,0,1.0,0.0,1.0,0.0,1.583
58rakr__77w55h,58rakr,77w55h,True,,2,1,0,1.0,0.0,1.0,0.0,1.583
241af1__27oaod,241af1,27oaod,True,,4,8,0,1.0,0.0,1.0,0.0,1.583
3kqtqa__8ufz2h,3kqtqa,8ufz2h,True,,3,5,0,1.0,0.0,1.0,0.0,1.583
2rwmka__3z1nss,2rwmka,3z1nss,True,,1,8,0,1.0,0.0,1.0,0.0,1.583
8jwrnv__3gn2q2,8jwrnv,3gn2q2,True,,9,7,3,0.5263157894736842,0.4736842105263158,0.42029284437497455,0.5797071556250255,2.2201200915855797
14j9li__91p9tw,14j9li,91p9tw,True,,5,4,0,1.0,0.0,1.0,0.0,1.583
8h5o0z__6tgxmy,8h5o0z,6tgxmy,True,,4,11,0,1.0,0.0,1.0,0.0,1.583
2xg450__4mr3ue,2xg450,4mr3ue,True,,4,5,1,0.7777777777777778,0.2222222222222222,0.3065376728773117,0.6934623271226883,2.27553557841099
6nv1j2__2doxa9,6nv1j2,2doxa9,True,,3,3,0,1.0,0.0,1.0,0.0,1.583
9cec0t__37rx55,9cec0t,37rx55,True,,5,4,0,1.0,0.0,1.0,0.0,1.583
8v7uw4__77jbzs,8v7uw4,77jbzs,True,,3,3,1,0.6666666666666666,0.33333333333333337,0.32918545603752136,0.6708145439624786,2.2768403692732253
2f4lal__7cl53q,2f4lal,7cl53q,True,,4,2,0,1.0,0.0,1.0,0.0,1.583
3jaewk__1gjxbt,3jaewk,1gjxbt,True,,2,2,0,1.0,0.0,1.0,0.0,1.583
3w3ieg__1cbn4e,3w3ieg,1cbn4e,True,,2,2,0,1.0,0.0,1.0,0.0,1.583
9p4ej5__40bls2,9p4ej5,40bls2,True,,3,7,0,1.0,0.0,1.0,0.0,1.583
3iv4ll__8pglf7,3iv4ll,8pglf7,True,,2,1,0,1.0,0.0,1.0,0.0,1.583
33ercf__76zgzm,33ercf,76zgzm,True,,1,1,0,1.0,0.0,1.0,0.0,1.583
1ojy01__750g8c,1ojy01,750g8c,True,,2,4,0,1.0,0.0,1.0,0.0,1.583
2cc9wt__8ol6if,2cc9wt,8ol6if,True,,2,4,0,1.0,0.0,1.0,0.0,1.583
8hu3uw__3cj447,8hu3uw,3cj447,True,,4,3,0,1.0,0.0,1.0,0.0,1.583
34ntti__2juw3x,34ntti,2juw3x,True,,5,2,0,1.0,0.0,1.0,0.0,1.583
3nq1gr__9j9eem,3nq1gr,9j9eem,True,,1,1,0,1.0,0.0,1.0,0.0,1.583
91d1et__2crpse,91d1et,2crpse,True,,2,3,0,1.0,0.0,1.0,0.0,1.583
8t5sww__3uwaqi,8t5sww,3uwaqi,True,,6,6,0,1.0,0.0,1.0,0.0,1.583
1uybs0__4h4iva,1uybs0,4h4iva,True,,11,8,4,0.48,0.52,0.2610854245722294,0.7389145754277706,2.378164321991995
8wfjan__715pz7,8wfjan,715pz7,True,,2,6,0,1.0,0.0,1.0,0.0,1.583
1t4y2i__9ehy79,1t4y2i,9ehy79,True,,3,3,0,1.0,0.0,1.0,0.0,1.583
3n9ewr__8o4rhe,3n9ewr,8o4rhe,True,,3,4,0,1.0,0.0,1.0,0.0,1.583
3mrsxi__2nujn1,3mrsxi,2nujn1,True,,4,4,0,1.0,0.0,1.0,0.0,1.583
2nw5re__3mfxsi,2nw5re,3mfxsi,True,,7,2,0,1.0,0.0,1.0,0.0,1.583
8to8xk__8yk8rf,8to8xk,8yk8rf,True,,3,6,0,1.0,0.0,1.0,0.0,1.583
2guga6__5ay2eo,2guga6,5ay2eo,True,,5,5,0,1.0,0.0,1.0,0.0,1.583
33aom6__8no2zx,33aom6,8no2zx,True,,3,1,0,1.0,0.0,1.0,0.0,1.583
79kv3r__8840tl,79kv3r,8840tl,True,,7,8,0,1.0,0.0,1.0,0.0,1.583
31o6rc__89yso5,31o6rc,89yso5,True,,11,9,0,1.0,0.0,1.0,0.0,1.583
3dw2uo__3vnmg0,3dw2uo,3vnmg0,True,,2,10,1,0.8333333333333334,0.16666666666666663,0.2930940240621567,0.7069059759378433,2.276862824261685
39ghl7__9de1nq,39ghl7,9de1nq,True,,7,2,0,1.0,0.0,1.0,0.0,1.583
56ngpe__9ccrxj,56ngpe,9ccrxj,True,,3,3,0,1.0,0.0,1.0,0.0,1.583
53y5m4__5kbr7r,53y5m4,5kbr7r,True,,4,5,2,0.3333333333333333,0.6666666666666667,0.44270090432837605,0.557299095671624,2.238194958781063
4d0e6x__7cbpqq,4d0e6x,7cbpqq,True,,3,1,0,1.0,0.0,1.0,0.0,1.583
2t7tpc__8oc9gx,2t7tpc,8oc9gx,True,,3,3,1,0.6666666666666666,0.33333333333333337,0.14766308665275574,0.8523369133472443,2.446364110041658
phdv7__9sym49,phdv7,9sym49,True,,2,5,0,1.0,0.0,1.0,0.0,1.583
2v594q__5sy79n,2v594q,5sy79n,True,,2,4,0,1.0,0.0,1.0,0.0,1.583
5w32k3__1vsp0o,5w32k3,1vsp0o,True,,2,1,1,0.3333333333333333,0.6666666666666667,0.27327844500541687,0.7267215549945831,2.3964185935427746
5bplzp__39abra,5bplzp,39abra,True,,3,4,0,1.0,0.0,1.0,0.0,1.583
96pu01__9s857l,96pu01,9s857l,True,,1,4,1,0.0,1.0,0.3699415847659111,0.6300584152340889,2.3735115539871154
3gixqh__2tua96,3gixqh,2tua96,True,,1,2,0,1.0,0.0,1.0,0.0,1.583
64mxf8__9qzok9,64mxf8,9qzok9,True,,3,7,0,1.0,0.0,1.0,0.0,1.583
4yus94__209mga,4yus94,209mga,True,,3,4,0,1.0,0.0,1.0,0.0,1.583
585qss__20lgi6,585qss,20lgi6,True,,3,5,0,1.0,0.0,1.0,0.0,1.583
1mr1uz__8m3ptp,1mr1uz,8m3ptp,True,,5,2,1,0.7142857142857143,0.2857142857142857,0.3718167394399643,0.6281832605600357,2.2274032041798746
937jwv__585qss,937jwv,585qss,True,,1,3,0,1.0,0.0,1.0,0.0,1.583
9w74lu__6fux1w,9w74lu,6fux1w,True,,9,5,0,1.0,0.0,1.0,0.0,1.583
394m5v__9ghml2,394m5v,9ghml2,True,,4,6,0,1.0,0.0,1.0,0.0,1.583
3iaoho__4x6y03,3iaoho,4x6y03,True,,3,1,1,0.5,0.5,0.37764301151037216,0.6223569884896278,2.2652691915504635
9y4woq__2wce6b,9y4woq,2wce6b,True,,6,1,0,1.0,0.0,1.0,0.0,1.583
64a2vw__4wj8o9,64a2vw,4wj8o9,True,,3,1,0,1.0,0.0,1.0,0.0,1.583
3rj3bx__1r1i28,3rj3bx,1r1i28,True,,3,9,0,1.0,0.0,1.0,0.0,1.583
9qscxr__99i9ic,9qscxr,99i9ic,True,,3,4,2,0.2,0.8,0.3638338694969813,0.6361661305030186,2.338795549276769
4t4l7n__8c6xlu,4t4l7n,8c6xlu,True,,8,1,1,0.7777777777777778,0.2222222222222222,0.14387580752372742,0.8561241924762726,2.427445494464702
1nl67q__96stdq,1nl67q,96stdq,True,,6,2,0,1.0,0.0,1.0,0.0,1.583
9dzpzz__37ropz,9dzpzz,37ropz,True,,3,4,2,0.375,0.625,0.3368913233280182,0.6631086766719818,2.3285896931439636
1rwf2n__2nbpyp,1rwf2n,2nbpyp,True,,4,5,0,1.0,0.0,1.0,0.0,1.583
3dujnp__2ytfie,3dujnp,2ytfie,True,,5,1,0,1.0,0.0,1.0,0.0,1.583
3bfp81__3gf9tt,3bfp81,3gf9tt,True,,2,2,0,1.0,0.0,1.0,0.0,1.583
3cc11u__3p0v6c,3cc11u,3p0v6c,True,,2,3,0,1.0,0.0,1.0,0.0,1.583
5w32k3__3349k4,5w32k3,3349k4,True,,2,3,1,0.6,0.4,0.4484249912202358,0.5515750087797642,2.178955900699422
2zk7f1__4whk5s,2zk7f1,4whk5s,True,,5,1,0,1.0,0.0,1.0,0.0,1.583
28gsxe__3rkyfy,28gsxe,3rkyfy,True,,2,5,1,0.7142857142857143,0.2857142857142857,0.250511109828949,0.749488890171051,2.3406905316736015
9r25i0__2jrfsm,9r25i0,2jrfsm,True,,5,3,3,0.07142857142857142,0.9285714285714286,0.3387427367269993,0.6612572632730007,2.388212443884941
8xh25d__5y6s2j,8xh25d,5y6s2j,True,,6,4,1,0.8,0.19999999999999996,0.38241956382989883,0.6175804361701012,2.200178369339257
2rndor__3dpk4u,2rndor,3dpk4u,True,,10,9,0,1.0,0.0,1.0,0.0,1.583
87coq2__9omjb6,87coq2,9omjb6,True,,3,5,0,1.0,0.0,1.0,0.0,1.583
1tl6tu__962tw7,1tl6tu,962tw7,True,,2,2,0,1.0,0.0,1.0,0.0,1.583
31ceoj__6e9q2g,31ceoj,6e9q2g,True,,1,2,0,1.0,0.0,1.0,0.0,1.583
9sf4zz__76v71i,9sf4zz,76v71i,True,,4,4,0,1.0,0.0,1.0,0.0,1.583
6r8rlp__2rgj9e,6r8rlp,2rgj9e,True,,5,1,0,1.0,0.0,1.0,0.0,1.583
9ozsku__53l8o4,9ozsku,53l8o4,True,,3,6,0,1.0,0.0,1.0,0.0,1.583
794fd7__3pk808,794fd7,3pk808,True,,2,4,0,1.0,0.0,1.0,0.0,1.583
3732p0__3bfs0r,3732p0,3bfs0r,True,,1,1,0,1.0,0.0,1.0,0.0,1.583
4kudwr__3pahjx,4kudwr,3pahjx,True,,8,1,0,1.0,0.0,1.0,0.0,1.583
1wymbx__2eb47z,1wymbx,2eb47z,True,,3,3,2,0.0625,0.9375,0.4487335108220577,0.5512664891779423,2.2872965242432803
31e6tb__4shd5u,31e6tb,4shd5u,True,,2,3,0,1.0,0.0,1.0,0.0,1.583
3b9d8r__8lz9ln,3b9d8r,8lz9ln,True,,1,6,0,1.0,0.0,1.0,0.0,1.583
4bqkog__6ynwkm,4bqkog,6ynwkm,True,,3,2,0,1.0,0.0,1.0,0.0,1.583
9ybupa__64mxf8,9ybupa,64mxf8,True,,3,3,0,1.0,0.0,1.0,0.0,1.583
32h1or__52rugj,32h1or,52rugj,True,,6,3,0,1.0,0.0,1.0,0.0,1.583
6dosob__5q6kzo,6dosob,5q6kzo,True,,4,7,0,1.0,0.0,1.0,0.0,1.583
39w11r__9l3u0q,39w11r,9l3u0q,True,,3,2,0,1.0,0.0,1.0,0.0,1.583
63g438__1x8zce,63g438,1x8zce,True,,2,1,0,1.0,0.0,1.0,0.0,1.583
3bioza__5351kx,3bioza,5351kx,True,,2,1,0,1.0,0.0,1.0,0.0,1.583
9jp09o__6w3im3,9jp09o,6w3im3,True,,2,1,0,1.0,0.0,1.0,0.0,1.583
1cu89q__2yr44v,1cu89q,2yr44v,True,,3,2,0,1.0,0.0,1.0,0.0,1.583
6opkhv__7e8h66,6opkhv,7e8h66,True,,2,6,0,1.0,0.0,1.0,0.0,1.583
3399l4__66mcb5,3399l4,66mcb5,True,,3,1,0,1.0,0.0,1.0,0.0,1.583
139orn__9thdbg,139orn,9thdbg,True,,2,5,0,1.0,0.0,1.0,0.0,1.583
3plty3__991mgl,3plty3,991mgl,True,,1,9,0,1.0,0.0,1.0,0.0,1.583
4onswk__4zsplr,4onswk,4zsplr,True,,2,3,0,1.0,0.0,1.0,0.0,1.583
5upgp2__77keyf,5upgp2,77keyf,True,,1,2,0,1.0,0.0,1.0,0.0,1.583
2xtmak__uo548,2xtmak,uo548,True,,2,4,0,1.0,0.0,1.0,0.0,1.583
9lgipf__8l8kq4,9lgipf,8l8kq4,True,,10,2,0,1.0,0.0,1.0,0.0,1.583
8jplkg__3aok62,8jplkg,3aok62,True,,7,3,0,1.0,0.0,1.0,0.0,1.583
byqn5__6yswv9,byqn5,6yswv9,True,,2,4,2,0.0,1.0,0.3927746480330825,0.6072253519669175,2.352187756201904
9y1xu4__3pm9a8,9y1xu4,3pm9a8,True,,1,3,0,1.0,0.0,1.0,0.0,1.583
97o5k8__9dtapa,97o5k8,9dtapa,True,,2,7,2,0.6,0.4,0.38230808079242706,0.6176919192075729,2.2407024833479525
8swdpl__3nen7p,8swdpl,3nen7p,True,,3,3,0,1.0,0.0,1.0,0.0,1.583
2zllz6__1o0e5k,2zllz6,1o0e5k,True,,2,3,0,1.0,0.0,1.0,0.0,1.583
9eccvf__5gwv03,9eccvf,5gwv03,True,,2,1,0,1.0,0.0,1.0,0.0,1.583
4dixs2__3tbntr,4dixs2,3tbntr,True,,1,2,0,1.0,0.0,1.0,0.0,1.583
921key__43lveq,921key,43lveq,True,,3,4,0,1.0,0.0,1.0,0.0,1.583
29prx3__4nztw4,29prx3,4nztw4,True,,3,3,0,1.0,0.0,1.0,0.0,1.583
1bodbt__3b9ioi,1bodbt,3b9ioi,True,,10,1,0,1.0,0.0,1.0,0.0,1.583
3vxs1z__9gp3rx,3vxs1z,9gp3rx,True,,2,5,0,1.0,0.0,1.0,0.0,1.583
3w07bi__95q9w6,3w07bi,95q9w6,True,,5,5,0,1.0,0.0,1.0,0.0,1.583
5v2ywe__6yfuvz,5v2ywe,6yfuvz,True,,3,3,0,1.0,0.0,1.0,0.0,1.583
9rfx1d__2be5tu,9rfx1d,2be5tu,True,,6,6,0,1.0,0.0,1.0,0.0,1.583
9brvax__3kuy1d,9brvax,3kuy1d,True,,2,2,0,1.0,0.0,1.0,0.0,1.583
3fg828__7323gy,3fg828,7323gy,True,,3,1,1,0.2,0.8,0.3569326810538769,0.6430673189461231,2.345240569163784
3qcr7o__14vqy8,3qcr7o,14vqy8,True,,5,3,0,1.0,0.0,1.0,0.0,1.583
9awkbc__sm14t,9awkbc,sm14t,True,,10,7,1,0.23684210526315788,0.7631578947368421,0.4077622980943748,0.5922377019056252,2.2903250003359794
2m9f6i__535e0z,2m9f6i,535e0z,True,,3,5,0,1.0,0.0,1.0,0.0,1.583
6vo91o__7e7ek9,6vo91o,7e7ek9,True,,5,2,0,1.0,0.0,1.0,0.0,1.583
36u8b6__7b8toj,36u8b6,7b8toj,True,,2,2,0,1.0,0.0,1.0,0.0,1.583
sql4w__1lmdyi,sql4w,1lmdyi,True,,4,6,4,0.125,0.875,0.3231389634311199,0.6768610365688801,2.391958022051677
4whk5s__2ws20j,4whk5s,2ws20j,True,,1,5,0,1.0,0.0,1.0,0.0,1.583
3nqyyy__4eecrm,3nqyyy,4eecrm,True,,3,3,0,1.0,0.0,1.0,0.0,1.583
2brpdv__621nm9,2brpdv,621nm9,True,,3,2,0,1.0,0.0,1.0,0.0,1.583
3g8jp1__5vgubu,3g8jp1,5vgubu,True,,1,5,0,1.0,0.0,1.0,0.0,1.583
1zehr2__3jalgc,1zehr2,3jalgc,True,,4,3,0,1.0,0.0,1.0,0.0,1.583
98daed__2ksl18,98daed,2ksl18,True,,14,3,0,1.0,0.0,1.0,0.0,1.583
3c256f__2l9i8i,3c256f,2l9i8i,True,,5,2,0,1.0,0.0,1.0,0.0,1.583
3dlxwv__5gn8mw,3dlxwv,5gn8mw,True,,4,5,3,0.5,0.5,0.4326003318031629,0.5673996681968372,2.2139445501290265
5r4avl__9cjbtc,5r4avl,9cjbtc,True,,5,3,0,1.0,0.0,1.0,0.0,1.583
5b1e6g__76n9oj,5b1e6g,76n9oj,True,,4,5,1,0.7777777777777778,0.2222222222222222,0.3466075360774994,0.6533924639225006,2.238114333168334
2j03q8__1cevl2,2j03q8,1cevl2,True,,5,11,1,0.7647058823529411,0.23529411764705888,0.32506053894758224,0.6749394610524178,2.2608789038533237
44ll00__8acyid,44ll00,8acyid,True,,4,4,4,0.0,1.0,0.47470674867508933,0.5252932513249107,2.275671367412334
1elmr1__33gdnb,1elmr1,33gdnb,True,,1,1,0,1.0,0.0,1.0,0.0,1.583
1nagwy__35x8i2,1nagwy,35x8i2,True,,3,2,0,1.0,0.0,1.0,0.0,1.583
31l0p1__2zbnif,31l0p1,2zbnif,True,,6,3,0,1.0,0.0,1.0,0.0,1.583
5q31mn__8erjh5,5q31mn,8erjh5,True,,12,4,0,1.0,0.0,1.0,0.0,1.583
2vch6j__60ajz7,2vch6j,60ajz7,True,,6,7,0,1.0,0.0,1.0,0.0,1.583
1e1xig__9rore1,1e1xig,9rore1,True,,1,2,0,1.0,0.0,1.0,0.0,1.583
35o5eg__3cqdgx,35o5eg,3cqdgx,True,,2,7,0,1.0,0.0,1.0,0.0,1.583
31nrvw__65yqyq,31nrvw,65yqyq,True,,2,8,0,1.0,0.0,1.0,0.0,1.583
7nmutd__33vy5d,7nmutd,33vy5d,True,,4,1,0,1.0,0.0,1.0,0.0,1.583
3cubmd__5uhdkq,3cubmd,5uhdkq,True,,4,1,0,1.0,0.0,1.0,0.0,1.583
2rndor__9qyplw,2rndor,9qyplw,True,,10,5,0,1.0,0.0,1.0,0.0,1.583
3pzt46__19flsa,3pzt46,19flsa,True,,2,7,0,1.0,0.0,1.0,0.0,1.583
288ocb__4rox3w,288ocb,4rox3w,True,,3,3,0,1.0,0.0,1.0,0.0,1.583
32mgmz__61wwhj,32mgmz,61wwhj,True,,4,4,1,0.75,0.25,0.33176228404045105,0.668237715959549,2.2575922029346227
9xu9kc__54umdj,9xu9kc,54umdj,True,,2,1,0,1.0,0.0,1.0,0.0,1.583
2uptpp__8kvpu4,2uptpp,8kvpu4,True,,3,5,0,1.0,0.0,1.0,0.0,1.583
5f2124__37nzjp,5f2124,37nzjp,True,,1,4,0,1.0,0.0,1.0,0.0,1.583
2schv9__6yz47s,2schv9,6yz47s,True,,5,3,0,1.0,0.0,1.0,0.0,1.583
3rqsrn__1osahi,3rqsrn,1osahi,True,,1,7,0,1.0,0.0,1.0,0.0,1.583
8t9lud__39wx5m,8t9lud,39wx5m,True,,3,2,0,1.0,0.0,1.0,0.0,1.583
2ylksx__4mfdou,2ylksx,4mfdou,True,,2,7,0,1.0,0.0,1.0,0.0,1.583
9f12ql__7ahi2b,9f12ql,7ahi2b,True,,5,1,0,1.0,0.0,1.0,0.0,1.583
8jdjf5__3go4dv,8jdjf5,3go4dv,True,,8,4,0,1.0,0.0,1.0,0.0,1.583
6hp5pe__9u7hc5,6hp5pe,9u7hc5,True,,5,13,0,1.0,0.0,1.0,0.0,1.583
9wjit0__9alwa4,9wjit0,9alwa4,True,,2,4,2,0.2857142857142857,0.7142857142857143,0.42107345163822174,0.5789265483617783,2.2680166463722076
3n9ewr__1j5epy,3n9ewr,1j5epy,True,,3,2,1,0.3333333333333333,0.6666666666666667,0.45424914360046387,0.5457508563995361,2.2274100581248604
35jg4o__6fs9sg,35jg4o,6fs9sg,True,,1,5,0,1.0,0.0,1.0,0.0,1.583
2ubuni__2dvek6,2ubuni,2dvek6,True,,2,2,0,1.0,0.0,1.0,0.0,1.583
2txndn__838uvv,2txndn,838uvv,True,,4,4,0,1.0,0.0,1.0,0.0,1.583
3e81ip__5ugw10,3e81ip,5ugw10,True,,8,1,0,1.0,0.0,1.0,0.0,1.583
49eh3n__3bf5cv,49eh3n,3bf5cv,True,,1,4,0,1.0,0.0,1.0,0.0,1.583
8k8r4i__3hsvoa,8k8r4i,3hsvoa,True,,1,6,0,1.0,0.0,1.0,0.0,1.583
11vbl3__9p4b2l,11vbl3,9p4b2l,True,,5,4,1,0.7777777777777778,0.2222222222222222,0.4155030995607376,0.5844969004392624,2.1737727664313384
8u3h8l__5u2205,8u3h8l,5u2205,True,,2,6,1,0.1111111111111111,0.8888888888888888,0.3221526101231575,0.6778473898768425,2.3956861218504275
61g8cp__96oj9a,61g8cp,96oj9a,True,,4,2,0,1.0,0.0,1.0,0.0,1.583
9ax5rn__58364e,9ax5rn,58364e,True,,4,6,0,1.0,0.0,1.0,0.0,1.583
1sp8bm__53c8j2,1sp8bm,53c8j2,True,,2,7,0,1.0,0.0,1.0,0.0,1.583
5qo9cg__2kj45k,5qo9cg,2kj45k,True,,1,7,0,1.0,0.0,1.0,0.0,1.583
9potj4__7a6p7s,9potj4,7a6p7s,True,,6,5,2,0.5833333333333334,0.41666666666666663,0.4308518674224615,0.5691481325775385,2.1987357743474965
365dsl__3vwv2k,365dsl,3vwv2k,True,,4,5,0,1.0,0.0,1.0,0.0,1.583
3cwngj__1eitgg,3cwngj,1eitgg,True,,2,1,0,1.0,0.0,1.0,0.0,1.583
99ozh1__17q0r0,99ozh1,17q0r0,True,,2,2,1,0.5,0.5,0.17982211709022522,0.8201778829097748,2.4500141248494387
9cipom__8upjbh,9cipom,8upjbh,True,,4,3,0,1.0,0.0,1.0,0.0,1.583
332nmp__79ev5x,332nmp,79ev5x,True,,7,2,0,1.0,0.0,1.0,0.0,1.583
3fpazx__4y0c44,3fpazx,4y0c44,True,,5,1,0,1.0,0.0,1.0,0.0,1.583
9df5b3__9u9gzb,9df5b3,9u9gzb,True,,2,1,0,1.0,0.0,1.0,0.0,1.583
35czso__3spsmc,35czso,3spsmc,True,,9,9,0,1.0,0.0,1.0,0.0,1.583
1v6dev__3pk808,1v6dev,3pk808,True,,3,4,0,1.0,0.0,1.0,0.0,1.583
37n97t__3uxo7i,37n97t,3uxo7i,True,,4,1,0,1.0,0.0,1.0,0.0,1.583
282v1z__1p4zu4,282v1z,1p4zu4,True,,5,3,2,0.5555555555555556,0.4444444444444444,0.3152346611022949,0.6847653388977051,2.312324572218789
31g1hz__1myqam,31g1hz,1myqam,True,,4,4,0,1.0,0.0,1.0,0.0,1.583
2zqxyb__67r7jc,2zqxyb,67r7jc,True,,2,2,0,1.0,0.0,1.0,0.0,1.583
37aubj__34d5nx,37aubj,34d5nx,True,,4,3,0,1.0,0.0,1.0,0.0,1.583
8ti1e1__31pg35,8ti1e1,31pg35,True,,2,3,0,1.0,0.0,1.0,0.0,1.583
2b5c2p__6odxks,2b5c2p,6odxks,True,,1,3,0,1.0,0.0,1.0,0.0,1.583
3u52py__464mnd,3u52py,464mnd,True,,5,6,0,1.0,0.0,1.0,0.0,1.583
2vrpue__554fmo,2vrpue,554fmo,True,,1,5,0,1.0,0.0,1.0,0.0,1.583
9l312u__5vg5fq,9l312u,5vg5fq,True,,4,4,0,1.0,0.0,1.0,0.0,1.583
9de1nq__9yst72,9de1nq,9yst72,True,,2,2,0,1.0,0.0,1.0,0.0,1.583
583n4e__7gsirx,583n4e,7gsirx,True,,4,4,0,1.0,0.0,1.0,0.0,1.583
4cimj6__9fmvva,4cimj6,9fmvva,True,,6,6,0,1.0,0.0,1.0,0.0,1.583
3ptz50__9ncfn1,3ptz50,9ncfn1,True,,3,1,0,1.0,0.0,1.0,0.0,1.583
2s9y5t__36fsu5,2s9y5t,36fsu5,True,,8,1,0,1.0,0.0,1.0,0.0,1.583
1nyrfm__9uew7x,1nyrfm,9uew7x,True,,4,2,1,0.17647058823529413,0.8235294117647058,0.48716110784880584,0.5128388921511942,2.2283755354976473
3hge8r__2jzjhl,3hge8r,2jzjhl,True,,5,1,0,1.0,0.0,1.0,0.0,1.583
2zdfti__62ih01,2zdfti,62ih01,True,,1,6,0,1.0,0.0,1.0,0.0,1.583
98pupx__8bx5at,98pupx,8bx5at,True,,6,5,0,1.0,0.0,1.0,0.0,1.583
3bcv7m__4wmxok,3bcv7m,4wmxok,True,,7,8,0,1.0,0.0,1.0,0.0,1.583
73u8bv__8s3ahq,73u8bv,8s3ahq,True,,4,1,0,1.0,0.0,1.0,0.0,1.583
9xi3ux__2oo0yw,9xi3ux,2oo0yw,True,,1,4,0,1.0,0.0,1.0,0.0,1.583
2jmhtf__1lbb4d,2jmhtf,1lbb4d,True,,1,4,0,1.0,0.0,1.0,0.0,1.583
9cdn6h__90vqpv,9cdn6h,90vqpv,True,,6,2,0,1.0,0.0,1.0,0.0,1.583
3ccecg__8ffsgh,3ccecg,8ffsgh,True,,5,2,0,1.0,0.0,1.0,0.0,1.583
9w6hes__52zroo,9w6hes,52zroo,True,,2,3,0,1.0,0.0,1.0,0.0,1.583
62gk1x__6x9ns4,62gk1x,6x9ns4,True,,3,2,0,1.0,0.0,1.0,0.0,1.583
2a8n5p__2uze33,2a8n5p,2uze33,True,,2,5,0,1.0,0.0,1.0,0.0,1.583
1rql2u__92vxsw,1rql2u,92vxsw,True,,1,4,0,1.0,0.0,1.0,0.0,1.583
368wxv__1j7nce,368wxv,1j7nce,True,,1,9,0,1.0,0.0,1.0,0.0,1.583
3k0uhm__2tztlf,3k0uhm,2tztlf,True,,2,3,0,1.0,0.0,1.0,0.0,1.583
9g43yn__9u9gzb,9g43yn,9u9gzb,True,,4,1,0,1.0,0.0,1.0,0.0,1.583
42mgv0__5vvyuu,42mgv0,5vvyuu,True,,1,3,0,1.0,0.0,1.0,0.0,1.583
34cj0a__8vj7lu,34cj0a,8vj7lu,True,,1,4,0,1.0,0.0,1.0,0.0,1.583
9s3z1q__663nf3,9s3z1q,663nf3,True,,2,2,1,0.5,0.5,0.3894975706934929,0.6105024293065071,2.2541982187293472
356ynr__8840tl,356ynr,8840tl,True,,4,8,0,1.0,0.0,1.0,0.0,1.583
3u52py__7393uw,3u52py,7393uw,True,,5,1,0,1.0,0.0,1.0,0.0,1.583
9y3tzs__7cqty5,9y3tzs,7cqty5,True,,1,5,0,1.0,0.0,1.0,0.0,1.583
55rg5l__4o5cny,55rg5l,4o5cny,True,,1,5,0,1.0,0.0,1.0,0.0,1.583
9ec259__9rywki,9ec259,9rywki,True,,4,2,0,1.0,0.0,1.0,0.0,1.583
30bsop__9ncfn1,30bsop,9ncfn1,True,,3,1,0,1.0,0.0,1.0,0.0,1.583
3frg42__6gaahn,3frg42,6gaahn,True,,2,4,0,1.0,0.0,1.0,0.0,1.583
38rlpo__1gj3zd,38rlpo,1gj3zd,True,,2,6,0,1.0,0.0,1.0,0.0,1.583
8g86nn__5onchv,8g86nn,5onchv,True,,5,10,0,1.0,0.0,1.0,0.0,1.583
5fsnuh__9rywki,5fsnuh,9rywki,True,,3,2,0,1.0,0.0,1.0,0.0,1.583
3zv8bb__2nlvec,3zv8bb,2nlvec,True,,3,6,1,0.7777777777777778,0.2222222222222222,0.23724886775016785,0.7627511322498322,2.3402443935192294
6347ek__8ygqm3,6347ek,8ygqm3,True,,5,6,0,1.0,0.0,1.0,0.0,1.583
8kqef0__727mde,8kqef0,727mde,True,,6,6,0,1.0,0.0,1.0,0.0,1.583
5jdct9__9bk2ka,5jdct9,9bk2ka,True,,2,3,0,1.0,0.0,1.0,0.0,1.583
5t01sg__13r76u,5t01sg,13r76u,True,,1,2,0,1.0,0.0,1.0,0.0,1.583
87ymxa__51a1yy,87ymxa,51a1yy,True,,2,3,0,1.0,0.0,1.0,0.0,1.583
9c7d7f__4z4kfb,9c7d7f,4z4kfb,True,,2,1,0,1.0,0.0,1.0,0.0,1.583
3e10wt__9o50vb,3e10wt,9o50vb,True,,2,5,0,1.0,0.0,1.0,0.0,1.583
8jqtqc__956plz,8jqtqc,956plz,True,,2,9,0,1.0,0.0,1.0,0.0,1.583
4ebjlr__3bs3us,4ebjlr,3bs3us,True,,7,1,0,1.0,0.0,1.0,0.0,1.583
1gw7h7__3oqoud,1gw7h7,3oqoud,True,,9,4,1,0.8461538461538461,0.15384615384615385,0.24799421429634094,0.7520057857036591,2.3163905109609546
3bf5cv__3b51qi,3bf5cv,3b51qi,True,,4,3,0,1.0,0.0,1.0,0.0,1.583
9c8ip5__6w6pu7,9c8ip5,6w6pu7,True,,4,5,0,1.0,0.0,1.0,0.0,1.583
1zr9bd__11rm5n,1zr9bd,11rm5n,True,,2,4,0,1.0,0.0,1.0,0.0,1.583
6i5sji__8em8r4,6i5sji,8em8r4,True,,2,4,0,1.0,0.0,1.0,0.0,1.583
4cimj6__3hvsza,4cimj6,3hvsza,True,,6,3,0,1.0,0.0,1.0,0.0,1.583
2bw7cy__3jctng,2bw7cy,3jctng,True,,4,4,0,1.0,0.0,1.0,0.0,1.583
9wvoi5__9ifnq8,9wvoi5,9ifnq8,True,,2,3,1,0.6,0.4,0.3717591017484665,0.6282408982515335,2.250554174877107
9v4rto__7oye5a,9v4rto,7oye5a,True,,5,5,3,0.5384615384615384,0.46153846153846156,0.28917178014914197,0.710828219850858,2.340119397595639
2bhwuv__4tyhy1,2bhwuv,4tyhy1,True,,8,4,1,0.8333333333333334,0.16666666666666663,0.4112834483385086,0.5887165516614914,2.16648572093
4uxety__87l9et,4uxety,87l9et,True,,5,4,0,1.0,0.0,1.0,0.0,1.583
3x19hi__5qfkbv,3x19hi,5qfkbv,True,,3,1,0,1.0,0.0,1.0,0.0,1.583
92sgaf__2ihb6m,92sgaf,2ihb6m,True,,7,1,0,1.0,0.0,1.0,0.0,1.583
1ac7q4__271kmu,1ac7q4,271kmu,True,,3,4,0,1.0,0.0,1.0,0.0,1.583
8acjdb__64jfgg,8acjdb,64jfgg,True,,4,8,0,1.0,0.0,1.0,0.0,1.583
2vwq41__3z6goe,2vwq41,3z6goe,True,,2,1,0,1.0,0.0,1.0,0.0,1.583
6w26un__43p879,6w26un,43p879,True,,2,6,0,1.0,0.0,1.0,0.0,1.583
120y5r__1uf1ai,120y5r,1uf1ai,True,,3,6,1,0.7777777777777778,0.2222222222222222,0.4120674878358841,0.5879325121641159,2.1769812842211786
49ro6o__12u8p8,49ro6o,12u8p8,True,,2,11,0,1.0,0.0,1.0,0.0,1.583
3rlx0o__2y3dbn,3rlx0o,2y3dbn,True,,10,3,0,1.0,0.0,1.0,0.0,1.583
9l0rwm__97kx9f,9l0rwm,97kx9f,True,,1,5,0,1.0,0.0,1.0,0.0,1.583
968tr3__42vm9m,968tr3,42vm9m,True,,4,2,0,1.0,0.0,1.0,0.0,1.583
5jhtjk__353ik1,5jhtjk,353ik1,True,,3,1,0,1.0,0.0,1.0,0.0,1.583
4dkhvx__4vwu63,4dkhvx,4vwu63,True,,1,6,0,1.0,0.0,1.0,0.0,1.583
44c1h5__5ybscp,44c1h5,5ybscp,True,,3,4,0,1.0,0.0,1.0,0.0,1.583
5bhrfn__9u0ond,5bhrfn,9u0ond,True,,4,8,0,1.0,0.0,1.0,0.0,1.583
2pig0s__9wkuyj,2pig0s,9wkuyj,True,,5,3,1,0.75,0.25,0.33991168439388275,0.6600883156061172,2.249981477944553
1415p2__9123mh,1415p2,9123mh,True,,7,3,0,1.0,0.0,1.0,0.0,1.583
4jhavz__4zxnf9,4jhavz,4zxnf9,True,,2,3,0,1.0,0.0,1.0,0.0,1.583
2uot38__7bui6b,2uot38,7bui6b,True,,12,1,0,1.0,0.0,1.0,0.0,1.583
8tx8q2__3w8dnf,8tx8q2,3w8dnf,True,,3,7,0,1.0,0.0,1.0,0.0,1.583
2yiwaa__31e51l,2yiwaa,31e51l,True,,2,1,1,0.3333333333333333,0.6666666666666667,0.3258925676345825,0.6741074323654175,2.3472822644193965
4ch8y6__2nnm9j,4ch8y6,2nnm9j,True,,10,7,0,1.0,0.0,1.0,0.0,1.583
542apa__97cd4d,542apa,97cd4d,True,,3,1,0,1.0,0.0,1.0,0.0,1.583
88b1dv__3j2v97,88b1dv,3j2v97,True,,1,8,1,0.7777777777777778,0.2222222222222222,0.27223536372184753,0.7277646362781525,2.307570504931278
2t5br4__4f3umr,2t5br4,4f3umr,True,,9,1,0,1.0,0.0,1.0,0.0,1.583
7csmze__9aei5f,7csmze,9aei5f,True,,5,1,0,1.0,0.0,1.0,0.0,1.583
1dxfck__5lirqg,1dxfck,5lirqg,True,,2,3,0,1.0,0.0,1.0,0.0,1.583
3jakwo__3jqyd6,3jakwo,3jqyd6,True,,3,3,0,1.0,0.0,1.0,0.0,1.583
9tbprm__17e1mt,9tbprm,17e1mt,True,,2,1,0,1.0,0.0,1.0,0.0,1.583
93tk6k__93p9k7,93tk6k,93p9k7,True,,7,7,0,1.0,0.0,1.0,0.0,1.583
9h75j7__5v0fr1,9h75j7,5v0fr1,True,,4,3,0,1.0,0.0,1.0,0.0,1.583
2b0vzk__6fs9sg,2b0vzk,6fs9sg,True,,3,5,3,0.45454545454545453,0.5454545454545454,0.3809452950954437,0.6190547049045563,2.2713715525467286
3d23jq__5fqe8c,3d23jq,5fqe8c,True,,9,7,1,0.875,0.125,0.36459261178970337,0.6354073882102966,2.201669459849596
38oqab__4gmbc9,38oqab,4gmbc9,True,,8,1,0,1.0,0.0,1.0,0.0,1.583
6cbnbj__1vkqoy,6cbnbj,1vkqoy,True,,2,7,1,0.7777777777777778,0.2222222222222222,0.35522039234638214,0.6447796076536179,2.2300707866988247
6vo91o__19hb5r,6vo91o,19hb5r,True,,5,7,0,1.0,0.0,1.0,0.0,1.583
21c5ce__5q8rym,21c5ce,5q8rym,True,,6,4,0,1.0,0.0,1.0,0.0,1.583
28hzfj__3s7tfu,28hzfj,3s7tfu,True,,7,5,0,1.0,0.0,1.0,0.0,1.583
2z0thp__3gs2z3,2z0thp,3gs2z3,True,,3,2,0,1.0,0.0,1.0,0.0,1.583
5fnht8__9imc02,5fnht8,9imc02,True,,3,2,1,0.6,0.4,0.20214474201202393,0.7978552579879761,2.4089570254349706
4kmvg2__6g4632,4kmvg2,6g4632,True,,9,1,0,1.0,0.0,1.0,0.0,1.583
3fplnz__3ljyph,3fplnz,3ljyph,True,,2,3,0,1.0,0.0,1.0,0.0,1.583
8i9ww3__9r4kgf,8i9ww3,9r4kgf,True,,5,9,0,1.0,0.0,1.0,0.0,1.583
3n954y__7h1w14,3n954y,7h1w14,True,,5,3,2,0.4444444444444444,0.5555555555555556,0.3776342608034611,0.6223657391965389,2.276505141613425
615crz__2e0n02,615crz,2e0n02,True,,2,6,1,0.75,0.25,0.3037950098514557,0.6962049901485443,2.2837108402997255
1zo0y8__1rz0uc,1zo0y8,1rz0uc,True,,2,5,0,1.0,0.0,1.0,0.0,1.583
4150ov__2u6cq6,4150ov,2u6cq6,True,,1,4,0,1.0,0.0,1.0,0.0,1.583
94b930__95vu0m,94b930,95vu0m,True,,2,6,0,1.0,0.0,1.0,0.0,1.583
1cbelb__3udb3l,1cbelb,3udb3l,True,,3,7,0,1.0,0.0,1.0,0.0,1.583
2ac16v__26lcei,2ac16v,26lcei,True,,2,6,0,1.0,0.0,1.0,0.0,1.583
35hsh8__6w1z90,35hsh8,6w1z90,True,,1,1,0,1.0,0.0,1.0,0.0,1.583
36udt9__75kxqs,36udt9,75kxqs,True,,4,2,0,1.0,0.0,1.0,0.0,1.583
1o241p__7fozy7,1o241p,7fozy7,True,,3,6,3,0.13333333333333333,0.8666666666666667,0.4095241040631663,0.5904758959368337,2.309598772548742
3c256f__7a6p7s,3c256f,7a6p7s,True,,5,5,3,0.3076923076923077,0.6923076923076923,0.33005079875389737,0.6699492012461026,2.34858094365912
6g76eq__86uct0,6g76eq,86uct0,True,,3,4,3,0.1,0.9,0.4245897053430478,0.5754102946569521,2.3022656741801275
52iy0i__oel2m,52iy0i,oel2m,True,,1,3,0,1.0,0.0,1.0,0.0,1.583
9fiko0__2lhadb,9fiko0,2lhadb,True,,2,2,0,1.0,0.0,1.0,0.0,1.583
3d99la__9s857l,3d99la,9s857l,True,,2,4,0,1.0,0.0,1.0,0.0,1.583
30j89q__8dyuon,30j89q,8dyuon,True,,5,6,0,1.0,0.0,1.0,0.0,1.583
495ku7__1uiuej,495ku7,1uiuej,True,,3,3,0,1.0,0.0,1.0,0.0,1.583
2ypc3j__2zbnif,2ypc3j,2zbnif,True,,3,3,0,1.0,0.0,1.0,0.0,1.583
4n5pv4__5kbr7r,4n5pv4,5kbr7r,True,,3,5,1,0.75,0.25,0.35201507806777954,0.6479849219322205,2.2386781185925004
2d4tut__4lcosk,2d4tut,4lcosk,True,,2,3,0,1.0,0.0,1.0,0.0,1.583
2y2ejv__16v8zi,2y2ejv,16v8zi,True,,6,5,0,1.0,0.0,1.0,0.0,1.583
4g233s__96swda,4g233s,96swda,True,,1,3,0,1.0,0.0,1.0,0.0,1.583
762023__7wmiyz,762023,7wmiyz,True,,8,1,0,1.0,0.0,1.0,0.0,1.583
8fwgjm__37qqld,8fwgjm,37qqld,True,,6,4,0,1.0,0.0,1.0,0.0,1.583
12jw4r__3vd91w,12jw4r,3vd91w,True,,7,1,0,1.0,0.0,1.0,0.0,1.583
6tah0m__19havq,6tah0m,19havq,True,,1,2,0,1.0,0.0,1.0,0.0,1.583
1n67mj__2yon9l,1n67mj,2yon9l,True,,7,1,0,1.0,0.0,1.0,0.0,1.583
yg0mt__2o0c8v,yg0mt,2o0c8v,True,,8,7,0,1.0,0.0,1.0,0.0,1.583
34sehe__9off99,34sehe,9off99,True,,2,1,0,1.0,0.0,1.0,0.0,1.583
8ag285__8wgnan,8ag285,8wgnan,True,,6,4,1,0.8,0.19999999999999996,0.4007141590118408,0.5992858409881592,2.1830930468988416
6nww88__8yg80s,6nww88,8yg80s,True,,5,3,0,1.0,0.0,1.0,0.0,1.583
9kxluo__58364e,9kxluo,58364e,True,,5,6,0,1.0,0.0,1.0,0.0,1.583
928cyw__9juepr,928cyw,9juepr,True,,1,4,0,1.0,0.0,1.0,0.0,1.583
2g0m7t__32yaes,2g0m7t,32yaes,True,,5,4,0,1.0,0.0,1.0,0.0,1.583
4pqf4w__65v9ky,4pqf4w,65v9ky,True,,2,8,0,1.0,0.0,1.0,0.0,1.583
3ksvu5__26ijxp,3ksvu5,26ijxp,True,,2,7,0,1.0,0.0,1.0,0.0,1.583
2xs5ij__15yquw,2xs5ij,15yquw,True,,5,9,0,1.0,0.0,1.0,0.0,1.583
1cxld7__1ieph8,1cxld7,1ieph8,True,,4,1,0,1.0,0.0,1.0,0.0,1.583
9sblwg__9een8c,9sblwg,9een8c,True,,2,9,1,0.8181818181818182,0.18181818181818177,0.3674750030040741,0.6325249969959259,2.21046054923995
2mq875__4s51kv,2mq875,4s51kv,True,,10,7,1,0.7777777777777778,0.2222222222222222,0.38905276730656624,0.6109472326934338,2.198474731723509
9lvg4z__2j5g72,9lvg4z,2j5g72,True,,5,7,4,0.2777777777777778,0.7222222222222222,0.31789400801062584,0.6821059919893742,2.3659798970299875
1cu89q__2764iq,1cu89q,2764iq,True,,3,6,2,0.5,0.5,0.44073973316699266,0.5592602668330073,2.2063431631953456
8e113j__2tvbsy,8e113j,2tvbsy,True,,3,3,0,1.0,0.0,1.0,0.0,1.583
9q7tcb__uubw2,9q7tcb,uubw2,True,,4,1,0,1.0,0.0,1.0,0.0,1.583
8j5a3t__3acvgm,8j5a3t,3acvgm,True,,2,5,0,1.0,0.0,1.0,0.0,1.583
3mekur__3ojmx0,3mekur,3ojmx0,True,,2,1,0,1.0,0.0,1.0,0.0,1.583
5bmysc__8g0bso,5bmysc,8g0bso,True,,6,6,0,1.0,0.0,1.0,0.0,1.583
1uqutz__3uezhv,1uqutz,3uezhv,True,,4,2,2,0.42857142857142855,0.5714285714285714,0.3876386918127537,0.6123613081872463,2.2703699400017836
1u0879__21mnb2,1u0879,21mnb2,True,,2,1,0,1.0,0.0,1.0,0.0,1.583
3q8ixz__6y27qv,3q8ixz,6y27qv,True,,4,2,0,1.0,0.0,1.0,0.0,1.583
2he9v6__97fekq,2he9v6,97fekq,True,,3,5,2,0.4444444444444444,0.5555555555555556,0.34134257584810257,0.6586574241518974,2.310397946193235
8aefe0__9z0vmb,8aefe0,9z0vmb,True,,7,3,0,1.0,0.0,1.0,0.0,1.583
9ntudz__3nf63y,9ntudz,3nf63y,True,,6,3,0,1.0,0.0,1.0,0.0,1.583
3pmxtj__1nyrfm,3pmxtj,1nyrfm,True,,1,4,0,1.0,0.0,1.0,0.0,1.583
32oz2j__6ia6lc,32oz2j,6ia6lc,True,,5,1,0,1.0,0.0,1.0,0.0,1.583
3jlyls__5dmr2u,3jlyls,5dmr2u,True,,8,3,0,1.0,0.0,1.0,0.0,1.583
74wgfd__3a1krd,74wgfd,3a1krd,True,,12,1,0,1.0,0.0,1.0,0.0,1.583
3thq96__4us3i7,3thq96,4us3i7,True,,6,8,1,0.8571428571428571,0.1428571428571429,0.36475948989391327,0.6352405101060867,2.205122540959503
8o6k2p__77wis3,8o6k2p,77wis3,True,,2,6,0,1.0,0.0,1.0,0.0,1.583
9bkeba__6zgnup,9bkeba,6zgnup,True,,4,2,0,1.0,0.0,1.0,0.0,1.583
3zt4s6__2w1sk7,3zt4s6,2w1sk7,True,,6,4,2,0.6363636363636364,0.36363636363636365,0.3537210151553154,0.6462789848446846,2.26005085303736
8mo9s1__29q3hn,8mo9s1,29q3hn,True,,5,2,0,1.0,0.0,1.0,0.0,1.583
51btro__3dz210,51btro,3dz210,True,,6,6,3,0.4666666666666667,0.5333333333333333,0.34282825390497845,0.6571717460950215,2.3045193603448073
96gms0__5b1e6g,96gms0,5b1e6g,True,,4,4,0,1.0,0.0,1.0,0.0,1.583
97v5y3__5lgmy6,97v5y3,5lgmy6,True,,6,5,2,0.5833333333333334,0.41666666666666663,0.3470044583082199,0.6529955416917801,2.2770408697192868
3d2btz__2egtor,3d2btz,2egtor,True,,3,5,0,1.0,0.0,1.0,0.0,1.583
1sid4e__9w4xtg,1sid4e,9w4xtg,True,,3,2,0,1.0,0.0,1.0,0.0,1.583
3sgvdp__4jinvr,3sgvdp,4jinvr,True,,1,7,1,0.0,1.0,0.4437791894056967,0.5562208105943033,2.3045546150140197
87cinr__3r9qbz,87cinr,3r9qbz,True,,7,3,1,0.8,0.19999999999999996,0.2833257168531418,0.7166742831468582,2.292722113030851
8j5a3t__2p60sv,8j5a3t,2p60sv,True,,2,8,0,1.0,0.0,1.0,0.0,1.583
4ijg08__3d2btz,4ijg08,3d2btz,True,,1,3,0,1.0,0.0,1.0,0.0,1.583
37xjqx__2hgmmh,37xjqx,2hgmmh,True,,3,11,2,0.6666666666666666,0.33333333333333337,0.4447231749072671,0.5552768250927329,2.1689396936207697
4kka0o__85yn4f,4kka0o,85yn4f,True,,2,3,0,1.0,0.0,1.0,0.0,1.583
9sz5ug__8eqh4f,9sz5ug,8eqh4f,True,,15,2,0,1.0,0.0,1.0,0.0,1.583
495ku7__14gl0x,495ku7,14gl0x,True,,3,6,0,1.0,0.0,1.0,0.0,1.583
9wwyvt__200ucf,9wwyvt,200ucf,True,,2,4,0,1.0,0.0,1.0,0.0,1.583
2n10oo__6gaahn,2n10oo,6gaahn,True,,3,4,0,1.0,0.0,1.0,0.0,1.583
zh5jb__2j5g72,zh5jb,2j5g72,True,,3,7,1,0.8,0.19999999999999996,0.37053051590919495,0.629469484090805,2.2112815511924024
8k663n__fsxwy,8k663n,fsxwy,True,,5,1,0,1.0,0.0,1.0,0.0,1.583
3dpbbc__38z9gl,3dpbbc,38z9gl,True,,5,4,0,1.0,0.0,1.0,0.0,1.583
30ird1__4pl2gz,30ird1,4pl2gz,True,,2,2,0,1.0,0.0,1.0,0.0,1.583
8vfnyo__hwo4n,8vfnyo,hwo4n,True,,2,6,0,1.0,0.0,1.0,0.0,1.583
9xbs2k__93c7ul,9xbs2k,93c7ul,True,,3,1,0,1.0,0.0,1.0,0.0,1.583
8c4l68__86iutx,8c4l68,86iutx,True,,1,7,1,0.75,0.25,0.3255506008863449,0.6744493991136551,2.2633932938322423
124qhq__3fkpdk,124qhq,3fkpdk,True,,3,1,0,1.0,0.0,1.0,0.0,1.583
1eumtn__7hbq0g,1eumtn,7hbq0g,True,,3,6,0,1.0,0.0,1.0,0.0,1.583
8omdh4__6yajjk,8omdh4,6yajjk,True,,3,10,0,1.0,0.0,1.0,0.0,1.583
3jmxi9__w8jwe,3jmxi9,w8jwe,True,,5,5,2,0.5454545454545454,0.4545454545454546,0.4199519641697407,0.5800480358302593,2.2165704970255153
3i8xmg__3ru0xq,3i8xmg,3ru0xq,True,,3,3,0,1.0,0.0,1.0,0.0,1.583
5rxhtz__5zhs6s,5rxhtz,5zhs6s,True,,4,7,0,1.0,0.0,1.0,0.0,1.583
91yl7l__139orn,91yl7l,139orn,True,,3,2,0,1.0,0.0,1.0,0.0,1.583
3331bv__8th3lz,3331bv,8th3lz,True,,7,5,0,1.0,0.0,1.0,0.0,1.583
9bpnxh__9lvt2j,9bpnxh,9lvt2j,True,,3,2,0,1.0,0.0,1.0,0.0,1.583
71wi5n__3o72xb,71wi5n,3o72xb,True,,11,2,0,1.0,0.0,1.0,0.0,1.583
2943cv__93f70b,2943cv,93f70b,True,,1,4,0,1.0,0.0,1.0,0.0,1.583
3g94va__4ci3qq,3g94va,4ci3qq,True,,4,5,0,1.0,0.0,1.0,0.0,1.583
37on09__3yuxf7,37on09,3yuxf7,True,,3,3,0,1.0,0.0,1.0,0.0,1.583
ksjcy__9iqmo4,ksjcy,9iqmo4,True,,6,6,0,1.0,0.0,1.0,0.0,1.583
2a1xm4__288oa6,2a1xm4,288oa6,True,,8,3,0,1.0,0.0,1.0,0.0,1.583
1zfen9__2nke19,1zfen9,2nke19,True,,3,7,0,1.0,0.0,1.0,0.0,1.583
324xse__35c1k7,324xse,35c1k7,True,,4,3,0,1.0,0.0,1.0,0.0,1.583
15qms2__9au2g8,15qms2,9au2g8,True,,3,2,0,1.0,0.0,1.0,0.0,1.583
2khzl1__8vwtkg,2khzl1,8vwtkg,True,,5,4,0,1.0,0.0,1.0,0.0,1.583
3yv7bv__6y4e12,3yv7bv,6y4e12,True,,4,4,1,0.75,0.25,0.456815205514431,0.543184794485569,2.1408052795700727
28oztj__2ihb6m,28oztj,2ihb6m,True,,4,1,0,1.0,0.0,1.0,0.0,1.583
9x77d9__2irpeq,9x77d9,2irpeq,True,,2,6,0,1.0,0.0,1.0,0.0,1.583
vt58z__920qv9,vt58z,920qv9,True,,1,11,0,1.0,0.0,1.0,0.0,1.583
2kihoa__6cuy9r,2kihoa,6cuy9r,True,,3,1,1,0.2,0.8,0.37129057943820953,0.6287094205617905,2.331831727862656
9khkti__4ytimz,9khkti,4ytimz,True,,2,6,1,0.21428571428571427,0.7857142857142857,0.34230352006852627,0.6576964799314737,2.3560155997508603
3g4x4n__3pi1oh,3g4x4n,3pi1oh,True,,6,7,4,0.2631578947368421,0.736842105263158,0.42886900156736374,0.5711309984326363,2.265295028909923
1re3ac__48bj25,1re3ac,48bj25,True,,5,2,0,1.0,0.0,1.0,0.0,1.583
5u55z1__985dy9,5u55z1,985dy9,True,,6,1,0,1.0,0.0,1.0,0.0,1.583
35z6rt__3uzi8x,35z6rt,3uzi8x,True,,5,3,0,1.0,0.0,1.0,0.0,1.583
6ex4v1__5b4114,6ex4v1,5b4114,True,,3,1,0,1.0,0.0,1.0,0.0,1.583
3vg2i7__96cbcg,3vg2i7,96cbcg,True,,3,4,0,1.0,0.0,1.0,0.0,1.583
3t7llk__9liiq9,3t7llk,9liiq9,True,,2,2,0,1.0,0.0,1.0,0.0,1.583
syvlw__21kx55,syvlw,21kx55,True,,1,2,1,0.0,1.0,0.3607805520296097,0.6392194479703903,2.382067042459547
3fdgln__9usxec,3fdgln,9usxec,True,,1,5,0,1.0,0.0,1.0,0.0,1.583
3cvtbl__5ykg8n,3cvtbl,5ykg8n,True,,5,4,0,1.0,0.0,1.0,0.0,1.583
15hzje__8owzel,15hzje,8owzel,True,,4,1,0,1.0,0.0,1.0,0.0,1.583
59h492__4wq5ps,59h492,4wq5ps,True,,1,3,0,1.0,0.0,1.0,0.0,1.583
3h5wf0__74i5n8,3h5wf0,74i5n8,True,,2,6,0,1.0,0.0,1.0,0.0,1.583
74z50v__3pjujh,74z50v,3pjujh,True,,1,10,0,1.0,0.0,1.0,0.0,1.583
1dwxxi__2g6x2b,1dwxxi,2g6x2b,True,,8,6,3,0.47058823529411764,0.5294117647058824,0.3898140701154868,0.6101859298845131,2.259846757566206
2vjj3m__3luw2m,2vjj3m,3luw2m,True,,7,3,1,0.6363636363636364,0.36363636363636365,0.2426426187157631,0.7573573812842369,2.363786967472258
8cwzgm__2lxraj,8cwzgm,2lxraj,True,,7,2,0,1.0,0.0,1.0,0.0,1.583
3t5ov3__64jfgg,3t5ov3,64jfgg,True,,1,8,0,1.0,0.0,1.0,0.0,1.583
5hrwqf__3co7s1,5hrwqf,3co7s1,True,,1,3,0,1.0,0.0,1.0,0.0,1.583
98daed__64rpqn,98daed,64rpqn,True,,14,3,0,1.0,0.0,1.0,0.0,1.583
9nqkkv__93nlcp,9nqkkv,93nlcp,True,,4,4,0,1.0,0.0,1.0,0.0,1.583
2b5c2p__6i8fnw,2b5c2p,6i8fnw,True,,1,11,0,1.0,0.0,1.0,0.0,1.583
4kp9ua__1lwolv,4kp9ua,1lwolv,True,,3,1,0,1.0,0.0,1.0,0.0,1.583
6uf31y__2hb5ng,6uf31y,2hb5ng,True,,7,7,0,1.0,0.0,1.0,0.0,1.583
2rju23__8klxng,2rju23,8klxng,True,,1,1,0,1.0,0.0,1.0,0.0,1.583
8a2gem__28vo5c,8a2gem,28vo5c,True,,1,8,0,1.0,0.0,1.0,0.0,1.583
4uxoo7__5o26o4,4uxoo7,5o26o4,True,,8,4,0,1.0,0.0,1.0,0.0,1.583
1zehr2__29x4wh,1zehr2,29x4wh,True,,4,1,1,0.6,0.4,0.3586220443248749,0.6413779556751251,2.2628228728049993
9h798f__7e2s2u,9h798f,7e2s2u,True,,2,2,2,0.0,1.0,0.4419943578541279,0.5580056421458721,2.30622146920003
5f2124__8mh5rt,5f2124,8mh5rt,True,,1,3,0,1.0,0.0,1.0,0.0,1.583
1xiz2g__2prz7e,1xiz2g,2prz7e,True,,5,2,0,1.0,0.0,1.0,0.0,1.583
6w1z90__9ggawy,6w1z90,9ggawy,True,,1,7,0,1.0,0.0,1.0,0.0,1.583
3m492k__16utkx,3m492k,16utkx,True,,5,5,0,1.0,0.0,1.0,0.0,1.583
3etz3v__4jm87t,3etz3v,4jm87t,True,,6,4,0,1.0,0.0,1.0,0.0,1.583
1lwkbl__7dq070,1lwkbl,7dq070,True,,1,8,0,1.0,0.0,1.0,0.0,1.583
2bnfmr__3z6goe,2bnfmr,3z6goe,True,,4,1,0,1.0,0.0,1.0,0.0,1.583
5ab0mq__985dy9,5ab0mq,985dy9,True,,2,1,0,1.0,0.0,1.0,0.0,1.583
9ivavl__9g4ga0,9ivavl,9g4ga0,True,,4,11,0,1.0,0.0,1.0,0.0,1.583
8t4xss__3g9i51,8t4xss,3g9i51,True,,7,2,1,0.7777777777777778,0.2222222222222222,0.4221686124801636,0.5778313875198364,2.1675478439158864
39y3es__8vfnyo,39y3es,8vfnyo,True,,3,2,0,1.0,0.0,1.0,0.0,1.583
3oh9p5__20zpvn,3oh9p5,20zpvn,True,,3,4,0,1.0,0.0,1.0,0.0,1.583
4i5wi6__31ymke,4i5wi6,31ymke,True,,2,4,0,1.0,0.0,1.0,0.0,1.583
3pyunt__72xp1b,3pyunt,72xp1b,True,,3,3,0,1.0,0.0,1.0,0.0,1.583
4uk34v__8sga6v,4uk34v,8sga6v,True,,9,5,1,0.34,0.6599999999999999,0.45566546316776013,0.5443345368322399,2.2247400239476285
34b9bg__7buh6e,34b9bg,7buh6e,True,,4,5,0,1.0,0.0,1.0,0.0,1.583
28oztj__30k79b,28oztj,30k79b,True,,4,3,0,1.0,0.0,1.0,0.0,1.583
3dcau9__3spsmc,3dcau9,3spsmc,True,,3,9,0,1.0,0.0,1.0,0.0,1.583
2bw7cy__3cvtbl,2bw7cy,3cvtbl,True,,4,5,3,0.25,0.75,0.4070529267191887,0.5929470732808113,2.2883282717369497
3l6ddx__8y1m4e,3l6ddx,8y1m4e,True,,4,7,1,0.8181818181818182,0.18181818181818177,0.3991788402199745,0.6008211597800255,2.1808523356640204
3pziqs__7690lz,3pziqs,7690lz,True,,3,6,0,1.0,0.0,1.0,0.0,1.583
1f9399__4vphej,1f9399,4vphej,True,,1,4,0,1.0,0.0,1.0,0.0,1.583
4gmbc9__1ep77h,4gmbc9,1ep77h,True,,1,4,0,1.0,0.0,1.0,0.0,1.583
4w2jd3__57jw5q,4w2jd3,57jw5q,True,,3,7,0,1.0,0.0,1.0,0.0,1.583
3e66bp__9m0o32,3e66bp,9m0o32,True,,10,6,0,1.0,0.0,1.0,0.0,1.583
3lmqzx__98de09,3lmqzx,98de09,True,,1,2,0,1.0,0.0,1.0,0.0,1.583
4yt0jq__715zpo,4yt0jq,715zpo,True,,2,6,2,0.2727272727272727,0.7272727272727273,0.33308884998162586,0.6669111500183742,2.3528101411839777
5j97rz__5bmysc,5j97rz,5bmysc,True,,6,6,0,1.0,0.0,1.0,0.0,1.583
29tayd__p9ys3,29tayd,p9ys3,True,,1,2,0,1.0,0.0,1.0,0.0,1.583
33isuu__2y262w,33isuu,2y262w,True,,6,7,0,1.0,0.0,1.0,0.0,1.583
2airkw__3aggem,2airkw,3aggem,True,,6,2,1,0.75,0.25,0.4633244723081589,0.5366755276918411,2.1347262753114102
4ntx90__1gop4p,4ntx90,1gop4p,True,,1,4,0,1.0,0.0,1.0,0.0,1.583
362atr__788s83,362atr,788s83,True,,6,1,0,1.0,0.0,1.0,0.0,1.583
2rsnam__5m4874,2rsnam,5m4874,True,,2,9,2,0.42857142857142855,0.5714285714285714,0.4425194102029006,0.5574805897970994,2.219116837097225
1z9ydp__9u1vfg,1z9ydp,9u1vfg,True,,4,2,0,1.0,0.0,1.0,0.0,1.583
94aqc6__9kctc9,94aqc6,9kctc9,True,,3,4,0,1.0,0.0,1.0,0.0,1.583
6fcrm6__2oo217,6fcrm6,2oo217,True,,1,4,0,1.0,0.0,1.0,0.0,1.583
3o86h6__ksjcy,3o86h6,ksjcy,True,,3,6,1,0.7777777777777778,0.2222222222222222,0.37058091163635254,0.6294190883636475,2.2157255977339214
8kqef0__21iokn,8kqef0,21iokn,True,,6,8,1,0.8571428571428571,0.1428571428571429,0.30418238043785095,0.695817619562149,2.2616955034805195
2totl9__7lltdh,2totl9,7lltdh,True,,5,1,1,0.0,1.0,0.375046369433403,0.624953630566597,2.368744195586145
3esb5z__3iw00w,3esb5z,3iw00w,True,,3,6,0,1.0,0.0,1.0,0.0,1.583
8wqal1__7drw1m,8wqal1,7drw1m,True,,3,6,0,1.0,0.0,1.0,0.0,1.583
4yff39__8p84hf,4yff39,8p84hf,True,,6,4,0,1.0,0.0,1.0,0.0,1.583
8gpc6w__4uxety,8gpc6w,4uxety,True,,3,5,0,1.0,0.0,1.0,0.0,1.583
7279rb__4n9zkk,7279rb,4n9zkk,True,,2,2,0,1.0,0.0,1.0,0.0,1.583
3d90hc__9e6ny2,3d90hc,9e6ny2,True,,1,4,0,1.0,0.0,1.0,0.0,1.583
3a86wi__6zwx5e,3a86wi,6zwx5e,True,,4,3,0,1.0,0.0,1.0,0.0,1.583
3tf8sl__77h6wn,3tf8sl,77h6wn,True,,2,1,0,1.0,0.0,1.0,0.0,1.583
4fgyb5__9ghml2,4fgyb5,9ghml2,True,,2,6,0,1.0,0.0,1.0,0.0,1.583
2943cv__6fcvf4,2943cv,6fcvf4,True,,1,2,0,1.0,0.0,1.0,0.0,1.583
6n90n8__9b9umy,6n90n8,9b9umy,True,,2,2,2,0.2,0.8,0.47554502356797457,0.5244549764320254,2.2344685024898685
2cj2t5__9qutv2,2cj2t5,9qutv2,True,,6,10,0,1.0,0.0,1.0,0.0,1.583
9eht55__3o72xb,9eht55,3o72xb,True,,1,2,0,1.0,0.0,1.0,0.0,1.583
1mtesn__4hyd5d,1mtesn,4hyd5d,True,,5,2,1,0.7142857142857143,0.2857142857142857,0.43086154013872147,0.5691384598612785,2.172261264807305
33qqa6__36e4ey,33qqa6,36e4ey,True,,3,5,0,1.0,0.0,1.0,0.0,1.583
1mosgg__2phu5i,1mosgg,2phu5i,True,,1,3,0,1.0,0.0,1.0,0.0,1.583
8jhc2a__649me2,8jhc2a,649me2,True,,7,3,0,1.0,0.0,1.0,0.0,1.583
3hv8by__3j0u42,3hv8by,3j0u42,True,,4,2,0,1.0,0.0,1.0,0.0,1.583
38mzb3__5pud4a,38mzb3,5pud4a,True,,1,3,1,0.5,0.5,0.32301026582717896,0.676989734172821,2.3162907127439976
59dwz2__41mvn0,59dwz2,41mvn0,True,,4,2,0,1.0,0.0,1.0,0.0,1.583
36bsz3__3uocmt,36bsz3,3uocmt,True,,5,2,0,1.0,0.0,1.0,0.0,1.583
3oldln__8oo1h0,3oldln,8oo1h0,True,,5,8,0,1.0,0.0,1.0,0.0,1.583
36172e__2sggv8,36172e,2sggv8,True,,1,4,0,1.0,0.0,1.0,0.0,1.583
65m8jg__46e1vn,65m8jg,46e1vn,True,,1,3,1,0.5,0.5,0.3373689353466034,0.6626310646533966,2.302881151279807
4xr0w5__3fp0de,4xr0w5,3fp0de,True,,3,3,0,1.0,0.0,1.0,0.0,1.583
2tnov1__6x9ns4,2tnov1,6x9ns4,True,,4,2,0,1.0,0.0,1.0,0.0,1.583
1sjl2f__72gp59,1sjl2f,72gp59,True,,2,4,0,1.0,0.0,1.0,0.0,1.583
8igmqj__5k2fke,8igmqj,5k2fke,True,,1,7,0,1.0,0.0,1.0,0.0,1.583
937jwv__6ttuob,937jwv,6ttuob,True,,1,4,0,1.0,0.0,1.0,0.0,1.583
16ycii__4mfnaj,16ycii,4mfnaj,True,,3,5,2,0.14285714285714285,0.8571428571428572,0.37220315262675285,0.6277968473732471,2.342528047190447
6o8vgu__8wvgmg,6o8vgu,8wvgmg,True,,2,3,0,1.0,0.0,1.0,0.0,1.583
87i853__42h4po,87i853,42h4po,True,,2,9,0,1.0,0.0,1.0,0.0,1.583
1xnz0b__6c4pk4,1xnz0b,6c4pk4,True,,2,4,0,1.0,0.0,1.0,0.0,1.583
2v594q__3azhsc,2v594q,3azhsc,True,,2,3,0,1.0,0.0,1.0,0.0,1.583
1bsth6__77w55h,1bsth6,77w55h,True,,3,1,0,1.0,0.0,1.0,0.0,1.583
2zxd9r__6yyien,2zxd9r,6yyien,True,,3,3,0,1.0,0.0,1.0,0.0,1.583
79bw0n__5u537g,79bw0n,5u537g,True,,2,3,2,0.16666666666666666,0.8333333333333334,0.4159008637070656,0.5840991362929344,2.2969068500506378
3ppfz8__31cpen,3ppfz8,31cpen,True,,5,6,2,0.5833333333333334,0.41666666666666663,0.3893806226551533,0.6106193773448467,2.2374657698356857
28z1ad__11vbl3,28z1ad,11vbl3,True,,5,5,0,1.0,0.0,1.0,0.0,1.583
4f7zzx__9eccvf,4f7zzx,9eccvf,True,,2,2,0,1.0,0.0,1.0,0.0,1.583
42dc5s__3vgu2b,42dc5s,3vgu2b,True,,2,3,0,1.0,0.0,1.0,0.0,1.583
6f081y__7fwxyk,6f081y,7fwxyk,True,,4,5,0,1.0,0.0,1.0,0.0,1.583
3gkufx__5q31mn,3gkufx,5q31mn,True,,4,12,1,0.875,0.125,0.24132442474365234,0.7586755752563477,2.316789619731903
118c4z__7bmqon,118c4z,7bmqon,True,,3,2,0,1.0,0.0,1.0,0.0,1.583
5e193z__77c2qf,5e193z,77c2qf,True,,3,4,0,1.0,0.0,1.0,0.0,1.583
8vb8m9__970nac,8vb8m9,970nac,True,,3,13,0,1.0,0.0,1.0,0.0,1.583
9ap0rq__31xgra,9ap0rq,31xgra,True,,3,4,1,0.7142857142857143,0.2857142857142857,0.3552885502576828,0.6447114497423172,2.242838880057207
4xr0w5__3ou1u7,4xr0w5,3ou1u7,True,,3,4,0,1.0,0.0,1.0,0.0,1.583
9c2ygj__3r2xpl,9c2ygj,3r2xpl,True,,2,2,0,1.0,0.0,1.0,0.0,1.583
4vrg7l__7guv2r,4vrg7l,7guv2r,True,,4,4,0,1.0,0.0,1.0,0.0,1.583
3epkwu__95qwpd,3epkwu,95qwpd,True,,3,2,0,1.0,0.0,1.0,0.0,1.583
7v8tu4__2ejscn,7v8tu4,2ejscn,True,,7,3,3,0.3076923076923077,0.6923076923076923,0.39904487629731494,0.6009551237026851,2.2841473746413223
9ozfmd__64hf4i,9ozfmd,64hf4i,True,,1,2,0,1.0,0.0,1.0,0.0,1.583
2zqxyb__54m0re,2zqxyb,54m0re,True,,2,6,0,1.0,0.0,1.0,0.0,1.583
304373__3fc2fp,304373,3fc2fp,True,,2,8,0,1.0,0.0,1.0,0.0,1.583
2lx35v__9u5srr,2lx35v,9u5srr,True,,3,1,0,1.0,0.0,1.0,0.0,1.583
3tarkg__5uc9ei,3tarkg,5uc9ei,True,,1,9,0,1.0,0.0,1.0,0.0,1.583
1q3p9l__3xzfsn,1q3p9l,3xzfsn,True,,16,3,2,0.75,0.25,0.38233575969934464,0.6176642403006554,2.210361634016782
2vgumz__971q3u,2vgumz,971q3u,True,,6,7,0,1.0,0.0,1.0,0.0,1.583
1uqutz__2ma54c,1uqutz,2ma54c,True,,4,4,0,1.0,0.0,1.0,0.0,1.583
1j7q6y__7g219e,1j7q6y,7g219e,True,,4,3,0,1.0,0.0,1.0,0.0,1.583
2hhaep__9iumxe,2hhaep,9iumxe,True,,7,3,0,1.0,0.0,1.0,0.0,1.583
3pyt34__6hy4jg,3pyt34,6hy4jg,True,,2,2,0,1.0,0.0,1.0,0.0,1.583
3vutag__2youtl,3vutag,2youtl,True,,5,3,0,1.0,0.0,1.0,0.0,1.583
6wmc9m__2e5m9c,6wmc9m,2e5m9c,True,,4,5,0,1.0,0.0,1.0,0.0,1.583
9jffe8__5rd22q,9jffe8,5rd22q,True,,11,6,0,1.0,0.0,1.0,0.0,1.583
1y6m5m__3a5tg4,1y6m5m,3a5tg4,True,,1,3,0,1.0,0.0,1.0,0.0,1.583
3k0uhm__4e4yev,3k0uhm,4e4yev,True,,2,6,0,1.0,0.0,1.0,0.0,1.583
57uc94__9oxyu8,57uc94,9oxyu8,True,,3,4,3,0.1,0.9,0.41873407860596973,0.5812659213940303,2.3077342439898847
4zgk6i__9z4z1p,4zgk6i,9z4z1p,True,,6,5,4,0.34375,0.65625,0.44014938781037927,0.5598506121896207,2.238472611723887
4hz1cj__99jqoq,4hz1cj,99jqoq,True,,3,3,1,0.6666666666666666,0.33333333333333337,0.44207048788666725,0.5579295121133327,2.171417038029308
2rkso3__1w5nm0,2rkso3,1w5nm0,True,,4,3,0,1.0,0.0,1.0,0.0,1.583
8jrvow__9ada84,8jrvow,9ada84,True,,2,6,0,1.0,0.0,1.0,0.0,1.583
2renbq__8ew1ym,2renbq,8ew1ym,True,,1,10,0,1.0,0.0,1.0,0.0,1.583
5m4ra5__7f004e,5m4ra5,7f004e,True,,3,1,0,1.0,0.0,1.0,0.0,1.583
1x53zg__5xztwj,1x53zg,5xztwj,True,,2,5,0,1.0,0.0,1.0,0.0,1.583
94xwcr__4ztj5x,94xwcr,4ztj5x,True,,6,2,0,1.0,0.0,1.0,0.0,1.583
1ogn2n__35lvaz,1ogn2n,35lvaz,True,,2,2,0,1.0,0.0,1.0,0.0,1.583
15ieu2__2xiu03,15ieu2,2xiu03,True,,8,6,0,1.0,0.0,1.0,0.0,1.583
9imc02__21ooob,9imc02,21ooob,True,,2,3,0,1.0,0.0,1.0,0.0,1.583
4yubfw__21nyly,4yubfw,21nyly,True,,10,4,0,1.0,0.0,1.0,0.0,1.583
3mekur__7hyxaz,3mekur,7hyxaz,True,,2,5,0,1.0,0.0,1.0,0.0,1.583
3bioza__83noxr,3bioza,83noxr,True,,2,4,0,1.0,0.0,1.0,0.0,1.583
9xo548__8etx2t,9xo548,8etx2t,True,,8,2,0,1.0,0.0,1.0,0.0,1.583
9jc678__6fcvf4,9jc678,6fcvf4,True,,2,2,0,1.0,0.0,1.0,0.0,1.583
9lgipf__2sxc1l,9lgipf,2sxc1l,True,,10,3,0,1.0,0.0,1.0,0.0,1.583
2gpzf6__6e85wh,2gpzf6,6e85wh,True,,8,1,1,0.7777777777777778,0.2222222222222222,0.35896100103855133,0.6410389989614487,2.226577432241208
5vmmc3__6d9vo5,5vmmc3,6d9vo5,True,,5,3,0,1.0,0.0,1.0,0.0,1.583
1zfen9__9lvt2j,1zfen9,9lvt2j,True,,3,2,0,1.0,0.0,1.0,0.0,1.583
31mptn__9bozmk,31mptn,9bozmk,True,,2,1,0,1.0,0.0,1.0,0.0,1.583
898gne__9ly16x,898gne,9ly16x,True,,2,6,0,1.0,0.0,1.0,0.0,1.583
8n6rsd__2t0cg0,8n6rsd,2t0cg0,True,,4,4,0,1.0,0.0,1.0,0.0,1.583
3a0e8u__49a3uo,3a0e8u,49a3uo,True,,1,7,0,1.0,0.0,1.0,0.0,1.583
6h9vkl__2fwn1z,6h9vkl,2fwn1z,True,,2,1,0,1.0,0.0,1.0,0.0,1.583
730mf1__7fkkz9,730mf1,7fkkz9,True,,6,1,0,1.0,0.0,1.0,0.0,1.583
3r2xpl__7f004e,3r2xpl,7f004e,True,,2,1,0,1.0,0.0,1.0,0.0,1.583
2kihoa__40qr5c,2kihoa,40qr5c,True,,3,5,0,1.0,0.0,1.0,0.0,1.583
34t5m6__4o5cny,34t5m6,4o5cny,True,,3,5,1,0.5555555555555556,0.4444444444444444,0.25745055079460144,0.7425494492053986,2.3662891528351437
5zzpo3__93nbdi,5zzpo3,93nbdi,True,,3,5,1,0.75,0.25,0.28143952786922455,0.7185604721307755,2.304588624922931
38u6w3__2hl343,38u6w3,2hl343,True,,2,8,0,1.0,0.0,1.0,0.0,1.583
35g4j0__9rhumn,35g4j0,9rhumn,True,,1,2,0,1.0,0.0,1.0,0.0,1.583
8h4jg3__31axlu,8h4jg3,31axlu,True,,8,1,0,1.0,0.0,1.0,0.0,1.583
5iq8h5__6xvop6,5iq8h5,6xvop6,True,,5,2,0,1.0,0.0,1.0,0.0,1.583
3ste8f__1xi3uz,3ste8f,1xi3uz,True,,1,1,0,1.0,0.0,1.0,0.0,1.583
9oqudo__1zxze1,9oqudo,1zxze1,True,,7,5,0,1.0,0.0,1.0,0.0,1.583
4onswk__6ppgx0,4onswk,6ppgx0,True,,2,4,0,1.0,0.0,1.0,0.0,1.583
3qlbez__5csypo,3qlbez,5csypo,True,,1,1,0,1.0,0.0,1.0,0.0,1.583
5ab0mq__77cwb1,5ab0mq,77cwb1,True,,2,3,0,1.0,0.0,1.0,0.0,1.583
9593yh__9jhuja,9593yh,9jhuja,True,,2,4,0,1.0,0.0,1.0,0.0,1.583
7nmutd__3pvkpd,7nmutd,3pvkpd,True,,4,8,0,1.0,0.0,1.0,0.0,1.583
3eup96__3rziy3,3eup96,3rziy3,True,,3,3,0,1.0,0.0,1.0,0.0,1.583
3snzx3__9lzoxi,3snzx3,9lzoxi,True,,3,4,0,1.0,0.0,1.0,0.0,1.583
13z2e9__1hove5,13z2e9,1hove5,True,,4,1,0,1.0,0.0,1.0,0.0,1.583
8z6jta__6ii2jp,8z6jta,6ii2jp,True,,5,3,0,1.0,0.0,1.0,0.0,1.583
5pl7ai__4t9qo1,5pl7ai,4t9qo1,True,,1,7,0,1.0,0.0,1.0,0.0,1.583
20vc2u__1f3zik,20vc2u,1f3zik,True,,3,2,0,1.0,0.0,1.0,0.0,1.583
5c1n5b__3dpk4u,5c1n5b,3dpk4u,True,,1,9,0,1.0,0.0,1.0,0.0,1.583
4ipjne__4c14gd,4ipjne,4c14gd,True,,3,1,0,1.0,0.0,1.0,0.0,1.583
3lylkj__8d1zmm,3lylkj,8d1zmm,True,,3,2,0,1.0,0.0,1.0,0.0,1.583
6bxknh__54ms5r,6bxknh,54ms5r,True,,4,1,0,1.0,0.0,1.0,0.0,1.583
9x4e41__99pfkq,9x4e41,99pfkq,True,,9,1,0,1.0,0.0,1.0,0.0,1.583
1dzwfy__5u537g,1dzwfy,5u537g,True,,2,3,1,0.6,0.4,0.4064386934041977,0.5935613065958023,2.21816690422982
5nmzm9__216tgv,5nmzm9,216tgv,True,,3,2,0,1.0,0.0,1.0,0.0,1.583
546qep__1ickyq,546qep,1ickyq,True,,2,3,0,1.0,0.0,1.0,0.0,1.583
gb645__73kiq4,gb645,73kiq4,True,,4,5,2,0.6,0.4,0.364178366959095,0.635821633040905,2.257633823096901
90vqpv__6hzjec,90vqpv,6hzjec,True,,2,4,0,1.0,0.0,1.0,0.0,1.583
3go4dv__2our97,3go4dv,2our97,True,,4,2,0,1.0,0.0,1.0,0.0,1.583
1debp9__5ler6b,1debp9,5ler6b,True,,2,4,0,1.0,0.0,1.0,0.0,1.583
364t3x__9rckxp,364t3x,9rckxp,True,,5,3,0,1.0,0.0,1.0,0.0,1.583
5zzpo3__4p094x,5zzpo3,4p094x,True,,3,3,0,1.0,0.0,1.0,0.0,1.583
2ygly3__2vrrcv,2ygly3,2vrrcv,True,,8,6,1,0.8571428571428571,0.1428571428571429,0.22684070467948914,0.7731592953205109,2.3339248944712536
30zdwx__3extm3,30zdwx,3extm3,True,,4,3,0,1.0,0.0,1.0,0.0,1.583
73qbrd__2wbbiz,73qbrd,2wbbiz,True,,2,2,0,1.0,0.0,1.0,0.0,1.583
632wsp__9593yh,632wsp,9593yh,True,,2,2,0,1.0,0.0,1.0,0.0,1.583
4eqpx3__7g12gi,4eqpx3,7g12gi,True,,2,5,0,1.0,0.0,1.0,0.0,1.583
9ess1g__48h91v,9ess1g,48h91v,True,,4,3,0,1.0,0.0,1.0,0.0,1.583
6pbalf__8kzy0d,6pbalf,8kzy0d,True,,6,4,0,1.0,0.0,1.0,0.0,1.583
3fot6u__1w5iv3,3fot6u,1w5iv3,True,,2,2,1,0.5,0.5,0.26122575998306274,0.7387742400169373,2.373991262751818
5q6kzo__9b9umy,5q6kzo,9b9umy,True,,7,2,0,1.0,0.0,1.0,0.0,1.583
5z318w__3n0qoe,5z318w,3n0qoe,True,,1,3,0,1.0,0.0,1.0,0.0,1.583
651fex__8oo1h0,651fex,8oo1h0,True,,2,8,0,1.0,0.0,1.0,0.0,1.583
3gf37d__4u6o1r,3gf37d,4u6o1r,True,,5,4,0,1.0,0.0,1.0,0.0,1.583
3vgu2b__9uf5b7,3vgu2b,9uf5b7,True,,3,3,1,0.6666666666666666,0.33333333333333337,0.3817923665046692,0.6182076334953308,2.2277107755879557
2azplx__6xu2b1,2azplx,6xu2b1,True,,2,4,0,1.0,0.0,1.0,0.0,1.583
6dlnza__9w93zq,6dlnza,9w93zq,True,,1,4,0,1.0,0.0,1.0,0.0,1.583
9wx9fr__4p1y00,9wx9fr,4p1y00,True,,2,3,0,1.0,0.0,1.0,0.0,1.583
60xnvg__3cdbid,60xnvg,3cdbid,True,,2,3,0,1.0,0.0,1.0,0.0,1.583
3893kk__3t6iwz,3893kk,3t6iwz,True,,1,6,0,1.0,0.0,1.0,0.0,1.583
11huhu__38nolt,11huhu,38nolt,True,,3,5,1,0.75,0.25,0.33902668952941895,0.660973310470581,2.2508079746484757
8g86nn__2tgsnn,8g86nn,2tgsnn,True,,5,7,0,1.0,0.0,1.0,0.0,1.583
2aq4q4__3399l4,2aq4q4,3399l4,True,,8,3,0,1.0,0.0,1.0,0.0,1.583
1abuli__6iaas5,1abuli,6iaas5,True,,2,5,0,1.0,0.0,1.0,0.0,1.583
4uc1is__866n22,4uc1is,866n22,True,,6,5,5,0.047619047619047616,0.9523809523809523,0.441526747494936,0.558473252505064,2.2970343609906694
3iq04d__1hiab5,3iq04d,1hiab5,True,,5,1,0,1.0,0.0,1.0,0.0,1.583
2y3dbn__2wbbiz,2y3dbn,2wbbiz,True,,3,2,0,1.0,0.0,1.0,0.0,1.583
1bxafi__9ggawy,1bxafi,9ggawy,True,,4,7,0,1.0,0.0,1.0,0.0,1.583
2obo7a__8e5rjo,2obo7a,8e5rjo,True,,1,3,0,1.0,0.0,1.0,0.0,1.583
2rpkro__9lzoxi,2rpkro,9lzoxi,True,,3,4,4,0.07692307692307693,0.9230769230769231,0.3721758760511875,0.6278241239488125,2.355878795509642
8nfg1q__2oo0yw,8nfg1q,2oo0yw,True,,6,4,0,1.0,0.0,1.0,0.0,1.583
90altq__7h99qe,90altq,7h99qe,True,,6,3,0,1.0,0.0,1.0,0.0,1.583
638zpo__2uj6yq,638zpo,2uj6yq,True,,2,8,0,1.0,0.0,1.0,0.0,1.583
90p25b__4ipnu7,90p25b,4ipnu7,True,,3,5,0,1.0,0.0,1.0,0.0,1.583
39xm8q__7he666,39xm8q,7he666,True,,3,2,0,1.0,0.0,1.0,0.0,1.583
75jmq3__907t0e,75jmq3,907t0e,True,,5,5,1,0.8,0.19999999999999996,0.5377771891653538,0.4622228108346462,2.055089883038476
365rsz__8hljch,365rsz,8hljch,True,,2,4,0,1.0,0.0,1.0,0.0,1.583
8vfhm6__2mfhiq,8vfhm6,2mfhiq,True,,4,2,0,1.0,0.0,1.0,0.0,1.583
67ea8b__7bn63c,67ea8b,7bn63c,True,,3,4,0,1.0,0.0,1.0,0.0,1.583
2cakyr__2wgu1b,2cakyr,2wgu1b,True,,6,1,0,1.0,0.0,1.0,0.0,1.583
9he6t9__5csrb0,9he6t9,5csrb0,True,,9,4,0,1.0,0.0,1.0,0.0,1.583
9p59sp__91b8rh,9p59sp,91b8rh,True,,7,4,0,1.0,0.0,1.0,0.0,1.583
9ksgrx__91zw9c,9ksgrx,91zw9c,True,,9,3,0,1.0,0.0,1.0,0.0,1.583
1a96ty__70b1x5,1a96ty,70b1x5,True,,8,1,0,1.0,0.0,1.0,0.0,1.583
34qay8__9ozsku,34qay8,9ozsku,True,,2,3,2,0.0,1.0,0.38544721342623234,0.6145527865737677,2.3590308473812414
2nb9di__9hbfph,2nb9di,9hbfph,True,,5,7,0,1.0,0.0,1.0,0.0,1.583
60puj4__5c6ed9,60puj4,5c6ed9,True,,8,5,5,0.13043478260869565,0.8695652173913043,0.41940331310033796,0.580596686899662,2.300958376330377
2idzuv__820qmi,2idzuv,820qmi,True,,5,5,5,0.0,1.0,0.4152243960648775,0.5847756039351225,2.3312219365150106
372d14__54n5nz,372d14,54n5nz,True,,3,3,0,1.0,0.0,1.0,0.0,1.583
3se7um__8l35wk,3se7um,8l35wk,True,,4,4,0,1.0,0.0,1.0,0.0,1.583
3g1dnn__3huqre,3g1dnn,3huqre,True,,5,4,0,1.0,0.0,1.0,0.0,1.583
3sptm5__9kblz6,3sptm5,9kblz6,True,,3,3,0,1.0,0.0,1.0,0.0,1.583
91b8rh__4prrt9,91b8rh,4prrt9,True,,4,3,3,0.2,0.8,0.36886205275853473,0.6311379472414653,2.3340997289288046
1jjdlq__8okxzn,1jjdlq,8okxzn,True,,5,1,0,1.0,0.0,1.0,0.0,1.583
4virgd__7fw2fj,4virgd,7fw2fj,True,,3,6,0,1.0,0.0,1.0,0.0,1.583
16uonx__6e5vyj,16uonx,6e5vyj,True,,3,10,3,0.5625,0.4375,0.3988552987575531,0.6011447012424469,2.232827786490321
1bsth6__3krfdy,1bsth6,3krfdy,True,,3,4,3,0.4,0.6,0.3919915125394861,0.6080084874605138,2.272079126439374
7d2o7b__1hcjm7,7d2o7b,1hcjm7,True,,2,2,0,1.0,0.0,1.0,0.0,1.583
3s8meu__85fvqt,3s8meu,85fvqt,True,,2,5,0,1.0,0.0,1.0,0.0,1.583
131o3k__7qjrz6,131o3k,7qjrz6,True,,2,7,0,1.0,0.0,1.0,0.0,1.583
9ixuko__2owm8o,9ixuko,2owm8o,True,,2,7,0,1.0,0.0,1.0,0.0,1.583
1klc17__1sjl2f,1klc17,1sjl2f,True,,3,2,0,1.0,0.0,1.0,0.0,1.583
2y5h0c__5svxvs,2y5h0c,5svxvs,True,,2,9,1,0.8181818181818182,0.18181818181818177,0.3369740843772888,0.6630259156227112,2.2389453571455045
30q6i0__9gh6k9,30q6i0,9gh6k9,True,,12,1,0,1.0,0.0,1.0,0.0,1.583
28sth8__71sahy,28sth8,71sahy,True,,9,4,3,0.4375,0.5625,0.4203876753648122,0.5796123246351879,2.237981199976802
1p3ohq__vddjr,1p3ohq,vddjr,True,,3,4,0,1.0,0.0,1.0,0.0,1.583
1d6kre__3ggjon,1d6kre,3ggjon,True,,6,1,0,1.0,0.0,1.0,0.0,1.583
3a796s__275ypc,3a796s,275ypc,True,,8,3,0,1.0,0.0,1.0,0.0,1.583
36o3q3__2trrlh,36o3q3,2trrlh,True,,4,6,0,1.0,0.0,1.0,0.0,1.583
306qtx__8a6n70,306qtx,8a6n70,True,,1,6,0,1.0,0.0,1.0,0.0,1.583
6ygyoj__v4w8g,6ygyoj,v4w8g,True,,2,7,2,0.3333333333333333,0.6666666666666667,0.4414281148929149,0.5585718851070851,2.23938361683484
3pm9a8__6epc9m,3pm9a8,6epc9m,True,,3,1,0,1.0,0.0,1.0,0.0,1.583
1rm6v8__6ttjmi,1rm6v8,6ttjmi,True,,2,2,0,1.0,0.0,1.0,0.0,1.583
6zypk4__7b8oiq,6zypk4,7b8oiq,True,,3,2,0,1.0,0.0,1.0,0.0,1.583
3f61n3__5wyr16,3f61n3,5wyr16,True,,1,2,1,0.3333333333333333,0.6666666666666667,0.3141017109155655,0.6858982890844345,2.358293745509287
7xwio3__1spxqp,7xwio3,1spxqp,True,,4,8,0,1.0,0.0,1.0,0.0,1.583
8sn1c8__3co7s1,8sn1c8,3co7s1,True,,5,3,2,0.4444444444444444,0.5555555555555556,0.32998935878276825,0.6700106412172318,2.32100071561055
27qc3f__34sk59,27qc3f,34sk59,True,,6,2,0,1.0,0.0,1.0,0.0,1.583
2c97e8__8m49r2,2c97e8,8m49r2,True,,4,1,0,1.0,0.0,1.0,0.0,1.583
2oe8fw__5wta13,2oe8fw,5wta13,True,,9,4,0,1.0,0.0,1.0,0.0,1.583
56dmkz__7fkkz9,56dmkz,7fkkz9,True,,3,1,1,0.5,0.5,0.27422700822353363,0.7257729917764664,2.361849397020042
9z5ns9__7fen5q,9z5ns9,7fen5q,True,,1,3,0,1.0,0.0,1.0,0.0,1.583
3gzf8w__40s7kk,3gzf8w,40s7kk,True,,6,7,0,1.0,0.0,1.0,0.0,1.583
8vj6vd__9socrk,8vj6vd,9socrk,True,,6,6,0,1.0,0.0,1.0,0.0,1.583
6zuvan__3and4i,6zuvan,3and4i,True,,3,5,0,1.0,0.0,1.0,0.0,1.583
9liiq9__9ap0rq,9liiq9,9ap0rq,True,,2,3,0,1.0,0.0,1.0,0.0,1.583
91d1et__2nftg5,91d1et,2nftg5,True,,2,4,2,0.2857142857142857,0.7142857142857143,0.3795242980122566,0.6204757019877434,2.306819400943496
4daz4l__6it3bu,4daz4l,6it3bu,True,,5,11,0,1.0,0.0,1.0,0.0,1.583
8g4jdm__3u8kl4,8g4jdm,3u8kl4,True,,8,2,0,1.0,0.0,1.0,0.0,1.583
2e0n02__6vofg7,2e0n02,6vofg7,True,,6,1,0,1.0,0.0,1.0,0.0,1.583
9w7lv9__1wy0v3,9w7lv9,1wy0v3,True,,5,2,0,1.0,0.0,1.0,0.0,1.583
1uybs0__76v71i,1uybs0,76v71i,True,,11,4,0,1.0,0.0,1.0,0.0,1.583
173441__39o5nt,173441,39o5nt,True,,1,1,0,1.0,0.0,1.0,0.0,1.583
135o9l__3v42xx,135o9l,3v42xx,True,,4,5,0,1.0,0.0,1.0,0.0,1.583
9ada84__4jd0sr,9ada84,4jd0sr,True,,6,2,0,1.0,0.0,1.0,0.0,1.583
wdgd9__65d6hz,wdgd9,65d6hz,True,,2,3,0,1.0,0.0,1.0,0.0,1.583
2kbhyx__8y1m4e,2kbhyx,8y1m4e,True,,4,7,3,0.19047619047619047,0.8095238095238095,0.36448348239064216,0.6355165176093578,2.3401136377001412
51vjpq__9qxhu3,51vjpq,9qxhu3,True,,1,2,0,1.0,0.0,1.0,0.0,1.583
1h6vp2__1uaj9c,1h6vp2,1uaj9c,True,,1,7,0,1.0,0.0,1.0,0.0,1.583
8o0hje__1y3ej4,8o0hje,1y3ej4,True,,10,2,1,0.8333333333333334,0.16666666666666663,0.43848221004009247,0.5615177899599075,2.141084797376891
8ziaso__3k0uhm,8ziaso,3k0uhm,True,,3,2,0,1.0,0.0,1.0,0.0,1.583
26eo14__5fsm4d,26eo14,5fsm4d,True,,4,3,0,1.0,0.0,1.0,0.0,1.583
1cu89q__6yvln9,1cu89q,6yvln9,True,,3,6,1,0.7777777777777778,0.2222222222222222,0.4029401019215584,0.5970598980784416,2.1855053499265678
7393uw__6yajjk,7393uw,6yajjk,True,,1,10,0,1.0,0.0,1.0,0.0,1.583
1ecfgr__21ary2,1ecfgr,21ary2,True,,1,2,0,1.0,0.0,1.0,0.0,1.583
9d4f8m__4b5md8,9d4f8m,4b5md8,True,,4,8,0,1.0,0.0,1.0,0.0,1.583
2vc26s__6pn4ca,2vc26s,6pn4ca,True,,6,6,2,0.4666666666666667,0.5333333333333333,0.3668338730931282,0.6331661269068718,2.2821005125849942
3tr5v3__3o0kdy,3tr5v3,3o0kdy,True,,2,1,0,1.0,0.0,1.0,0.0,1.583
345mm3__3fk2kk,345mm3,3fk2kk,True,,3,5,2,0.4444444444444444,0.5555555555555556,0.29439884424209595,0.705601155757904,2.3542386971400844
36e4ey__2z8ut7,36e4ey,2z8ut7,True,,5,7,0,1.0,0.0,1.0,0.0,1.583
91p9tw__8aefe0,91p9tw,8aefe0,True,,4,7,2,0.5,0.5,0.34155818819999695,0.658441811800003,2.298968808040023
3fynsr__9yjrgg,3fynsr,9yjrgg,True,,1,1,0,1.0,0.0,1.0,0.0,1.583
4hkaxx__4pitik,4hkaxx,4pitik,True,,3,2,0,1.0,0.0,1.0,0.0,1.583
345mm3__9lvt2j,345mm3,9lvt2j,True,,3,2,0,1.0,0.0,1.0,0.0,1.583
9v4rto__2i92i2,9v4rto,2i92i2,True,,5,7,0,1.0,0.0,1.0,0.0,1.583
1elmr1__2xu5hi,1elmr1,2xu5hi,True,,1,1,1,0.0,1.0,0.36400359869003296,0.635996401309967,2.379057039183378
87cpzs__7upo02,87cpzs,7upo02,True,,6,8,0,1.0,0.0,1.0,0.0,1.583
8k6dwp__2zdfti,8k6dwp,2zdfti,True,,6,1,0,1.0,0.0,1.0,0.0,1.583
4uxpgg__5jdct9,4uxpgg,5jdct9,True,,3,2,0,1.0,0.0,1.0,0.0,1.583
4jsfb5__3ppt2o,4jsfb5,3ppt2o,True,,4,2,1,0.08333333333333333,0.9166666666666666,0.4140645321458578,0.5859354678541422,2.3154634667623166
2l6u08__3hykdb,2l6u08,3hykdb,True,,3,2,0,1.0,0.0,1.0,0.0,1.583
4jatke__9sf4zz,4jatke,9sf4zz,True,,2,4,0,1.0,0.0,1.0,0.0,1.583
1lrij7__4sc2za,1lrij7,4sc2za,True,,4,6,0,1.0,0.0,1.0,0.0,1.583
51jee8__2kjkyk,51jee8,2kjkyk,True,,2,2,0,1.0,0.0,1.0,0.0,1.583
3fwz7i__2cd206,3fwz7i,2cd206,True,,8,4,4,0.3333333333333333,0.6666666666666667,0.3889446510002017,0.6110553489997983,2.288397923764245
3c859n__8xqwff,3c859n,8xqwff,True,,1,2,0,1.0,0.0,1.0,0.0,1.583
1uybs0__2dlwkq,1uybs0,2dlwkq,True,,11,12,0,1.0,0.0,1.0,0.0,1.583
55hvet__9x905m,55hvet,9x905m,True,,2,3,0,1.0,0.0,1.0,0.0,1.583
34395g__8eeyex,34395g,8eeyex,True,,7,1,0,1.0,0.0,1.0,0.0,1.583
8ol6if__34esxc,8ol6if,34esxc,True,,4,6,0,1.0,0.0,1.0,0.0,1.583
53l8o4__9fi7jw,53l8o4,9fi7jw,True,,6,1,0,1.0,0.0,1.0,0.0,1.583
34cz8b__7x4tsf,34cz8b,7x4tsf,True,,6,1,0,1.0,0.0,1.0,0.0,1.583
8483sc__7dec16,8483sc,7dec16,True,,8,3,0,1.0,0.0,1.0,0.0,1.583
3md1yi__2zl0kz,3md1yi,2zl0kz,True,,4,4,3,0.043478260869565216,0.9565217391304348,0.4119097950557868,0.5880902049442132,2.3255304858756616
3gc4mn__6jclu1,3gc4mn,6jclu1,True,,4,4,0,1.0,0.0,1.0,0.0,1.583
41fysp__2o59a7,41fysp,2o59a7,True,,5,3,0,1.0,0.0,1.0,0.0,1.583
3vuaej__9d4kvx,3vuaej,9d4kvx,True,,6,7,0,1.0,0.0,1.0,0.0,1.583
6f081y__9r9lh6,6f081y,9r9lh6,True,,4,3,0,1.0,0.0,1.0,0.0,1.583
4y064o__5b3s39,4y064o,5b3s39,True,,1,6,0,1.0,0.0,1.0,0.0,1.583
2bnfmr__3h285s,2bnfmr,3h285s,True,,4,1,0,1.0,0.0,1.0,0.0,1.583
4cxkub__3903mc,4cxkub,3903mc,True,,2,2,0,1.0,0.0,1.0,0.0,1.583
1ijdnv__j7dlj,1ijdnv,j7dlj,True,,5,3,0,1.0,0.0,1.0,0.0,1.583
92t6xr__3bp6yf,92t6xr,3bp6yf,True,,4,5,0,1.0,0.0,1.0,0.0,1.583
306qtx__9x4par,306qtx,9x4par,True,,1,4,0,1.0,0.0,1.0,0.0,1.583
3emhso__9u8e50,3emhso,9u8e50,True,,2,9,0,1.0,0.0,1.0,0.0,1.583
2t442r__4o14ts,2t442r,4o14ts,True,,3,1,0,1.0,0.0,1.0,0.0,1.583
87fv8b__6fnb2u,87fv8b,6fnb2u,True,,1,1,0,1.0,0.0,1.0,0.0,1.583
6zkwnq__4ishud,6zkwnq,4ishud,True,,5,6,1,0.8181818181818182,0.18181818181818177,0.3444199860095978,0.6555800139904022,2.231991629611091
1quwta__78xk0z,1quwta,78xk0z,True,,3,8,0,1.0,0.0,1.0,0.0,1.583
4virgd__9tbprm,4virgd,9tbprm,True,,3,2,0,1.0,0.0,1.0,0.0,1.583
1cwfoc__9q7zgy,1cwfoc,9q7zgy,True,,3,6,1,0.7777777777777778,0.2222222222222222,0.3544154167175293,0.6455845832824707,2.2308225534386104
wdfbu__934g8q,wdfbu,934g8q,True,,3,3,0,1.0,0.0,1.0,0.0,1.583
35z6rt__7c62o1,35z6rt,7c62o1,True,,5,2,0,1.0,0.0,1.0,0.0,1.583
2y8j35__8amln6,2y8j35,8amln6,True,,6,1,0,1.0,0.0,1.0,0.0,1.583
2u4ee3__2tvkvl,2u4ee3,2tvkvl,True,,1,3,0,1.0,0.0,1.0,0.0,1.583
2taj6r__2kr59s,2taj6r,2kr59s,True,,2,1,0,1.0,0.0,1.0,0.0,1.583
3399l4__24m5oq,3399l4,24m5oq,True,,3,1,0,1.0,0.0,1.0,0.0,1.583
2fljsa__77pan3,2fljsa,77pan3,True,,5,4,2,0.5,0.5,0.368780467659235,0.631219532340765,2.2735459212530404
9f29zc__3d5rzq,9f29zc,3d5rzq,True,,5,3,2,0.4444444444444444,0.5555555555555556,0.3245864510536194,0.6754135489463806,2.3260464911388024
6tfmrs__6geobz,6tfmrs,6geobz,True,,2,4,0,1.0,0.0,1.0,0.0,1.583
511guc__7g76r1,511guc,7g76r1,True,,3,4,0,1.0,0.0,1.0,0.0,1.583
3trkam__8cgdwc,3trkam,8cgdwc,True,,4,4,3,0.18181818181818182,0.8181818181818181,0.37195688486099243,0.6280431151390076,2.3348840106828646
3tb56y__1qxc7l,3tb56y,1qxc7l,True,,3,4,0,1.0,0.0,1.0,0.0,1.583
1at6b8__9yx2tj,1at6b8,9yx2tj,True,,2,1,0,1.0,0.0,1.0,0.0,1.583
8dmlxa__79l5xe,8dmlxa,79l5xe,True,,1,3,0,1.0,0.0,1.0,0.0,1.583
6c0jno__5yscw5,6c0jno,5yscw5,True,,6,7,0,1.0,0.0,1.0,0.0,1.583
33fn3l__967lhq,33fn3l,967lhq,True,,4,6,0,1.0,0.0,1.0,0.0,1.583
5w32k3__3gcmp5,5w32k3,3gcmp5,True,,2,4,2,0.1111111111111111,0.8888888888888888,0.452092203622063,0.5479077963779371,2.2743355354818
35aeig__4uh4l1,35aeig,4uh4l1,True,,6,2,0,1.0,0.0,1.0,0.0,1.583
1dlj67__3yv1k4,1dlj67,3yv1k4,True,,4,3,0,1.0,0.0,1.0,0.0,1.583
3221cq__47o6y8,3221cq,47o6y8,True,,4,8,0,1.0,0.0,1.0,0.0,1.583
2iiobs__5g8oqc,2iiobs,5g8oqc,True,,2,2,0,1.0,0.0,1.0,0.0,1.583
48ypv3__8dl6rp,48ypv3,8dl6rp,True,,9,6,0,1.0,0.0,1.0,0.0,1.583
25ro35__6q4spu,25ro35,6q4spu,True,,4,4,0,1.0,0.0,1.0,0.0,1.583
1qs7wp__9x4e6o,1qs7wp,9x4e6o,True,,2,5,2,0.5,0.5,0.49577152263373137,0.5042284773662686,2.1549489750123585
2ubzn9__1uihr2,2ubzn9,1uihr2,True,,6,1,0,1.0,0.0,1.0,0.0,1.583
3oldln__5httb2,3oldln,5httb2,True,,5,4,0,1.0,0.0,1.0,0.0,1.583
4d0e6x__6025sn,4d0e6x,6025sn,True,,3,2,1,0.6,0.4,0.4253620207309723,0.5746379792690277,2.200494408839345
9h35mb__69jhpw,9h35mb,69jhpw,True,,4,2,0,1.0,0.0,1.0,0.0,1.583
4ak6pz__979fjo,4ak6pz,979fjo,True,,3,3,0,1.0,0.0,1.0,0.0,1.583
8golrs__8wfmcz,8golrs,8wfmcz,True,,11,3,0,1.0,0.0,1.0,0.0,1.583
988aln__4f34pc,988aln,4f34pc,True,,6,5,0,1.0,0.0,1.0,0.0,1.583
2z6fiu__42344s,2z6fiu,42344s,True,,5,2,0,1.0,0.0,1.0,0.0,1.583
3tm1gz__6dvnoh,3tm1gz,6dvnoh,True,,5,2,0,1.0,0.0,1.0,0.0,1.583
2bz9sj__5ncn26,2bz9sj,5ncn26,True,,3,3,2,0.2857142857142857,0.7142857142857143,0.4303517956286669,0.5696482043713331,2.2593516009195307
12jw4r__3uyl2c,12jw4r,3uyl2c,True,,7,7,1,0.8571428571428571,0.1428571428571429,0.405692495405674,0.594307504594326,2.1668952071120695
41ayut__96mp9b,41ayut,96mp9b,True,,1,4,0,1.0,0.0,1.0,0.0,1.583
5mo0yk__9xjera,5mo0yk,9xjera,True,,4,3,2,0.5,0.5,0.4093664437532425,0.5906335562467575,2.2356426781788468
q7s06__16axa6,q7s06,16axa6,True,,5,3,0,1.0,0.0,1.0,0.0,1.583
9x6a1z__52rugj,9x6a1z,52rugj,True,,8,3,0,1.0,0.0,1.0,0.0,1.583
3i5gnx__2jhqsx,3i5gnx,2jhqsx,True,,5,2,0,1.0,0.0,1.0,0.0,1.583
4wxi3a__4sku5w,4wxi3a,4sku5w,True,,6,2,0,1.0,0.0,1.0,0.0,1.583
2s2epk__6p5c81,2s2epk,6p5c81,True,,1,4,0,1.0,0.0,1.0,0.0,1.583
2zfqvj__phdv7,2zfqvj,phdv7,True,,7,2,1,0.7777777777777778,0.2222222222222222,0.3142469972372055,0.6857530027627945,2.268335840391285
8zody5__38kilh,8zody5,38kilh,True,,7,6,0,1.0,0.0,1.0,0.0,1.583
33zeje__46lr6r,33zeje,46lr6r,True,,2,2,0,1.0,0.0,1.0,0.0,1.583
3atgok__8zb0rc,3atgok,8zb0rc,True,,2,2,0,1.0,0.0,1.0,0.0,1.583
8nk4yk__9wkp0q,8nk4yk,9wkp0q,True,,4,5,2,0.5,0.5,0.46652182936668396,0.533478170633316,2.182265263554454
8n3mjd__5lhcvq,8n3mjd,5lhcvq,True,,7,4,0,1.0,0.0,1.0,0.0,1.583
87f8eq__9w8emj,87f8eq,9w8emj,True,,2,2,0,1.0,0.0,1.0,0.0,1.583
8avjjr__8bdvdk,8avjjr,8bdvdk,True,,3,4,1,0.7142857142857143,0.2857142857142857,0.4277783930301666,0.5722216069698334,2.1751406158919844
5iu78y__2162nu,5iu78y,2162nu,True,,2,4,0,1.0,0.0,1.0,0.0,1.583
3h1avp__1e5ika,3h1avp,1e5ika,True,,7,7,0,1.0,0.0,1.0,0.0,1.583
2v426i__5qe2wo,2v426i,5qe2wo,True,,5,3,0,1.0,0.0,1.0,0.0,1.583
1d162d__57brla,1d162d,57brla,True,,3,2,0,1.0,0.0,1.0,0.0,1.583
4kudwr__5cy042,4kudwr,5cy042,True,,8,5,2,0.6428571428571429,0.3571428571428571,0.36333343759179115,0.6366665624082088,2.2497614740615974
945did__93q2a1,945did,93q2a1,True,,2,4,0,1.0,0.0,1.0,0.0,1.583
3epkwu__3lgy9v,3epkwu,3lgy9v,True,,3,3,0,1.0,0.0,1.0,0.0,1.583
4r4yuk__9tzi6n,4r4yuk,9tzi6n,True,,8,3,0,1.0,0.0,1.0,0.0,1.583
3pw8fz__9fi7jw,3pw8fz,9fi7jw,True,,8,1,0,1.0,0.0,1.0,0.0,1.583
1hartx__1x0zyg,1hartx,1x0zyg,True,,6,2,0,1.0,0.0,1.0,0.0,1.583
2iiobs__1hge1j,2iiobs,1hge1j,True,,2,2,0,1.0,0.0,1.0,0.0,1.583
1cu89q__27eh4c,1cu89q,27eh4c,True,,3,3,2,0.2857142857142857,0.7142857142857143,0.4138926900923252,0.5861073099076748,2.2747227595799204
70r2kk__36fa3l,70r2kk,36fa3l,True,,6,7,4,0.2631578947368421,0.736842105263158,0.4191489014774561,0.5808510985225439,2.274372630383888
35ngzx__750g8c,35ngzx,750g8c,True,,5,4,0,1.0,0.0,1.0,0.0,1.583
fvisl__3io3nf,fvisl,3io3nf,True,,2,3,0,1.0,0.0,1.0,0.0,1.583
3diqg6__70zf60,3diqg6,70zf60,True,,2,1,0,1.0,0.0,1.0,0.0,1.583
3pi1oh__6zqkiu,3pi1oh,6zqkiu,True,,7,2,0,1.0,0.0,1.0,0.0,1.583
8g6ot1__275ypc,8g6ot1,275ypc,True,,1,3,0,1.0,0.0,1.0,0.0,1.583
3ff579__3n954y,3ff579,3n954y,True,,3,5,0,1.0,0.0,1.0,0.0,1.583
2h3kmm__3jctng,2h3kmm,3jctng,True,,4,4,0,1.0,0.0,1.0,0.0,1.583
8ti1e1__4vamjo,8ti1e1,4vamjo,True,,2,5,0,1.0,0.0,1.0,0.0,1.583
219x87__2skg8w,219x87,2skg8w,True,,1,3,0,1.0,0.0,1.0,0.0,1.583
zhmah__5k4fwf,zhmah,5k4fwf,True,,7,5,0,1.0,0.0,1.0,0.0,1.583
4oe0ir__2ojjaa,4oe0ir,2ojjaa,True,,4,3,0,1.0,0.0,1.0,0.0,1.583
4vkn7z__961xso,4vkn7z,961xso,True,,4,2,0,1.0,0.0,1.0,0.0,1.583
9x4e6o__28fdxn,9x4e6o,28fdxn,True,,5,3,1,0.75,0.25,0.3574947416782379,0.6425052583217621,2.2335606607466936
4n8qcs__99oeue,4n8qcs,99oeue,True,,4,2,1,0.6666666666666666,0.33333333333333337,0.35603468120098114,0.6439653187990189,2.25176587789307
8t4xss__9593yh,8t4xss,9593yh,True,,7,2,0,1.0,0.0,1.0,0.0,1.583
9tdjbp__phdv7,9tdjbp,phdv7,True,,5,2,0,1.0,0.0,1.0,0.0,1.583
3e92kg__6a0n8r,3e92kg,6a0n8r,True,,4,6,0,1.0,0.0,1.0,0.0,1.583
34fman__3n954y,34fman,3n954y,True,,3,5,0,1.0,0.0,1.0,0.0,1.583
51bs11__99gatx,51bs11,99gatx,True,,4,6,2,0.5454545454545454,0.4545454545454546,0.30261362344026566,0.6973863765597343,2.326152773432772
2zqxyb__3f9rxn,2zqxyb,3f9rxn,True,,2,3,0,1.0,0.0,1.0,0.0,1.583
3ej7br__2u5t29,3ej7br,2u5t29,True,,3,3,0,1.0,0.0,1.0,0.0,1.583
20cscu__8ffsgh,20cscu,8ffsgh,True,,1,2,0,1.0,0.0,1.0,0.0,1.583
34xzss__8vs95v,34xzss,8vs95v,True,,2,2,0,1.0,0.0,1.0,0.0,1.583
971u5n__52rugj,971u5n,52rugj,True,,1,3,0,1.0,0.0,1.0,0.0,1.583
2a2nh0__39w11r,2a2nh0,39w11r,True,,5,3,0,1.0,0.0,1.0,0.0,1.583
53azlv__74fkb2,53azlv,74fkb2,True,,5,3,0,1.0,0.0,1.0,0.0,1.583
555r6h__9u05ab,555r6h,9u05ab,True,,2,3,0,1.0,0.0,1.0,0.0,1.583
2cslz6__207bnl,2cslz6,207bnl,True,,3,3,0,1.0,0.0,1.0,0.0,1.583
5s54ye__4es909,5s54ye,4es909,True,,2,4,0,1.0,0.0,1.0,0.0,1.583
2brpdv__4ujh5f,2brpdv,4ujh5f,True,,3,4,0,1.0,0.0,1.0,0.0,1.583
87b09y__8onrvw,87b09y,8onrvw,True,,1,7,0,1.0,0.0,1.0,0.0,1.583
2rmo6o__51vrpp,2rmo6o,51vrpp,True,,5,4,0,1.0,0.0,1.0,0.0,1.583
6w26un__15zv5y,6w26un,15zv5y,True,,2,7,0,1.0,0.0,1.0,0.0,1.583
2b0lzk__1y38lg,2b0lzk,1y38lg,True,,5,3,2,0.4444444444444444,0.5555555555555556,0.3128930702805519,0.6871069297194481,2.33696693944277
2yv7p5__5ybscp,2yv7p5,5ybscp,True,,2,4,0,1.0,0.0,1.0,0.0,1.583
9wp0y3__74jwyi,9wp0y3,74jwyi,True,,3,2,0,1.0,0.0,1.0,0.0,1.583
2nxmt2__5mg22i,2nxmt2,5mg22i,True,,2,1,0,1.0,0.0,1.0,0.0,1.583
3u8we2__9u0ond,3u8we2,9u0ond,True,,5,8,0,1.0,0.0,1.0,0.0,1.583
1r60ft__57vaow,1r60ft,57vaow,True,,4,2,2,0.2857142857142857,0.7142857142857143,0.26856955885887146,0.7314304411411285,2.4104400318388426
9w8emj__8kwa8b,9w8emj,8kwa8b,True,,2,3,0,1.0,0.0,1.0,0.0,1.583
3a0u57__9yz6he,3a0u57,9yz6he,True,,3,12,0,1.0,0.0,1.0,0.0,1.583
6w73gt__65yqyq,6w73gt,65yqyq,True,,2,8,0,1.0,0.0,1.0,0.0,1.583
1klo4n__8dtfl9,1klo4n,8dtfl9,True,,11,4,0,1.0,0.0,1.0,0.0,1.583
8io4co__5gx198,8io4co,5gx198,True,,1,4,1,0.0,1.0,0.4239545352756977,0.5760454647243023,2.3230688595060256
2rrz5d__1techx,2rrz5d,1techx,True,,5,14,4,0.29411764705882354,0.7058823529411764,0.43670157467325527,0.5632984253267448,2.2517232229420587
pj15a__2zjfx6,pj15a,2zjfx6,True,,1,3,0,1.0,0.0,1.0,0.0,1.583
3tf8sl__3m0881,3tf8sl,3m0881,True,,2,2,0,1.0,0.0,1.0,0.0,1.583
4l8025__2kdpzp,4l8025,2kdpzp,True,,2,1,0,1.0,0.0,1.0,0.0,1.583
30u5ne__8wvgmg,30u5ne,8wvgmg,True,,1,3,0,1.0,0.0,1.0,0.0,1.583
2ii3kq__4xzd1g,2ii3kq,4xzd1g,True,,7,1,0,1.0,0.0,1.0,0.0,1.583
2z9ze5__6ygyoj,2z9ze5,6ygyoj,True,,3,2,0,1.0,0.0,1.0,0.0,1.583
1pz5nb__7b2hv6,1pz5nb,7b2hv6,True,,8,3,0,1.0,0.0,1.0,0.0,1.583
2wm1vp__344ipb,2wm1vp,344ipb,True,,7,5,3,0.4,0.6,0.21768547594547272,0.7823145240545273,2.434863534014523
9xwg1l__70b1x5,9xwg1l,70b1x5,True,,6,1,0,1.0,0.0,1.0,0.0,1.583
2a1xm4__1sp8bm,2a1xm4,1sp8bm,True,,8,2,0,1.0,0.0,1.0,0.0,1.583
3gcmp5__6gq0s0,3gcmp5,6gq0s0,True,,4,6,0,1.0,0.0,1.0,0.0,1.583
8vb8m9__8oc9gx,8vb8m9,8oc9gx,True,,3,3,0,1.0,0.0,1.0,0.0,1.583
9jzgny__8tuwm6,9jzgny,8tuwm6,True,,6,2,1,0.75,0.25,0.33040107786655426,0.6695989221334457,2.2588634333804247
7dib0y__2s5dbp,7dib0y,2s5dbp,True,,3,5,0,1.0,0.0,1.0,0.0,1.583
3w55ih__554fmo,3w55ih,554fmo,True,,1,5,1,0.6666666666666666,0.33333333333333337,0.20082822442054749,0.7991717755794525,2.396713187880317
307pcc__3aofer,307pcc,3aofer,True,,3,4,0,1.0,0.0,1.0,0.0,1.583
1dcy7t__30h4rd,1dcy7t,30h4rd,True,,2,6,0,1.0,0.0,1.0,0.0,1.583
35t1xv__9c1ryk,35t1xv,9c1ryk,True,,3,3,0,1.0,0.0,1.0,0.0,1.583
34c0i1__9pl9tx,34c0i1,9pl9tx,True,,6,2,2,0.4444444444444444,0.5555555555555556,0.3359374403953552,0.6640625596046448,2.3154458021925555
3n9ewr__5e6z6w,3n9ewr,5e6z6w,True,,3,1,0,1.0,0.0,1.0,0.0,1.583
368wxv__1w9m11,368wxv,1w9m11,True,,1,3,0,1.0,0.0,1.0,0.0,1.583
2twzep__7difvk,2twzep,7difvk,True,,1,1,0,1.0,0.0,1.0,0.0,1.583
88b1dv__36c76o,88b1dv,36c76o,True,,1,4,0,1.0,0.0,1.0,0.0,1.583
33lyu5__6z9t4b,33lyu5,6z9t4b,True,,2,2,2,0.2,0.8,0.38673093169927597,0.613269068300724,2.317411982886046
9nfqgl__2u1squ,9nfqgl,2u1squ,True,,7,3,0,1.0,0.0,1.0,0.0,1.583
2lixvm__3xnyqw,2lixvm,3xnyqw,True,,2,1,1,0.3333333333333333,0.6666666666666667,0.3169645071029663,0.6830354928970337,2.355620180149873
7e8wy1__7fw2fj,7e8wy1,7fw2fj,True,,3,6,0,1.0,0.0,1.0,0.0,1.583
3ibo6p__3tz1to,3ibo6p,3tz1to,True,,4,3,0,1.0,0.0,1.0,0.0,1.583
8ixe7x__1f3zik,8ixe7x,1f3zik,True,,2,2,1,0.5,0.5,0.4239354133605957,0.5760645866394043,2.2220367174625397
4xecr8__8gyysh,4xecr8,8gyysh,True,,6,8,0,1.0,0.0,1.0,0.0,1.583
8glg72__629az0,8glg72,629az0,True,,4,4,0,1.0,0.0,1.0,0.0,1.583
8uruff__16axa6,8uruff,16axa6,True,,5,3,0,1.0,0.0,1.0,0.0,1.583
3w3ieg__30k79b,3w3ieg,30k79b,True,,2,3,0,1.0,0.0,1.0,0.0,1.583
29ogi0__66eno2,29ogi0,66eno2,True,,5,1,0,1.0,0.0,1.0,0.0,1.583
3wr9t6__6pn4ca,3wr9t6,6pn4ca,True,,4,6,1,0.8,0.19999999999999996,0.39399076253175735,0.6060092374682426,2.1893720268715917
51vjpq__8cwbkm,51vjpq,8cwbkm,True,,1,1,0,1.0,0.0,1.0,0.0,1.583
90altq__3w4qxu,90altq,3w4qxu,True,,6,1,0,1.0,0.0,1.0,0.0,1.583
3jz4ty__9cwlq8,3jz4ty,9cwlq8,True,,5,2,0,1.0,0.0,1.0,0.0,1.583
8meu4j__21ooob,8meu4j,21ooob,True,,7,3,0,1.0,0.0,1.0,0.0,1.583
3fh458__73v1nw,3fh458,73v1nw,True,,4,2,0,1.0,0.0,1.0,0.0,1.583
2e327m__3t1mvn,2e327m,3t1mvn,True,,2,5,0,1.0,0.0,1.0,0.0,1.583
9idcpk__9plbum,9idcpk,9plbum,True,,3,3,0,1.0,0.0,1.0,0.0,1.583
4cxmfl__2xayw5,4cxmfl,2xayw5,True,,3,9,0,1.0,0.0,1.0,0.0,1.583
8jrvow__5c56p7,8jrvow,5c56p7,True,,2,5,0,1.0,0.0,1.0,0.0,1.583
1p4zu4__4py584,1p4zu4,4py584,True,,3,2,1,0.6,0.4,0.32200977206230164,0.6779902279376984,2.2970150738710164
394m5v__3p0w41,394m5v,3p0w41,True,,4,4,0,1.0,0.0,1.0,0.0,1.583
9n1qaw__5ogxqp,9n1qaw,5ogxqp,True,,7,1,0,1.0,0.0,1.0,0.0,1.583
4k97ji__3vqkeb,4k97ji,3vqkeb,True,,1,4,0,1.0,0.0,1.0,0.0,1.583
2yv7p5__3cn8ab,2yv7p5,3cn8ab,True,,2,6,2,0.0,1.0,0.4666723841801286,0.5333276158198714,2.283174660414178
8599pa__2ncybk,8599pa,2ncybk,True,,7,2,0,1.0,0.0,1.0,0.0,1.583
343qlu__9u53d7,343qlu,9u53d7,True,,8,3,0,1.0,0.0,1.0,0.0,1.583
2taym5__14xeqc,2taym5,14xeqc,True,,10,2,1,0.8333333333333334,0.16666666666666663,0.35022222995758057,0.6497777700424194,2.223510792775949
1nu0wm__9up2ip,1nu0wm,9up2ip,True,,5,3,0,1.0,0.0,1.0,0.0,1.583
22dy2z__2gw1y6,22dy2z,2gw1y6,True,,2,3,0,1.0,0.0,1.0,0.0,1.583
9awe7a__9ixfzt,9awe7a,9ixfzt,True,,6,1,0,1.0,0.0,1.0,0.0,1.583
19xpm3__7gnbs0,19xpm3,7gnbs0,True,,2,5,0,1.0,0.0,1.0,0.0,1.583
9dhhb6__35lvaz,9dhhb6,35lvaz,True,,3,2,0,1.0,0.0,1.0,0.0,1.583
1ts0o9__9q71zz,1ts0o9,9q71zz,True,,2,1,0,1.0,0.0,1.0,0.0,1.583
6e3pjq__65afwx,6e3pjq,65afwx,True,,11,7,4,0.5357142857142857,0.4642857142857143,0.3070941925048828,0.6929058074951172,2.3239368764768327
8sblnv__30otlb,8sblnv,30otlb,True,,1,4,0,1.0,0.0,1.0,0.0,1.583
1lco3v__3a3y92,1lco3v,3a3y92,True,,7,3,0,1.0,0.0,1.0,0.0,1.583
8m2agq__3349k4,8m2agq,3349k4,True,,1,3,0,1.0,0.0,1.0,0.0,1.583
2rxfxj__3d5rzq,2rxfxj,3d5rzq,True,,2,3,1,0.6,0.4,0.3359552174806595,0.6640447825193405,2.283991422394812
9igfxm__2tk1fa,9igfxm,2tk1fa,True,,4,3,0,1.0,0.0,1.0,0.0,1.583
8jrha0__25bpf5,8jrha0,25bpf5,True,,11,3,0,1.0,0.0,1.0,0.0,1.583
55bnzg__2phu5i,55bnzg,2phu5i,True,,7,3,0,1.0,0.0,1.0,0.0,1.583
585qss__7d8ttc,585qss,7d8ttc,True,,3,1,0,1.0,0.0,1.0,0.0,1.583
9nxym2__8lypsp,9nxym2,8lypsp,True,,1,1,0,1.0,0.0,1.0,0.0,1.583
1j3zkk__2gf1k8,1j3zkk,2gf1k8,True,,1,4,0,1.0,0.0,1.0,0.0,1.583
6c9of5__71nk23,6c9of5,71nk23,True,,7,3,3,0.38461538461538464,0.6153846153846154,0.36827878654003143,0.6317212134599686,2.2973336720194952
9tg4wc__4b5md8,9tg4wc,4b5md8,True,,6,8,0,1.0,0.0,1.0,0.0,1.583
2xr99j__6xyxww,2xr99j,6xyxww,True,,2,5,0,1.0,0.0,1.0,0.0,1.583
2yyams__2aenwe,2yyams,2aenwe,True,,5,2,0,1.0,0.0,1.0,0.0,1.583
9x4par__1ofvyh,9x4par,1ofvyh,True,,4,1,0,1.0,0.0,1.0,0.0,1.583
88gqbg__9jaiu9,88gqbg,9jaiu9,True,,2,2,0,1.0,0.0,1.0,0.0,1.583
5kypjr__8cby8t,5kypjr,8cby8t,True,,9,2,1,0.8181818181818182,0.18181818181818177,0.4178197309374809,0.5821802690625191,2.1634436078229413
8ltq94__6zgv79,8ltq94,6zgv79,True,,2,1,0,1.0,0.0,1.0,0.0,1.583
36b50q__3std6d,36b50q,3std6d,True,,2,3,0,1.0,0.0,1.0,0.0,1.583
3l6ddx__7f1ge7,3l6ddx,7f1ge7,True,,4,5,4,0.0,1.0,0.45203848034143446,0.5479615196585655,2.296841263209134
3n5rqx__348oyq,3n5rqx,348oyq,True,,2,1,0,1.0,0.0,1.0,0.0,1.583
8iuy3n__3mggzs,8iuy3n,3mggzs,True,,2,8,1,0.8,0.19999999999999996,0.3901496157050133,0.6098503842949867,2.192959273893088
29prx3__9hjemx,29prx3,9hjemx,True,,3,4,2,0.375,0.625,0.310125507414341,0.689874492585659,2.353586288625747
8ldzi6__6q98ru,8ldzi6,6q98ru,True,,4,2,0,1.0,0.0,1.0,0.0,1.583
9bw365__3apg17,9bw365,3apg17,True,,4,1,0,1.0,0.0,1.0,0.0,1.583
3dpbbc__7c62o1,3dpbbc,7c62o1,True,,5,2,0,1.0,0.0,1.0,0.0,1.583
44frso__2c67ni,44frso,2c67ni,True,,6,3,0,1.0,0.0,1.0,0.0,1.583
8h5o0z__5t3teu,8h5o0z,5t3teu,True,,4,3,0,1.0,0.0,1.0,0.0,1.583
2fa484__459lsu,2fa484,459lsu,True,,3,1,0,1.0,0.0,1.0,0.0,1.583
37vk4k__5v0fr1,37vk4k,5v0fr1,True,,3,3,0,1.0,0.0,1.0,0.0,1.583
71ensa__91585d,71ensa,91585d,True,,3,7,0,1.0,0.0,1.0,0.0,1.583
3gf8jp__7disye,3gf8jp,7disye,True,,9,3,0,1.0,0.0,1.0,0.0,1.583
5lhzo1__1p1bdq,5lhzo1,1p1bdq,True,,5,3,0,1.0,0.0,1.0,0.0,1.583
9x5gar__71drb3,9x5gar,71drb3,True,,1,4,0,1.0,0.0,1.0,0.0,1.583
70qag7__2p779r,70qag7,2p779r,True,,3,4,0,1.0,0.0,1.0,0.0,1.583
2y0vik__3chjdy,2y0vik,3chjdy,True,,1,4,0,1.0,0.0,1.0,0.0,1.583
2bwspu__3kfxa2,2bwspu,3kfxa2,True,,5,5,3,0.38461538461538464,0.6153846153846154,0.30764898161093396,0.692351018389066,2.3539558468427795
536hru__3q92fz,536hru,3q92fz,True,,9,4,0,1.0,0.0,1.0,0.0,1.583
3ejf2x__1w0b2h,3ejf2x,1w0b2h,True,,2,7,0,1.0,0.0,1.0,0.0,1.583
6e85wh__2p0v3k,6e85wh,2p0v3k,True,,1,4,0,1.0,0.0,1.0,0.0,1.583
30ynhu__jzjcn,30ynhu,jzjcn,True,,2,2,0,1.0,0.0,1.0,0.0,1.583
28qdnd__tag2s,28qdnd,tag2s,True,,4,7,0,1.0,0.0,1.0,0.0,1.583
3sigvv__78x5q0,3sigvv,78x5q0,True,,3,8,0,1.0,0.0,1.0,0.0,1.583
79fbih__2e5m9c,79fbih,2e5m9c,True,,2,5,2,0.5,0.5,0.33965500444173813,0.6603449955582619,2.3007461913518608
3czgxf__4erion,3czgxf,4erion,True,,10,1,0,1.0,0.0,1.0,0.0,1.583
59fm5k__3qeda5,59fm5k,3qeda5,True,,4,5,0,1.0,0.0,1.0,0.0,1.583
5lfzok__8wv9n9,5lfzok,8wv9n9,True,,5,5,2,0.6363636363636364,0.36363636363636365,0.3523053973913193,0.6476946026086807,2.261372898467156
3n6qh1__8dbqo5,3n6qh1,8dbqo5,True,,1,5,0,1.0,0.0,1.0,0.0,1.583
1aevii__8erjh5,1aevii,8erjh5,True,,4,4,2,0.2727272727272727,0.7272727272727273,0.4189122909059127,0.5810877090940874,2.272659629704786
3s5l2e__79hx3x,3s5l2e,79hx3x,True,,4,2,2,0.2222222222222222,0.7777777777777778,0.4495836514979601,0.5504163485020399,2.254222716754944
784yuf__4h4iva,784yuf,4h4iva,True,,4,8,0,1.0,0.0,1.0,0.0,1.583
124qhq__9uhpcm,124qhq,9uhpcm,True,,3,6,0,1.0,0.0,1.0,0.0,1.583
3g94va__7ethag,3g94va,7ethag,True,,4,1,0,1.0,0.0,1.0,0.0,1.583
4k5m3d__2s1m4d,4k5m3d,2s1m4d,True,,1,6,0,1.0,0.0,1.0,0.0,1.583
57jw2n__4gqxuq,57jw2n,4gqxuq,True,,6,5,0,1.0,0.0,1.0,0.0,1.583
9x2xp8__4gxpql,9x2xp8,4gxpql,True,,4,4,0,1.0,0.0,1.0,0.0,1.583
36f4q1__9ywv45,36f4q1,9ywv45,True,,3,2,1,0.6,0.4,0.5418258272111416,0.4581741727888584,2.091728859967515
fsxwy__57xz32,fsxwy,57xz32,True,,1,8,0,1.0,0.0,1.0,0.0,1.583
2t36xx__3h285s,2t36xx,3h285s,True,,6,1,0,1.0,0.0,1.0,0.0,1.583
1o19di__288oa6,1o19di,288oa6,True,,3,3,0,1.0,0.0,1.0,0.0,1.583
1gxxws__86jqy8,1gxxws,86jqy8,True,,8,1,0,1.0,0.0,1.0,0.0,1.583
6dlnza__9xi3ux,6dlnza,9xi3ux,True,,1,1,0,1.0,0.0,1.0,0.0,1.583
1stx3n__2i9q87,1stx3n,2i9q87,True,,12,1,0,1.0,0.0,1.0,0.0,1.583
260fwv__12aiii,260fwv,12aiii,True,,7,6,3,0.47368421052631576,0.5263157894736843,0.3693548310548067,0.6306451689451933,2.2783279443305475
1ansm3__1x6o1a,1ansm3,1x6o1a,True,,2,3,0,1.0,0.0,1.0,0.0,1.583
3399l4__7upo02,3399l4,7upo02,True,,3,8,0,1.0,0.0,1.0,0.0,1.583
345mm3__3nrgd1,345mm3,3nrgd1,True,,3,1,0,1.0,0.0,1.0,0.0,1.583
99hgal__86iutx,99hgal,86iutx,True,,1,7,0,1.0,0.0,1.0,0.0,1.583
13hy58__8cy7j7,13hy58,8cy7j7,True,,4,2,2,0.2857142857142857,0.7142857142857143,0.45797615218907595,0.542023847810924,2.233553214327765
3thond__7g0md8,3thond,7g0md8,True,,1,7,0,1.0,0.0,1.0,0.0,1.583
3338fd__2zt3ri,3338fd,2zt3ri,True,,5,4,0,1.0,0.0,1.0,0.0,1.583
49w9j7__9ixfzt,49w9j7,9ixfzt,True,,5,1,0,1.0,0.0,1.0,0.0,1.583
9f02xx__964jdv,9f02xx,964jdv,True,,8,1,0,1.0,0.0,1.0,0.0,1.583
8hnm0e__2xbax3,8hnm0e,2xbax3,True,,2,7,1,0.4166666666666667,0.5833333333333333,0.3463497459888458,0.6536502540111542,2.311335638887684
2t4sql__3pf187,2t4sql,3pf187,True,,3,9,1,0.8333333333333334,0.16666666666666663,0.5039731208235025,0.49602687917649746,2.079922835796264
8e3gws__9upmxa,8e3gws,9upmxa,True,,1,8,1,0.7777777777777778,0.2222222222222222,0.3655085563659668,0.6344914436340332,2.2204626703209347
9bd6qm__74jtj9,9bd6qm,74jtj9,True,,2,2,0,1.0,0.0,1.0,0.0,1.583
4py584__21n29z,4py584,21n29z,True,,2,3,0,1.0,0.0,1.0,0.0,1.583
35mmws__36fa3l,35mmws,36fa3l,True,,3,7,3,0.38461538461538464,0.6153846153846154,0.4301847421253721,0.5698152578746278,2.2395197000983456
8k5clm__3cxfnl,8k5clm,3cxfnl,True,,1,3,0,1.0,0.0,1.0,0.0,1.583
58k27n__68j3ss,58k27n,68j3ss,True,,1,5,0,1.0,0.0,1.0,0.0,1.583
3n7e7j__90jvvf,3n7e7j,90jvvf,True,,4,9,2,0.5625,0.4375,0.44268630382915336,0.5573136961708467,2.1918940108539537
53azlv__8d6bhz,53azlv,8d6bhz,True,,5,8,0,1.0,0.0,1.0,0.0,1.583
3jlyls__70zf60,3jlyls,70zf60,True,,8,1,0,1.0,0.0,1.0,0.0,1.583
9u9gzb__29bg4a,9u9gzb,29bg4a,True,,1,9,0,1.0,0.0,1.0,0.0,1.583
323e9a__1hj3jn,323e9a,1hj3jn,True,,1,5,0,1.0,0.0,1.0,0.0,1.583
340gyy__92wbay,340gyy,92wbay,True,,6,9,0,1.0,0.0,1.0,0.0,1.583
6xsyf8__7gelc8,6xsyf8,7gelc8,True,,3,4,1,0.7142857142857143,0.2857142857142857,0.304274320602417,0.695725679397583,2.2904810691322597
2ubibd__3ttqfa,2ubibd,3ttqfa,True,,4,7,4,0.17647058823529413,0.8235294117647058,0.3957682242617011,0.6042317757382989,2.3137273494796444
2he9v6__465kyx,2he9v6,465kyx,True,,3,8,0,1.0,0.0,1.0,0.0,1.583
3h1avp__53lv6o,3h1avp,53lv6o,True,,7,1,1,0.0,1.0,0.494700852382396,0.5052991476176041,2.2569988739600806
34yj91__77h6wn,34yj91,77h6wn,True,,3,1,0,1.0,0.0,1.0,0.0,1.583
53dwv5__514yvt,53dwv5,514yvt,True,,1,4,0,1.0,0.0,1.0,0.0,1.583
5q2c2k__y0i0p,5q2c2k,y0i0p,True,,3,4,0,1.0,0.0,1.0,0.0,1.583
1jtrxi__2kr23f,1jtrxi,2kr23f,True,,6,4,0,1.0,0.0,1.0,0.0,1.583
73wgq7__3c6fb7,73wgq7,3c6fb7,True,,5,4,0,1.0,0.0,1.0,0.0,1.583
32mgmz__3nzmfs,32mgmz,3nzmfs,True,,4,2,1,0.6666666666666666,0.33333333333333337,0.4292156770825386,0.5707843229174614,2.183422145839284
8761zj__odbcf,8761zj,odbcf,True,,5,2,0,1.0,0.0,1.0,0.0,1.583
4v6nmi__6zypk4,4v6nmi,6zypk4,True,,5,3,0,1.0,0.0,1.0,0.0,1.583
1re5gy__2g5tn1,1re5gy,2g5tn1,True,,3,3,0,1.0,0.0,1.0,0.0,1.583
9h75j7__6ilk6p,9h75j7,6ilk6p,True,,4,8,0,1.0,0.0,1.0,0.0,1.583
3wwfar__6j6cae,3wwfar,6j6cae,True,,3,5,0,1.0,0.0,1.0,0.0,1.583
3w3ieg__872e04,3w3ieg,872e04,True,,2,6,0,1.0,0.0,1.0,0.0,1.583
1ffwa7__77pd29,1ffwa7,77pd29,True,,8,3,0,1.0,0.0,1.0,0.0,1.583
3and4i__86iutx,3and4i,86iutx,True,,5,7,1,0.8333333333333334,0.16666666666666663,0.4112546071410179,0.5887453928589821,2.1665126557243366
9tfn8g__8ikjq0,9tfn8g,8ikjq0,True,,3,1,0,1.0,0.0,1.0,0.0,1.583
3atgok__29k0nw,3atgok,29k0nw,True,,2,3,0,1.0,0.0,1.0,0.0,1.583
8hk5e1__5w32k3,8hk5e1,5w32k3,True,,5,2,0,1.0,0.0,1.0,0.0,1.583
21mnb2__3o6is8,21mnb2,3o6is8,True,,1,4,0,1.0,0.0,1.0,0.0,1.583
3073nu__6wy1ty,3073nu,6wy1ty,True,,3,2,0,1.0,0.0,1.0,0.0,1.583
5z5dbn__6h8zjc,5z5dbn,6h8zjc,True,,7,2,0,1.0,0.0,1.0,0.0,1.583
3t6iwz__1l2ils,3t6iwz,1l2ils,True,,6,4,1,0.8,0.19999999999999996,0.38049259781837463,0.6195074021816254,2.20197796289742
8jhc2a__4f3umr,8jhc2a,4f3umr,True,,7,1,1,0.5555555555555556,0.4444444444444444,0.4242371879518032,0.5757628120481968,2.210527112394033
2wk5gy__7b8k81,2wk5gy,7b8k81,True,,6,4,0,1.0,0.0,1.0,0.0,1.583
87z2pj__9mp3i8,87z2pj,9mp3i8,True,,1,6,0,1.0,0.0,1.0,0.0,1.583
4xfh51__33izyf,4xfh51,33izyf,True,,7,2,0,1.0,0.0,1.0,0.0,1.583
2kj45k__8c68yr,2kj45k,8c68yr,True,,7,2,0,1.0,0.0,1.0,0.0,1.583
98vbid__78gjui,98vbid,78gjui,True,,1,3,0,1.0,0.0,1.0,0.0,1.583
9oplp2__8dyuon,9oplp2,8dyuon,True,,2,6,0,1.0,0.0,1.0,0.0,1.583
2g68ql__5c44tl,2g68ql,5c44tl,True,,8,7,5,0.043010752688172046,0.956989247311828,0.4729304407687428,0.5270695592312572,2.2686377882477915
2ujxhs__5qfkbv,2ujxhs,5qfkbv,True,,3,1,0,1.0,0.0,1.0,0.0,1.583
1rm6v8__5z318w,1rm6v8,5z318w,True,,2,1,0,1.0,0.0,1.0,0.0,1.583
379zuj__99i9ic,379zuj,99i9ic,True,,2,4,2,0.2857142857142857,0.7142857142857143,0.2742455303668976,0.7257544696331024,2.405139242047497
2rxw48__6vofg7,2rxw48,6vofg7,True,,4,1,0,1.0,0.0,1.0,0.0,1.583
9w9iaq__1l43oe,9w9iaq,1l43oe,True,,2,7,0,1.0,0.0,1.0,0.0,1.583
5m38a2__8cqxm8,5m38a2,8cqxm8,True,,2,1,1,0.0,1.0,0.4487227723002434,0.5512772276997566,2.2999378029488025
3ija8r__1ovtma,3ija8r,1ovtma,True,,4,3,0,1.0,0.0,1.0,0.0,1.583
1zo0y8__8wmi5c,1zo0y8,8wmi5c,True,,2,7,0,1.0,0.0,1.0,0.0,1.583
554zsk__7wmiyz,554zsk,7wmiyz,True,,5,1,0,1.0,0.0,1.0,0.0,1.583
39t949__2i92i2,39t949,2i92i2,True,,1,7,0,1.0,0.0,1.0,0.0,1.583
8jdjf5__9xkbmx,8jdjf5,9xkbmx,True,,8,1,0,1.0,0.0,1.0,0.0,1.583
3xxjsa__4wox7e,3xxjsa,4wox7e,True,,1,1,0,1.0,0.0,1.0,0.0,1.583
4prmxk__2pjem4,4prmxk,2pjem4,True,,1,2,0,1.0,0.0,1.0,0.0,1.583
5ry23k__6g5h1g,5ry23k,6g5h1g,True,,6,3,0,1.0,0.0,1.0,0.0,1.583
9p4ej5__2oj1pl,9p4ej5,2oj1pl,True,,3,4,2,0.375,0.625,0.39905407652258873,0.6009459234774113,2.270535897935554
3trkam__94oo8c,3trkam,94oo8c,True,,4,2,0,1.0,0.0,1.0,0.0,1.583
9xrwnt__6exn8d,9xrwnt,6exn8d,True,,2,6,0,1.0,0.0,1.0,0.0,1.583
1nagwy__7bmz2m,1nagwy,7bmz2m,True,,3,5,0,1.0,0.0,1.0,0.0,1.583
54xwnx__386yin,54xwnx,386yin,True,,1,6,0,1.0,0.0,1.0,0.0,1.583
3pg22h__uqlc8,3pg22h,uqlc8,True,,7,6,0,1.0,0.0,1.0,0.0,1.583
3rlx0o__2jf5xj,3rlx0o,2jf5xj,True,,10,3,0,1.0,0.0,1.0,0.0,1.583
9alsp1__1gkfeu,9alsp1,1gkfeu,True,,8,1,0,1.0,0.0,1.0,0.0,1.583
8gqp98__1p3ohq,8gqp98,1p3ohq,True,,5,3,2,0.4444444444444444,0.5555555555555556,0.4202347956597805,0.5797652043402195,2.2367205021111087
9xpnk3__2v45ng,9xpnk3,2v45ng,True,,2,3,0,1.0,0.0,1.0,0.0,1.583
1wsfk7__9c7d7f,1wsfk7,9c7d7f,True,,2,2,0,1.0,0.0,1.0,0.0,1.583
8x8cz3__8wu10n,8x8cz3,8wu10n,True,,2,1,0,1.0,0.0,1.0,0.0,1.583
4ca9yz__429cou,4ca9yz,429cou,True,,2,4,0,1.0,0.0,1.0,0.0,1.583
2wuv6c__6jl42e,2wuv6c,6jl42e,True,,2,3,0,1.0,0.0,1.0,0.0,1.583
29ogi0__66lsmj,29ogi0,66lsmj,True,,5,3,0,1.0,0.0,1.0,0.0,1.583
3k95vb__3sav5t,3k95vb,3sav5t,True,,10,7,0,1.0,0.0,1.0,0.0,1.583
2asb26__275ypc,2asb26,275ypc,True,,7,3,0,1.0,0.0,1.0,0.0,1.583
5xedmi__9h798f,5xedmi,9h798f,True,,7,2,0,1.0,0.0,1.0,0.0,1.583
3bs207__560mjc,3bs207,560mjc,True,,6,3,0,1.0,0.0,1.0,0.0,1.583
56cshq__7c3nfl,56cshq,7c3nfl,True,,3,3,2,0.2857142857142857,0.7142857142857143,0.34475649893283844,0.6552435010671616,2.339289048503765
31s194__8uecdk,31s194,8uecdk,True,,8,1,0,1.0,0.0,1.0,0.0,1.583
529csb__pj15a,529csb,pj15a,True,,2,1,0,1.0,0.0,1.0,0.0,1.583
2bkbj0__z6flv,2bkbj0,z6flv,True,,2,3,0,1.0,0.0,1.0,0.0,1.583
4wc0if__75cdge,4wc0if,75cdge,True,,2,2,0,1.0,0.0,1.0,0.0,1.583
9ovjbg__87btxe,9ovjbg,87btxe,True,,1,4,0,1.0,0.0,1.0,0.0,1.583
3thq96__6ilk6p,3thq96,6ilk6p,True,,6,8,0,1.0,0.0,1.0,0.0,1.583
3i7lfk__77xbtv,3i7lfk,77xbtv,True,,5,2,0,1.0,0.0,1.0,0.0,1.583
40s7kk__38w7ii,40s7kk,38w7ii,True,,7,3,0,1.0,0.0,1.0,0.0,1.583
2ces7r__4s51kv,2ces7r,4s51kv,True,,3,7,0,1.0,0.0,1.0,0.0,1.583
4l8025__9uew7x,4l8025,9uew7x,True,,2,2,0,1.0,0.0,1.0,0.0,1.583
32f6vp__18bjrn,32f6vp,18bjrn,True,,5,3,0,1.0,0.0,1.0,0.0,1.583
1j5epy__3t3ou8,1j5epy,3t3ou8,True,,2,3,2,0.16666666666666666,0.8333333333333334,0.41360493563115597,0.586395064368844,2.29905101728073
8re645__4w8icy,8re645,4w8icy,True,,4,1,0,1.0,0.0,1.0,0.0,1.583
3360w7__2yhr33,3360w7,2yhr33,True,,8,3,0,1.0,0.0,1.0,0.0,1.583
75m6f0__18398h,75m6f0,18398h,True,,3,8,0,1.0,0.0,1.0,0.0,1.583
1uh4xr__3qp7bu,1uh4xr,3qp7bu,True,,6,6,0,1.0,0.0,1.0,0.0,1.583
3dpbbc__36j2t8,3dpbbc,36j2t8,True,,5,5,0,1.0,0.0,1.0,0.0,1.583
3yuepy__26eo14,3yuepy,26eo14,True,,2,4,0,1.0,0.0,1.0,0.0,1.583
55rg5l__2t6v9q,55rg5l,2t6v9q,True,,1,6,1,0.7142857142857143,0.2857142857142857,0.33080872893333435,0.6691912710666656,2.265700585192016
57t0nw__8nbirt,57t0nw,8nbirt,True,,4,4,2,0.4444444444444444,0.5555555555555556,0.4147033020853996,0.5852966979146004,2.241886363960223
5sy79n__2schv9,5sy79n,2schv9,True,,4,5,1,0.7777777777777778,0.2222222222222222,0.37761880457401276,0.6223811954259872,2.2091529095194407
29002o__5h8xl3,29002o,5h8xl3,True,,3,4,0,1.0,0.0,1.0,0.0,1.583
8av634__6jguo4,8av634,6jguo4,True,,5,3,0,1.0,0.0,1.0,0.0,1.583
9tbprm__2xf9xu,9tbprm,2xf9xu,True,,2,2,0,1.0,0.0,1.0,0.0,1.583
3bwksx__8eokl5,3bwksx,8eokl5,True,,3,2,0,1.0,0.0,1.0,0.0,1.583
9au6sj__6p5c81,9au6sj,6p5c81,True,,3,4,0,1.0,0.0,1.0,0.0,1.583
5nw6ct__8fo30g,5nw6ct,8fo30g,True,,1,1,0,1.0,0.0,1.0,0.0,1.583
33x9p8__3ii9o6,33x9p8,3ii9o6,True,,1,4,0,1.0,0.0,1.0,0.0,1.583
2u4ee3__2pds06,2u4ee3,2pds06,True,,1,7,0,1.0,0.0,1.0,0.0,1.583
x4fx5__5wd5ov,x4fx5,5wd5ov,True,,3,2,0,1.0,0.0,1.0,0.0,1.583
7axi2n__96lpgx,7axi2n,96lpgx,True,,2,5,0,1.0,0.0,1.0,0.0,1.583
1urdwq__288oa6,1urdwq,288oa6,True,,1,3,0,1.0,0.0,1.0,0.0,1.583
6tp6ua__40jnqf,6tp6ua,40jnqf,True,,1,4,0,1.0,0.0,1.0,0.0,1.583
35ms7h__362wbk,35ms7h,362wbk,True,,1,2,0,1.0,0.0,1.0,0.0,1.583
2s2epk__2ifl7c,2s2epk,2ifl7c,True,,1,8,0,1.0,0.0,1.0,0.0,1.583
8hjs1x__2srzv4,8hjs1x,2srzv4,True,,2,5,2,0.4,0.6,0.420556648944815,0.5794433510551851,2.245402145550437
2fmu4p__74wgfd,2fmu4p,74wgfd,True,,8,12,0,1.0,0.0,1.0,0.0,1.583
42y3ez__1l0pqs,42y3ez,1l0pqs,True,,1,3,0,1.0,0.0,1.0,0.0,1.583
4ewhzr__9z25gj,4ewhzr,9z25gj,True,,6,4,0,1.0,0.0,1.0,0.0,1.583
8mue84__94s49i,8mue84,94s49i,True,,5,4,3,0.4166666666666667,0.5833333333333333,0.3845602000753085,0.6154397999246914,2.275650895816336
319f2n__51vrpp,319f2n,51vrpp,True,,2,4,1,0.6666666666666666,0.33333333333333337,0.3720025569200516,0.6279974430799484,2.23685347875903
9sdycm__3rs4bd,9sdycm,3rs4bd,True,,1,2,1,0.3333333333333333,0.6666666666666667,0.2853964567184448,0.7146035432815552,2.3851015824039776
2t8qgr__1uds61,2t8qgr,1uds61,True,,2,9,0,1.0,0.0,1.0,0.0,1.583
36vseh__8hstuz,36vseh,8hstuz,True,,2,6,0,1.0,0.0,1.0,0.0,1.583
30yoqr__536777,30yoqr,536777,True,,2,1,0,1.0,0.0,1.0,0.0,1.583
1hhf0a__1puqfi,1hhf0a,1puqfi,True,,2,5,0,1.0,0.0,1.0,0.0,1.583
28gsxe__2jymca,28gsxe,2jymca,True,,2,4,0,1.0,0.0,1.0,0.0,1.583
2kj45k__18398h,2kj45k,18398h,True,,7,8,0,1.0,0.0,1.0,0.0,1.583
1x53zg__9ss80l,1x53zg,9ss80l,True,,2,9,0,1.0,0.0,1.0,0.0,1.583
37fh2s__3das1s,37fh2s,3das1s,True,,4,4,0,1.0,0.0,1.0,0.0,1.583
1r3ene__8yvnh1,1r3ene,8yvnh1,True,,3,5,0,1.0,0.0,1.0,0.0,1.583
3cj0vi__6jbkrb,3cj0vi,6jbkrb,True,,9,5,0,1.0,0.0,1.0,0.0,1.583
3fh8vx__2g6x2b,3fh8vx,2g6x2b,True,,3,6,0,1.0,0.0,1.0,0.0,1.583
31axlu__4ljiwh,31axlu,4ljiwh,True,,1,1,0,1.0,0.0,1.0,0.0,1.583
960vyx__9qbnl6,960vyx,9qbnl6,True,,3,4,1,0.7142857142857143,0.2857142857142857,0.31447508931159973,0.6855249106884003,2.280954571234754
37ropz__imp3o,37ropz,imp3o,True,,4,8,1,0.8333333333333334,0.16666666666666663,0.3562784492969513,0.6437215507030487,2.2178548895349106
37e2ct__92gnv3,37e2ct,92gnv3,True,,2,6,0,1.0,0.0,1.0,0.0,1.583
8c75vs__3sav5t,8c75vs,3sav5t,True,,3,7,0,1.0,0.0,1.0,0.0,1.583
9yf9mz__5n6znk,9yf9mz,5n6znk,True,,3,3,0,1.0,0.0,1.0,0.0,1.583
3bmpqt__99le80,3bmpqt,99le80,True,,5,2,0,1.0,0.0,1.0,0.0,1.583
87rj7a__9z25gj,87rj7a,9z25gj,True,,8,4,0,1.0,0.0,1.0,0.0,1.583
6em8xb__2ha2ks,6em8xb,2ha2ks,True,,3,4,0,1.0,0.0,1.0,0.0,1.583
3clxx3__2td1oa,3clxx3,2td1oa,True,,1,2,0,1.0,0.0,1.0,0.0,1.583
35i3oz__961xso,35i3oz,961xso,True,,7,2,0,1.0,0.0,1.0,0.0,1.583
2bbenr__2ncybk,2bbenr,2ncybk,True,,3,2,1,0.6,0.4,0.3735916316509247,0.6264083683490753,2.2488427752012012
8utfze__5snq8n,8utfze,5snq8n,True,,4,4,0,1.0,0.0,1.0,0.0,1.583
5v2ywe__1i4kar,5v2ywe,1i4kar,True,,3,7,0,1.0,0.0,1.0,0.0,1.583
3cdxln__9m7urf,3cdxln,9m7urf,True,,6,2,0,1.0,0.0,1.0,0.0,1.583
8g6ot1__3aqyax,8g6ot1,3aqyax,True,,1,2,0,1.0,0.0,1.0,0.0,1.583
9qbnl6__2kdpzp,9qbnl6,2kdpzp,True,,4,1,0,1.0,0.0,1.0,0.0,1.583
9mn2ku__1quwta,9mn2ku,1quwta,True,,2,3,0,1.0,0.0,1.0,0.0,1.583
2yjnpx__1nqz8a,2yjnpx,1nqz8a,True,,2,3,0,1.0,0.0,1.0,0.0,1.583
3bfp81__7bmu23,3bfp81,7bmu23,True,,2,5,0,1.0,0.0,1.0,0.0,1.583
8ry93r__1pscd2,8ry93r,1pscd2,True,,5,1,0,1.0,0.0,1.0,0.0,1.583
6muf7q__3a93z0,6muf7q,3a93z0,True,,3,4,0,1.0,0.0,1.0,0.0,1.583
3elcii__5dlhvf,3elcii,5dlhvf,True,,2,4,0,1.0,0.0,1.0,0.0,1.583
3gkak0__1zgwzi,3gkak0,1zgwzi,True,,3,2,0,1.0,0.0,1.0,0.0,1.583
31l1ud__42344s,31l1ud,42344s,True,,3,2,0,1.0,0.0,1.0,0.0,1.583
3jmxi9__97ef1x,3jmxi9,97ef1x,True,,5,7,4,0.45454545454545453,0.5454545454545454,0.3748863935470581,0.6251136064529419,2.277029960702766
21a18i__9jtqih,21a18i,9jtqih,True,,6,5,2,0.5833333333333334,0.41666666666666663,0.3795395474880934,0.6204604525119066,2.246656349934203
3ivtdu__37myd6,3ivtdu,37myd6,True,,3,2,0,1.0,0.0,1.0,0.0,1.583
8jhc2a__2t7ifx,8jhc2a,2t7ifx,True,,7,3,1,0.8,0.19999999999999996,0.44906363636255264,0.5509363636374474,2.1379394700010117
2myhs6__59fm5k,2myhs6,59fm5k,True,,5,4,0,1.0,0.0,1.0,0.0,1.583
3cep6s__8l35wk,3cep6s,8l35wk,True,,1,4,0,1.0,0.0,1.0,0.0,1.583
49r6s8__2t0cg0,49r6s8,2t0cg0,True,,5,4,0,1.0,0.0,1.0,0.0,1.583
63apfj__5b1e6g,63apfj,5b1e6g,True,,1,4,0,1.0,0.0,1.0,0.0,1.583
3ekq21__2zqlxy,3ekq21,2zqlxy,True,,5,4,0,1.0,0.0,1.0,0.0,1.583
8u3h8l__2ukmgi,8u3h8l,2ukmgi,True,,2,5,1,0.7142857142857143,0.2857142857142857,0.37086035311222076,0.6291396468877792,2.228296373371354
3fmodw__5hvr6z,3fmodw,5hvr6z,True,,2,14,1,0.875,0.125,0.34076495468616486,0.6592350453138351,2.2239221088185905
1ddy4g__747v5i,1ddy4g,747v5i,True,,5,3,0,1.0,0.0,1.0,0.0,1.583
2ssxlm__7e8h66,2ssxlm,7e8h66,True,,3,6,0,1.0,0.0,1.0,0.0,1.583
3jrzl7__5en3nd,3jrzl7,5en3nd,True,,1,2,0,1.0,0.0,1.0,0.0,1.583
4gxsfd__8atho4,4gxsfd,8atho4,True,,3,4,1,0.7142857142857143,0.2857142857142857,0.3409947156906128,0.6590052843093872,2.2561878921593936
13222g__8efa34,13222g,8efa34,True,,6,6,0,1.0,0.0,1.0,0.0,1.583
8szlbk__6402iv,8szlbk,6402iv,True,,3,2,1,0.6,0.4,0.3478616774082184,0.6521383225917816,2.272871979468465
87b09y__1tl6tu,87b09y,1tl6tu,True,,1,2,0,1.0,0.0,1.0,0.0,1.583
3rl2i6__3tg9d6,3rl2i6,3tg9d6,True,,4,6,0,1.0,0.0,1.0,0.0,1.583
5ykg8n__9sym49,5ykg8n,9sym49,True,,4,5,1,0.7777777777777778,0.2222222222222222,0.48736193124204874,0.5126380687579513,2.1066638035241616
53y5m4__5kyt2x,53y5m4,5kyt2x,True,,4,4,1,0.75,0.25,0.4619637802243233,0.5380362197756767,2.1359970256485044
2h3kmm__2uze33,2h3kmm,2uze33,True,,4,5,2,0.3333333333333333,0.6666666666666667,0.39617807728548843,0.6038219227145116,2.281642626956416
75dyqx__26mov8,75dyqx,26mov8,True,,6,2,0,1.0,0.0,1.0,0.0,1.583
3hi695__4dbk47,3hi695,4dbk47,True,,9,1,0,1.0,0.0,1.0,0.0,1.583
5v2ywe__9ib7p0,5v2ywe,9ib7p0,True,,3,5,0,1.0,0.0,1.0,0.0,1.583
90mjsd__78aza5,90mjsd,78aza5,True,,3,3,0,1.0,0.0,1.0,0.0,1.583
2f8cqn__6gq0s0,2f8cqn,6gq0s0,True,,3,6,3,0.2,0.8,0.3411147650331259,0.6588852349668741,2.3600129209355636
626bxb__2ts1jo,626bxb,2ts1jo,True,,2,9,0,1.0,0.0,1.0,0.0,1.583
3t7slw__9pl9tx,3t7slw,9pl9tx,True,,2,2,0,1.0,0.0,1.0,0.0,1.583
8w2oz8__3sp070,8w2oz8,3sp070,True,,2,1,0,1.0,0.0,1.0,0.0,1.583
3ct7g0__5ie392,3ct7g0,5ie392,True,,5,1,0,1.0,0.0,1.0,0.0,1.583
tag2s__4gik9o,tag2s,4gik9o,True,,7,1,0,1.0,0.0,1.0,0.0,1.583
9ks3k6__15vqyq,9ks3k6,15vqyq,True,,3,2,0,1.0,0.0,1.0,0.0,1.583
8vs95v__2bpoae,8vs95v,2bpoae,True,,2,3,1,0.6,0.4,0.40855398774147034,0.5914460122585297,2.216191430848241
3qyntk__4lcosk,3qyntk,4lcosk,True,,1,3,0,1.0,0.0,1.0,0.0,1.583
8ufz2h__6vofg7,8ufz2h,6vofg7,True,,5,1,0,1.0,0.0,1.0,0.0,1.583
7u7tfv__976c1v,7u7tfv,976c1v,True,,8,1,0,1.0,0.0,1.0,0.0,1.583
38600c__98gcaw,38600c,98gcaw,True,,9,7,2,0.7058823529411765,0.2941176470588235,0.36179379001259804,0.638206209987402,2.2384619559778227
3cc11u__3s5jsu,3cc11u,3s5jsu,True,,2,3,0,1.0,0.0,1.0,0.0,1.583
3j72sq__8cy7j7,3j72sq,8cy7j7,True,,3,2,0,1.0,0.0,1.0,0.0,1.583
36wcak__yonl2,36wcak,yonl2,True,,4,5,0,1.0,0.0,1.0,0.0,1.583
9l2rld__3s14d7,9l2rld,3s14d7,True,,9,3,0,1.0,0.0,1.0,0.0,1.583
9kjpi1__2thno0,9kjpi1,2thno0,True,,4,4,1,0.75,0.25,0.3566017150878906,0.6433982849121094,2.234394658279419
3v3tzd__9psjvg,3v3tzd,9psjvg,True,,4,1,1,0.3333333333333333,0.6666666666666667,0.3936960697174072,0.6063039302825928,2.2839605738242468
9xo548__2x0njf,9xo548,2x0njf,True,,8,5,1,0.7142857142857143,0.2857142857142857,0.35069236904382706,0.6493076309561729,2.247131253692827
6hp5pe__6svd6i,6hp5pe,6svd6i,True,,5,12,0,1.0,0.0,1.0,0.0,1.583
675kal__3jde79,675kal,3jde79,True,,4,3,0,1.0,0.0,1.0,0.0,1.583
35rujp__7guv2r,35rujp,7guv2r,True,,5,4,0,1.0,0.0,1.0,0.0,1.583
365rsz__9tzj05,365rsz,9tzj05,True,,2,4,0,1.0,0.0,1.0,0.0,1.583
4ewhzr__2ntq4x,4ewhzr,2ntq4x,True,,6,7,0,1.0,0.0,1.0,0.0,1.583
3inp25__6cpq0n,3inp25,6cpq0n,True,,2,4,0,1.0,0.0,1.0,0.0,1.583
36wcak__3he93r,36wcak,3he93r,True,,4,4,0,1.0,0.0,1.0,0.0,1.583
2l4r9w__917k02,2l4r9w,917k02,True,,4,4,0,1.0,0.0,1.0,0.0,1.583
33m5k3__2wcifo,33m5k3,2wcifo,True,,1,4,0,1.0,0.0,1.0,0.0,1.583
1vp6lj__9k3jsw,1vp6lj,9k3jsw,True,,2,5,0,1.0,0.0,1.0,0.0,1.583
1sp8bm__10gy3g,1sp8bm,10gy3g,True,,2,7,0,1.0,0.0,1.0,0.0,1.583
3jstdl__386nnj,3jstdl,386nnj,True,,3,3,0,1.0,0.0,1.0,0.0,1.583
3s208p__3tl912,3s208p,3tl912,True,,6,3,0,1.0,0.0,1.0,0.0,1.583
64uql4__4z3yls,64uql4,4z3yls,True,,4,6,4,0.25,0.75,0.40061754547059536,0.5993824545294046,2.294338274285011
3awu78__3n1few,3awu78,3n1few,True,,5,4,1,0.7777777777777778,0.2222222222222222,0.4460799843072891,0.5539200156927109,2.145217013766534
88nj5s__3qjotl,88nj5s,3qjotl,True,,4,2,1,0.6666666666666666,0.33333333333333337,0.26687081158161163,0.7331291884183884,2.3350360157305996
1ultj4__5fd3r9,1ultj4,5fd3r9,True,,1,3,0,1.0,0.0,1.0,0.0,1.583
28z1ad__2791rd,28z1ad,2791rd,True,,5,2,0,1.0,0.0,1.0,0.0,1.583
8bstuc__3518j0,8bstuc,3518j0,True,,5,3,0,1.0,0.0,1.0,0.0,1.583
9iixqr__4sk2m4,9iixqr,4sk2m4,True,,1,7,0,1.0,0.0,1.0,0.0,1.583
5qmt4v__13l1xz,5qmt4v,13l1xz,True,,10,4,0,1.0,0.0,1.0,0.0,1.583
3b58ov__75ljt3,3b58ov,75ljt3,True,,7,4,0,1.0,0.0,1.0,0.0,1.583
1scbv6__74z8at,1scbv6,74z8at,True,,6,5,0,1.0,0.0,1.0,0.0,1.583
8csocd__78ty7n,8csocd,78ty7n,True,,6,3,1,0.7777777777777778,0.2222222222222222,0.224735289812088,0.775264710187912,2.351930823955602
87cinr__5gglcv,87cinr,5gglcv,True,,7,7,0,1.0,0.0,1.0,0.0,1.583
14gl0x__74152u,14gl0x,74152u,True,,6,1,1,0.7142857142857143,0.2857142857142857,0.37904273718595505,0.620957262814045,2.2206548448848937
5iq8h5__279aa4,5iq8h5,279aa4,True,,5,3,0,1.0,0.0,1.0,0.0,1.583
5mezjy__7c62o1,5mezjy,7c62o1,True,,5,2,0,1.0,0.0,1.0,0.0,1.583
87ubeb__4rlucr,87ubeb,4rlucr,True,,2,4,0,1.0,0.0,1.0,0.0,1.583
9498tg__62ih01,9498tg,62ih01,True,,1,6,0,1.0,0.0,1.0,0.0,1.583
3tr5v3__3jmxi9,3tr5v3,3jmxi9,True,,2,5,0,1.0,0.0,1.0,0.0,1.583
3rmutn__2d0ysq,3rmutn,2d0ysq,True,,8,2,0,1.0,0.0,1.0,0.0,1.583
2wgu1b__6yswv9,2wgu1b,6yswv9,True,,1,4,1,0.6,0.4,0.26799893379211426,0.7320010662078857,2.3474557957315443
2ts1jo__1p5yq7,2ts1jo,1p5yq7,True,,9,4,3,0.4375,0.5625,0.39307397852341336,0.6069260214765866,2.263489461456984
9m948r__5kcz6s,9m948r,5kcz6s,True,,2,3,0,1.0,0.0,1.0,0.0,1.583
1z3pyp__923fx6,1z3pyp,923fx6,True,,2,4,0,1.0,0.0,1.0,0.0,1.583
4hz1cj__4n9zkk,4hz1cj,4n9zkk,True,,3,2,0,1.0,0.0,1.0,0.0,1.583
91d1et__4aglga,91d1et,4aglga,True,,2,1,0,1.0,0.0,1.0,0.0,1.583
48p4f3__8njxy2,48p4f3,8njxy2,True,,3,5,3,0.0,1.0,0.4203164789825678,0.5796835210174323,2.32646644027818
1uhfyk__3b21ny,1uhfyk,3b21ny,True,,2,7,0,1.0,0.0,1.0,0.0,1.583
9kxk5t__77rpnz,9kxk5t,77rpnz,True,,2,5,1,0.7142857142857143,0.2857142857142857,0.3387051969766617,0.6612948030233383,2.2583260736863524
5kciu8__36eo8d,5kciu8,36eo8d,True,,3,1,0,1.0,0.0,1.0,0.0,1.583
6xu2b1__5xkg1r,6xu2b1,5xkg1r,True,,4,6,2,0.5454545454545454,0.4545454545454546,0.4843448605388403,0.5156551394611597,2.1564339711064133
33vy5d__3yv1k4,33vy5d,3yv1k4,True,,1,3,0,1.0,0.0,1.0,0.0,1.583
9sz5ug__3o8dix,9sz5ug,3o8dix,True,,15,1,0,1.0,0.0,1.0,0.0,1.583
1e1xig__5fmmpb,1e1xig,5fmmpb,True,,1,3,0,1.0,0.0,1.0,0.0,1.583
9lf0gt__2e9ndt,9lf0gt,2e9ndt,True,,3,5,0,1.0,0.0,1.0,0.0,1.583
9mfkzn__5dk32a,9mfkzn,5dk32a,True,,6,5,2,0.6666666666666666,0.33333333333333337,0.23071285337209702,0.769287146627903,2.3688039329024653
9ydp8g__64z8l6,9ydp8g,64z8l6,True,,1,9,0,1.0,0.0,1.0,0.0,1.583
30egi9__7eozil,30egi9,7eozil,True,,3,1,0,1.0,0.0,1.0,0.0,1.583
4ade1g__9eccvf,4ade1g,9eccvf,True,,7,2,0,1.0,0.0,1.0,0.0,1.583
2ukmgi__5id6gg,2ukmgi,5id6gg,True,,5,2,0,1.0,0.0,1.0,0.0,1.583
1x128c__8oably,1x128c,8oably,True,,3,3,1,0.6666666666666666,0.33333333333333337,0.3017365336418152,0.6982634663581848,2.302474917898575
1gxxws__6igpji,1gxxws,6igpji,True,,8,1,0,1.0,0.0,1.0,0.0,1.583
3ibtfh__6bxknh,3ibtfh,6bxknh,True,,2,4,0,1.0,0.0,1.0,0.0,1.583
2twzep__79hggs,2twzep,79hggs,True,,1,4,0,1.0,0.0,1.0,0.0,1.583
2t7h0a__1p5yq7,2t7h0a,1p5yq7,True,,8,4,4,0.2222222222222222,0.7777777777777778,0.45382212568074465,0.5461778743192554,2.250264405715641
1bozhi__2tf7fw,1bozhi,2tf7fw,True,,1,8,0,1.0,0.0,1.0,0.0,1.583
2ii3kq__4yl99e,2ii3kq,4yl99e,True,,7,4,0,1.0,0.0,1.0,0.0,1.583
19uz2j__40qgd1,19uz2j,40qgd1,True,,5,4,0,1.0,0.0,1.0,0.0,1.583
207lwo__3bj4r5,207lwo,3bj4r5,True,,5,2,0,1.0,0.0,1.0,0.0,1.583
2ylksx__9k350s,2ylksx,9k350s,True,,2,5,2,0.07692307692307693,0.9230769230769231,0.40652455389499664,0.5934754461050034,2.3238005652713087
38yqri__9mqdxi,38yqri,9mqdxi,True,,8,1,0,1.0,0.0,1.0,0.0,1.583
3minun__6zlpc7,3minun,6zlpc7,True,,9,5,0,1.0,0.0,1.0,0.0,1.583
63c7ui__99tcwp,63c7ui,99tcwp,True,,6,6,0,1.0,0.0,1.0,0.0,1.583
5kcz6s__7g76r1,5kcz6s,7g76r1,True,,3,4,0,1.0,0.0,1.0,0.0,1.583
3d90hc__9ur4s8,3d90hc,9ur4s8,True,,1,3,0,1.0,0.0,1.0,0.0,1.583
3dyay2__3nti0j,3dyay2,3nti0j,True,,2,1,0,1.0,0.0,1.0,0.0,1.583
88khjw__8o6k2p,88khjw,8o6k2p,True,,2,2,0,1.0,0.0,1.0,0.0,1.583
32lw23__9hmzki,32lw23,9hmzki,True,,2,8,0,1.0,0.0,1.0,0.0,1.583
10gy3g__64gjzo,10gy3g,64gjzo,True,,7,1,0,1.0,0.0,1.0,0.0,1.583
3x19hi__6p4vhy,3x19hi,6p4vhy,True,,3,1,0,1.0,0.0,1.0,0.0,1.583
3tarkg__5n6znk,3tarkg,5n6znk,True,,1,3,0,1.0,0.0,1.0,0.0,1.583
6gjp9c__1e1xig,6gjp9c,1e1xig,True,,5,1,0,1.0,0.0,1.0,0.0,1.583
54ms5r__9jsz5u,54ms5r,9jsz5u,True,,1,8,0,1.0,0.0,1.0,0.0,1.583
2rwmka__1f9399,2rwmka,1f9399,True,,1,1,0,1.0,0.0,1.0,0.0,1.583
9j9f3q__3nzmfs,9j9f3q,3nzmfs,True,,4,2,1,0.6666666666666666,0.33333333333333337,0.28627483546733856,0.7137251645326614,2.316914597823719
3a8bv6__9nc5m1,3a8bv6,9nc5m1,True,,3,2,0,1.0,0.0,1.0,0.0,1.583
39x6je__13hy58,39x6je,13hy58,True,,4,4,0,1.0,0.0,1.0,0.0,1.583
349uo7__3zcugb,349uo7,3zcugb,True,,3,2,0,1.0,0.0,1.0,0.0,1.583
87fv8b__37oi30,87fv8b,37oi30,True,,1,5,0,1.0,0.0,1.0,0.0,1.583
4szj59__4f9leu,4szj59,4f9leu,True,,8,1,0,1.0,0.0,1.0,0.0,1.583
3z1nss__9bp0ht,3z1nss,9bp0ht,True,,8,5,0,1.0,0.0,1.0,0.0,1.583
8t7dqc__3jz4ty,8t7dqc,3jz4ty,True,,3,5,0,1.0,0.0,1.0,0.0,1.583
6vuzas__6taznw,6vuzas,6taznw,True,,1,6,0,1.0,0.0,1.0,0.0,1.583
79bw0n__28g0dn,79bw0n,28g0dn,True,,2,2,2,0.0,1.0,0.4081515893340111,0.5918484106659889,2.337827230720967
98dl9p__3bwg2b,98dl9p,3bwg2b,True,,4,6,0,1.0,0.0,1.0,0.0,1.583
4150ov__7dufmn,4150ov,7dufmn,True,,1,5,0,1.0,0.0,1.0,0.0,1.583
4wx4mn__5csrb0,4wx4mn,5csrb0,True,,3,4,0,1.0,0.0,1.0,0.0,1.583
3rsfam__94blyq,3rsfam,94blyq,True,,5,2,0,1.0,0.0,1.0,0.0,1.583
5rap9i__78wpg7,5rap9i,78wpg7,True,,3,3,0,1.0,0.0,1.0,0.0,1.583
2cx989__3ghmjs,2cx989,3ghmjs,True,,4,1,0,1.0,0.0,1.0,0.0,1.583
8yvnh1__8l9rnc,8yvnh1,8l9rnc,True,,5,4,0,1.0,0.0,1.0,0.0,1.583
37i3s7__726erp,37i3s7,726erp,True,,3,2,0,1.0,0.0,1.0,0.0,1.583
4o5cny__8zfjqp,4o5cny,8zfjqp,True,,5,2,0,1.0,0.0,1.0,0.0,1.583
157dx1__4bfpns,157dx1,4bfpns,True,,4,6,0,1.0,0.0,1.0,0.0,1.583
6tzyz9__9q5dlp,6tzyz9,9q5dlp,True,,9,3,2,0.4666666666666667,0.5333333333333333,0.45460642501711845,0.5453935749828815,2.20012972634318
3v15et__7fudx8,3v15et,7fudx8,True,,6,6,0,1.0,0.0,1.0,0.0,1.583
3beh4p__65yqyq,3beh4p,65yqyq,True,,2,8,2,0.15,0.85,0.4638874776661396,0.5361125223338604,2.2554604846075925
2l6hku__31ymke,2l6hku,31ymke,True,,1,4,0,1.0,0.0,1.0,0.0,1.583
2ubuni__40jnqf,2ubuni,40jnqf,True,,2,4,0,1.0,0.0,1.0,0.0,1.583
6zypk4__8yv1rm,6zypk4,8yv1rm,True,,3,9,0,1.0,0.0,1.0,0.0,1.583
67bqvw__17b306,67bqvw,17b306,True,,3,1,0,1.0,0.0,1.0,0.0,1.583
2xz8q1__4grr42,2xz8q1,4grr42,True,,1,6,0,1.0,0.0,1.0,0.0,1.583
3trvtu__5spks1,3trvtu,5spks1,True,,4,5,0,1.0,0.0,1.0,0.0,1.583
9cjo5w__3osl20,9cjo5w,3osl20,True,,3,4,0,1.0,0.0,1.0,0.0,1.583
93k9da__2myvfc,93k9da,2myvfc,True,,1,4,0,1.0,0.0,1.0,0.0,1.583
90a5fa__9r7580,90a5fa,9r7580,True,,9,2,0,1.0,0.0,1.0,0.0,1.583
3g8jp1__2zlfjh,3g8jp1,2zlfjh,True,,1,2,0,1.0,0.0,1.0,0.0,1.583
3epcfv__2swuki,3epcfv,2swuki,True,,1,11,0,1.0,0.0,1.0,0.0,1.583
9eplh4__9wip07,9eplh4,9wip07,True,,3,4,0,1.0,0.0,1.0,0.0,1.583
36sq8u__2t9epd,36sq8u,2t9epd,True,,1,7,0,1.0,0.0,1.0,0.0,1.583
1bodbt__2iiobs,1bodbt,2iiobs,True,,10,2,0,1.0,0.0,1.0,0.0,1.583
93f70b__98gcaw,93f70b,98gcaw,True,,4,7,2,0.5833333333333334,0.41666666666666663,0.3883024714887142,0.6116975285112858,2.238472655210023
281acy__20jcgv,281acy,20jcgv,True,,3,3,2,0.2857142857142857,0.7142857142857143,0.3456500917673111,0.6543499082326889,2.3384545221556507
3i5gnx__2wuw4a,3i5gnx,2wuw4a,True,,5,4,0,1.0,0.0,1.0,0.0,1.583
2bgogc__2xr99j,2bgogc,2xr99j,True,,1,2,1,0.0,1.0,0.4731585718691349,0.5268414281308651,2.277117209731415
2z9ze5__3b9d8r,2z9ze5,3b9d8r,True,,3,1,0,1.0,0.0,1.0,0.0,1.583
2bgogc__6y2qf9,2bgogc,6y2qf9,True,,1,5,0,1.0,0.0,1.0,0.0,1.583
4gl0hg__79ev5x,4gl0hg,79ev5x,True,,5,2,0,1.0,0.0,1.0,0.0,1.583
291r4o__2nbpyp,291r4o,2nbpyp,True,,3,5,0,1.0,0.0,1.0,0.0,1.583
3dlxwv__8zfjqp,3dlxwv,8zfjqp,True,,4,2,1,0.6666666666666666,0.33333333333333337,0.123797208070755,0.876202791929245,2.4686524540493884
9igfxm__9sspe9,9igfxm,9sspe9,True,,4,1,0,1.0,0.0,1.0,0.0,1.583
3m55qv__1nu0wm,3m55qv,1nu0wm,True,,6,5,0,1.0,0.0,1.0,0.0,1.583
3h3ohp__1ickyq,3h3ohp,1ickyq,True,,1,3,0,1.0,0.0,1.0,0.0,1.583
3dujnp__3b857o,3dujnp,3b857o,True,,5,3,0,1.0,0.0,1.0,0.0,1.583
1t0fe5__5nk99r,1t0fe5,5nk99r,True,,4,3,0,1.0,0.0,1.0,0.0,1.583
2s6xni__73akvm,2s6xni,73akvm,True,,1,5,0,1.0,0.0,1.0,0.0,1.583
7csx6a__3a1krd,7csx6a,3a1krd,True,,6,1,0,1.0,0.0,1.0,0.0,1.583
9igfxm__8jimss,9igfxm,8jimss,True,,4,3,0,1.0,0.0,1.0,0.0,1.583
3ep8hg__970nac,3ep8hg,970nac,True,,7,13,3,0.6086956521739131,0.3913043478260869,0.309537669022878,0.6904623309771221,2.3069053795951864
3yv7bv__2sxc1l,3yv7bv,2sxc1l,True,,4,3,1,0.7142857142857143,0.2857142857142857,0.3669491410255432,0.6330508589744568,2.2319490543391023
3nai9b__7d8ci3,3nai9b,7d8ci3,True,,3,1,0,1.0,0.0,1.0,0.0,1.583
1415p2__3bhnrz,1415p2,3bhnrz,True,,7,5,0,1.0,0.0,1.0,0.0,1.583
35yv1l__2l5qx4,35yv1l,2l5qx4,True,,1,1,0,1.0,0.0,1.0,0.0,1.583
6cuy9r__7a0w7q,6cuy9r,7a0w7q,True,,1,2,0,1.0,0.0,1.0,0.0,1.583
4f9leu__9o9gi4,4f9leu,9o9gi4,True,,1,3,0,1.0,0.0,1.0,0.0,1.583
9ccrxj__2p0v3k,9ccrxj,2p0v3k,True,,3,4,1,0.7142857142857143,0.2857142857142857,0.2865951210260391,0.7134048789739609,2.306991673616639
211dxc__3rj3bx,211dxc,3rj3bx,True,,10,3,0,1.0,0.0,1.0,0.0,1.583
2u81uj__5fiaf3,2u81uj,5fiaf3,True,,3,4,0,1.0,0.0,1.0,0.0,1.583
3dti2i__9ib7p0,3dti2i,9ib7p0,True,,2,5,0,1.0,0.0,1.0,0.0,1.583
94p66l__79hggs,94p66l,79hggs,True,,2,4,0,1.0,0.0,1.0,0.0,1.583
8hjs1x__5bipzh,8hjs1x,5bipzh,True,,2,11,1,0.8461538461538461,0.15384615384615385,0.44973545148968697,0.550264548510313,2.127984369546089
1tqt7j__65z9qc,1tqt7j,65z9qc,True,,4,8,0,1.0,0.0,1.0,0.0,1.583
2bl5zc__98h9gf,2bl5zc,98h9gf,True,,5,3,0,1.0,0.0,1.0,0.0,1.583
9p59sp__2mqjx7,9p59sp,2mqjx7,True,,7,1,0,1.0,0.0,1.0,0.0,1.583
3clxx3__35hh4m,3clxx3,35hh4m,True,,1,2,0,1.0,0.0,1.0,0.0,1.583
1debp9__8kep9i,1debp9,8kep9i,True,,2,3,2,0.125,0.875,0.3330284704764684,0.6669715295235317,2.382722211422026
8ip90m__5ie392,8ip90m,5ie392,True,,5,1,0,1.0,0.0,1.0,0.0,1.583
3tg9d6__3609ox,3tg9d6,3609ox,True,,6,3,0,1.0,0.0,1.0,0.0,1.583
3ptz50__2pj7be,3ptz50,2pj7be,True,,3,4,0,1.0,0.0,1.0,0.0,1.583
9xs5oj__417oju,9xs5oj,417oju,True,,10,10,0,1.0,0.0,1.0,0.0,1.583
2toksd__91a2q1,2toksd,91a2q1,True,,5,6,0,1.0,0.0,1.0,0.0,1.583
2txndn__3ov43b,2txndn,3ov43b,True,,4,2,0,1.0,0.0,1.0,0.0,1.583
5yazdp__4endwe,5yazdp,4endwe,True,,4,3,0,1.0,0.0,1.0,0.0,1.583
3k2aip__9tzj05,3k2aip,9tzj05,True,,3,4,0,1.0,0.0,1.0,0.0,1.583
7reco5__2ol0jb,7reco5,2ol0jb,True,,3,3,0,1.0,0.0,1.0,0.0,1.583
6cbldj__77ppol,6cbldj,77ppol,True,,5,10,0,1.0,0.0,1.0,0.0,1.583
6wh4r7__2wkmva,6wh4r7,2wkmva,True,,5,1,0,1.0,0.0,1.0,0.0,1.583
975rou__28g0dn,975rou,28g0dn,True,,3,2,2,0.16666666666666666,0.8333333333333334,0.2962498068809509,0.7037501931190491,2.4086489720205466
31motz__6561qa,31motz,6561qa,True,,4,8,0,1.0,0.0,1.0,0.0,1.583
5xuhvx__241af1,5xuhvx,241af1,True,,5,4,0,1.0,0.0,1.0,0.0,1.583
8iuy3n__8em8r4,8iuy3n,8em8r4,True,,2,4,1,0.6666666666666666,0.33333333333333337,0.26228955388069153,0.7377104461193085,2.3393144522974887
9cl32w__8vdlfn,9cl32w,8vdlfn,True,,4,5,0,1.0,0.0,1.0,0.0,1.583
17b306__3trkam,17b306,3trkam,True,,1,4,1,0.6,0.4,0.33128271996974945,0.6687172800302505,2.288355067820251
2wuw4a__1q0lzb,2wuw4a,1q0lzb,True,,4,1,0,1.0,0.0,1.0,0.0,1.583
2le8ou__fw7y5,2le8ou,fw7y5,True,,2,3,0,1.0,0.0,1.0,0.0,1.583
2bfbvo__3fbeu4,2bfbvo,3fbeu4,True,,4,1,0,1.0,0.0,1.0,0.0,1.583
3jas05__3dlq31,3jas05,3dlq31,True,,2,6,0,1.0,0.0,1.0,0.0,1.583
2w1sk7__6xj4sl,2w1sk7,6xj4sl,True,,4,3,0,1.0,0.0,1.0,0.0,1.583
335jvc__2yhppn,335jvc,2yhppn,True,,2,4,0,1.0,0.0,1.0,0.0,1.583
1d4e9m__3gs2z3,1d4e9m,3gs2z3,True,,1,2,0,1.0,0.0,1.0,0.0,1.583
2vtzr6__3li9oz,2vtzr6,3li9oz,True,,4,4,0,1.0,0.0,1.0,0.0,1.583
4hzsyu__971xuc,4hzsyu,971xuc,True,,3,3,2,0.2857142857142857,0.7142857142857143,0.3392501026391983,0.6607498973608017,2.3444314720023955
6fc9dp__39hn8r,6fc9dp,39hn8r,True,,6,14,0,1.0,0.0,1.0,0.0,1.583
3uwn95__7cbpqq,3uwn95,7cbpqq,True,,4,1,0,1.0,0.0,1.0,0.0,1.583
3oew37__75ydwd,3oew37,75ydwd,True,,1,4,0,1.0,0.0,1.0,0.0,1.583
4kjjtx__3v3tzd,4kjjtx,3v3tzd,True,,6,4,0,1.0,0.0,1.0,0.0,1.583
2ok93x__6k8kge,2ok93x,6k8kge,True,,5,6,4,0.29411764705882354,0.7058823529411764,0.4948091567493975,0.5051908432506025,2.1974565520411495
9potj4__44jewz,9potj4,44jewz,True,,6,2,0,1.0,0.0,1.0,0.0,1.583
3mp939__95hrgl,3mp939,95hrgl,True,,1,5,0,1.0,0.0,1.0,0.0,1.583
2un6ee__7x4tsf,2un6ee,7x4tsf,True,,2,1,1,0.3333333333333333,0.6666666666666667,0.3584025353193283,0.6415974646806717,2.3169212055986126
38g8k8__43kfk3,38g8k8,43kfk3,True,,3,5,1,0.75,0.25,0.35182902216911316,0.6481709778308868,2.2388518761962652
35mmws__9u0ond,35mmws,9u0ond,True,,3,8,0,1.0,0.0,1.0,0.0,1.583
34b9bg__5d6v5r,34b9bg,5d6v5r,True,,4,4,0,1.0,0.0,1.0,0.0,1.583
9x50kk__3slygn,9x50kk,3slygn,True,,1,1,0,1.0,0.0,1.0,0.0,1.583
2awdu0__5enfpf,2awdu0,5enfpf,True,,5,5,0,1.0,0.0,1.0,0.0,1.583
3lthyy__5bipzh,3lthyy,5bipzh,True,,5,11,0,1.0,0.0,1.0,0.0,1.583
3dch8o__3fks1r,3dch8o,3fks1r,True,,4,4,0,1.0,0.0,1.0,0.0,1.583
2t7tpc__4enx0w,2t7tpc,4enx0w,True,,3,6,0,1.0,0.0,1.0,0.0,1.583
88gqbg__6dck1n,88gqbg,6dck1n,True,,2,6,0,1.0,0.0,1.0,0.0,1.583
8g86nn__5mjmh3,8g86nn,5mjmh3,True,,5,1,0,1.0,0.0,1.0,0.0,1.583
3gf9tt__28ja4x,3gf9tt,28ja4x,True,,2,2,0,1.0,0.0,1.0,0.0,1.583
3e7dqs__39ghl7,3e7dqs,39ghl7,True,,3,7,3,0.0967741935483871,0.9032258064516129,0.44465541866208824,0.5553445813379118,2.2841782399953465
3dcd54__5l3frw,3dcd54,5l3frw,True,,3,3,0,1.0,0.0,1.0,0.0,1.583
98q8mu__6xyxww,98q8mu,6xyxww,True,,3,5,0,1.0,0.0,1.0,0.0,1.583
71w8cn__8p4dfh,71w8cn,8p4dfh,True,,3,1,0,1.0,0.0,1.0,0.0,1.583
3zd7ou__2uoqwq,3zd7ou,2uoqwq,True,,3,5,0,1.0,0.0,1.0,0.0,1.583
8sb3fr__3t3ou8,8sb3fr,3t3ou8,True,,2,3,1,0.6,0.4,0.4787190556526184,0.5212809443473816,2.1506642739260196
4wg44w__1apev4,4wg44w,1apev4,True,,4,6,2,0.5454545454545454,0.4545454545454546,0.41337169520556927,0.5866283047944307,2.222715810211155
945did__8ybd48,945did,8ybd48,True,,2,1,0,1.0,0.0,1.0,0.0,1.583
3tth0r__8sz0gq,3tth0r,8sz0gq,True,,6,2,1,0.75,0.25,0.35106080770492554,0.6489391922950745,2.23956931168437
1d4e9m__4p0ran,1d4e9m,4p0ran,True,,1,4,0,1.0,0.0,1.0,0.0,1.583
1nyau2__1m5ee5,1nyau2,1m5ee5,True,,10,3,0,1.0,0.0,1.0,0.0,1.583
6uiiye__7dxb8u,6uiiye,7dxb8u,True,,5,6,1,0.6666666666666666,0.33333333333333337,0.3511173278093338,0.6488826721906662,2.2563581942255295
9ggyni__8rnm7e,9ggyni,8rnm7e,True,,2,4,0,1.0,0.0,1.0,0.0,1.583
33fdka__379ayb,33fdka,379ayb,True,,2,4,0,1.0,0.0,1.0,0.0,1.583
3f7lpq__6j6cae,3f7lpq,6j6cae,True,,2,5,0,1.0,0.0,1.0,0.0,1.583
9q7zgy__1ep77h,9q7zgy,1ep77h,True,,6,4,0,1.0,0.0,1.0,0.0,1.583
32hnox__51dy3o,32hnox,51dy3o,True,,5,2,0,1.0,0.0,1.0,0.0,1.583
8m8vi8__6jb5h7,8m8vi8,6jb5h7,True,,8,1,0,1.0,0.0,1.0,0.0,1.583
9w2z8b__2p8ow8,9w2z8b,2p8ow8,True,,1,3,0,1.0,0.0,1.0,0.0,1.583
2rnpl9__2dhj59,2rnpl9,2dhj59,True,,5,3,1,0.75,0.25,0.357024610042572,0.642975389957428,2.2339997166812418
4glx9t__6dck1n,4glx9t,6dck1n,True,,5,6,1,0.6666666666666666,0.33333333333333337,0.3967766910791397,0.6032233089208603,2.2137169148678577
9mqjf3__vddjr,9mqjf3,vddjr,True,,2,4,2,0.2857142857142857,0.7142857142857143,0.4328053710050881,0.5671946289949119,2.257060206875491
3rfu5h__4kkk04,3rfu5h,4kkk04,True,,4,3,0,1.0,0.0,1.0,0.0,1.583
3bcjqe__9awe7a,3bcjqe,9awe7a,True,,3,6,1,0.7777777777777778,0.2222222222222222,0.3070085644721985,0.6929914355278015,2.275095812750525
8hlo78__2m8ogz,8hlo78,2m8ogz,True,,1,9,0,1.0,0.0,1.0,0.0,1.583
9mwkfr__9bhcfj,9mwkfr,9bhcfj,True,,2,1,0,1.0,0.0,1.0,0.0,1.583
38rlpo__5iwand,38rlpo,5iwand,True,,2,3,0,1.0,0.0,1.0,0.0,1.583
88gqbg__3g885f,88gqbg,3g885f,True,,2,1,0,1.0,0.0,1.0,0.0,1.583
1gjyeb__7dec16,1gjyeb,7dec16,True,,2,3,0,1.0,0.0,1.0,0.0,1.583
87rfhc__3b1tmi,87rfhc,3b1tmi,True,,7,3,0,1.0,0.0,1.0,0.0,1.583
3gixqh__8xvkhr,3gixqh,8xvkhr,True,,1,9,0,1.0,0.0,1.0,0.0,1.583
2bl5zc__7sejdb,2bl5zc,7sejdb,True,,5,4,0,1.0,0.0,1.0,0.0,1.583
2wvnwd__6dlidz,2wvnwd,6dlidz,True,,5,2,0,1.0,0.0,1.0,0.0,1.583
2yyams__2azplx,2yyams,2azplx,True,,5,2,0,1.0,0.0,1.0,0.0,1.583
2ubibd__3wnbvn,2ubibd,3wnbvn,True,,4,2,0,1.0,0.0,1.0,0.0,1.583
38yusq__9wd96d,38yusq,9wd96d,True,,4,5,2,0.3333333333333333,0.6666666666666667,0.37262441714604694,0.6273755828539531,2.3036393901606402
3d5rzq__3yuxf7,3d5rzq,3yuxf7,True,,3,3,0,1.0,0.0,1.0,0.0,1.583
33qqa6__9hl4hl,33qqa6,9hl4hl,True,,3,4,0,1.0,0.0,1.0,0.0,1.583
3bpim9__8nwwf9,3bpim9,8nwwf9,True,,3,2,0,1.0,0.0,1.0,0.0,1.583
9uepgu__28fdxn,9uepgu,28fdxn,True,,6,3,0,1.0,0.0,1.0,0.0,1.583
8glg72__8i8nij,8glg72,8i8nij,True,,4,2,0,1.0,0.0,1.0,0.0,1.583
5gwb56__4t2gg8,5gwb56,4t2gg8,True,,3,9,0,1.0,0.0,1.0,0.0,1.583
9qyplw__7bmqon,9qyplw,7bmqon,True,,5,2,1,0.7142857142857143,0.2857142857142857,0.4292774498462677,0.5707225501537323,2.1737406467314275
2xu5hi__8wvgmg,2xu5hi,8wvgmg,True,,1,3,0,1.0,0.0,1.0,0.0,1.583
3t5mug__6fa2hf,3t5mug,6fa2hf,True,,1,1,0,1.0,0.0,1.0,0.0,1.583
9964bf__yg0mt,9964bf,yg0mt,True,,4,8,0,1.0,0.0,1.0,0.0,1.583
3aobp4__44frso,3aobp4,44frso,True,,4,6,0,1.0,0.0,1.0,0.0,1.583
8teowp__7be8bv,8teowp,7be8bv,True,,4,2,1,0.6666666666666666,0.33333333333333337,0.168308287858963,0.831691712141037,2.427083556635181
3df957__8tbnyx,3df957,8tbnyx,True,,5,1,1,0.6666666666666666,0.33333333333333337,0.46163783594965935,0.5383621640503407,2.1531430916732797
715zpo__4lcosk,715zpo,4lcosk,True,,6,3,0,1.0,0.0,1.0,0.0,1.583
1gw7h7__9hpckv,1gw7h7,9hpckv,True,,9,4,2,0.6428571428571429,0.3571428571428571,0.3526102527976036,0.6473897472023964,2.259775856340889
8t9lud__4z0h8y,8t9lud,4z0h8y,True,,3,5,1,0.75,0.25,0.5063558053225279,0.4936441946774721,2.094539313409291
39w11r__4xodef,39w11r,4xodef,True,,3,1,0,1.0,0.0,1.0,0.0,1.583
92wbay__77hn3n,92wbay,77hn3n,True,,9,3,0,1.0,0.0,1.0,0.0,1.583
37ug64__77hn3n,37ug64,77hn3n,True,,1,3,1,0.5,0.5,0.3702572137117386,0.6297427862882614,2.2721667881146073
suscr__3dmbau,suscr,3dmbau,True,,3,3,0,1.0,0.0,1.0,0.0,1.583
12lpqk__4xp95i,12lpqk,4xp95i,True,,2,5,1,0.15384615384615385,0.8461538461538461,0.3968959879130125,0.6031040120869875,2.31724652919573
73akvm__7bjgn3,73akvm,7bjgn3,True,,5,10,0,1.0,0.0,1.0,0.0,1.583
2e20ib__4xodef,2e20ib,4xodef,True,,4,1,0,1.0,0.0,1.0,0.0,1.583
1p4zu4__6hq3s9,1p4zu4,6hq3s9,True,,3,4,0,1.0,0.0,1.0,0.0,1.583
9i19eq__9w4xtg,9i19eq,9w4xtg,True,,3,2,0,1.0,0.0,1.0,0.0,1.583
5direc__8p43lx,5direc,8p43lx,True,,10,1,0,1.0,0.0,1.0,0.0,1.583
3ov43b__p9ys3,3ov43b,p9ys3,True,,2,2,0,1.0,0.0,1.0,0.0,1.583
30bsop__4spacd,30bsop,4spacd,True,,3,5,1,0.5555555555555556,0.4444444444444444,0.4910304071381688,0.5089695928618312,2.1481489249958865
k4ao9__3tl912,k4ao9,3tl912,True,,5,3,0,1.0,0.0,1.0,0.0,1.583
9x4e41__536777,9x4e41,536777,True,,9,1,0,1.0,0.0,1.0,0.0,1.583
4dgh7a__8amln6,4dgh7a,8amln6,True,,1,1,0,1.0,0.0,1.0,0.0,1.583
8w2oz8__3olt1u,8w2oz8,3olt1u,True,,2,1,0,1.0,0.0,1.0,0.0,1.583
8jrha0__9s7egf,8jrha0,9s7egf,True,,11,6,0,1.0,0.0,1.0,0.0,1.583
4f2n00__4nyr9r,4f2n00,4nyr9r,True,,2,4,0,1.0,0.0,1.0,0.0,1.583
now7m__6hxxpk,now7m,6hxxpk,True,,2,3,0,1.0,0.0,1.0,0.0,1.583
9km8dp__8ol6if,9km8dp,8ol6if,True,,4,4,0,1.0,0.0,1.0,0.0,1.583
7ef86j__8fdz5n,7ef86j,8fdz5n,True,,3,3,0,1.0,0.0,1.0,0.0,1.583
2tlxmo__2lu28k,2tlxmo,2lu28k,True,,5,5,2,0.5454545454545454,0.4545454545454546,0.39181237295269966,0.6081876270473003,2.24285006126311
97demt__18398h,97demt,18398h,True,,1,8,1,0.0,1.0,0.3485169867053628,0.6514830132946372,2.3935199861158614
2ho3kz__385zfd,2ho3kz,385zfd,True,,4,2,0,1.0,0.0,1.0,0.0,1.583
4lae1y__75vfxi,4lae1y,75vfxi,True,,6,1,0,1.0,0.0,1.0,0.0,1.583
3std6d__8vz5z7,3std6d,8vz5z7,True,,3,7,3,0.0,1.0,0.4446746323789869,0.555325367621013,2.303718360821264
28coa3__381d5d,28coa3,381d5d,True,,4,2,2,0.2857142857142857,0.7142857142857143,0.25502854585647583,0.7449714541435242,2.42308598388178
86mme2__6e5vyj,86mme2,6e5vyj,True,,3,10,0,1.0,0.0,1.0,0.0,1.583
6xnzf1__57r4af,6xnzf1,57r4af,True,,3,2,0,1.0,0.0,1.0,0.0,1.583
2ut4i7__6dkblo,2ut4i7,6dkblo,True,,2,5,0,1.0,0.0,1.0,0.0,1.583
8k6dwp__1v3vt2,8k6dwp,1v3vt2,True,,6,4,0,1.0,0.0,1.0,0.0,1.583
4xr0w5__7271et,4xr0w5,7271et,True,,3,1,0,1.0,0.0,1.0,0.0,1.583
8ups7k__2cqsgr,8ups7k,2cqsgr,True,,2,6,1,0.75,0.25,0.43137815594673157,0.5686218440532684,2.1645609401613473
8igs6k__6ia6lc,8igs6k,6ia6lc,True,,2,1,0,1.0,0.0,1.0,0.0,1.583
9qyplw__75e9r4,9qyplw,75e9r4,True,,5,3,0,1.0,0.0,1.0,0.0,1.583
3ju9ag__3w07bi,3ju9ag,3w07bi,True,,1,5,0,1.0,0.0,1.0,0.0,1.583
3b51qi__1pz5nb,3b51qi,1pz5nb,True,,3,8,0,1.0,0.0,1.0,0.0,1.583
68fo8s__3aqyax,68fo8s,3aqyax,True,,2,2,0,1.0,0.0,1.0,0.0,1.583
6vo91o__37rl0r,6vo91o,37rl0r,True,,5,7,3,0.4666666666666667,0.5333333333333333,0.357589748998483,0.642410251001517,2.2907336000769836
33a9pt__9iduk1,33a9pt,9iduk1,True,,2,3,0,1.0,0.0,1.0,0.0,1.583
8h521m__5c6ed9,8h521m,5c6ed9,True,,7,5,2,0.6153846153846154,0.3846153846153846,0.3844862785190344,0.6155137214809656,2.235559033721843
5hrwqf__46lr6r,5hrwqf,46lr6r,True,,1,2,0,1.0,0.0,1.0,0.0,1.583
3a3gy9__97qwul,3a3gy9,97qwul,True,,4,3,0,1.0,0.0,1.0,0.0,1.583
8m2agq__51oyld,8m2agq,51oyld,True,,1,2,0,1.0,0.0,1.0,0.0,1.583
2943cv__64mxf8,2943cv,64mxf8,True,,1,3,0,1.0,0.0,1.0,0.0,1.583
9blohy__2nqtxu,9blohy,2nqtxu,True,,11,4,0,1.0,0.0,1.0,0.0,1.583
1jtrxi__6dkblo,1jtrxi,6dkblo,True,,6,5,0,1.0,0.0,1.0,0.0,1.583
39po03__9xo548,39po03,9xo548,True,,1,8,0,1.0,0.0,1.0,0.0,1.583
8gsd6i__4vphej,8gsd6i,4vphej,True,,3,4,1,0.7142857142857143,0.2857142857142857,0.3342251777648926,0.6657748222351074,2.262509963628224
1re5gy__336w4p,1re5gy,336w4p,True,,3,3,0,1.0,0.0,1.0,0.0,1.583
8x1we1__3kzypx,8x1we1,3kzypx,True,,2,2,0,1.0,0.0,1.0,0.0,1.583
36udt9__1h06fn,36udt9,1h06fn,True,,4,4,0,1.0,0.0,1.0,0.0,1.583
8zjr1w__6f081y,8zjr1w,6f081y,True,,2,4,0,1.0,0.0,1.0,0.0,1.583
8wj264__960idh,8wj264,960idh,True,,1,2,0,1.0,0.0,1.0,0.0,1.583
3pu2aq__5s1zv6,3pu2aq,5s1zv6,True,,1,7,0,1.0,0.0,1.0,0.0,1.583
4p0ran__31xgra,4p0ran,31xgra,True,,4,4,0,1.0,0.0,1.0,0.0,1.583
2aotk2__63qo85,2aotk2,63qo85,True,,1,2,0,1.0,0.0,1.0,0.0,1.583
37hl2c__2l9i8i,37hl2c,2l9i8i,True,,3,2,2,0.16666666666666666,0.8333333333333334,0.45423387084156275,0.5457661291584373,2.261107654687731
94kczb__2o59a7,94kczb,2o59a7,True,,3,3,2,0.2857142857142857,0.7142857142857143,0.3733693100512028,0.6266306899487972,2.3125675442003244
5mv1h5__8s0jsv,5mv1h5,8s0jsv,True,,2,1,0,1.0,0.0,1.0,0.0,1.583
1hge1j__7g219e,1hge1j,7g219e,True,,2,3,0,1.0,0.0,1.0,0.0,1.583
8g86nn__79yksa,8g86nn,79yksa,True,,5,7,5,0.22727272727272727,0.7727272727272727,0.4169465992599726,0.5830534007400274,2.283681752769293
2bl7cc__2nq9dx,2bl7cc,2nq9dx,True,,6,2,1,0.75,0.25,0.25019770860671997,0.74980229139328,2.333765359932184
2m9f6i__3hzbjr,2m9f6i,3hzbjr,True,,3,3,0,1.0,0.0,1.0,0.0,1.583
6w0grr__51y9a8,6w0grr,51y9a8,True,,3,3,0,1.0,0.0,1.0,0.0,1.583
45rph1__8m8vi8,45rph1,8m8vi8,True,,1,8,1,0.6,0.4,0.40802452340722084,0.5919754765927792,2.2166858975899966
2nnm9j__6pzim7,2nnm9j,6pzim7,True,,7,6,0,1.0,0.0,1.0,0.0,1.583
2myipj__syvlw,2myipj,syvlw,True,,2,1,1,0.3333333333333333,0.6666666666666667,0.4276204854249954,0.5723795145750046,2.25227856199493
9tfn8g__8gl46k,9tfn8g,8gl46k,True,,3,3,0,1.0,0.0,1.0,0.0,1.583
9kjpi1__3b5aon,9kjpi1,3b5aon,True,,4,1,0,1.0,0.0,1.0,0.0,1.583
3bnwpu__3woija,3bnwpu,3woija,True,,1,2,0,1.0,0.0,1.0,0.0,1.583
3j2v97__7anabi,3j2v97,7anabi,True,,8,4,2,0.6153846153846154,0.3846153846153846,0.43116849195212126,0.5688315080478787,2.191962514596683
2iy93u__9mkft9,2iy93u,9mkft9,True,,3,4,0,1.0,0.0,1.0,0.0,1.583
9d4f8m__2i9hhs,9d4f8m,2i9hhs,True,,4,4,0,1.0,0.0,1.0,0.0,1.583
2guga6__2xtzhc,2guga6,2xtzhc,True,,5,7,3,0.3888888888888889,0.6111111111111112,0.4025231571868062,0.5974768428131938,2.2644891790587973
9f12ql__5rw4ai,9f12ql,5rw4ai,True,,5,3,0,1.0,0.0,1.0,0.0,1.583
2pdhwk__7hi17a,2pdhwk,7hi17a,True,,1,9,0,1.0,0.0,1.0,0.0,1.583
3360w7__1oo6lt,3360w7,1oo6lt,True,,8,6,3,0.3448275862068966,0.6551724137931034,0.3089636092384656,0.6910363907615344,2.360769230159783
2jkt69__2hoetb,2jkt69,2hoetb,True,,5,5,1,0.8,0.19999999999999996,0.4691975750029087,0.5308024249970913,2.1191363847047833
3jakwo__4iv5oy,3jakwo,4iv5oy,True,,3,2,0,1.0,0.0,1.0,0.0,1.583
sql4w__2ha3gh,sql4w,2ha3gh,True,,4,10,0,1.0,0.0,1.0,0.0,1.583
1ytrna__4ku704,1ytrna,4ku704,True,,3,3,0,1.0,0.0,1.0,0.0,1.583
8wgkcb__64gaap,8wgkcb,64gaap,True,,2,5,0,1.0,0.0,1.0,0.0,1.583
1j5epy__5v5y6o,1j5epy,5v5y6o,True,,2,2,0,1.0,0.0,1.0,0.0,1.583
4c6f20__2wce6b,4c6f20,2wce6b,True,,7,1,0,1.0,0.0,1.0,0.0,1.583
5e88mi__501z3k,5e88mi,501z3k,True,,8,5,0,1.0,0.0,1.0,0.0,1.583
3hs286__1techx,3hs286,1techx,True,,3,14,0,1.0,0.0,1.0,0.0,1.583
2s2epk__6tyozg,2s2epk,6tyozg,True,,1,2,0,1.0,0.0,1.0,0.0,1.583
3wwf29__wwjy4,3wwf29,wwjy4,True,,3,7,1,0.8,0.19999999999999996,0.27899251878261566,0.7210074812173843,2.2967688867089153
3dpbbc__991mgl,3dpbbc,991mgl,True,,5,9,0,1.0,0.0,1.0,0.0,1.583
6xe1w8__6w6pu7,6xe1w8,6w6pu7,True,,15,5,0,1.0,0.0,1.0,0.0,1.583
2ley0s__7atnbf,2ley0s,7atnbf,True,,3,4,0,1.0,0.0,1.0,0.0,1.583
8wc9pc__2ikfbf,8wc9pc,2ikfbf,True,,2,1,0,1.0,0.0,1.0,0.0,1.583
87beb6__3g02hj,87beb6,3g02hj,True,,4,5,0,1.0,0.0,1.0,0.0,1.583
8ikjq0__2x0njf,8ikjq0,2x0njf,True,,1,5,0,1.0,0.0,1.0,0.0,1.583
2ryogr__37nzjp,2ryogr,37nzjp,True,,4,4,1,0.75,0.25,0.23643478751182556,0.7635652124881744,2.346618551942706
2w3zen__514yvt,2w3zen,514yvt,True,,4,4,1,0.75,0.25,0.2963336408138275,0.7036663591861725,2.2906790128439662
8xi576__4w2jbj,8xi576,4w2jbj,True,,3,5,0,1.0,0.0,1.0,0.0,1.583
9duguw__3jjtae,9duguw,3jjtae,True,,3,5,0,1.0,0.0,1.0,0.0,1.583
40ygqw__7259t8,40ygqw,7259t8,True,,5,1,0,1.0,0.0,1.0,0.0,1.583
2rxfxj__3a4d7l,2rxfxj,3a4d7l,True,,2,9,1,0.09375,0.90625,0.3942532752241407,0.6057467247758592,2.331859991268175
6fx0fy__9kdudd,6fx0fy,9kdudd,True,,5,1,0,1.0,0.0,1.0,0.0,1.583
2iifsj__1n378q,2iifsj,1n378q,True,,3,2,0,1.0,0.0,1.0,0.0,1.583
93rf53__4j3g7r,93rf53,4j3g7r,True,,11,2,0,1.0,0.0,1.0,0.0,1.583
3d23jq__3qlzoi,3d23jq,3qlzoi,True,,9,1,0,1.0,0.0,1.0,0.0,1.583
16wxsq__96x08d,16wxsq,96x08d,True,,4,6,1,0.8,0.19999999999999996,0.3464391231536865,0.6535608768463135,2.233780502886772
3qtldv__9r4n9k,3qtldv,9r4n9k,True,,4,4,1,0.75,0.25,0.4629381559789181,0.5370618440210819,2.1350870561312885
87muwg__2ws20j,87muwg,2ws20j,True,,3,5,0,1.0,0.0,1.0,0.0,1.583
2s8u3j__5vvyuu,2s8u3j,5vvyuu,True,,1,3,0,1.0,0.0,1.0,0.0,1.583
9hzpzf__44jewz,9hzpzf,44jewz,True,,1,2,0,1.0,0.0,1.0,0.0,1.583
30a38r__3dpbbc,30a38r,3dpbbc,True,,8,5,0,1.0,0.0,1.0,0.0,1.583
35tgee__1zxze1,35tgee,1zxze1,True,,3,5,0,1.0,0.0,1.0,0.0,1.583
5lfzok__6ecb9i,5lfzok,6ecb9i,True,,5,2,0,1.0,0.0,1.0,0.0,1.583
6y4xnf__8yhzqe,6y4xnf,8yhzqe,True,,4,8,0,1.0,0.0,1.0,0.0,1.583
9j9f3q__7gqz6w,9j9f3q,7gqz6w,True,,4,4,2,0.14285714285714285,0.8571428571428572,0.3367064297199249,0.6632935702800751,2.3756784367131334
4mp96m__35pgz9,4mp96m,35pgz9,True,,2,3,0,1.0,0.0,1.0,0.0,1.583
2txndn__2i21zx,2txndn,2i21zx,True,,4,3,0,1.0,0.0,1.0,0.0,1.583
3s25ac__3vnmg0,3s25ac,3vnmg0,True,,5,10,0,1.0,0.0,1.0,0.0,1.583
37g6wi__4xr0w5,37g6wi,4xr0w5,True,,5,3,2,0.4444444444444444,0.5555555555555556,0.2685883119702339,0.7314116880297661,2.3783431532287764
3m71t9__2tvkvl,3m71t9,2tvkvl,True,,7,3,0,1.0,0.0,1.0,0.0,1.583
72pywm__2v6gg5,72pywm,2v6gg5,True,,1,4,0,1.0,0.0,1.0,0.0,1.583
28rrpd__8v3rd7,28rrpd,8v3rd7,True,,4,1,0,1.0,0.0,1.0,0.0,1.583
3pi1oh__6d7bkd,3pi1oh,6d7bkd,True,,7,3,0,1.0,0.0,1.0,0.0,1.583
71sahy__99i9ic,71sahy,99i9ic,True,,4,4,0,1.0,0.0,1.0,0.0,1.583
4ca9yz__77e9rg,4ca9yz,77e9rg,True,,2,5,0,1.0,0.0,1.0,0.0,1.583
8o2uys__39zz0o,8o2uys,39zz0o,True,,1,8,1,0.7777777777777778,0.2222222222222222,0.4526350796222687,0.5473649203777313,2.1390952102518743
1xiz2g__13r76u,1xiz2g,13r76u,True,,5,2,1,0.7142857142857143,0.2857142857142857,0.3890688270330429,0.6109311729669571,2.2112914795766985
28rrpd__2un4iv,28rrpd,2un4iv,True,,4,4,1,0.36363636363636365,0.6363636363636364,0.24305128554503122,0.7569487144549688,2.418523495338586
8h5o0z__2zmwsn,8h5o0z,2zmwsn,True,,4,2,0,1.0,0.0,1.0,0.0,1.583
9jhlhr__8vt98s,9jhlhr,8vt98s,True,,10,4,0,1.0,0.0,1.0,0.0,1.583
106tz1__6z42z3,106tz1,6z42z3,True,,7,1,0,1.0,0.0,1.0,0.0,1.583
39q2p2__3721pl,39q2p2,3721pl,True,,3,3,2,0.42857142857142855,0.5714285714285714,0.31943266093730927,0.6805673390626907,2.3340675522363608
64brj4__9oorec,64brj4,9oorec,True,,1,4,0,1.0,0.0,1.0,0.0,1.583
3tum6h__7h7pwm,3tum6h,7h7pwm,True,,2,3,0,1.0,0.0,1.0,0.0,1.583
877rd6__2zwvla,877rd6,2zwvla,True,,2,7,0,1.0,0.0,1.0,0.0,1.583
507lq0__71vjhq,507lq0,71vjhq,True,,2,5,0,1.0,0.0,1.0,0.0,1.583
7asd13__6x9ns4,7asd13,6x9ns4,True,,4,2,0,1.0,0.0,1.0,0.0,1.583
9nc5m1__9wkp0q,9nc5m1,9wkp0q,True,,2,5,0,1.0,0.0,1.0,0.0,1.583
2txndn__8vo3yy,2txndn,8vo3yy,True,,4,9,0,1.0,0.0,1.0,0.0,1.583
3331bv__2mcp45,3331bv,2mcp45,True,,7,6,0,1.0,0.0,1.0,0.0,1.583
39dzpw__1lr6sq,39dzpw,1lr6sq,True,,6,3,0,1.0,0.0,1.0,0.0,1.583
1tedbh__2hhbf8,1tedbh,2hhbf8,True,,3,4,0,1.0,0.0,1.0,0.0,1.583
1vz27v__7b8oiq,1vz27v,7b8oiq,True,,8,2,0,1.0,0.0,1.0,0.0,1.583
2gxmbg__4es909,2gxmbg,4es909,True,,1,4,0,1.0,0.0,1.0,0.0,1.583
3gidzr__5lcpsf,3gidzr,5lcpsf,True,,1,10,0,1.0,0.0,1.0,0.0,1.583
3mfxsi__6cawol,3mfxsi,6cawol,True,,2,4,0,1.0,0.0,1.0,0.0,1.583
2mqjx7__9kj0wg,2mqjx7,9kj0wg,True,,1,2,0,1.0,0.0,1.0,0.0,1.583
3inp25__64reeo,3inp25,64reeo,True,,2,5,0,1.0,0.0,1.0,0.0,1.583
30n3q1__3h285s,30n3q1,3h285s,True,,7,1,0,1.0,0.0,1.0,0.0,1.583
9ul4qj__8fe2na,9ul4qj,8fe2na,True,,5,11,0,1.0,0.0,1.0,0.0,1.583
26voam__2gf1k8,26voam,2gf1k8,True,,3,4,0,1.0,0.0,1.0,0.0,1.583
93oa5b__818ja9,93oa5b,818ja9,True,,4,8,0,1.0,0.0,1.0,0.0,1.583
95a2q2__3grlgb,95a2q2,3grlgb,True,,2,2,1,0.5,0.5,0.44285453110933304,0.557145468890667,2.204368153396994
1zfen9__uo548,1zfen9,uo548,True,,3,4,0,1.0,0.0,1.0,0.0,1.583
9ah7ha__27lwvq,9ah7ha,27lwvq,True,,3,4,2,0.11764705882352941,0.8823529411764706,0.49056861610151825,0.5094313838984817,2.2370814988345566
2yuybg__2tf7fw,2yuybg,2tf7fw,True,,3,8,1,0.8181818181818182,0.18181818181818177,0.42268044501543045,0.5773195549845695,2.158904186945544
5uhdkq__3rnkrs,5uhdkq,3rnkrs,True,,1,4,0,1.0,0.0,1.0,0.0,1.583
30a3nv__6ts0ip,30a3nv,6ts0ip,True,,3,8,3,0.3333333333333333,0.6666666666666667,0.3473664253950119,0.652633574604988,2.3272278286569317
2bw7cy__2ybpvn,2bw7cy,2ybpvn,True,,4,5,0,1.0,0.0,1.0,0.0,1.583
1re3ac__9q5dlp,1re3ac,9q5dlp,True,,5,3,0,1.0,0.0,1.0,0.0,1.583
5cy042__5rlen3,5cy042,5rlen3,True,,5,1,1,0.6666666666666666,0.33333333333333337,0.31076018512248993,0.6892398148775101,2.294047729780773
36cbov__4mr3ue,36cbov,4mr3ue,True,,8,5,2,0.6428571428571429,0.3571428571428571,0.27659832686185837,0.7234016731381416,2.3307633939722816
3f9rxn__2d5eyz,3f9rxn,2d5eyz,True,,3,5,2,0.36363636363636365,0.6363636363636364,0.4126778406401475,0.5873221593598525,2.260109255535257
6dc5au__35c1k7,6dc5au,35c1k7,True,,4,3,0,1.0,0.0,1.0,0.0,1.583
8hyvp2__5ykg8n,8hyvp2,5ykg8n,True,,3,4,0,1.0,0.0,1.0,0.0,1.583
1y1mz7__2fqzav,1y1mz7,2fqzav,True,,2,6,0,1.0,0.0,1.0,0.0,1.583
4anepv__3m0881,4anepv,3m0881,True,,4,2,0,1.0,0.0,1.0,0.0,1.583
1y6lcx__77dlpq,1y6lcx,77dlpq,True,,4,1,1,0.6,0.4,0.2181163728237152,0.7818836271762848,2.3940411194199323
465kyx__1m8932,465kyx,1m8932,True,,8,8,3,0.5454545454545454,0.4545454545454546,0.4043545797467232,0.5956454202532768,2.2311368943381713
3szb4c__9h798f,3szb4c,9h798f,True,,8,2,0,1.0,0.0,1.0,0.0,1.583
6muf7q__8etx2t,6muf7q,8etx2t,True,,3,2,0,1.0,0.0,1.0,0.0,1.583
206e88__8p1ivo,206e88,8p1ivo,True,,7,3,0,1.0,0.0,1.0,0.0,1.583
3dbxar__94aioh,3dbxar,94aioh,True,,4,2,0,1.0,0.0,1.0,0.0,1.583
4ijg08__2jby8a,4ijg08,2jby8a,True,,1,6,0,1.0,0.0,1.0,0.0,1.583
2lori9__5b4114,2lori9,5b4114,True,,3,1,0,1.0,0.0,1.0,0.0,1.583
157308__2xurfn,157308,2xurfn,True,,2,3,0,1.0,0.0,1.0,0.0,1.583
40qgd1__8vqa99,40qgd1,8vqa99,True,,4,4,0,1.0,0.0,1.0,0.0,1.583
44y44j__4gzg7v,44y44j,4gzg7v,True,,5,1,0,1.0,0.0,1.0,0.0,1.583
3agprf__2tk1fa,3agprf,2tk1fa,True,,4,3,0,1.0,0.0,1.0,0.0,1.583
32ejqd__1n7ggz,32ejqd,1n7ggz,True,,5,2,0,1.0,0.0,1.0,0.0,1.583
651fex__8ffsgh,651fex,8ffsgh,True,,2,2,0,1.0,0.0,1.0,0.0,1.583
2ygly3__3r9w9u,2ygly3,3r9w9u,True,,8,3,1,0.8181818181818182,0.18181818181818177,0.3761276453733444,0.6238723546266556,2.2023798465312883
8re645__3elcii,8re645,3elcii,True,,4,2,0,1.0,0.0,1.0,0.0,1.583
90vqpv__7coprn,90vqpv,7coprn,True,,2,1,0,1.0,0.0,1.0,0.0,1.583
2apbwp__4pldcf,2apbwp,4pldcf,True,,5,3,1,0.75,0.25,0.17513471841812134,0.8248652815818787,2.4038666864693163
52nn26__7ethag,52nn26,7ethag,True,,8,1,0,1.0,0.0,1.0,0.0,1.583
511guc__6odlud,511guc,6odlud,True,,3,6,1,0.6,0.4,0.34237731993198395,0.657622680068016,2.27799382091552
1uv0ef__97piov,1uv0ef,97piov,True,,3,3,0,1.0,0.0,1.0,0.0,1.583
2xu5hi__2oj1pl,2xu5hi,2oj1pl,True,,1,4,1,0.125,0.875,0.39304682115713757,0.6069531788428624,2.326671073721349
1b70yg__8p84hf,1b70yg,8p84hf,True,,4,4,2,0.4444444444444444,0.5555555555555556,0.4628651347011328,0.5371348652988672,2.1969080284803897
87o9y2__2knbol,87o9y2,2knbol,True,,6,3,0,1.0,0.0,1.0,0.0,1.583
34wws9__2pl8b3,34wws9,2pl8b3,True,,1,4,0,1.0,0.0,1.0,0.0,1.583
52rugj__4ndn66,52rugj,4ndn66,True,,3,8,0,1.0,0.0,1.0,0.0,1.583
3osn9p__7u87zl,3osn9p,7u87zl,True,,5,1,0,1.0,0.0,1.0,0.0,1.583
3i29rw__3g30dp,3i29rw,3g30dp,True,,2,3,0,1.0,0.0,1.0,0.0,1.583
34c4ui__379ayb,34c4ui,379ayb,True,,17,4,0,1.0,0.0,1.0,0.0,1.583
3id79o__6xopsc,3id79o,6xopsc,True,,5,3,0,1.0,0.0,1.0,0.0,1.583
4x5ukm__7dxj99,4x5ukm,7dxj99,True,,9,5,0,1.0,0.0,1.0,0.0,1.583
1s7tev__6dkblo,1s7tev,6dkblo,True,,4,5,0,1.0,0.0,1.0,0.0,1.583
31g1hz__9nqkkv,31g1hz,9nqkkv,True,,4,4,0,1.0,0.0,1.0,0.0,1.583
2u81uj__2bgsq0,2u81uj,2bgsq0,True,,3,5,0,1.0,0.0,1.0,0.0,1.583
8utfze__17e1mt,8utfze,17e1mt,True,,4,1,0,1.0,0.0,1.0,0.0,1.583
38hxgf__4hmegg,38hxgf,4hmegg,True,,6,7,3,0.17647058823529413,0.8235294117647058,0.4057161274620078,0.5942838725379922,2.304437002680878
8k0l33__3r06wf,8k0l33,3r06wf,True,,4,3,0,1.0,0.0,1.0,0.0,1.583
37azai__13r76u,37azai,13r76u,True,,2,2,0,1.0,0.0,1.0,0.0,1.583
1zehr2__5a1dot,1zehr2,5a1dot,True,,4,3,0,1.0,0.0,1.0,0.0,1.583
40hnd5__78xk0z,40hnd5,78xk0z,True,,4,8,1,0.8333333333333334,0.16666666666666663,0.31494319438934326,0.6850568056106567,2.2564578840931255
68fo8s__559e0e,68fo8s,559e0e,True,,2,3,0,1.0,0.0,1.0,0.0,1.583
9wp74i__5xedmi,9wp74i,5xedmi,True,,3,7,0,1.0,0.0,1.0,0.0,1.583
8ziaso__2uze33,8ziaso,2uze33,True,,3,5,0,1.0,0.0,1.0,0.0,1.583
6yvln9__38u6w3,6yvln9,38u6w3,True,,6,2,0,1.0,0.0,1.0,0.0,1.583
33fn3l__6q4spu,33fn3l,6q4spu,True,,4,4,0,1.0,0.0,1.0,0.0,1.583
3b2sl6__x3sjx,3b2sl6,x3sjx,True,,10,6,3,0.5263157894736842,0.4736842105263158,0.4276954897989829,0.5723045102010171,2.2132067610240984
8k7jda__79wfye,8k7jda,79wfye,True,,6,3,0,1.0,0.0,1.0,0.0,1.583
8k8qda__2cd206,8k8qda,2cd206,True,,8,4,1,0.3,0.7,0.4483873124117963,0.5516126875882037,2.239621088938623
3gj48p__4ytimz,3gj48p,4ytimz,True,,2,6,0,1.0,0.0,1.0,0.0,1.583
9eqmb2__3dcau9,9eqmb2,3dcau9,True,,3,3,0,1.0,0.0,1.0,0.0,1.583
3wfmio__14vqy8,3wfmio,14vqy8,True,,6,3,0,1.0,0.0,1.0,0.0,1.583
5v2ywe__wobgi,5v2ywe,wobgi,True,,3,3,0,1.0,0.0,1.0,0.0,1.583
3g6unq__29x4wh,3g6unq,29x4wh,True,,7,1,1,0.75,0.25,0.4628620967268944,0.5371379032731056,2.135158087866753
516vhm__985dy9,516vhm,985dy9,True,,1,1,0,1.0,0.0,1.0,0.0,1.583
1d6kre__2731ww,1d6kre,2731ww,True,,6,2,0,1.0,0.0,1.0,0.0,1.583
6u7p2g__38yusq,6u7p2g,38yusq,True,,2,4,0,1.0,0.0,1.0,0.0,1.583
31hj38__2mr1f4,31hj38,2mr1f4,True,,2,1,0,1.0,0.0,1.0,0.0,1.583
1ed10w__8dyvn4,1ed10w,8dyvn4,True,,4,1,0,1.0,0.0,1.0,0.0,1.583
51zpzl__8etx2t,51zpzl,8etx2t,True,,2,2,0,1.0,0.0,1.0,0.0,1.583
9ivavl__2pf8qp,9ivavl,2pf8qp,True,,4,2,0,1.0,0.0,1.0,0.0,1.583
8gbll8__3gsy9c,8gbll8,3gsy9c,True,,4,3,2,0.5,0.5,0.40612222999334335,0.5938777700066566,2.2386724494092167
5mo0yk__9ho75i,5mo0yk,9ho75i,True,,4,5,0,1.0,0.0,1.0,0.0,1.583
2rxfxj__3i7lfk,2rxfxj,3i7lfk,True,,2,5,0,1.0,0.0,1.0,0.0,1.583
32h1or__55lrlr,32h1or,55lrlr,True,,6,2,1,0.75,0.25,0.26757314801216125,0.7324268519878387,2.3175384370714425
38f74s__1x0qkn,38f74s,1x0qkn,True,,4,3,0,1.0,0.0,1.0,0.0,1.583
4s51kv__5u9lri,4s51kv,5u9lri,True,,7,5,0,1.0,0.0,1.0,0.0,1.583
3inp25__8m8vi8,3inp25,8m8vi8,True,,2,8,0,1.0,0.0,1.0,0.0,1.583
9ju3b4__4t9qo1,9ju3b4,4t9qo1,True,,7,7,0,1.0,0.0,1.0,0.0,1.583
62255r__7c3m44,62255r,7c3m44,True,,2,3,1,0.6,0.4,0.3897300437092781,0.6102699562907219,2.2337711121799053
9ghml2__8sd0nv,9ghml2,8sd0nv,True,,6,11,0,1.0,0.0,1.0,0.0,1.583
3p6rv0__y66ia,3p6rv0,y66ia,True,,4,7,1,0.8181818181818182,0.18181818181818177,0.38366543501615524,0.6163345649838448,2.1953403047838673
fsxwy__183lul,fsxwy,183lul,True,,1,7,0,1.0,0.0,1.0,0.0,1.583
8l1i8d__9eqmi2,8l1i8d,9eqmi2,True,,2,10,0,1.0,0.0,1.0,0.0,1.583
91wjn1__7y4h0z,91wjn1,7y4h0z,True,,2,8,0,1.0,0.0,1.0,0.0,1.583
39igrl__1gkfeu,39igrl,1gkfeu,True,,5,1,0,1.0,0.0,1.0,0.0,1.583
30cp1d__6vsic0,30cp1d,6vsic0,True,,2,4,0,1.0,0.0,1.0,0.0,1.583
27x4li__6tdeqn,27x4li,6tdeqn,True,,3,4,0,1.0,0.0,1.0,0.0,1.583
39avfd__3qlesh,39avfd,3qlesh,True,,1,2,0,1.0,0.0,1.0,0.0,1.583
26d3dg__9sspe9,26d3dg,9sspe9,True,,3,1,0,1.0,0.0,1.0,0.0,1.583
345mm3__9z106r,345mm3,9z106r,True,,3,9,1,0.8333333333333334,0.16666666666666663,0.20801782608032227,0.7919821739196777,2.3563154855569204
1xnz0b__91b79x,1xnz0b,91b79x,True,,2,4,0,1.0,0.0,1.0,0.0,1.583
50rq03__79hx3x,50rq03,79hx3x,True,,3,2,0,1.0,0.0,1.0,0.0,1.583
2l1o25__62ih01,2l1o25,62ih01,True,,3,6,0,1.0,0.0,1.0,0.0,1.583
38qhmf__9qwd3a,38qhmf,9qwd3a,True,,1,2,0,1.0,0.0,1.0,0.0,1.583
2ukxv9__3kwmv7,2ukxv9,3kwmv7,True,,5,6,0,1.0,0.0,1.0,0.0,1.583
9omjb6__1nu0wm,9omjb6,1nu0wm,True,,5,5,0,1.0,0.0,1.0,0.0,1.583
8as9tq__3rkzqq,8as9tq,3rkzqq,True,,4,3,0,1.0,0.0,1.0,0.0,1.583
2g0m7t__4erpob,2g0m7t,4erpob,True,,5,3,0,1.0,0.0,1.0,0.0,1.583
9m51nb__8m33i9,9m51nb,8m33i9,True,,5,4,0,1.0,0.0,1.0,0.0,1.583
8apt58__9m7urf,8apt58,9m7urf,True,,4,2,0,1.0,0.0,1.0,0.0,1.583
3g30dp__7rdzr3,3g30dp,7rdzr3,True,,3,5,0,1.0,0.0,1.0,0.0,1.583
9jtqih__277oip,9jtqih,277oip,True,,5,4,0,1.0,0.0,1.0,0.0,1.583
3artba__77xbtv,3artba,77xbtv,True,,6,2,1,0.5555555555555556,0.4444444444444444,0.4116072542965412,0.5883927457034588,2.2223222074346825
6wuy20__4ztj5x,6wuy20,4ztj5x,True,,1,2,1,0.3333333333333333,0.6666666666666667,0.4882476832717657,0.5117523167282343,2.1956588219258313
2asb26__2rxw48,2asb26,2rxw48,True,,7,4,0,1.0,0.0,1.0,0.0,1.583
6zlpc7__5b4psp,6zlpc7,5b4psp,True,,5,6,0,1.0,0.0,1.0,0.0,1.583
2i21zx__3mbwxj,2i21zx,3mbwxj,True,,3,4,0,1.0,0.0,1.0,0.0,1.583
8j5a3t__8dyvn4,8j5a3t,8dyvn4,True,,2,1,0,1.0,0.0,1.0,0.0,1.583
3oldln__7ckoau,3oldln,7ckoau,True,,5,3,0,1.0,0.0,1.0,0.0,1.583
3hmcjm__45b53i,3hmcjm,45b53i,True,,7,9,6,0.07692307692307693,0.9230769230769231,0.4213358561197917,0.5786641438802083,2.3099682901235727
74e9b9__2gbobw,74e9b9,2gbobw,True,,4,2,1,0.6666666666666666,0.33333333333333337,0.25800950825214386,0.7419904917478561,2.3433115869099894
9w74lu__3z9pkc,9w74lu,3z9pkc,True,,9,6,0,1.0,0.0,1.0,0.0,1.583
8iu83c__6gdbpa,8iu83c,6gdbpa,True,,2,4,0,1.0,0.0,1.0,0.0,1.583
5d3kuk__3bw6x5,5d3kuk,3bw6x5,True,,6,4,0,1.0,0.0,1.0,0.0,1.583
28r9cz__8teowp,28r9cz,8teowp,True,,7,4,0,1.0,0.0,1.0,0.0,1.583
8jbl0z__9dagj7,8jbl0z,9dagj7,True,,6,1,0,1.0,0.0,1.0,0.0,1.583
6us7ot__1rmj88,6us7ot,1rmj88,True,,3,5,1,0.5555555555555556,0.4444444444444444,0.3701019063591957,0.6298980936408043,2.2610840518733695
1ma3ut__9wlupg,1ma3ut,9wlupg,True,,1,8,0,1.0,0.0,1.0,0.0,1.583
1wfoiq__5gg6at,1wfoiq,5gg6at,True,,6,7,0,1.0,0.0,1.0,0.0,1.583
284zmy__3cwngj,284zmy,3cwngj,True,,3,2,2,0.16666666666666666,0.8333333333333334,0.42387069948017597,0.576129300519824,2.2894638204221303
2bzjj0__6c6ezm,2bzjj0,6c6ezm,True,,2,1,1,0.3333333333333333,0.6666666666666667,0.39616120606660843,0.6038387939333916,2.281658382987728
1bsp9t__57uc94,1bsp9t,57uc94,True,,1,3,0,1.0,0.0,1.0,0.0,1.583
4jtks9__3a5tg4,4jtks9,3a5tg4,True,,2,3,2,0.16666666666666666,0.8333333333333334,0.3750936724245548,0.6249063275754452,2.335016685989375
5jpjah__4lr83x,5jpjah,4lr83x,True,,5,4,0,1.0,0.0,1.0,0.0,1.583
9i3wci__3dl9eg,9i3wci,3dl9eg,True,,3,6,0,1.0,0.0,1.0,0.0,1.583
1ytrna__9p59sp,1ytrna,9p59sp,True,,3,7,0,1.0,0.0,1.0,0.0,1.583
9tshxn__5vujh8,9tshxn,5vujh8,True,,5,3,0,1.0,0.0,1.0,0.0,1.583
3tl912__64gaap,3tl912,64gaap,True,,3,5,2,0.21428571428571427,0.7857142857142857,0.49875678203534335,0.5012432179646567,2.20990389840005
876ph5__8kolmj,876ph5,8kolmj,True,,6,6,4,0.2222222222222222,0.7777777777777778,0.3609541915357113,0.6390458084642887,2.336993769413688
3t7llk__5m49bb,3t7llk,5m49bb,True,,2,8,0,1.0,0.0,1.0,0.0,1.583
2dzd2a__7d2o7b,2dzd2a,7d2o7b,True,,2,2,0,1.0,0.0,1.0,0.0,1.583
9d32zq__28g0dn,9d32zq,28g0dn,True,,1,2,0,1.0,0.0,1.0,0.0,1.583
6odlud__9w5a2x,6odlud,9w5a2x,True,,6,4,0,1.0,0.0,1.0,0.0,1.583
3pmxtj__8iuy3n,3pmxtj,8iuy3n,True,,1,2,0,1.0,0.0,1.0,0.0,1.583
115ils__2jwrj2,115ils,2jwrj2,True,,5,3,1,0.75,0.25,0.36108820140361786,0.6389117985963821,2.230204728709161
38hmg6__4xok2s,38hmg6,4xok2s,True,,4,6,0,1.0,0.0,1.0,0.0,1.583
28bprc__74152u,28bprc,74152u,True,,8,1,0,1.0,0.0,1.0,0.0,1.583
8kep9i__68cqor,8kep9i,68cqor,True,,3,4,0,1.0,0.0,1.0,0.0,1.583
2zk7f1__6htdd2,2zk7f1,6htdd2,True,,5,2,0,1.0,0.0,1.0,0.0,1.583
3d7len__6y4e12,3d7len,6y4e12,True,,1,4,0,1.0,0.0,1.0,0.0,1.583
3pf187__7qh0z2,3pf187,7qh0z2,True,,9,12,0,1.0,0.0,1.0,0.0,1.583
3hs8us__3rl2i6,3hs8us,3rl2i6,True,,9,4,0,1.0,0.0,1.0,0.0,1.583
49r6s8__9emt5s,49r6s8,9emt5s,True,,5,4,0,1.0,0.0,1.0,0.0,1.583
6o0mcs__2bwsok,6o0mcs,2bwsok,True,,1,1,0,1.0,0.0,1.0,0.0,1.583
3e10wt__3vuaej,3e10wt,3vuaej,True,,2,6,0,1.0,0.0,1.0,0.0,1.583
3imy1i__2hawms,3imy1i,2hawms,True,,4,7,1,0.8181818181818182,0.18181818181818177,0.2977384179830551,0.7022615820169449,2.2755875459910793
1zbl62__1hko3z,1zbl62,1hko3z,True,,4,7,3,0.4117647058823529,0.5882352941176471,0.45548696885816753,0.5445130311418325,2.210403072724534
3wcgev__3jo8p6,3wcgev,3jo8p6,True,,1,5,1,0.6666666666666666,0.33333333333333337,0.40983279049396515,0.5901672095060349,2.2015238236243526
8yozze__6y4e12,8yozze,6y4e12,True,,1,4,0,1.0,0.0,1.0,0.0,1.583
53n9yi__3a04v8,53n9yi,3a04v8,True,,1,4,0,1.0,0.0,1.0,0.0,1.583
2cakyr__6htzd6,2cakyr,6htzd6,True,,6,5,0,1.0,0.0,1.0,0.0,1.583
1zkowq__3x9m3h,1zkowq,3x9m3h,True,,2,2,0,1.0,0.0,1.0,0.0,1.583
2uptpp__9ju8xc,2uptpp,9ju8xc,True,,3,5,1,0.75,0.25,0.46965159848332405,0.530348401516676,2.1288173721764236
3073nu__7i1e8q,3073nu,7i1e8q,True,,3,6,0,1.0,0.0,1.0,0.0,1.583
670wba__36j2t8,670wba,36j2t8,True,,1,5,0,1.0,0.0,1.0,0.0,1.583
9ssesy__8efhoc,9ssesy,8efhoc,True,,2,7,0,1.0,0.0,1.0,0.0,1.583
6ecnn0__9brka1,6ecnn0,9brka1,True,,2,3,0,1.0,0.0,1.0,0.0,1.583
3am0dm__8y7scs,3am0dm,8y7scs,True,,3,6,3,0.25,0.75,0.3875497331221898,0.6124502668778102,2.306542304237187
2y1h4i__26mg30,2y1h4i,26mg30,True,,3,3,0,1.0,0.0,1.0,0.0,1.583
5eiuxs__3k95vb,5eiuxs,3k95vb,True,,11,10,0,1.0,0.0,1.0,0.0,1.583
2fmu4p__3mfxsi,2fmu4p,3mfxsi,True,,8,2,0,1.0,0.0,1.0,0.0,1.583
6utdob__765mo4,6utdob,765mo4,True,,3,1,0,1.0,0.0,1.0,0.0,1.583
1hq3d1__9alwa4,1hq3d1,9alwa4,True,,4,4,4,0.07142857142857142,0.9285714285714286,0.46006030309945345,0.5399396969005466,2.274913968649706
13hy58__2byq9o,13hy58,2byq9o,True,,4,1,0,1.0,0.0,1.0,0.0,1.583
3bn3bu__3smld1,3bn3bu,3smld1,True,,4,2,0,1.0,0.0,1.0,0.0,1.583
6e85wh__9bk2ka,6e85wh,9bk2ka,True,,1,3,0,1.0,0.0,1.0,0.0,1.583
2nj70o__1y3ej4,2nj70o,1y3ej4,True,,2,2,0,1.0,0.0,1.0,0.0,1.583
35k6uk__9xpnk3,35k6uk,9xpnk3,True,,3,2,0,1.0,0.0,1.0,0.0,1.583
fvisl__71vjhq,fvisl,71vjhq,True,,2,5,0,1.0,0.0,1.0,0.0,1.583
8w8rpi__26rfqn,8w8rpi,26rfqn,True,,4,2,0,1.0,0.0,1.0,0.0,1.583
638zpo__840bt0,638zpo,840bt0,True,,2,8,0,1.0,0.0,1.0,0.0,1.583
5x1zch__8d6bhz,5x1zch,8d6bhz,True,,3,8,0,1.0,0.0,1.0,0.0,1.583
7ll1rl__9m0o32,7ll1rl,9m0o32,True,,8,6,0,1.0,0.0,1.0,0.0,1.583
971u5n__9k4tt0,971u5n,9k4tt0,True,,1,3,0,1.0,0.0,1.0,0.0,1.583
9bp0ht__36vk3y,9bp0ht,36vk3y,True,,5,6,0,1.0,0.0,1.0,0.0,1.583
1aw3go__2jkndb,1aw3go,2jkndb,True,,3,4,0,1.0,0.0,1.0,0.0,1.583
8u4i6w__3bhnrz,8u4i6w,3bhnrz,True,,2,5,0,1.0,0.0,1.0,0.0,1.583
7c346z__773ra5,7c346z,773ra5,True,,11,2,0,1.0,0.0,1.0,0.0,1.583
3g0x4j__2j4thz,3g0x4j,2j4thz,True,,11,3,0,1.0,0.0,1.0,0.0,1.583
1owz1v__4i5p4t,1owz1v,4i5p4t,True,,2,3,1,0.6,0.4,0.2284756302833557,0.7715243697166443,2.384366608878374
2kj45k__97ug48,2kj45k,97ug48,True,,7,1,1,0.75,0.25,0.4150133579969406,0.5849866420030594,2.1798440249666573
8x69qf__76zgzm,8x69qf,76zgzm,True,,5,1,0,1.0,0.0,1.0,0.0,1.583
219x87__98de09,219x87,98de09,True,,1,2,0,1.0,0.0,1.0,0.0,1.583
3pr4xd__2ncybk,3pr4xd,2ncybk,True,,4,2,0,1.0,0.0,1.0,0.0,1.583
9eqmb2__4brvbf,9eqmb2,4brvbf,True,,3,3,0,1.0,0.0,1.0,0.0,1.583
1b2sre__9snkcp,1b2sre,9snkcp,True,,5,3,0,1.0,0.0,1.0,0.0,1.583
3r7jlv__90jvvf,3r7jlv,90jvvf,True,,5,9,1,0.8571428571428571,0.1428571428571429,0.3520848751068115,0.6479151248931885,2.2169593637091776
9a4bdb__75nej4,9a4bdb,75nej4,True,,1,4,0,1.0,0.0,1.0,0.0,1.583
5hrwqf__2kjkyk,5hrwqf,2kjkyk,True,,1,2,0,1.0,0.0,1.0,0.0,1.583
9y3tzs__9eht55,9y3tzs,9eht55,True,,1,1,0,1.0,0.0,1.0,0.0,1.583
2kwnm9__3nri4x,2kwnm9,3nri4x,True,,5,7,0,1.0,0.0,1.0,0.0,1.583
4pitik__3hrall,4pitik,3hrall,True,,2,4,0,1.0,0.0,1.0,0.0,1.583
73gdc5__55bnzg,73gdc5,55bnzg,True,,8,7,0,1.0,0.0,1.0,0.0,1.583
igreq__78t55f,igreq,78t55f,True,,5,2,0,1.0,0.0,1.0,0.0,1.583
3vfmrb__25o4ua,3vfmrb,25o4ua,True,,1,2,0,1.0,0.0,1.0,0.0,1.583
338ib0__2o8h4y,338ib0,2o8h4y,True,,2,1,0,1.0,0.0,1.0,0.0,1.583
3b052s__74sv25,3b052s,74sv25,True,,1,1,0,1.0,0.0,1.0,0.0,1.583
9jhh2j__68lfvt,9jhh2j,68lfvt,True,,7,6,0,1.0,0.0,1.0,0.0,1.583
1wy0v3__1mfjjc,1wy0v3,1mfjjc,True,,2,7,0,1.0,0.0,1.0,0.0,1.583
6p0cpn__7fvkzr,6p0cpn,7fvkzr,True,,7,3,1,0.8,0.19999999999999996,0.2970806062221527,0.7029193937778473,2.2798764218491314
6y2fr3__8vlb46,6y2fr3,8vlb46,True,,1,2,0,1.0,0.0,1.0,0.0,1.583
3nvvro__8acjdb,3nvvro,8acjdb,True,,5,4,3,0.25,0.75,0.4140447999040286,0.5859552000959714,2.2817985613696274
8st78y__z8cpu,8st78y,z8cpu,True,,5,5,0,1.0,0.0,1.0,0.0,1.583
2gw1y6__3rbvjp,2gw1y6,3rbvjp,True,,3,11,0,1.0,0.0,1.0,0.0,1.583
4qd7jo__4rox3w,4qd7jo,4rox3w,True,,6,3,0,1.0,0.0,1.0,0.0,1.583
j7dlj__5iys4x,j7dlj,5iys4x,True,,3,4,0,1.0,0.0,1.0,0.0,1.583
6n0rbu__9ujnih,6n0rbu,9ujnih,True,,3,3,0,1.0,0.0,1.0,0.0,1.583
imp3o__5xz5iw,imp3o,5xz5iw,True,,8,2,1,0.8,0.19999999999999996,0.3590124845504761,0.6409875154495239,2.22203824067831
332nmp__4svmd4,332nmp,4svmd4,True,,7,2,0,1.0,0.0,1.0,0.0,1.583
33fn3l__3g1ymi,33fn3l,3g1ymi,True,,4,8,3,0.4666666666666667,0.5333333333333333,0.15014919638633728,0.8498508036136627,2.484462332161466
4vwu63__1nqz8a,4vwu63,1nqz8a,True,,6,3,0,1.0,0.0,1.0,0.0,1.583
36cg87__5im7lt,36cg87,5im7lt,True,,7,5,0,1.0,0.0,1.0,0.0,1.583
5mm62k__440tqt,5mm62k,440tqt,True,,3,4,0,1.0,0.0,1.0,0.0,1.583
95evhf__27lcsm,95evhf,27lcsm,True,,1,3,0,1.0,0.0,1.0,0.0,1.583
58k27n__9uf5b7,58k27n,9uf5b7,True,,1,3,0,1.0,0.0,1.0,0.0,1.583
2eybjl__2o4ixm,2eybjl,2o4ixm,True,,5,2,0,1.0,0.0,1.0,0.0,1.583
3c226y__6obmtx,3c226y,6obmtx,True,,1,4,0,1.0,0.0,1.0,0.0,1.583
9w5a2x__85yn4f,9w5a2x,85yn4f,True,,4,3,1,0.7142857142857143,0.2857142857142857,0.3239477127790451,0.6760522872209549,2.272108088178507
3njgyc__7gfhok,3njgyc,7gfhok,True,,3,3,0,1.0,0.0,1.0,0.0,1.583
38uuwt__92a1xb,38uuwt,92a1xb,True,,5,2,0,1.0,0.0,1.0,0.0,1.583
57brla__8s3i68,57brla,8s3i68,True,,2,5,0,1.0,0.0,1.0,0.0,1.583
2aotk2__3w1et7,2aotk2,3w1et7,True,,1,7,0,1.0,0.0,1.0,0.0,1.583
21a18i__9u05ab,21a18i,9u05ab,True,,6,3,0,1.0,0.0,1.0,0.0,1.583
94p66l__76zgzm,94p66l,76zgzm,True,,2,1,0,1.0,0.0,1.0,0.0,1.583
byqmn__37efaf,byqmn,37efaf,True,,4,1,1,0.6,0.4,0.3303730934858322,0.6696269065141678,2.2892045679935813
3jd1et__7e9was,3jd1et,7e9was,True,,6,2,0,1.0,0.0,1.0,0.0,1.583
925ojp__uofg9,925ojp,uofg9,True,,5,2,0,1.0,0.0,1.0,0.0,1.583
971u5n__2kbhyx,971u5n,2kbhyx,True,,1,4,0,1.0,0.0,1.0,0.0,1.583
92xhn1__356fbx,92xhn1,356fbx,True,,8,2,0,1.0,0.0,1.0,0.0,1.583
77tsog__4gh4ay,77tsog,4gh4ay,True,,6,3,1,0.7777777777777778,0.2222222222222222,0.3969581723213196,0.6030418276786804,2.1910918739802305
10s6c3__537hkt,10s6c3,537hkt,True,,3,4,0,1.0,0.0,1.0,0.0,1.583
1fxrfr__4m2nms,1fxrfr,4m2nms,True,,7,2,0,1.0,0.0,1.0,0.0,1.583
9x00c3__2x8bis,9x00c3,2x8bis,True,,9,4,2,0.6428571428571429,0.3571428571428571,0.43770332261919975,0.5622966773808002,2.1803074384345007
2ujxhs__1xo5yr,2ujxhs,1xo5yr,True,,3,2,0,1.0,0.0,1.0,0.0,1.583
3cnoot__9ddaj6,3cnoot,9ddaj6,True,,2,5,0,1.0,0.0,1.0,0.0,1.583
2dr40t__2rovif,2dr40t,2rovif,True,,6,6,0,1.0,0.0,1.0,0.0,1.583
1q3p9l__3njgyc,1q3p9l,3njgyc,True,,16,3,0,1.0,0.0,1.0,0.0,1.583
37efaf__g4fmf,37efaf,g4fmf,True,,1,9,0,1.0,0.0,1.0,0.0,1.583
3tqjke__9jaj4v,3tqjke,9jaj4v,True,,4,3,0,1.0,0.0,1.0,0.0,1.583
8jvi0x__8eqh4f,8jvi0x,8eqh4f,True,,9,2,1,0.8181818181818182,0.18181818181818177,0.30042730271816254,0.6995726972818375,2.2730763965369625
90vyrb__87yzva,90vyrb,87yzva,True,,2,3,0,1.0,0.0,1.0,0.0,1.583
2axof5__7upuj6,2axof5,7upuj6,True,,3,2,1,0.3333333333333333,0.6666666666666667,0.4889329883735627,0.5110670116264373,2.195018815491263
2b0lzk__5ugw10,2b0lzk,5ugw10,True,,5,1,1,0.0,1.0,0.46669470686465503,0.533305293135345,2.2831538132590987
6z00mf__7c9bgh,6z00mf,7c9bgh,True,,1,2,0,1.0,0.0,1.0,0.0,1.583
3xg5jn__qtrgs,3xg5jn,qtrgs,True,,4,1,0,1.0,0.0,1.0,0.0,1.583
byqn5__7dif2o,byqn5,7dif2o,True,,2,3,0,1.0,0.0,1.0,0.0,1.583
3cdwnl__6e5vyj,3cdwnl,6e5vyj,True,,4,10,1,0.8571428571428571,0.1428571428571429,0.4372119978070259,0.5627880021929741,2.1374591438194472
3agp1d__2xggse,3agp1d,2xggse,True,,1,3,0,1.0,0.0,1.0,0.0,1.583
5gglcv__2g8r6r,5gglcv,2g8r6r,True,,7,6,0,1.0,0.0,1.0,0.0,1.583
9rywki__9h992r,9rywki,9h992r,True,,2,3,0,1.0,0.0,1.0,0.0,1.583
9re3el__9n4flm,9re3el,9n4flm,True,,6,3,1,0.7777777777777778,0.2222222222222222,0.28036515414714813,0.7196348458528519,2.299978093653089
60a7j6__6prosu,60a7j6,6prosu,True,,1,6,0,1.0,0.0,1.0,0.0,1.583
42mexm__47unc9,42mexm,47unc9,True,,9,5,0,1.0,0.0,1.0,0.0,1.583
9awkbc__73qhpq,9awkbc,73qhpq,True,,10,4,0,1.0,0.0,1.0,0.0,1.583
2gmat6__7bscg4,2gmat6,7bscg4,True,,5,1,0,1.0,0.0,1.0,0.0,1.583
38f74s__7oye5a,38f74s,7oye5a,True,,4,5,0,1.0,0.0,1.0,0.0,1.583
8snd5b__3on87u,8snd5b,3on87u,True,,7,2,0,1.0,0.0,1.0,0.0,1.583
1sejfc__8ml0wk,1sejfc,8ml0wk,True,,3,8,0,1.0,0.0,1.0,0.0,1.583
9wvkzr__3m49uf,9wvkzr,3m49uf,True,,4,5,0,1.0,0.0,1.0,0.0,1.583
8ic75t__6zlpc7,8ic75t,6zlpc7,True,,2,5,0,1.0,0.0,1.0,0.0,1.583
3lclh1__3psmzd,3lclh1,3psmzd,True,,7,8,1,0.8666666666666667,0.1333333333333333,0.36754606664180756,0.6324539333581924,2.2005953950298824
4jd9g4__74jtj9,4jd9g4,74jtj9,True,,5,2,0,1.0,0.0,1.0,0.0,1.583
3i44nc__10837z,3i44nc,10837z,True,,2,4,0,1.0,0.0,1.0,0.0,1.583
8lfjzs__74ae04,8lfjzs,74ae04,True,,4,5,2,0.3333333333333333,0.6666666666666667,0.32542868951956433,0.6745713104804356,2.3477154801910123
52p5gp__6w8erv,52p5gp,6w8erv,True,,2,6,1,0.1111111111111111,0.8888888888888888,0.4328338444232941,0.5671661555767059,2.29232091713753
2p8ow8__3hrall,2p8ow8,3hrall,True,,3,4,0,1.0,0.0,1.0,0.0,1.583
3lx5wf__1763d7,3lx5wf,1763d7,True,,7,5,1,0.8333333333333334,0.16666666666666663,0.42581265419721603,0.574187345802784,2.152916895578553
31hhkk__2s2epk,31hhkk,2s2epk,True,,3,1,0,1.0,0.0,1.0,0.0,1.583
11tfgf__3ixljh,11tfgf,3ixljh,True,,7,3,1,0.8,0.19999999999999996,0.2998225688934326,0.7001774311065674,2.277315702910423
1j5cm8__6tp6ua,1j5cm8,6tp6ua,True,,4,1,0,1.0,0.0,1.0,0.0,1.583
3q02n1__11rm5n,3q02n1,11rm5n,True,,2,4,0,1.0,0.0,1.0,0.0,1.583
5jpjah__1v0jia,5jpjah,1v0jia,True,,5,4,0,1.0,0.0,1.0,0.0,1.583
1hge1j__3gazqc,1hge1j,3gazqc,True,,2,7,0,1.0,0.0,1.0,0.0,1.583
1lr6sq__2hl1ej,1lr6sq,2hl1ej,True,,3,9,1,0.8333333333333334,0.16666666666666663,0.26569825410842896,0.734301745891571,2.3024477338214715
2duvr1__771ri3,2duvr1,771ri3,True,,2,1,0,1.0,0.0,1.0,0.0,1.583
2xtzhc__6y41xv,2xtzhc,6y41xv,True,,7,1,0,1.0,0.0,1.0,0.0,1.583
907z9o__6f89rn,907z9o,6f89rn,True,,1,5,1,0.6666666666666666,0.33333333333333337,0.4436386972665787,0.5563613027334213,2.1699524872894087
6gx1bv__2v6gg5,6gx1bv,2v6gg5,True,,6,4,0,1.0,0.0,1.0,0.0,1.583
2bkghf__920yz5,2bkghf,920yz5,True,,5,3,0,1.0,0.0,1.0,0.0,1.583
2yhr33__30k5j9,2yhr33,30k5j9,True,,3,4,0,1.0,0.0,1.0,0.0,1.583
5m4jaf__5dwmsa,5m4jaf,5dwmsa,True,,5,4,0,1.0,0.0,1.0,0.0,1.583
3n5rqx__2gpzf6,3n5rqx,2gpzf6,True,,2,8,0,1.0,0.0,1.0,0.0,1.583
2bzjj0__3qeda5,2bzjj0,3qeda5,True,,2,5,1,0.7142857142857143,0.2857142857142857,0.4112045615911484,0.5887954384088516,2.1906189170728836
3g9i51__5ih13m,3g9i51,5ih13m,True,,2,6,1,0.75,0.25,0.45165663585066795,0.548343364149332,2.145622867779061
3ibtfh__2lefa1,3ibtfh,2lefa1,True,,2,1,0,1.0,0.0,1.0,0.0,1.583
5ny7id__9l312u,5ny7id,9l312u,True,,7,4,0,1.0,0.0,1.0,0.0,1.583
27me76__1j34yy,27me76,1j34yy,True,,2,4,0,1.0,0.0,1.0,0.0,1.583
8futcs__3t6iwz,8futcs,3t6iwz,True,,2,6,0,1.0,0.0,1.0,0.0,1.583
3nqef1__2zwvla,3nqef1,2zwvla,True,,1,7,0,1.0,0.0,1.0,0.0,1.583
2y8j35__9498tg,2y8j35,9498tg,True,,6,1,0,1.0,0.0,1.0,0.0,1.583
533mj5__8g4dos,533mj5,8g4dos,True,,2,3,1,0.6,0.4,0.451737679541111,0.548262320458889,2.1758621810765564
3h5f1i__96ktcb,3h5f1i,96ktcb,True,,9,1,0,1.0,0.0,1.0,0.0,1.583
9ppy1l__757k3y,9ppy1l,757k3y,True,,9,2,0,1.0,0.0,1.0,0.0,1.583
9f3zws__1j34yy,9f3zws,1j34yy,True,,5,4,0,1.0,0.0,1.0,0.0,1.583
945did__3mggzs,945did,3mggzs,True,,2,8,0,1.0,0.0,1.0,0.0,1.583
4uc1is__2jx9e6,4uc1is,2jx9e6,True,,6,2,0,1.0,0.0,1.0,0.0,1.583
39x6je__6yrft1,39x6je,6yrft1,True,,4,4,0,1.0,0.0,1.0,0.0,1.583
33z83p__37wnh8,33z83p,37wnh8,True,,4,3,2,0.5,0.5,0.4064697362482548,0.5935302637517452,2.238347913317755
1t4369__98qj16,1t4369,98qj16,True,,5,6,1,0.8181818181818182,0.18181818181818177,0.45265860855579376,0.5473413914442062,2.1309075800151986
2l4r9w__9j9c41,2l4r9w,9j9c41,True,,4,4,0,1.0,0.0,1.0,0.0,1.583
3zv8bb__8pbvcd,3zv8bb,8pbvcd,True,,3,7,1,0.6363636363636364,0.36363636363636365,0.43873082660138607,0.5612691733986139,2.1806601901278744
9ju3b4__5rd22q,9ju3b4,5rd22q,True,,7,6,5,0.14285714285714285,0.8571428571428572,0.4591841156092974,0.5408158843907026,2.2612965258610487
9wp0y3__6c6ezm,9wp0y3,6c6ezm,True,,3,1,0,1.0,0.0,1.0,0.0,1.583
8oh15i__4t71pc,8oh15i,4t71pc,True,,2,3,0,1.0,0.0,1.0,0.0,1.583
2rxw48__508shp,2rxw48,508shp,True,,4,2,0,1.0,0.0,1.0,0.0,1.583
8mb8yr__3hqoib,8mb8yr,3hqoib,True,,4,1,0,1.0,0.0,1.0,0.0,1.583
85vkck__5jdct9,85vkck,5jdct9,True,,7,2,0,1.0,0.0,1.0,0.0,1.583
2fzqrh__3w1w2t,2fzqrh,3w1w2t,True,,5,4,3,0.25,0.75,0.4420849137629072,0.5579150862370927,2.255611899036821
2ikfbf__5mezjy,2ikfbf,5mezjy,True,,1,5,0,1.0,0.0,1.0,0.0,1.583
3klo2f__v0ppf,3klo2f,v0ppf,True,,3,2,0,1.0,0.0,1.0,0.0,1.583
3loeox__3b21ny,3loeox,3b21ny,True,,3,7,0,1.0,0.0,1.0,0.0,1.583
33a0aq__4zvv52,33a0aq,4zvv52,True,,4,7,0,1.0,0.0,1.0,0.0,1.583
2y3dbn__87bifs,2y3dbn,87bifs,True,,3,4,0,1.0,0.0,1.0,0.0,1.583
5ifsdg__7bmle4,5ifsdg,7bmle4,True,,1,7,0,1.0,0.0,1.0,0.0,1.583
8c2p3v__1u6xsf,8c2p3v,1u6xsf,True,,2,6,0,1.0,0.0,1.0,0.0,1.583
33022r__7ato3h,33022r,7ato3h,True,,6,4,0,1.0,0.0,1.0,0.0,1.583
5b7quz__15af5t,5b7quz,15af5t,True,,2,2,0,1.0,0.0,1.0,0.0,1.583
37hxi1__6f0opd,37hxi1,6f0opd,True,,5,2,0,1.0,0.0,1.0,0.0,1.583
90a5fa__1z5coh,90a5fa,1z5coh,True,,9,2,2,0.0,1.0,0.4036643122219377,0.5963356877780623,2.342017898815932
35ms7h__6t3wc7,35ms7h,6t3wc7,True,,1,3,0,1.0,0.0,1.0,0.0,1.583
3n9ewr__8oo1h0,3n9ewr,8oo1h0,True,,3,8,1,0.8181818181818182,0.18181818181818177,0.32818426191806793,0.6718157380819321,2.2471541723401707
9cnu2b__1ztdfp,9cnu2b,1ztdfp,True,,4,3,0,1.0,0.0,1.0,0.0,1.583
9p4ej5__2hc1r1,9p4ej5,2hc1r1,True,,3,1,0,1.0,0.0,1.0,0.0,1.583
6vuzas__3a0e8u,6vuzas,3a0e8u,True,,1,1,0,1.0,0.0,1.0,0.0,1.583
4uk34v__65v9ky,4uk34v,65v9ky,True,,9,8,0,1.0,0.0,1.0,0.0,1.583
3bf5cv__2s5si3,3bf5cv,2s5si3,True,,4,5,3,0.25,0.75,0.40461068352063495,0.5953893164793651,2.290609082660079
90pnie__9cfpsv,90pnie,9cfpsv,True,,5,2,0,1.0,0.0,1.0,0.0,1.583
1gjxbt__3uyvwl,1gjxbt,3uyvwl,True,,2,3,0,1.0,0.0,1.0,0.0,1.583
7000m2__9ghml2,7000m2,9ghml2,True,,2,6,0,1.0,0.0,1.0,0.0,1.583
44gzyk__3fmodw,44gzyk,3fmodw,True,,1,2,0,1.0,0.0,1.0,0.0,1.583
3artba__9ul4qj,3artba,9ul4qj,True,,6,5,0,1.0,0.0,1.0,0.0,1.583
1tl13z__4mlzg4,1tl13z,4mlzg4,True,,4,5,0,1.0,0.0,1.0,0.0,1.583
9snvt4__3qtldv,9snvt4,3qtldv,True,,5,4,3,0.4166666666666667,0.5833333333333333,0.4514705886443456,0.5485294113556545,2.2131632839317126
6dn91q__5m49bb,6dn91q,5m49bb,True,,4,8,0,1.0,0.0,1.0,0.0,1.583
62255r__9usx9z,62255r,9usx9z,True,,2,9,0,1.0,0.0,1.0,0.0,1.583
323e9a__9964bf,323e9a,9964bf,True,,1,4,0,1.0,0.0,1.0,0.0,1.583
36cg87__73b7z4,36cg87,73b7z4,True,,7,8,6,0.11627906976744186,0.8837209302325582,0.4068502539303154,0.5931497460696846,2.3155425478544784
19bxe8__2zjyg6,19bxe8,2zjyg6,True,,3,4,0,1.0,0.0,1.0,0.0,1.583
6tjt25__3n13b6,6tjt25,3n13b6,True,,12,7,3,0.2978723404255319,0.7021276595744681,0.42309938836842775,0.5769006116315722,2.263667481202725
3gfgx8__2youtl,3gfgx8,2youtl,True,,3,3,2,0.42857142857142855,0.5714285714285714,0.40556990168988705,0.594430098310113,2.253623983097529
7qbdep__99pgfk,7qbdep,99pgfk,True,,6,4,2,0.5454545454545454,0.4545454545454546,0.3698819503188133,0.6301180496811867,2.2633308829608962
3eilx2__91wjn1,3eilx2,91wjn1,True,,3,2,0,1.0,0.0,1.0,0.0,1.583
17q0r0__32qx6h,17q0r0,32qx6h,True,,2,4,1,0.6666666666666666,0.33333333333333337,0.36132240295410156,0.6386775970458984,2.246827674547831
8ks2d1__6jolt7,8ks2d1,6jolt7,True,,4,5,0,1.0,0.0,1.0,0.0,1.583
37rx55__900dqs,37rx55,900dqs,True,,4,6,2,0.25,0.75,0.45243209018372,0.54756790981628,2.245948670977424
356fbx__92gnv3,356fbx,92gnv3,True,,2,6,0,1.0,0.0,1.0,0.0,1.583
9s891j__6g4632,9s891j,6g4632,True,,3,1,0,1.0,0.0,1.0,0.0,1.583
9p2hsi__6ydv0j,9p2hsi,6ydv0j,True,,2,2,0,1.0,0.0,1.0,0.0,1.583
2brpdv__8kolmj,2brpdv,8kolmj,True,,3,6,0,1.0,0.0,1.0,0.0,1.583
5h72d8__1uryyk,5h72d8,1uryyk,True,,2,2,0,1.0,0.0,1.0,0.0,1.583
6uf31y__4kvltm,6uf31y,4kvltm,True,,7,1,0,1.0,0.0,1.0,0.0,1.583
9s7egf__1p9xrz,9s7egf,1p9xrz,True,,6,5,0,1.0,0.0,1.0,0.0,1.583
2lmeyr__9jaiu9,2lmeyr,9jaiu9,True,,3,2,2,0.16666666666666666,0.8333333333333334,0.325719490647316,0.674280509352684,2.3811272343511383
3hs286__6n6xu8,3hs286,6n6xu8,True,,3,7,2,0.5454545454545454,0.4545454545454546,0.3234989792108536,0.6765010207891464,2.30664793967862
4glx9t__3wnbvn,4glx9t,3wnbvn,True,,5,2,0,1.0,0.0,1.0,0.0,1.583
1csjmk__2opwzl,1csjmk,2opwzl,True,,11,3,0,1.0,0.0,1.0,0.0,1.583
6gsc7u__2vc26s,6gsc7u,2vc26s,True,,1,6,0,1.0,0.0,1.0,0.0,1.583
3b5u8b__91k0re,3b5u8b,91k0re,True,,7,1,0,1.0,0.0,1.0,0.0,1.583
2uffns__9b1dll,2uffns,9b1dll,True,,1,3,0,1.0,0.0,1.0,0.0,1.583
31kul5__4z3yls,31kul5,4z3yls,True,,1,6,0,1.0,0.0,1.0,0.0,1.583
3rkhts__2zo04p,3rkhts,2zo04p,True,,8,11,0,1.0,0.0,1.0,0.0,1.583
8ys8qz__73u8bv,8ys8qz,73u8bv,True,,3,4,2,0.375,0.625,0.41609199345111847,0.5839080065488815,2.2546241873160007
2t4sql__6c6ezm,2t4sql,6c6ezm,True,,3,1,0,1.0,0.0,1.0,0.0,1.583
3jz4ty__34089b,3jz4ty,34089b,True,,5,2,0,1.0,0.0,1.0,0.0,1.583
3hx1wg__4jtzoj,3hx1wg,4jtzoj,True,,3,7,0,1.0,0.0,1.0,0.0,1.583
20c8ma__6ecnn0,20c8ma,6ecnn0,True,,4,2,0,1.0,0.0,1.0,0.0,1.583
36k1t2__1ts0o9,36k1t2,1ts0o9,True,,2,2,0,1.0,0.0,1.0,0.0,1.583
88458s__3dd22t,88458s,3dd22t,True,,2,6,0,1.0,0.0,1.0,0.0,1.583
3j72sq__24ajqa,3j72sq,24ajqa,True,,3,1,0,1.0,0.0,1.0,0.0,1.583
3hs286__3kuqis,3hs286,3kuqis,True,,3,2,0,1.0,0.0,1.0,0.0,1.583
4cimj6__9mkft9,4cimj6,9mkft9,True,,6,4,0,1.0,0.0,1.0,0.0,1.583
3dn1wb__8c5odi,3dn1wb,8c5odi,True,,4,1,1,0.3333333333333333,0.6666666666666667,0.44390566274523735,0.5560943372547626,2.237069834895556
1y3ej4__6vofg7,1y3ej4,6vofg7,True,,2,1,0,1.0,0.0,1.0,0.0,1.583
2s2epk__2gt1c3,2s2epk,2gt1c3,True,,1,7,0,1.0,0.0,1.0,0.0,1.583
8oidt5__7a2kpr,8oidt5,7a2kpr,True,,7,2,0,1.0,0.0,1.0,0.0,1.583
2crpse__4ym12s,2crpse,4ym12s,True,,3,8,0,1.0,0.0,1.0,0.0,1.583
6e85wh__7ebagm,6e85wh,7ebagm,True,,1,3,0,1.0,0.0,1.0,0.0,1.583
3rziy3__8bjrmr,3rziy3,8bjrmr,True,,3,2,0,1.0,0.0,1.0,0.0,1.583
3hs8us__8ayce7,3hs8us,8ayce7,True,,9,1,0,1.0,0.0,1.0,0.0,1.583
336w4p__2xu5hi,336w4p,2xu5hi,True,,3,1,0,1.0,0.0,1.0,0.0,1.583
9qkibo__2zdfti,9qkibo,2zdfti,True,,6,1,0,1.0,0.0,1.0,0.0,1.583
3cbf0r__4lr83x,3cbf0r,4lr83x,True,,2,4,0,1.0,0.0,1.0,0.0,1.583
4t4l7n__1j5epy,4t4l7n,1j5epy,True,,8,2,1,0.3125,0.6875,0.4703233749605715,0.5296766250394285,2.216608750124322
3d7len__4h4iva,3d7len,4h4iva,True,,1,8,0,1.0,0.0,1.0,0.0,1.583
3iv4ll__8ks2d1,3iv4ll,8ks2d1,True,,2,4,0,1.0,0.0,1.0,0.0,1.583
344p54__8u065b,344p54,8u065b,True,,3,5,1,0.75,0.25,0.3490886241197586,0.6509113758802414,2.241411133934557
8i9ww3__3401de,8i9ww3,3401de,True,,5,2,0,1.0,0.0,1.0,0.0,1.583
978d1c__9u53d7,978d1c,9u53d7,True,,1,3,0,1.0,0.0,1.0,0.0,1.583
8e113j__3aezcb,8e113j,3aezcb,True,,3,5,0,1.0,0.0,1.0,0.0,1.583
6ygyoj__3b21ny,6ygyoj,3b21ny,True,,2,7,0,1.0,0.0,1.0,0.0,1.583
1fiqsd__26mg30,1fiqsd,26mg30,True,,2,3,0,1.0,0.0,1.0,0.0,1.583
75s8y1__30cc1w,75s8y1,30cc1w,True,,6,2,0,1.0,0.0,1.0,0.0,1.583
szirr__8142k0,szirr,8142k0,True,,2,8,0,1.0,0.0,1.0,0.0,1.583
36cbov__987ndd,36cbov,987ndd,True,,8,2,0,1.0,0.0,1.0,0.0,1.583
1ipn6s__7fw2fj,1ipn6s,7fw2fj,True,,7,6,0,1.0,0.0,1.0,0.0,1.583
37nzjp__7cimxf,37nzjp,7cimxf,True,,4,5,0,1.0,0.0,1.0,0.0,1.583
2uffns__586qfg,2uffns,586qfg,True,,1,3,0,1.0,0.0,1.0,0.0,1.583
8z7ow7__6jisfi,8z7ow7,6jisfi,True,,4,3,0,1.0,0.0,1.0,0.0,1.583
34sk56__2renbq,34sk56,2renbq,True,,2,1,0,1.0,0.0,1.0,0.0,1.583
2a5c29__70pobe,2a5c29,70pobe,True,,3,7,0,1.0,0.0,1.0,0.0,1.583
2k82nw__878ttc,2k82nw,878ttc,True,,2,3,0,1.0,0.0,1.0,0.0,1.583
8yqg9m__7d1nrz,8yqg9m,7d1nrz,True,,1,5,0,1.0,0.0,1.0,0.0,1.583
86z1pq__8h6q88,86z1pq,8h6q88,True,,2,2,0,1.0,0.0,1.0,0.0,1.583
2rndor__3gj6ag,2rndor,3gj6ag,True,,10,4,0,1.0,0.0,1.0,0.0,1.583
8js37g__9wd96d,8js37g,9wd96d,True,,3,5,1,0.75,0.25,0.4310229644179344,0.5689770355820656,2.164892653530091
5j5ysh__2qtzsb,5j5ysh,2qtzsb,True,,3,8,0,1.0,0.0,1.0,0.0,1.583
z8cpu__9au6sj,z8cpu,9au6sj,True,,5,3,1,0.5555555555555556,0.4444444444444444,0.4123290106654167,0.5876709893345833,2.2216481591617896
4gl969__2i71nd,4gl969,2i71nd,True,,5,2,0,1.0,0.0,1.0,0.0,1.583
39x6je__63c2ox,39x6je,63c2ox,True,,4,3,0,1.0,0.0,1.0,0.0,1.583
3h2cv7__78c2us,3h2cv7,78c2us,True,,2,2,2,0.2,0.8,0.3814720342634246,0.6185279657365754,2.322323267201388
2s6xni__5z21yv,2s6xni,5z21yv,True,,1,4,0,1.0,0.0,1.0,0.0,1.583
675kal__52rugj,675kal,52rugj,True,,4,3,0,1.0,0.0,1.0,0.0,1.583
98pupx__8nwwf9,98pupx,8nwwf9,True,,6,2,0,1.0,0.0,1.0,0.0,1.583
8cgdwc__2p779r,8cgdwc,2p779r,True,,4,4,1,0.75,0.25,0.40255073457956314,0.5974492654204369,2.191482868976146
9kxk5t__8erjh5,9kxk5t,8erjh5,True,,2,4,0,1.0,0.0,1.0,0.0,1.583
8yhql9__3awsyk,8yhql9,3awsyk,True,,2,3,0,1.0,0.0,1.0,0.0,1.583
9xrwnt__6n0322,9xrwnt,6n0322,True,,2,2,0,1.0,0.0,1.0,0.0,1.583
8l326g__3e8vq6,8l326g,3e8vq6,True,,2,1,0,1.0,0.0,1.0,0.0,1.583
3a5s5y__2j95jy,3a5s5y,2j95jy,True,,6,3,0,1.0,0.0,1.0,0.0,1.583
87caxt__9lgipf,87caxt,9lgipf,True,,6,10,2,0.7058823529411765,0.2941176470588235,0.3670673742890358,0.6329326257109642,2.233536955622058
h38y4__3utfcc,h38y4,3utfcc,True,,2,1,0,1.0,0.0,1.0,0.0,1.583
63c7ui__2wqo3y,63c7ui,2wqo3y,True,,6,3,0,1.0,0.0,1.0,0.0,1.583
9krh64__280in0,9krh64,280in0,True,,5,4,0,1.0,0.0,1.0,0.0,1.583
5cjod7__2hl1ej,5cjod7,2hl1ej,True,,4,9,0,1.0,0.0,1.0,0.0,1.583
2f8mdj__3o7iae,2f8mdj,3o7iae,True,,2,1,0,1.0,0.0,1.0,0.0,1.583
3n44a4__60alul,3n44a4,60alul,True,,6,1,0,1.0,0.0,1.0,0.0,1.583
87muwg__37oi30,87muwg,37oi30,True,,3,5,3,0.2727272727272727,0.7272727272727273,0.3987264707684517,0.6012735292315483,2.291511167131161
2lu4ek__3pt1eu,2lu4ek,3pt1eu,True,,1,3,0,1.0,0.0,1.0,0.0,1.583
9w8emj__8ab942,9w8emj,8ab942,True,,2,2,0,1.0,0.0,1.0,0.0,1.583
4i3b4t__4f6w5y,4i3b4t,4f6w5y,True,,4,2,0,1.0,0.0,1.0,0.0,1.583
2d1ip9__74tfh8,2d1ip9,74tfh8,True,,6,5,0,1.0,0.0,1.0,0.0,1.583
9p2hsi__3pqa7y,9p2hsi,3pqa7y,True,,2,2,0,1.0,0.0,1.0,0.0,1.583
9yzguq__78mc4g,9yzguq,78mc4g,True,,4,5,0,1.0,0.0,1.0,0.0,1.583
1tve3i__6nxvc7,1tve3i,6nxvc7,True,,1,6,0,1.0,0.0,1.0,0.0,1.583
3xg76t__2eb47z,3xg76t,2eb47z,True,,9,3,0,1.0,0.0,1.0,0.0,1.583
77keyf__9ukx80,77keyf,9ukx80,True,,2,1,0,1.0,0.0,1.0,0.0,1.583
9jaiu9__9psjvg,9jaiu9,9psjvg,True,,2,1,0,1.0,0.0,1.0,0.0,1.583
byqnb__3dg5b8,byqnb,3dg5b8,True,,7,5,2,0.6923076923076923,0.3076923076923077,0.3259807899594307,0.6740192100405693,2.2746511556415028
3dvevr__2bkghf,3dvevr,2bkghf,True,,3,5,0,1.0,0.0,1.0,0.0,1.583
9h0bo6__8er3n4,9h0bo6,8er3n4,True,,4,2,0,1.0,0.0,1.0,0.0,1.583
4czyrs__8b3wnv,4czyrs,8b3wnv,True,,2,2,0,1.0,0.0,1.0,0.0,1.583
9x4par__3hv8by,9x4par,3hv8by,True,,4,4,0,1.0,0.0,1.0,0.0,1.583
3s8meu__1ta43l,3s8meu,1ta43l,True,,2,1,0,1.0,0.0,1.0,0.0,1.583
87pxh2__204y8q,87pxh2,204y8q,True,,3,3,0,1.0,0.0,1.0,0.0,1.583
968tr3__9ks3k6,968tr3,9ks3k6,True,,4,3,0,1.0,0.0,1.0,0.0,1.583
2b5jwn__5eiuxs,2b5jwn,5eiuxs,True,,2,11,0,1.0,0.0,1.0,0.0,1.583
3bamhs__42dc5s,3bamhs,42dc5s,True,,4,2,0,1.0,0.0,1.0,0.0,1.583
8l326g__34o7t9,8l326g,34o7t9,True,,2,3,0,1.0,0.0,1.0,0.0,1.583
9gp3rx__5ig643,9gp3rx,5ig643,True,,5,5,2,0.2,0.8,0.42447284497320653,0.5755271550267935,2.2821648100795224
42344s__6xyxww,42344s,6xyxww,True,,2,5,0,1.0,0.0,1.0,0.0,1.583
pj15a__34wb3g,pj15a,34wb3g,True,,1,8,0,1.0,0.0,1.0,0.0,1.583
1lr6sq__2kwnm9,1lr6sq,2kwnm9,True,,3,5,0,1.0,0.0,1.0,0.0,1.583
7323gy__90jvvf,7323gy,90jvvf,True,,1,9,1,0.0,1.0,0.434028220259481,0.565971779740519,2.3136610450996704
639cgx__6cpq0n,639cgx,6cpq0n,True,,4,4,4,0.0,1.0,0.42999322805553675,0.5700067719444633,2.317429324318934
8way3e__42y3ez,8way3e,42y3ez,True,,6,1,0,1.0,0.0,1.0,0.0,1.583
9ai9qh__5z3kl5,9ai9qh,5z3kl5,True,,4,17,0,1.0,0.0,1.0,0.0,1.583
36o3q3__7005hu,36o3q3,7005hu,True,,4,2,0,1.0,0.0,1.0,0.0,1.583
3d3lsu__1i1pzw,3d3lsu,1i1pzw,True,,8,1,0,1.0,0.0,1.0,0.0,1.583
3q02n1__20yusu,3q02n1,20yusu,True,,2,3,0,1.0,0.0,1.0,0.0,1.583
37fhqm__7bp6ku,37fhqm,7bp6ku,True,,2,8,0,1.0,0.0,1.0,0.0,1.583
9dzpzz__3dw2uo,9dzpzz,3dw2uo,True,,3,2,0,1.0,0.0,1.0,0.0,1.583
39qska__5xo3z1,39qska,5xo3z1,True,,6,1,0,1.0,0.0,1.0,0.0,1.583
5w0hay__7gsxqp,5w0hay,7gsxqp,True,,3,8,3,0.23809523809523808,0.7619047619047619,0.4094678796827793,0.5905321203172207,2.2884788995452046
3lvm50__6pxi15,3lvm50,6pxi15,True,,3,1,0,1.0,0.0,1.0,0.0,1.583
3g6kqw__96stdq,3g6kqw,96stdq,True,,8,2,2,0.5454545454545454,0.4545454545454546,0.19286227971315384,0.8071377202868462,2.428649553339522
34s9ya__3u8kl4,34s9ya,3u8kl4,True,,2,2,0,1.0,0.0,1.0,0.0,1.583
o986g__74jtj9,o986g,74jtj9,True,,2,2,0,1.0,0.0,1.0,0.0,1.583
34iyeu__6gjp9c,34iyeu,6gjp9c,True,,3,5,0,1.0,0.0,1.0,0.0,1.583
284zmy__3w3rbr,284zmy,3w3rbr,True,,3,3,2,0.42857142857142855,0.5714285714285714,0.43415404483675957,0.5658459551632404,2.226929251812664
9ess1g__99u2wv,9ess1g,99u2wv,True,,4,2,0,1.0,0.0,1.0,0.0,1.583
2aer9v__1b9p9t,2aer9v,1b9p9t,True,,9,2,1,0.8181818181818182,0.18181818181818177,0.24215438961982727,0.7578456103801727,2.327497470079498
8hlo78__3i4pmt,8hlo78,3i4pmt,True,,1,6,0,1.0,0.0,1.0,0.0,1.583
8way3e__2t0qza,8way3e,2t0qza,True,,6,7,4,0.391304347826087,0.6086956521739131,0.3489439502358437,0.6510560497641563,2.3140386361790934
2yyams__5vvyuu,2yyams,5vvyuu,True,,5,3,0,1.0,0.0,1.0,0.0,1.583
8vdlfn__2kq98n,8vdlfn,2kq98n,True,,5,6,0,1.0,0.0,1.0,0.0,1.583
353ue6__2v7h2h,353ue6,2v7h2h,True,,5,2,0,1.0,0.0,1.0,0.0,1.583
31u11l__2pdhwk,31u11l,2pdhwk,True,,3,1,0,1.0,0.0,1.0,0.0,1.583
383uu0__3inp25,383uu0,3inp25,True,,2,2,0,1.0,0.0,1.0,0.0,1.583
29ot8n__2wcifo,29ot8n,2wcifo,True,,3,4,0,1.0,0.0,1.0,0.0,1.583
57l6sk__9mjmu0,57l6sk,9mjmu0,True,,5,3,0,1.0,0.0,1.0,0.0,1.583
8g73gr__8gpc6w,8g73gr,8gpc6w,True,,5,3,0,1.0,0.0,1.0,0.0,1.583
2yepln__5y8x98,2yepln,5y8x98,True,,4,3,0,1.0,0.0,1.0,0.0,1.583
8ivs6g__6muf7q,8ivs6g,6muf7q,True,,4,3,0,1.0,0.0,1.0,0.0,1.583
3x9m3h__9gqypx,3x9m3h,9gqypx,True,,2,7,1,0.7777777777777778,0.2222222222222222,0.4062763750553131,0.5937236249446869,2.1823896044469544
3tum6h__5izors,3tum6h,5izors,True,,2,3,2,0.16666666666666666,0.8333333333333334,0.28586495667696,0.71413504332304,2.4183473836260534
3dch8o__5z318w,3dch8o,5z318w,True,,4,1,0,1.0,0.0,1.0,0.0,1.583
3ame30__6hzjec,3ame30,6hzjec,True,,4,4,0,1.0,0.0,1.0,0.0,1.583
8qk1un__2t9epd,8qk1un,2t9epd,True,,4,7,3,0.42857142857142855,0.5714285714285714,0.37076511482397717,0.6292348851760228,2.2861281735516017
4a6dmz__5a3xcu,4a6dmz,5a3xcu,True,,4,1,0,1.0,0.0,1.0,0.0,1.583
3249kk__49tqau,3249kk,49tqau,True,,3,1,0,1.0,0.0,1.0,0.0,1.583
4sr43j__7dib0y,4sr43j,7dib0y,True,,7,3,0,1.0,0.0,1.0,0.0,1.583
30a3nv__73u8bv,30a3nv,73u8bv,True,,3,4,1,0.7142857142857143,0.2857142857142857,0.22865018248558044,0.7713498175144196,2.3611064517195732
28qg65__9g43yn,28qg65,9g43yn,True,,1,4,1,0.6,0.4,0.30258888006210327,0.6974111199378967,2.315152244910002
5na9io__8vfnyo,5na9io,8vfnyo,True,,8,2,0,1.0,0.0,1.0,0.0,1.583
5pl7ai__9tg4wc,5pl7ai,9tg4wc,True,,1,6,0,1.0,0.0,1.0,0.0,1.583
542apa__79p2sn,542apa,79p2sn,True,,3,3,0,1.0,0.0,1.0,0.0,1.583
337v72__273hv9,337v72,273hv9,True,,2,2,0,1.0,0.0,1.0,0.0,1.583
2sfx5r__2uohjo,2sfx5r,2uohjo,True,,4,7,3,0.5,0.5,0.4885274913782875,0.5114725086217125,2.1617141758018175
8dyvn4__7d7y1v,8dyvn4,7d7y1v,True,,1,4,1,0.6,0.4,0.346113383769989,0.653886616230011,2.274504710897207
54ms5r__9u8rh4,54ms5r,9u8rh4,True,,1,1,0,1.0,0.0,1.0,0.0,1.583
9qpeqr__4ci3qq,9qpeqr,4ci3qq,True,,3,5,0,1.0,0.0,1.0,0.0,1.583
16ycii__2taj6r,16ycii,2taj6r,True,,3,2,0,1.0,0.0,1.0,0.0,1.583
9qb8l1__9k1jfq,9qb8l1,9k1jfq,True,,3,8,0,1.0,0.0,1.0,0.0,1.583
9ieu9y__35x8i2,9ieu9y,35x8i2,True,,3,2,0,1.0,0.0,1.0,0.0,1.583
7jjk6l__7atnbf,7jjk6l,7atnbf,True,,8,4,1,0.8333333333333334,0.16666666666666663,0.2644980847835541,0.7355019152164459,2.303568571953972
7elq89__7f3kd4,7elq89,7f3kd4,True,,2,2,0,1.0,0.0,1.0,0.0,1.583
1abuli__4wc0if,1abuli,4wc0if,True,,2,2,0,1.0,0.0,1.0,0.0,1.583
9mo0x6__6plwx7,9mo0x6,6plwx7,True,,3,3,0,1.0,0.0,1.0,0.0,1.583
3gazqc__2xuccl,3gazqc,2xuccl,True,,7,3,3,0.3225806451612903,0.6774193548387097,0.43987101569239584,0.5601289843076042,2.243010910057775
9k62qj__2oegcg,9k62qj,2oegcg,True,,1,7,0,1.0,0.0,1.0,0.0,1.583
8xc4rm__96kqec,8xc4rm,96kqec,True,,2,2,0,1.0,0.0,1.0,0.0,1.583
39ixii__9v4rto,39ixii,9v4rto,True,,3,5,0,1.0,0.0,1.0,0.0,1.583
2mtt6k__8ry93r,2mtt6k,8ry93r,True,,3,5,0,1.0,0.0,1.0,0.0,1.583
1v9gia__3wqhqs,1v9gia,3wqhqs,True,,3,5,0,1.0,0.0,1.0,0.0,1.583
4f9pzm__92yfkp,4f9pzm,92yfkp,True,,4,1,0,1.0,0.0,1.0,0.0,1.583
8bh8bt__32qx6h,8bh8bt,32qx6h,True,,3,4,1,0.7142857142857143,0.2857142857142857,0.3640245944261551,0.6359754055738449,2.2346802884082706
3rch5z__1k07af,3rch5z,1k07af,True,,2,2,0,1.0,0.0,1.0,0.0,1.583
5hbf44__4jinvr,5hbf44,4jinvr,True,,3,7,0,1.0,0.0,1.0,0.0,1.583
90jzjb__273hv9,90jzjb,273hv9,True,,4,2,2,0.42857142857142855,0.5714285714285714,0.40596539713442326,0.5940346028655767,2.253254629901876
48ypv3__37ropz,48ypv3,37ropz,True,,9,4,0,1.0,0.0,1.0,0.0,1.583
3h4yrg__73mhgh,3h4yrg,73mhgh,True,,8,3,1,0.6666666666666666,0.33333333333333337,0.4441417548805475,0.5558582451194525,2.169482681783723
9nqkkv__9kxk5t,9nqkkv,9kxk5t,True,,4,2,2,0.42857142857142855,0.5714285714285714,0.35185617581009865,0.6481438241899014,2.303787231696663
92in9y__2nzh9l,92in9y,2nzh9l,True,,10,5,0,1.0,0.0,1.0,0.0,1.583
286v25__2ygly3,286v25,2ygly3,True,,3,8,0,1.0,0.0,1.0,0.0,1.583
8vxixu__956plz,8vxixu,956plz,True,,3,9,1,0.6923076923076923,0.3076923076923077,0.4356013583019376,0.5643986416980624,2.1722765068664356
9cipom__2tc9n7,9cipom,2tc9n7,True,,4,4,0,1.0,0.0,1.0,0.0,1.583
jzjcn__715zpo,jzjcn,715zpo,True,,2,6,0,1.0,0.0,1.0,0.0,1.583
2k2dg1__9re5w9,2k2dg1,9re5w9,True,,3,1,0,1.0,0.0,1.0,0.0,1.583
2d7bf2__3gkufx,2d7bf2,3gkufx,True,,1,4,0,1.0,0.0,1.0,0.0,1.583
1lsiqf__6p7qc5,1lsiqf,6p7qc5,True,,8,4,0,1.0,0.0,1.0,0.0,1.583
26k4yj__731two,26k4yj,731two,True,,3,5,1,0.75,0.25,0.3643530309200287,0.6356469690799713,2.227155704423785
925ojp__5l3frw,925ojp,5l3frw,True,,5,3,0,1.0,0.0,1.0,0.0,1.583
8wfurc__1oo6lt,8wfurc,1oo6lt,True,,3,6,0,1.0,0.0,1.0,0.0,1.583
304373__9u53d7,304373,9u53d7,True,,2,3,1,0.6,0.4,0.4350389167666435,0.5649610832333565,2.191457155631632
2fpcv8__971q3u,2fpcv8,971q3u,True,,2,7,2,0.3333333333333333,0.6666666666666667,0.22670249144236246,0.7732975085576376,2.439915876575311
2ncv71__8fp2sv,2ncv71,8fp2sv,True,,3,2,0,1.0,0.0,1.0,0.0,1.583
87muwg__4gxsfd,87muwg,4gxsfd,True,,3,3,0,1.0,0.0,1.0,0.0,1.583
4ipjne__2lew3h,4ipjne,2lew3h,True,,3,6,3,0.4,0.6,0.3472647536545992,0.6527352463454008,2.31384944656197
2felra__64mxf8,2felra,64mxf8,True,,5,3,1,0.36363636363636365,0.6363636363636364,0.42065268754959106,0.5793473124504089,2.252661546006528
3lpioa__5nk99r,3lpioa,5nk99r,True,,6,3,0,1.0,0.0,1.0,0.0,1.583
2zxu7z__615crz,2zxu7z,615crz,True,,2,2,0,1.0,0.0,1.0,0.0,1.583
3le596__5l3frw,3le596,5l3frw,True,,3,3,0,1.0,0.0,1.0,0.0,1.583
4hkaxx__73akvm,4hkaxx,73akvm,True,,3,5,0,1.0,0.0,1.0,0.0,1.583
5pl7ai__70vpvq,5pl7ai,70vpvq,True,,1,2,0,1.0,0.0,1.0,0.0,1.583
9z25gj__9ju8xc,9z25gj,9ju8xc,True,,4,5,0,1.0,0.0,1.0,0.0,1.583
66hstu__3cwla2,66hstu,3cwla2,True,,1,9,0,1.0,0.0,1.0,0.0,1.583
51gnyn__3ejf2x,51gnyn,3ejf2x,True,,3,2,0,1.0,0.0,1.0,0.0,1.583
2ac16v__34ntti,2ac16v,34ntti,True,,2,5,0,1.0,0.0,1.0,0.0,1.583
2bnfmr__26eo14,2bnfmr,26eo14,True,,4,4,0,1.0,0.0,1.0,0.0,1.583
979g87__4n9a71,979g87,4n9a71,True,,6,1,1,0.7142857142857143,0.2857142857142857,0.33256562054157257,0.6674343794584274,2.2640598241190824
3dyay2__5q0tgm,3dyay2,5q0tgm,True,,2,6,0,1.0,0.0,1.0,0.0,1.583
3vowxw__6dkblo,3vowxw,6dkblo,True,,16,5,0,1.0,0.0,1.0,0.0,1.583
3emzne__2pjem4,3emzne,2pjem4,True,,2,2,0,1.0,0.0,1.0,0.0,1.583
8h4jg3__96mp9b,8h4jg3,96mp9b,True,,8,4,0,1.0,0.0,1.0,0.0,1.583
32vz6b__3yv1k4,32vz6b,3yv1k4,True,,3,3,0,1.0,0.0,1.0,0.0,1.583
8t5xt9__4avquu,8t5xt9,4avquu,True,,3,4,0,1.0,0.0,1.0,0.0,1.583
6k8kge__2pds06,6k8kge,2pds06,True,,6,7,5,0.30434782608695654,0.6956521739130435,0.4010882757604122,0.5989117242395878,2.282914963615177
2lbtw2__1pwsnf,2lbtw2,1pwsnf,True,,4,6,0,1.0,0.0,1.0,0.0,1.583
9yz6he__8f1bmg,9yz6he,8f1bmg,True,,12,6,5,0.0684931506849315,0.9315068493150684,0.32335078580812976,0.6766492141918703,2.403180235380363
3qzndz__8crt36,3qzndz,8crt36,True,,2,3,1,0.6,0.4,0.33582960069179535,0.6641703993082047,2.2841087359139323
34rmx9__74i5n8,34rmx9,74i5n8,True,,4,6,0,1.0,0.0,1.0,0.0,1.583
76u4lw__8e4b1z,76u4lw,8e4b1z,True,,6,6,3,0.18181818181818182,0.8181818181818181,0.4395026916638017,0.5604973083361984,2.271802981709721
6fcrm6__31c5h4,6fcrm6,31c5h4,True,,1,6,0,1.0,0.0,1.0,0.0,1.583
901sm4__2ksl18,901sm4,2ksl18,True,,5,3,0,1.0,0.0,1.0,0.0,1.583
33oecc__46iboc,33oecc,46iboc,True,,2,7,0,1.0,0.0,1.0,0.0,1.583
1sph3h__79yksa,1sph3h,79yksa,True,,6,7,0,1.0,0.0,1.0,0.0,1.583
5c7j1x__2byq9o,5c7j1x,2byq9o,True,,2,1,0,1.0,0.0,1.0,0.0,1.583
9w4xtg__7b1sz8,9w4xtg,7b1sz8,True,,2,3,0,1.0,0.0,1.0,0.0,1.583
8kpdqh__2x35k5,8kpdqh,2x35k5,True,,10,3,0,1.0,0.0,1.0,0.0,1.583
1huvvj__2ps6qm,1huvvj,2ps6qm,True,,3,2,0,1.0,0.0,1.0,0.0,1.583
34wb3g__3d234a,34wb3g,3d234a,True,,8,3,0,1.0,0.0,1.0,0.0,1.583
suscr__2lu28k,suscr,2lu28k,True,,3,5,3,0.07142857142857142,0.9285714285714286,0.43207130022346973,0.5679286997765303,2.301052898435587
5gg2el__9psjvg,5gg2el,9psjvg,True,,3,1,0,1.0,0.0,1.0,0.0,1.583
3lgy9v__3wnbvn,3lgy9v,3wnbvn,True,,3,2,0,1.0,0.0,1.0,0.0,1.583
31y5kr__1xeiyg,31y5kr,1xeiyg,True,,6,5,0,1.0,0.0,1.0,0.0,1.583
3s5xog__9hfyyi,3s5xog,9hfyyi,True,,7,8,0,1.0,0.0,1.0,0.0,1.583
2tgsnn__2a0o0r,2tgsnn,2a0o0r,True,,7,4,1,0.8181818181818182,0.18181818181818177,0.39424704760313034,0.6057529523968697,2.185458136788891
9bd6qm__1hartx,9bd6qm,1hartx,True,,2,6,0,1.0,0.0,1.0,0.0,1.583
2lhadb__3uyl2c,2lhadb,3uyl2c,True,,2,7,0,1.0,0.0,1.0,0.0,1.583
1zrcc8__2x0v24,1zrcc8,2x0v24,True,,1,4,0,1.0,0.0,1.0,0.0,1.583
9r2zzp__2pp54o,9r2zzp,2pp54o,True,,5,3,0,1.0,0.0,1.0,0.0,1.583
9cm1xn__9r4kgf,9cm1xn,9r4kgf,True,,6,9,0,1.0,0.0,1.0,0.0,1.583
6hif0h__9mj0b1,6hif0h,9mj0b1,True,,2,1,0,1.0,0.0,1.0,0.0,1.583
4qihsh__3zt1ue,4qihsh,3zt1ue,True,,1,2,0,1.0,0.0,1.0,0.0,1.583
w8jwe__2td1oa,w8jwe,2td1oa,True,,5,2,0,1.0,0.0,1.0,0.0,1.583
4qe1wr__4yff39,4qe1wr,4yff39,True,,4,6,0,1.0,0.0,1.0,0.0,1.583
4vpw6e__4yje1q,4vpw6e,4yje1q,True,,6,2,0,1.0,0.0,1.0,0.0,1.583
9tbprm__67nu44,9tbprm,67nu44,True,,2,4,0,1.0,0.0,1.0,0.0,1.583
2z56c8__3bhnrz,2z56c8,3bhnrz,True,,5,5,0,1.0,0.0,1.0,0.0,1.583
3scspq__70zf60,3scspq,70zf60,True,,13,1,0,1.0,0.0,1.0,0.0,1.583
2f8cqn__31ymke,2f8cqn,31ymke,True,,3,4,0,1.0,0.0,1.0,0.0,1.583
3gixqh__3rmutn,3gixqh,3rmutn,True,,1,8,0,1.0,0.0,1.0,0.0,1.583
304373__5ngg0v,304373,5ngg0v,True,,2,3,0,1.0,0.0,1.0,0.0,1.583
9x00c3__9i19eq,9x00c3,9i19eq,True,,9,3,0,1.0,0.0,1.0,0.0,1.583
57jw2n__3in6zf,57jw2n,3in6zf,True,,6,12,0,1.0,0.0,1.0,0.0,1.583
90of93__3o5s7a,90of93,3o5s7a,True,,1,2,0,1.0,0.0,1.0,0.0,1.583
6hp5pe__2ovqv3,6hp5pe,2ovqv3,True,,5,5,0,1.0,0.0,1.0,0.0,1.583
1ezsgy__1qr501,1ezsgy,1qr501,True,,4,4,0,1.0,0.0,1.0,0.0,1.583
4jtj8f__773ra5,4jtj8f,773ra5,True,,7,2,0,1.0,0.0,1.0,0.0,1.583
3073nu__6pcbnk,3073nu,6pcbnk,True,,3,4,0,1.0,0.0,1.0,0.0,1.583
3b51qi__7bmle4,3b51qi,7bmle4,True,,3,7,1,0.8,0.19999999999999996,0.3495464622974396,0.6504535377025604,2.2308785588604207
fsxwy__9ofsmi,fsxwy,9ofsmi,True,,1,3,0,1.0,0.0,1.0,0.0,1.583
2ble54__2j6x20,2ble54,2j6x20,True,,6,1,0,1.0,0.0,1.0,0.0,1.583
3bnwpu__8n6rsd,3bnwpu,8n6rsd,True,,1,4,0,1.0,0.0,1.0,0.0,1.583
8k5clm__5c1n5b,8k5clm,5c1n5b,True,,1,1,0,1.0,0.0,1.0,0.0,1.583
368upe__2ha3gh,368upe,2ha3gh,True,,5,10,1,0.8666666666666667,0.1333333333333333,0.3380773812532425,0.6619226187467575,2.2281162003142634
1bv51k__20lmoe,1bv51k,20lmoe,True,,2,4,0,1.0,0.0,1.0,0.0,1.583
729lr6__5kby10,729lr6,5kby10,True,,2,10,0,1.0,0.0,1.0,0.0,1.583
3d7len__4wj8o9,3d7len,4wj8o9,True,,1,1,0,1.0,0.0,1.0,0.0,1.583
2b3qhr__898beq,2b3qhr,898beq,True,,3,5,1,0.75,0.25,0.41859376430511475,0.5814062356948853,2.176500283515453
3j10zp__9y33d6,3j10zp,9y33d6,True,,5,3,0,1.0,0.0,1.0,0.0,1.583
3fbeu4__3fwz7i,3fbeu4,3fwz7i,True,,1,8,1,0.0,1.0,0.4026590664871037,0.5973409335128963,2.342956697807694
3aftsx__3artba,3aftsx,3artba,True,,5,6,0,1.0,0.0,1.0,0.0,1.583
38lff5__3gfgx8,38lff5,3gfgx8,True,,2,3,1,0.6,0.4,0.34000295400619507,0.6599970459938049,2.2802112412536144
1cbelb__40zlkj,1cbelb,40zlkj,True,,3,2,0,1.0,0.0,1.0,0.0,1.583
1x0qkn__1q0lzb,1x0qkn,1q0lzb,True,,3,1,0,1.0,0.0,1.0,0.0,1.583
4wib3j__9xjd3x,4wib3j,9xjd3x,True,,4,4,0,1.0,0.0,1.0,0.0,1.583
6dvnoh__9e6ny2,6dvnoh,9e6ny2,True,,2,4,2,0.2857142857142857,0.7142857142857143,0.3510984033346176,0.6489015966653824,2.3333663439829433
1uqutz__8b2tei,1uqutz,8b2tei,True,,4,3,0,1.0,0.0,1.0,0.0,1.583
97i0m9__8ab942,97i0m9,8ab942,True,,3,2,0,1.0,0.0,1.0,0.0,1.583
761nfe__1a5uar,761nfe,1a5uar,True,,4,2,0,1.0,0.0,1.0,0.0,1.583
47kzfp__92wbay,47kzfp,92wbay,True,,2,9,0,1.0,0.0,1.0,0.0,1.583
1mx5bb__39iaxb,1mx5bb,39iaxb,True,,5,2,2,0.375,0.625,0.3990298770368099,0.6009701229631901,2.270558497835323
odbcf__9effn6,odbcf,9effn6,True,,2,6,0,1.0,0.0,1.0,0.0,1.583
8t7dqc__3loeox,8t7dqc,3loeox,True,,3,3,0,1.0,0.0,1.0,0.0,1.583
8bzldl__78pm42,8bzldl,78pm42,True,,5,2,0,1.0,0.0,1.0,0.0,1.583
2felra__2pjem4,2felra,2pjem4,True,,5,2,0,1.0,0.0,1.0,0.0,1.583
9j9f3q__8lqcyf,9j9f3q,8lqcyf,True,,4,1,0,1.0,0.0,1.0,0.0,1.583
2lxa4r__6cuy9r,2lxa4r,6cuy9r,True,,8,1,0,1.0,0.0,1.0,0.0,1.583
2gl8eo__5v5y6o,2gl8eo,5v5y6o,True,,4,2,0,1.0,0.0,1.0,0.0,1.583
1z25mh__8jhc2a,1z25mh,8jhc2a,True,,7,7,0,1.0,0.0,1.0,0.0,1.583
337v72__8xyn2j,337v72,8xyn2j,True,,2,1,0,1.0,0.0,1.0,0.0,1.583
9fzrih__3rmzig,9fzrih,3rmzig,True,,2,5,0,1.0,0.0,1.0,0.0,1.583
3cg00e__3e7zce,3cg00e,3e7zce,True,,3,6,0,1.0,0.0,1.0,0.0,1.583
3q6e98__fw7y5,3q6e98,fw7y5,True,,2,3,0,1.0,0.0,1.0,0.0,1.583
69psjv__7bw8n4,69psjv,7bw8n4,True,,3,2,0,1.0,0.0,1.0,0.0,1.583
8a4y6s__34d5nx,8a4y6s,34d5nx,True,,10,3,0,1.0,0.0,1.0,0.0,1.583
4a6ebo__36rikk,4a6ebo,36rikk,True,,1,4,1,0.0,1.0,0.430755746550858,0.569244253449142,2.3167172082961534
2tlxmo__3e1c65,2tlxmo,3e1c65,True,,5,2,0,1.0,0.0,1.0,0.0,1.583
5gp15g__14xeqc,5gp15g,14xeqc,True,,2,2,1,0.5,0.5,0.2870640307664871,0.7129359692335129,2.349860901667178
1tl6tu__3cxfnl,1tl6tu,3cxfnl,True,,2,3,0,1.0,0.0,1.0,0.0,1.583
9qfwwe__8edsf3,9qfwwe,8edsf3,True,,1,1,0,1.0,0.0,1.0,0.0,1.583
98il52__1e5026,98il52,1e5026,True,,1,1,0,1.0,0.0,1.0,0.0,1.583
1d3glr__52nyzb,1d3glr,52nyzb,True,,2,3,0,1.0,0.0,1.0,0.0,1.583
8jpmx0__9uf5b7,8jpmx0,9uf5b7,True,,2,3,1,0.6,0.4,0.3496468663215637,0.6503531336784363,2.2712047915422917
8jdjf5__2e5m9c,8jdjf5,2e5m9c,True,,8,5,0,1.0,0.0,1.0,0.0,1.583
9s31rf__3pla7n,9s31rf,3pla7n,True,,3,2,0,1.0,0.0,1.0,0.0,1.583
3h78oa__3p9yq7,3h78oa,3p9yq7,True,,3,2,2,0.16666666666666666,0.8333333333333334,0.42298893071711063,0.5770110692828894,2.290287304269957
8x69qf__4us3i7,8x69qf,4us3i7,True,,5,8,1,0.8461538461538461,0.15384615384615385,0.38707955181598663,0.6129204481840134,2.186498714251358
34rmx9__43s963,34rmx9,43s963,True,,4,5,1,0.7777777777777778,0.2222222222222222,0.35730797052383423,0.6426920294761658,2.2281211974389024
39wfya__955w8h,39wfya,955w8h,True,,1,5,0,1.0,0.0,1.0,0.0,1.583
7naljg__629az0,7naljg,629az0,True,,3,4,2,0.375,0.625,0.3535681962966919,0.6464318037033081,2.3130151614785195
3o11c7__4prrt9,3o11c7,4prrt9,True,,10,3,0,1.0,0.0,1.0,0.0,1.583
6d6ta2__8tksc0,6d6ta2,8tksc0,True,,5,5,2,0.5454545454545454,0.4545454545454546,0.41520293056964874,0.5847970694303513,2.2210056195046413
286z6j__9wtpuv,286z6j,9wtpuv,True,,3,2,0,1.0,0.0,1.0,0.0,1.583
3nzmfs__8antha,3nzmfs,8antha,True,,2,4,0,1.0,0.0,1.0,0.0,1.583
9y8e9j__2yjsmc,9y8e9j,2yjsmc,True,,7,1,0,1.0,0.0,1.0,0.0,1.583
3cg4s1__2v6gg5,3cg4s1,2v6gg5,True,,3,4,0,1.0,0.0,1.0,0.0,1.583
3pm9a8__1stx3n,3pm9a8,1stx3n,True,,3,12,0,1.0,0.0,1.0,0.0,1.583
z6flv__3n0qoe,z6flv,3n0qoe,True,,3,3,0,1.0,0.0,1.0,0.0,1.583
94b930__5ry23k,94b930,5ry23k,True,,2,6,0,1.0,0.0,1.0,0.0,1.583
6epc9m__8onb3o,6epc9m,8onb3o,True,,1,1,0,1.0,0.0,1.0,0.0,1.583
9jffe8__6ii2jp,9jffe8,6ii2jp,True,,11,3,0,1.0,0.0,1.0,0.0,1.583
63k3bn__8f38qv,63k3bn,8f38qv,True,,4,2,0,1.0,0.0,1.0,0.0,1.583
6yrft1__5ce26x,6yrft1,5ce26x,True,,4,4,4,0.0,1.0,0.4362676376476884,0.5637323623523116,2.3115696532008236
3lenza__33u714,3lenza,33u714,True,,4,5,1,0.7777777777777778,0.2222222222222222,0.4350883215665817,0.5649116784334183,2.1554821276000804
3rmutn__4snn8t,3rmutn,4snn8t,True,,8,2,1,0.6363636363636364,0.36363636363636365,0.366617813706398,0.633382186293602,2.248006532870504
7cb69f__1hcjm7,7cb69f,1hcjm7,True,,1,2,0,1.0,0.0,1.0,0.0,1.583
8vwtkg__2ha4p2,8vwtkg,2ha4p2,True,,4,1,0,1.0,0.0,1.0,0.0,1.583
14vi0r__6ts0ip,14vi0r,6ts0ip,True,,6,8,2,0.6666666666666666,0.33333333333333337,0.31633440405130386,0.6836655959486961,2.2888419667231537
1soee7__33a0aq,1soee7,33a0aq,True,,4,4,2,0.4444444444444444,0.5555555555555556,0.43935320107266307,0.5606467989273369,2.2188658232960177
9y4woq__7279rb,9y4woq,7279rb,True,,6,2,0,1.0,0.0,1.0,0.0,1.583
9w7lv9__72xtkk,9w7lv9,72xtkk,True,,5,2,2,0.375,0.625,0.35790014266967773,0.6420998573303223,2.308969556760788
7thm5o__4c7yx6,7thm5o,4c7yx6,True,,1,1,0,1.0,0.0,1.0,0.0,1.583
63h6hg__99oeue,63h6hg,99oeue,True,,3,2,2,0.16666666666666666,0.8333333333333334,0.4656089907512069,0.5343910092487931,2.2504844302041143
3927kg__3e1c65,3927kg,3e1c65,True,,4,2,0,1.0,0.0,1.0,0.0,1.583
32vz6b__2xqrqw,32vz6b,2xqrqw,True,,3,6,0,1.0,0.0,1.0,0.0,1.583
3th0p6__21jpga,3th0p6,21jpga,True,,4,3,1,0.7142857142857143,0.2857142857142857,0.1297377347946167,0.8702622652053833,2.4534807866181643
5o26o4__9e91ud,5o26o4,9e91ud,True,,4,5,1,0.6,0.4,0.36769234761595726,0.6323076523840427,2.2543521165614573
1soee7__3pnpvh,1soee7,3pnpvh,True,,4,2,0,1.0,0.0,1.0,0.0,1.583
31kul5__2kqfko,31kul5,2kqfko,True,,1,2,0,1.0,0.0,1.0,0.0,1.583
38e99v__36womh,38e99v,36womh,True,,5,4,0,1.0,0.0,1.0,0.0,1.583
3w07bi__8eihdl,3w07bi,8eihdl,True,,5,3,0,1.0,0.0,1.0,0.0,1.583
8gqp98__3smld1,8gqp98,3smld1,True,,5,2,0,1.0,0.0,1.0,0.0,1.583
2h7kkg__8lxjjq,2h7kkg,8lxjjq,True,,2,3,0,1.0,0.0,1.0,0.0,1.583
6xnzf1__9h0bo6,6xnzf1,9h0bo6,True,,3,4,1,0.3076923076923077,0.6923076923076923,0.36878810822963715,0.6312118917703629,2.3124041703397262
394m5v__8s3i68,394m5v,8s3i68,True,,4,5,0,1.0,0.0,1.0,0.0,1.583
6ua3t2__3bf8d4,6ua3t2,3bf8d4,True,,8,2,1,0.8,0.19999999999999996,0.4934526151046157,0.5065473848953843,2.096484602753799
4z0h8y__76snh3,4z0h8y,76snh3,True,,5,3,0,1.0,0.0,1.0,0.0,1.583
715zpo__931z6c,715zpo,931z6c,True,,6,4,0,1.0,0.0,1.0,0.0,1.583
99ozh1__7wfb08,99ozh1,7wfb08,True,,2,3,0,1.0,0.0,1.0,0.0,1.583
5x89ev__2v80vz,5x89ev,2v80vz,True,,2,2,1,0.5,0.5,0.46059101447463036,0.5394089855253696,2.187804051582143
2wcifo__1lmdyi,2wcifo,1lmdyi,True,,4,6,0,1.0,0.0,1.0,0.0,1.583
31axlu__1pgo3o,31axlu,1pgo3o,True,,1,7,0,1.0,0.0,1.0,0.0,1.583
2t2vvk__96jzhc,2t2vvk,96jzhc,True,,3,5,0,1.0,0.0,1.0,0.0,1.583
z02wk__6gkx9b,z02wk,6gkx9b,True,,4,1,0,1.0,0.0,1.0,0.0,1.583
3j0u42__1ny7ji,3j0u42,1ny7ji,True,,2,2,1,0.5,0.5,0.327297642827034,0.672702357172966,2.312286731363833
3acvgm__4doy0z,3acvgm,4doy0z,True,,5,2,0,1.0,0.0,1.0,0.0,1.583
3hx1wg__42344s,3hx1wg,42344s,True,,3,2,1,0.6,0.4,0.4287199303507805,0.5712800696492195,2.1973584570454063
8gqp98__2cqsgr,8gqp98,2cqsgr,True,,5,6,1,0.8181818181818182,0.18181818181818177,0.39406000822782516,0.6059399917721748,2.185632812861489
3txzaq__7x4tsf,3txzaq,7x4tsf,True,,2,1,1,0.3333333333333333,0.6666666666666667,0.4970856886357069,0.5029143113642931,2.1874050087164467
87b09y__3k95vb,87b09y,3k95vb,True,,1,10,0,1.0,0.0,1.0,0.0,1.583
31cpdu__2ut4i7,31cpdu,2ut4i7,True,,3,2,0,1.0,0.0,1.0,0.0,1.583
2kbyqy__6dlidz,2kbyqy,6dlidz,True,,7,2,0,1.0,0.0,1.0,0.0,1.583
123q1o__2o7i36,123q1o,2o7i36,True,,5,1,0,1.0,0.0,1.0,0.0,1.583
2k2dg1__2ol0jb,2k2dg1,2ol0jb,True,,3,3,0,1.0,0.0,1.0,0.0,1.583
3nti0j__2w22o9,3nti0j,2w22o9,True,,1,1,0,1.0,0.0,1.0,0.0,1.583
5iztyu__2p1160,5iztyu,2p1160,True,,6,9,2,0.75,0.25,0.3119007796049118,0.6880992203950882,2.2761408619269727
3nvvro__3mzvaa,3nvvro,3mzvaa,True,,5,3,1,0.75,0.25,0.4379546344280243,0.5620453655719757,2.158419166907668
2yyams__7ebagm,2yyams,7ebagm,True,,5,3,0,1.0,0.0,1.0,0.0,1.583
1gxxws__3syc3g,1gxxws,3syc3g,True,,8,1,0,1.0,0.0,1.0,0.0,1.583
3jk9wh__9hzpzf,3jk9wh,9hzpzf,True,,3,1,0,1.0,0.0,1.0,0.0,1.583
2bhwuv__3249kk,2bhwuv,3249kk,True,,8,3,0,1.0,0.0,1.0,0.0,1.583
5x0xd5__8g0bso,5x0xd5,8g0bso,True,,3,6,0,1.0,0.0,1.0,0.0,1.583
2932q1__7ghfws,2932q1,7ghfws,True,,5,5,1,0.8,0.19999999999999996,0.28328409790992737,0.7167159020900726,2.2927609809619187
75xof1__6zgprb,75xof1,6zgprb,True,,4,2,0,1.0,0.0,1.0,0.0,1.583
2s8u3j__6f89rn,2s8u3j,6f89rn,True,,1,5,0,1.0,0.0,1.0,0.0,1.583
2c109s__23wxuw,2c109s,23wxuw,True,,1,3,1,0.5,0.5,0.26557086408138275,0.7344291359186172,2.3699333700343965
2fqzav__7d8ttc,2fqzav,7d8ttc,True,,6,1,0,1.0,0.0,1.0,0.0,1.583
4izi0x__5lr2ec,4izi0x,5lr2ec,True,,2,3,0,1.0,0.0,1.0,0.0,1.583
3lclh1__4ul2su,3lclh1,4ul2su,True,,7,1,1,0.75,0.25,0.3511895537376404,0.6488104462623596,2.2394490757644174
57uc94__3tf8sl,57uc94,3tf8sl,True,,3,2,0,1.0,0.0,1.0,0.0,1.583
2vjj3m__99tcwp,2vjj3m,99tcwp,True,,7,6,5,0.17391304347826086,0.8260869565217391,0.3866189144551754,0.6133810855448246,2.3227887697033553
3vkzok__91dtox,3vkzok,91dtox,True,,7,2,0,1.0,0.0,1.0,0.0,1.583
3jas05__66lsmj,3jas05,66lsmj,True,,2,3,0,1.0,0.0,1.0,0.0,1.583
5pl7ai__hugqa,5pl7ai,hugqa,True,,1,1,0,1.0,0.0,1.0,0.0,1.583
1b70yg__9ujuxu,1b70yg,9ujuxu,True,,4,4,0,1.0,0.0,1.0,0.0,1.583
71y4jw__9q5dlp,71y4jw,9q5dlp,True,,3,3,0,1.0,0.0,1.0,0.0,1.583
7i40rq__1a8s1t,7i40rq,1a8s1t,True,,4,3,0,1.0,0.0,1.0,0.0,1.583
39ixii__3bw6x5,39ixii,3bw6x5,True,,3,4,0,1.0,0.0,1.0,0.0,1.583
20jcgv__2gf1k8,20jcgv,2gf1k8,True,,3,4,0,1.0,0.0,1.0,0.0,1.583
3wwhcn__8f38qv,3wwhcn,8f38qv,True,,3,2,1,0.6,0.4,0.41396550834178925,0.5860344916582108,2.211137611759603
1sph3h__8d78fl,1sph3h,8d78fl,True,,6,4,0,1.0,0.0,1.0,0.0,1.583
6e8ksl__3n43a5,6e8ksl,3n43a5,True,,6,5,0,1.0,0.0,1.0,0.0,1.583
6vmu4s__6wy1ty,6vmu4s,6wy1ty,True,,4,2,0,1.0,0.0,1.0,0.0,1.583
5tv8s5__37nyeh,5tv8s5,37nyeh,True,,4,5,0,1.0,0.0,1.0,0.0,1.583
2rxfxj__7900mk,2rxfxj,7900mk,True,,2,1,0,1.0,0.0,1.0,0.0,1.583
4kd4yu__9lgt6w,4kd4yu,9lgt6w,True,,7,5,3,0.4,0.6,0.4469840669383605,0.5530159330616395,2.220721579886265
1ddn51__63qo85,1ddn51,63qo85,True,,3,2,1,0.6,0.4,0.23613125085830688,0.7638687491416931,2.3772170248234272
2uk639__6q1lm3,2uk639,6q1lm3,True,,5,3,0,1.0,0.0,1.0,0.0,1.583
3bpim9__8erjh5,3bpim9,8erjh5,True,,3,4,0,1.0,0.0,1.0,0.0,1.583
3agprf__77hyq7,3agprf,77hyq7,True,,4,4,0,1.0,0.0,1.0,0.0,1.583
92t6xr__6h8zjc,92t6xr,6h8zjc,True,,4,2,0,1.0,0.0,1.0,0.0,1.583
5x6be1__4x4d8u,5x6be1,4x4d8u,True,,5,2,0,1.0,0.0,1.0,0.0,1.583
2sy4o5__10eqw5,2sy4o5,10eqw5,True,,4,1,0,1.0,0.0,1.0,0.0,1.583
3w1q69__4virgd,3w1q69,4virgd,True,,4,3,2,0.375,0.625,0.42234988510608673,0.5776501148939133,2.2487799422994255
3jqyd6__15c4x2,3jqyd6,15c4x2,True,,3,3,2,0.42857142857142855,0.5714285714285714,0.3962961658835411,0.6037038341164589,2.262284724967075
5gglcv__9aei5f,5gglcv,9aei5f,True,,7,1,0,1.0,0.0,1.0,0.0,1.583
6i57tr__1klp6h,6i57tr,1klp6h,True,,5,2,0,1.0,0.0,1.0,0.0,1.583
3qyntk__3pr4xd,3qyntk,3pr4xd,True,,1,4,0,1.0,0.0,1.0,0.0,1.583
1ajynt__9hmz5e,1ajynt,9hmz5e,True,,4,4,3,0.18181818181818182,0.8181818181818181,0.33032185832659405,0.6696781416734059,2.373766961963339
68cqor__6p5c81,68cqor,6p5c81,True,,4,4,1,0.75,0.25,0.4303293898701668,0.5696706101298332,2.165540382800251
5wijfa__3cnoot,5wijfa,3cnoot,True,,2,2,0,1.0,0.0,1.0,0.0,1.583
2chfv3__986z8f,2chfv3,986z8f,True,,5,1,1,0.6666666666666666,0.33333333333333337,0.324934184551239,0.675065815448761,2.2808106317142642
3d7len__17erdr,3d7len,17erdr,True,,1,5,1,0.6666666666666666,0.33333333333333337,0.33612677454948425,0.6638732254505157,2.270357871914903
2979iy__9sz5ug,2979iy,9sz5ug,True,,2,15,0,1.0,0.0,1.0,0.0,1.583
3jq7p4__9gq22f,3jq7p4,9gq22f,True,,3,4,1,0.7142857142857143,0.2857142857142857,0.3147936910390854,0.6852063089609146,2.280657029081455
1zy2xq__945bwa,1zy2xq,945bwa,True,,4,2,2,0.2857142857142857,0.7142857142857143,0.3866869658231735,0.6133130341768265,2.300130185474881
7cb69f__8wgnan,7cb69f,8wgnan,True,,1,4,0,1.0,0.0,1.0,0.0,1.583
3fynsr__3l7r15,3fynsr,3l7r15,True,,1,2,0,1.0,0.0,1.0,0.0,1.583
3cc11u__2ylbd7,3cc11u,2ylbd7,True,,2,4,0,1.0,0.0,1.0,0.0,1.583
8xd2r3__7ghfws,8xd2r3,7ghfws,True,,5,5,1,0.8,0.19999999999999996,0.3930821940302849,0.6069178059697151,2.190220538995117
4ipnu7__64hf4i,4ipnu7,64hf4i,True,,5,2,0,1.0,0.0,1.0,0.0,1.583
5j36jn__3tb56y,5j36jn,3tb56y,True,,1,3,0,1.0,0.0,1.0,0.0,1.583
8s1pmp__8s2xm4,8s1pmp,8s2xm4,True,,4,7,0,1.0,0.0,1.0,0.0,1.583
6p0cpn__7bd0bx,6p0cpn,7bd0bx,True,,7,4,2,0.5833333333333334,0.41666666666666663,0.2768469452857971,0.7231530547142029,2.3425609711309274
37zp8t__71qiun,37zp8t,71qiun,True,,3,6,0,1.0,0.0,1.0,0.0,1.583
2trbm7__3spsmc,2trbm7,3spsmc,True,,1,9,0,1.0,0.0,1.0,0.0,1.583
3r8l7h__260fwv,3r8l7h,260fwv,True,,6,7,0,1.0,0.0,1.0,0.0,1.583
8g86nn__2hl343,8g86nn,2hl343,True,,5,8,3,0.4375,0.5625,0.44426913497348625,0.5557308650265138,2.215678304848261
6epc9m__7cqty5,6epc9m,7cqty5,True,,1,5,0,1.0,0.0,1.0,0.0,1.583
2bngcd__2lkxvg,2bngcd,2lkxvg,True,,2,1,0,1.0,0.0,1.0,0.0,1.583
34cehl__3a0e8u,34cehl,3a0e8u,True,,5,1,0,1.0,0.0,1.0,0.0,1.583
3927kg__649me2,3927kg,649me2,True,,4,3,4,0.17647058823529413,0.8235294117647058,0.3757660284638405,0.6242339715361596,2.332407400135266
3ouz0x__2plisg,3ouz0x,2plisg,True,,5,6,0,1.0,0.0,1.0,0.0,1.583
2e0hyb__5kd1x8,2e0hyb,5kd1x8,True,,3,1,0,1.0,0.0,1.0,0.0,1.583
8kvpu4__1zo18j,8kvpu4,1zo18j,True,,5,4,0,1.0,0.0,1.0,0.0,1.583
8ty4f6__6pqc9f,8ty4f6,6pqc9f,True,,3,8,0,1.0,0.0,1.0,0.0,1.583
4tyhy1__8p6hrt,4tyhy1,8p6hrt,True,,4,4,1,0.75,0.25,0.3712756782770157,0.6287243217229843,2.220690644057095
2hoetb__3gmpu3,2hoetb,3gmpu3,True,,5,4,0,1.0,0.0,1.0,0.0,1.583
1w9m11__30cc1w,1w9m11,30cc1w,True,,3,2,0,1.0,0.0,1.0,0.0,1.583
8mrjao__964jdv,8mrjao,964jdv,True,,4,1,0,1.0,0.0,1.0,0.0,1.583
9lf0gt__3wwf29,9lf0gt,3wwf29,True,,3,3,0,1.0,0.0,1.0,0.0,1.583
5j9uer__37n97t,5j9uer,37n97t,True,,7,4,0,1.0,0.0,1.0,0.0,1.583
3599ds__3c256f,3599ds,3c256f,True,,2,5,0,1.0,0.0,1.0,0.0,1.583
3clnwp__63w2rb,3clnwp,63w2rb,True,,1,5,1,0.0,1.0,0.3988341100513935,0.6011658899486065,2.3465288246230034
2txndn__9ijwfe,2txndn,9ijwfe,True,,4,1,0,1.0,0.0,1.0,0.0,1.583
8720ac__4srbgd,8720ac,4srbgd,True,,3,2,0,1.0,0.0,1.0,0.0,1.583
3gva1a__5fhgl8,3gva1a,5fhgl8,True,,8,5,0,1.0,0.0,1.0,0.0,1.583
3fks1r__5sy3q8,3fks1r,5sy3q8,True,,4,3,1,0.7142857142857143,0.2857142857142857,0.3333544135093689,0.6666455864906311,2.2633231703664576
14kxd5__1p5yq7,14kxd5,1p5yq7,True,,1,4,0,1.0,0.0,1.0,0.0,1.583
5gn8mw__660q28,5gn8mw,660q28,True,,5,3,0,1.0,0.0,1.0,0.0,1.583
63w2rb__4xepv9,63w2rb,4xepv9,True,,5,3,0,1.0,0.0,1.0,0.0,1.583
2xxhcy__3e8vq6,2xxhcy,3e8vq6,True,,2,1,0,1.0,0.0,1.0,0.0,1.583
8iclbi__6mrd60,8iclbi,6mrd60,True,,2,2,0,1.0,0.0,1.0,0.0,1.583
74gbs9__1pl0uq,74gbs9,1pl0uq,True,,8,9,2,0.7222222222222222,0.2777777777777778,0.40742971934378147,0.5925702806562185,2.1925402739937314
38z6ny__1y6vto,38z6ny,1y6vto,True,,5,2,0,1.0,0.0,1.0,0.0,1.583
8g3mek__5pl7ai,8g3mek,5pl7ai,True,,2,1,0,1.0,0.0,1.0,0.0,1.583
94h4c1__4vum09,94h4c1,4vum09,True,,3,3,0,1.0,0.0,1.0,0.0,1.583
5erifr__8njvt9,5erifr,8njvt9,True,,3,5,0,1.0,0.0,1.0,0.0,1.583
2w82tx__83l8xu,2w82tx,83l8xu,True,,2,2,0,1.0,0.0,1.0,0.0,1.583
3bmh8z__9k62qj,3bmh8z,9k62qj,True,,1,1,0,1.0,0.0,1.0,0.0,1.583
2s1lrc__9xx3b6,2s1lrc,9xx3b6,True,,5,4,0,1.0,0.0,1.0,0.0,1.583
31e6tb__1q3p9l,31e6tb,1q3p9l,True,,2,16,0,1.0,0.0,1.0,0.0,1.583
9p6ymt__97kx9f,9p6ymt,97kx9f,True,,2,5,0,1.0,0.0,1.0,0.0,1.583
8ixe7x__3irc7v,8ixe7x,3irc7v,True,,2,5,0,1.0,0.0,1.0,0.0,1.583
9j9ksc__5dw5io,9j9ksc,5dw5io,True,,3,2,1,0.6,0.4,0.39982667565345764,0.6001733243465424,2.2243418676072357
1w063l__8pfotk,1w063l,8pfotk,True,,2,2,0,1.0,0.0,1.0,0.0,1.583
3fbqyr__6hvqt4,3fbqyr,6hvqt4,True,,8,3,0,1.0,0.0,1.0,0.0,1.583
55bm5v__13z3k5,55bm5v,13z3k5,True,,5,7,0,1.0,0.0,1.0,0.0,1.583
8ge2ek__4ul2su,8ge2ek,4ul2su,True,,6,1,0,1.0,0.0,1.0,0.0,1.583
31urq9__36u8b6,31urq9,36u8b6,True,,4,2,0,1.0,0.0,1.0,0.0,1.583
73d411__2x0v24,73d411,2x0v24,True,,4,4,0,1.0,0.0,1.0,0.0,1.583
3kk6mx__641g03,3kk6mx,641g03,True,,4,5,0,1.0,0.0,1.0,0.0,1.583
3bu8bm__9blohy,3bu8bm,9blohy,True,,4,11,0,1.0,0.0,1.0,0.0,1.583
3ky3tw__7bjgn3,3ky3tw,7bjgn3,True,,4,10,0,1.0,0.0,1.0,0.0,1.583
17g6w2__2v7h2h,17g6w2,2v7h2h,True,,4,2,1,0.25,0.75,0.4494864051230252,0.5505135948769748,2.2486996462556066
3r8l7h__2zagjt,3r8l7h,2zagjt,True,,6,2,0,1.0,0.0,1.0,0.0,1.583
97k9fh__649me2,97k9fh,649me2,True,,7,3,2,0.5454545454545454,0.4545454545454546,0.41635707952082157,0.5836429204791784,2.219927759799141
8it8zd__4m2nms,8it8zd,4m2nms,True,,4,2,2,0.2857142857142857,0.7142857142857143,0.3989607058465481,0.6010392941534519,2.2886677396670514
99hgal__874lyi,99hgal,874lyi,True,,1,2,0,1.0,0.0,1.0,0.0,1.583
3ahbvm__583t45,3ahbvm,583t45,True,,2,4,0,1.0,0.0,1.0,0.0,1.583
2oegcg__34d5nx,2oegcg,34d5nx,True,,7,3,0,1.0,0.0,1.0,0.0,1.583
292658__336w4p,292658,336w4p,True,,3,3,0,1.0,0.0,1.0,0.0,1.583
4qbrp7__9df5b3,4qbrp7,9df5b3,True,,1,2,0,1.0,0.0,1.0,0.0,1.583
8ftuku__4uxoo7,8ftuku,4uxoo7,True,,2,8,0,1.0,0.0,1.0,0.0,1.583
3xoh0k__91dhh9,3xoh0k,91dhh9,True,,4,3,0,1.0,0.0,1.0,0.0,1.583
4kpyc9__3smckt,4kpyc9,3smckt,True,,3,4,0,1.0,0.0,1.0,0.0,1.583
30m8qh__4jtj8f,30m8qh,4jtj8f,True,,3,7,1,0.8,0.19999999999999996,0.36205944418907166,0.6379405558109283,2.2191926850718255
1wfr4o__3tz1to,1wfr4o,3tz1to,True,,2,3,1,0.6,0.4,0.3828627020120621,0.6171372979879379,2.240184522590935
3irc7v__8ufz2h,3irc7v,8ufz2h,True,,5,5,0,1.0,0.0,1.0,0.0,1.583
6ia6lc__2obo7a,6ia6lc,2obo7a,True,,1,1,0,1.0,0.0,1.0,0.0,1.583
9ddaj6__2ncybk,9ddaj6,2ncybk,True,,5,2,0,1.0,0.0,1.0,0.0,1.583
9rfx1d__92sgaf,9rfx1d,92sgaf,True,,6,7,0,1.0,0.0,1.0,0.0,1.583
1zrcc8__9x2xp8,1zrcc8,9x2xp8,True,,1,4,0,1.0,0.0,1.0,0.0,1.583
28hzfj__4szj59,28hzfj,4szj59,True,,7,8,0,1.0,0.0,1.0,0.0,1.583
8hu3uw__9bkeba,8hu3uw,9bkeba,True,,4,4,0,1.0,0.0,1.0,0.0,1.583
4cvg7t__3xzfsn,4cvg7t,3xzfsn,True,,2,3,0,1.0,0.0,1.0,0.0,1.583
3bfs0r__9wjit0,3bfs0r,9wjit0,True,,1,2,0,1.0,0.0,1.0,0.0,1.583
35ac30__89df4q,35ac30,89df4q,True,,3,2,0,1.0,0.0,1.0,0.0,1.583
9i3wci__3o72xb,9i3wci,3o72xb,True,,3,2,0,1.0,0.0,1.0,0.0,1.583
8c2p3v__2gbobw,8c2p3v,2gbobw,True,,2,2,0,1.0,0.0,1.0,0.0,1.583
8w6ger__3cfnz1,8w6ger,3cfnz1,True,,4,5,1,0.7777777777777778,0.2222222222222222,0.3970221132040024,0.6029778867959976,2.191032159589893
6yo8mt__2bpoae,6yo8mt,2bpoae,True,,2,3,0,1.0,0.0,1.0,0.0,1.583
2fzqrh__5mo7pp,2fzqrh,5mo7pp,True,,5,4,1,0.7777777777777778,0.2222222222222222,0.4549919106066227,0.5450080893933773,2.136894165795586
2vi5q5__9ozr79,2vi5q5,9ozr79,True,,1,3,1,0.0,1.0,0.3502768824497859,0.6497231175502141,2.3918764194801447
3al372__17qlgo,3al372,17qlgo,True,,7,4,1,0.8181818181818182,0.18181818181818177,0.2913227528333664,0.7086772471666336,2.2815791356743738
3id79o__8ml0wk,3id79o,8ml0wk,True,,5,8,0,1.0,0.0,1.0,0.0,1.583
15lzum__6q4spu,15lzum,6q4spu,True,,5,4,0,1.0,0.0,1.0,0.0,1.583
2cslz6__2c67ni,2cslz6,2c67ni,True,,3,3,0,1.0,0.0,1.0,0.0,1.583
5rxhtz__m4n05,5rxhtz,m4n05,True,,4,9,0,1.0,0.0,1.0,0.0,1.583
92mf3z__5fzgcs,92mf3z,5fzgcs,True,,2,2,0,1.0,0.0,1.0,0.0,1.583
4eecrm__4izi0x,4eecrm,4izi0x,True,,3,2,0,1.0,0.0,1.0,0.0,1.583
38e99v__37i3s7,38e99v,37i3s7,True,,5,3,0,1.0,0.0,1.0,0.0,1.583
4jsfb5__2cd206,4jsfb5,2cd206,True,,4,4,3,0.07142857142857142,0.9285714285714286,0.3763268534094095,0.6236731465905905,2.3531126373152382
3n0nfm__4l37nb,3n0nfm,4l37nb,True,,2,4,0,1.0,0.0,1.0,0.0,1.583
32hnox__1qcx19,32hnox,1qcx19,True,,5,1,0,1.0,0.0,1.0,0.0,1.583
4d6gfk__1u2aiw,4d6gfk,1u2aiw,True,,4,1,0,1.0,0.0,1.0,0.0,1.583
2dm81u__3io3nf,2dm81u,3io3nf,True,,8,3,0,1.0,0.0,1.0,0.0,1.583
33leq9__5iy7p1,33leq9,5iy7p1,True,,1,4,0,1.0,0.0,1.0,0.0,1.583
3ajvr7__9e7gqt,3ajvr7,9e7gqt,True,,4,11,0,1.0,0.0,1.0,0.0,1.583
9h0bo6__3sbvka,9h0bo6,3sbvka,True,,4,5,0,1.0,0.0,1.0,0.0,1.583
99hgal__2o59a7,99hgal,2o59a7,True,,1,3,0,1.0,0.0,1.0,0.0,1.583
3ij6ys__25ro35,3ij6ys,25ro35,True,,1,4,0,1.0,0.0,1.0,0.0,1.583
2xs5ij__6o1zfv,2xs5ij,6o1zfv,True,,5,7,0,1.0,0.0,1.0,0.0,1.583
4zkl1n__44cf61,4zkl1n,44cf61,True,,1,10,0,1.0,0.0,1.0,0.0,1.583
2d4tut__15af5t,2d4tut,15af5t,True,,2,2,0,1.0,0.0,1.0,0.0,1.583
170qo0__3uocmt,170qo0,3uocmt,True,,5,2,0,1.0,0.0,1.0,0.0,1.583
4onswk__9eht55,4onswk,9eht55,True,,2,1,0,1.0,0.0,1.0,0.0,1.583
7u7tfv__9j9c41,7u7tfv,9j9c41,True,,8,4,0,1.0,0.0,1.0,0.0,1.583
3mip0m__4yl99e,3mip0m,4yl99e,True,,3,4,0,1.0,0.0,1.0,0.0,1.583
2cqsgr__794sud,2cqsgr,794sud,True,,6,1,1,0.7142857142857143,0.2857142857142857,0.4345698952674866,0.5654301047325134,2.1687980319525515
1p5yq7__3hsvoa,1p5yq7,3hsvoa,True,,4,6,0,1.0,0.0,1.0,0.0,1.583
26repv__3r6wi8,26repv,3r6wi8,True,,8,2,0,1.0,0.0,1.0,0.0,1.583
6vsic0__3cdsoc,6vsic0,3cdsoc,True,,4,2,0,1.0,0.0,1.0,0.0,1.583
35hsh8__52se7j,35hsh8,52se7j,True,,1,6,1,0.7142857142857143,0.2857142857142857,0.22052770853042603,0.779472291469574,2.368692030146292
3iw836__8o7cco,3iw836,8o7cco,True,,4,3,0,1.0,0.0,1.0,0.0,1.583
31hj38__5ay2eo,31hj38,5ay2eo,True,,2,5,0,1.0,0.0,1.0,0.0,1.583
1whvet__2hais9,1whvet,2hais9,True,,3,5,0,1.0,0.0,1.0,0.0,1.583
9aont6__9snvt4,9aont6,9snvt4,True,,4,5,2,0.5,0.5,0.4635755503550172,0.5364244496449828,2.1850167935234497
3bl3ek__431gpa,3bl3ek,431gpa,True,,8,1,1,0.7777777777777778,0.2222222222222222,0.4423428475856781,0.5576571524143219,2.148707125750846
