pair_id,story_a_id,story_b_id,ok,error,num_events_a,num_events_b,num_matches,D_alignment,alignment_similarity,D_semantic,semantic_similarity,pred_event_rating_mean_joint
9rprs0__3986p3,9rprs0,3986p3,True,,2,1,0,1.0,0.0,1.0,0.0,1.583
9n9qs4__9dtapa,9n9qs4,9dtapa,True,,3,7,3,0.1875,0.8125,0.45005055563524365,0.5499494443647563,2.260804036092246
5w3bgs__7au7vs,5w3bgs,7au7vs,True,,1,6,0,1.0,0.0,1.0,0.0,1.583
30ynhu__3l0qyk,30ynhu,3l0qyk,True,,2,1,0,1.0,0.0,1.0,0.0,1.583
6uf7ty__9jvbv3,6uf7ty,9jvbv3,True,,8,3,0,1.0,0.0,1.0,0.0,1.583
2spi9c__2l8b74,2spi9c,2l8b74,True,,3,3,0,1.0,0.0,1.0,0.0,1.583
2schv9__3wqhqs,2schv9,3wqhqs,True,,5,5,5,0.0,1.0,0.45089854765101334,0.5491014523489867,2.2979058463487183
9buvtz__1yzweq,9buvtz,1yzweq,True,,5,1,0,1.0,0.0,1.0,0.0,1.583
730mf1__8lcw67,730mf1,8lcw67,True,,6,7,0,1.0,0.0,1.0,0.0,1.583
26d3dg__7zh1od,26d3dg,7zh1od,True,,3,3,0,1.0,0.0,1.0,0.0,1.583
1a5uar__3vnmg0,1a5uar,3vnmg0,True,,2,10,0,1.0,0.0,1.0,0.0,1.583
1rc1no__2v9w6p,1rc1no,2v9w6p,True,,1,2,0,1.0,0.0,1.0,0.0,1.583
337v72__5v975j,337v72,5v975j,True,,2,5,0,1.0,0.0,1.0,0.0,1.583
722n14__18ce5s,722n14,18ce5s,True,,3,10,3,0.08620689655172414,0.9137931034482758,0.35677979588508607,0.643220204114914,2.3683809348298146
30aznd__3rm2jy,30aznd,3rm2jy,True,,1,3,0,1.0,0.0,1.0,0.0,1.583
9dzpzz__29jih0,9dzpzz,29jih0,True,,3,3,0,1.0,0.0,1.0,0.0,1.583
6plwx7__p44z2,6plwx7,p44z2,True,,3,3,0,1.0,0.0,1.0,0.0,1.583
3fp0de__96kqec,3fp0de,96kqec,True,,3,2,0,1.0,0.0,1.0,0.0,1.583
2aer9v__9c8ip5,2aer9v,9c8ip5,True,,9,4,1,0.8461538461538461,0.15384615384615385,0.3933354392647743,0.6066645607352257,2.180656340962935
9xjd3x__971q3u,9xjd3x,971q3u,True,,4,7,3,0.35714285714285715,0.6428571428571428,0.3576655487219493,0.6423344512780507,2.31279757262
98pupx__1ojy01,98pupx,1ojy01,True,,6,2,1,0.75,0.25,0.47768492065370083,0.5223150793462992,2.1213150526015085
8l326g__2zjyg6,8l326g,2zjyg6,True,,2,4,0,1.0,0.0,1.0,0.0,1.583
9y8e9j__3b857o,9y8e9j,3b857o,True,,7,3,0,1.0,0.0,1.0,0.0,1.583
7f5ora__3lvuz1,7f5ora,3lvuz1,True,,6,5,0,1.0,0.0,1.0,0.0,1.583
3jgl49__9mp3i8,3jgl49,9mp3i8,True,,5,6,0,1.0,0.0,1.0,0.0,1.583
4y064o__5iys4x,4y064o,5iys4x,True,,1,4,0,1.0,0.0,1.0,0.0,1.583
2wge7k__2fskc9,2wge7k,2fskc9,True,,11,7,0,1.0,0.0,1.0,0.0,1.583
35o5eg__1ks3xk,35o5eg,1ks3xk,True,,2,3,0,1.0,0.0,1.0,0.0,1.583
3yuxf7__9nrnie,3yuxf7,9nrnie,True,,3,8,0,1.0,0.0,1.0,0.0,1.583
4f3sat__35x8i2,4f3sat,35x8i2,True,,3,2,0,1.0,0.0,1.0,0.0,1.583
3fks1r__15rvxl,3fks1r,15rvxl,True,,4,2,0,1.0,0.0,1.0,0.0,1.583
1ultj4__2mrsnz,1ultj4,2mrsnz,True,,1,3,0,1.0,0.0,1.0,0.0,1.583
3rsfam__9alwa4,3rsfam,9alwa4,True,,5,4,0,1.0,0.0,1.0,0.0,1.583
3g9rgq__9ur4s8,3g9rgq,9ur4s8,True,,3,3,0,1.0,0.0,1.0,0.0,1.583
1kjvub__2ksl18,1kjvub,2ksl18,True,,5,3,0,1.0,0.0,1.0,0.0,1.583
39iaxb__326riq,39iaxb,326riq,True,,2,2,0,1.0,0.0,1.0,0.0,1.583
9fn4bl__91gste,9fn4bl,91gste,True,,4,5,2,0.5,0.5,0.3790812473744154,0.6209187526255846,2.2639260230770333
74r1qc__7gpfjz,74r1qc,7gpfjz,True,,2,9,0,1.0,0.0,1.0,0.0,1.583
65zh1p__6plwx7,65zh1p,6plwx7,True,,1,3,0,1.0,0.0,1.0,0.0,1.583
3cdsoc__3ov6n0,3cdsoc,3ov6n0,True,,2,5,1,0.7142857142857143,0.2857142857142857,0.24297231435775757,0.7570276856422424,2.347731012764147
2trp2l__26xejp,2trp2l,26xejp,True,,8,1,0,1.0,0.0,1.0,0.0,1.583
90vqpv__9ah10q,90vqpv,9ah10q,True,,2,1,0,1.0,0.0,1.0,0.0,1.583
53azlv__1hhf0a,53azlv,1hhf0a,True,,5,2,0,1.0,0.0,1.0,0.0,1.583
1hc5m8__77b18y,1hc5m8,77b18y,True,,4,6,0,1.0,0.0,1.0,0.0,1.583
9gp3rx__5hazw8,9gp3rx,5hazw8,True,,5,4,0,1.0,0.0,1.0,0.0,1.583
887vxr__2jefth,887vxr,2jefth,True,,2,1,0,1.0,0.0,1.0,0.0,1.583
9lzoxi__5uc9ei,9lzoxi,5uc9ei,True,,4,9,2,0.36585365853658536,0.6341463414634146,0.40074802306480706,0.5992519769351929,2.2708023968695326
8h5o0z__6tgxmy,8h5o0z,6tgxmy,True,,4,11,0,1.0,0.0,1.0,0.0,1.583
35w8vc__2o4ixm,35w8vc,2o4ixm,True,,2,2,0,1.0,0.0,1.0,0.0,1.583
2guga6__7g219e,2guga6,7g219e,True,,5,3,2,0.5555555555555556,0.4444444444444444,0.380775798112154,0.619224201887846,2.2511157043652816
2f4lal__7cl53q,2f4lal,7cl53q,True,,4,2,0,1.0,0.0,1.0,0.0,1.583
2sfnpw__38hxgf,2sfnpw,38hxgf,True,,1,6,0,1.0,0.0,1.0,0.0,1.583
9musnv__8antha,9musnv,8antha,True,,10,4,2,0.2413793103448276,0.7586206896551724,0.3282460682094097,0.6717539317905903,2.3636682382785423
9p4ej5__40bls2,9p4ej5,40bls2,True,,3,7,0,1.0,0.0,1.0,0.0,1.583
9crlw4__6o8vgu,9crlw4,6o8vgu,True,,4,2,0,1.0,0.0,1.0,0.0,1.583
8golrs__9pyg97,8golrs,9pyg97,True,,11,5,5,0.38461538461538464,0.6153846153846154,0.3682419076561928,0.6317580923438072,2.2973681132091124
2chfv3__77pan3,2chfv3,77pan3,True,,5,4,5,0.0,1.0,0.4189171500504017,0.5810828499495984,2.3277732735679297
2cc9wt__8ol6if,2cc9wt,8ol6if,True,,2,4,0,1.0,0.0,1.0,0.0,1.583
3ahbvm__1khp1i,3ahbvm,1khp1i,True,,2,2,0,1.0,0.0,1.0,0.0,1.583
2khn79__5oezne,2khn79,5oezne,True,,4,7,0,1.0,0.0,1.0,0.0,1.583
6em8xb__4i5p4t,6em8xb,4i5p4t,True,,3,3,0,1.0,0.0,1.0,0.0,1.583
8t5sww__3uwaqi,8t5sww,3uwaqi,True,,6,6,0,1.0,0.0,1.0,0.0,1.583
1e0coa__23900j,1e0coa,23900j,True,,5,4,1,0.7777777777777778,0.2222222222222222,0.38335247337818146,0.6166475266218185,2.2037982362232276
1uybs0__4h4iva,1uybs0,4h4iva,True,,11,8,5,0.3235294117647059,0.6764705882352942,0.28702785323063534,0.7129721467693646,2.3855593937502624
2c5j24__3rch5z,2c5j24,3rch5z,True,,6,2,1,0.75,0.25,0.30312228202819824,0.6968777179718018,2.2843391008138654
3sd0vu__7e7lur,3sd0vu,7e7lur,True,,3,4,2,0.375,0.625,0.40859637036919594,0.5914036296308041,2.261624349712208
5wijfa__3pzaoa,5wijfa,3pzaoa,True,,2,1,0,1.0,0.0,1.0,0.0,1.583
2nw5re__3mfxsi,2nw5re,3mfxsi,True,,7,2,0,1.0,0.0,1.0,0.0,1.583
8to8xk__8yk8rf,8to8xk,8yk8rf,True,,3,6,0,1.0,0.0,1.0,0.0,1.583
39elx7__6pyj66,39elx7,6pyj66,True,,4,4,0,1.0,0.0,1.0,0.0,1.583
33aom6__8no2zx,33aom6,8no2zx,True,,3,1,0,1.0,0.0,1.0,0.0,1.583
5l1bxq__6z7th6,5l1bxq,6z7th6,True,,2,4,0,1.0,0.0,1.0,0.0,1.583
8720ac__94kczb,8720ac,94kczb,True,,3,3,0,1.0,0.0,1.0,0.0,1.583
39ghl7__9de1nq,39ghl7,9de1nq,True,,7,2,0,1.0,0.0,1.0,0.0,1.583
2yr44v__1u6xsf,2yr44v,1u6xsf,True,,2,6,0,1.0,0.0,1.0,0.0,1.583
2lbtw2__9upmxa,2lbtw2,9upmxa,True,,4,8,6,0.14814814814814814,0.8518518518518519,0.35469283411900204,0.6453071658809979,2.3578116214755234
56ngpe__9ccrxj,56ngpe,9ccrxj,True,,3,3,0,1.0,0.0,1.0,0.0,1.583
9t5uwd__1lbb4d,9t5uwd,1lbb4d,True,,5,4,0,1.0,0.0,1.0,0.0,1.583
3klo2f__1n378q,3klo2f,1n378q,True,,3,2,0,1.0,0.0,1.0,0.0,1.583
uo548__5lxcfj,uo548,5lxcfj,True,,4,3,0,1.0,0.0,1.0,0.0,1.583
78iwm7__6q4l16,78iwm7,6q4l16,True,,1,2,0,1.0,0.0,1.0,0.0,1.583
2dd322__3rgpxo,2dd322,3rgpxo,True,,3,1,0,1.0,0.0,1.0,0.0,1.583
3d9znn__1scbv6,3d9znn,1scbv6,True,,2,6,0,1.0,0.0,1.0,0.0,1.583
3iaoho__4x6y03,3iaoho,4x6y03,True,,3,1,1,0.5,0.5,0.37764301151037216,0.6223569884896278,2.2652691915504635
2i9qsl__2pdv0n,2i9qsl,2pdv0n,True,,4,6,0,1.0,0.0,1.0,0.0,1.583
3uykt9__5fmwkk,3uykt9,5fmwkk,True,,5,4,1,0.7777777777777778,0.2222222222222222,0.37342655658721924,0.6265734434127808,2.213068049914307
8av634__94gct0,8av634,94gct0,True,,5,3,0,1.0,0.0,1.0,0.0,1.583
3bfp81__3gf9tt,3bfp81,3gf9tt,True,,2,2,0,1.0,0.0,1.0,0.0,1.583
1xc389__5v9sks,1xc389,5v9sks,True,,2,4,0,1.0,0.0,1.0,0.0,1.583
9iynfy__44frso,9iynfy,44frso,True,,7,6,0,1.0,0.0,1.0,0.0,1.583
28gsxe__3rkyfy,28gsxe,3rkyfy,True,,2,5,1,0.7142857142857143,0.2857142857142857,0.250511109828949,0.749488890171051,2.3406905316736015
2rndor__3dpk4u,2rndor,3dpk4u,True,,10,9,0,1.0,0.0,1.0,0.0,1.583
87004i__37r52a,87004i,37r52a,True,,3,3,0,1.0,0.0,1.0,0.0,1.583
5rdlzq__9jaj4v,5rdlzq,9jaj4v,True,,6,3,0,1.0,0.0,1.0,0.0,1.583
2ylksx__99mq9j,2ylksx,99mq9j,True,,2,3,2,0.16666666666666666,0.8333333333333334,0.3845062777400017,0.6154937222599983,2.326226253885279
33m5k3__5z318w,33m5k3,5z318w,True,,1,1,0,1.0,0.0,1.0,0.0,1.583
8ticiy__4s36hr,8ticiy,4s36hr,True,,2,7,0,1.0,0.0,1.0,0.0,1.583
37n4vk__9j9f3q,37n4vk,9j9f3q,True,,6,4,0,1.0,0.0,1.0,0.0,1.583
5ppg4c__6xr1jp,5ppg4c,6xr1jp,True,,3,4,0,1.0,0.0,1.0,0.0,1.583
3ny3ow__3dxcyw,3ny3ow,3dxcyw,True,,4,1,0,1.0,0.0,1.0,0.0,1.583
2jygpe__v4w8g,2jygpe,v4w8g,True,,3,7,0,1.0,0.0,1.0,0.0,1.583
1p4zu4__3cyusq,1p4zu4,3cyusq,True,,3,5,0,1.0,0.0,1.0,0.0,1.583
4u8v3k__3d80pf,4u8v3k,3d80pf,True,,1,4,0,1.0,0.0,1.0,0.0,1.583
30pa3a__2jw2ta,30pa3a,2jw2ta,True,,6,1,0,1.0,0.0,1.0,0.0,1.583
73qhpq__7n1jw5,73qhpq,7n1jw5,True,,4,7,0,1.0,0.0,1.0,0.0,1.583
4anepv__7uwplb,4anepv,7uwplb,True,,4,2,0,1.0,0.0,1.0,0.0,1.583
9ss80l__7e7lur,9ss80l,7e7lur,True,,9,4,0,1.0,0.0,1.0,0.0,1.583
3cdrpo__794xuo,3cdrpo,794xuo,True,,4,2,0,1.0,0.0,1.0,0.0,1.583
4wxi3a__1xo5yr,4wxi3a,1xo5yr,True,,6,2,0,1.0,0.0,1.0,0.0,1.583
63g438__1x8zce,63g438,1x8zce,True,,2,1,0,1.0,0.0,1.0,0.0,1.583
39w11r__9l3u0q,39w11r,9l3u0q,True,,3,2,0,1.0,0.0,1.0,0.0,1.583
32yaes__3vzco7,32yaes,3vzco7,True,,4,5,0,1.0,0.0,1.0,0.0,1.583
8jm2vj__9s1qxh,8jm2vj,9s1qxh,True,,2,4,1,0.6666666666666666,0.33333333333333337,0.3077472597360611,0.6922527402639389,2.2968615007991593
898xwh__8o7cco,898xwh,8o7cco,True,,3,3,1,0.6666666666666666,0.33333333333333337,0.34373559057712555,0.6562644094228745,2.263251998626689
7f6i87__6zlpc7,7f6i87,6zlpc7,True,,9,5,0,1.0,0.0,1.0,0.0,1.583
31e51l__6fcvf4,31e51l,6fcvf4,True,,1,2,0,1.0,0.0,1.0,0.0,1.583
339166__3eilx2,339166,3eilx2,True,,3,3,2,0.2857142857142857,0.7142857142857143,0.3758666068315506,0.6241333931684494,2.3102353187371576
43mic2__5uhdkq,43mic2,5uhdkq,True,,2,1,0,1.0,0.0,1.0,0.0,1.583
139orn__9thdbg,139orn,9thdbg,True,,2,5,0,1.0,0.0,1.0,0.0,1.583
288ocb__91ehis,288ocb,91ehis,True,,3,1,0,1.0,0.0,1.0,0.0,1.583
42xmgy__3rlrrq,42xmgy,3rlrrq,True,,4,9,3,0.5625,0.4375,0.2587416370709737,0.7412583629290264,2.3636799351394178
30yoqr__54xwnx,30yoqr,54xwnx,True,,2,1,0,1.0,0.0,1.0,0.0,1.583
92in9y__8wv9n9,92in9y,8wv9n9,True,,10,5,0,1.0,0.0,1.0,0.0,1.583
9y1xu4__3pm9a8,9y1xu4,3pm9a8,True,,1,3,0,1.0,0.0,1.0,0.0,1.583
44vthc__99isuk,44vthc,99isuk,True,,7,3,0,1.0,0.0,1.0,0.0,1.583
3a8bv6__3nwle2,3a8bv6,3nwle2,True,,3,3,1,0.6666666666666666,0.33333333333333337,0.290315642952919,0.709684357047081,2.3131408877129354
8gqp98__2uoqhq,8gqp98,2uoqhq,True,,5,3,0,1.0,0.0,1.0,0.0,1.583
921key__43lveq,921key,43lveq,True,,3,4,0,1.0,0.0,1.0,0.0,1.583
29prx3__4nztw4,29prx3,4nztw4,True,,3,3,0,1.0,0.0,1.0,0.0,1.583
5w32k3__2oe8fw,5w32k3,2oe8fw,True,,2,9,1,0.09375,0.90625,0.38008536611284527,0.6199146338871547,2.3450914015872137
4bqkog__8oc9gx,4bqkog,8oc9gx,True,,3,3,0,1.0,0.0,1.0,0.0,1.583
2rxfxj__9y4moo,2rxfxj,9y4moo,True,,2,2,0,1.0,0.0,1.0,0.0,1.583
3vxs1z__9gp3rx,3vxs1z,9gp3rx,True,,2,5,0,1.0,0.0,1.0,0.0,1.583
3w07bi__95q9w6,3w07bi,95q9w6,True,,5,5,2,0.5454545454545454,0.4545454545454546,0.385211244225502,0.614788755774498,2.2490148553814397
3g02hj__4zucna,3g02hj,4zucna,True,,5,3,0,1.0,0.0,1.0,0.0,1.583
8mt5pb__9y8e9j,8mt5pb,9y8e9j,True,,12,7,0,1.0,0.0,1.0,0.0,1.583
8h06ey__4jhavz,8h06ey,4jhavz,True,,5,2,0,1.0,0.0,1.0,0.0,1.583
2906qd__3kuy1d,2906qd,3kuy1d,True,,6,2,0,1.0,0.0,1.0,0.0,1.583
2selao__8599pa,2selao,8599pa,True,,3,7,0,1.0,0.0,1.0,0.0,1.583
3fg828__7323gy,3fg828,7323gy,True,,3,1,1,0.2,0.8,0.3569326810538769,0.6430673189461231,2.345240569163784
6v9kxl__15yquw,6v9kxl,15yquw,True,,1,9,0,1.0,0.0,1.0,0.0,1.583
26eo14__wobgi,26eo14,wobgi,True,,4,3,0,1.0,0.0,1.0,0.0,1.583
3bprbv__4fprls,3bprbv,4fprls,True,,2,3,1,0.18181818181818182,0.8181818181818181,0.35864780843257904,0.641352191567421,2.3473133571593596
3vwlke__7b8oiq,3vwlke,7b8oiq,True,,5,2,0,1.0,0.0,1.0,0.0,1.583
9awkbc__sm14t,9awkbc,sm14t,True,,10,7,1,0.23684210526315788,0.7631578947368421,0.4077622980943748,0.5922377019056252,2.2903250003359794
2m9f6i__535e0z,2m9f6i,535e0z,True,,3,5,0,1.0,0.0,1.0,0.0,1.583
6vo91o__7e7ek9,6vo91o,7e7ek9,True,,5,2,0,1.0,0.0,1.0,0.0,1.583
9f6l0o__8lz6vf,9f6l0o,8lz6vf,True,,3,3,0,1.0,0.0,1.0,0.0,1.583
8fwgjm__3d9znn,8fwgjm,3d9znn,True,,6,2,1,0.5555555555555556,0.4444444444444444,0.2953210175037384,0.7046789824962616,2.330921923975481
36u8b6__7b8toj,36u8b6,7b8toj,True,,2,2,0,1.0,0.0,1.0,0.0,1.583
2ah65a__48h91v,2ah65a,48h91v,True,,2,3,0,1.0,0.0,1.0,0.0,1.583
1ezsgy__94fbfu,1ezsgy,94fbfu,True,,4,4,1,0.75,0.25,0.39194372296333313,0.6080562770366669,2.201388757124543
58wbmj__303ysd,58wbmj,303ysd,True,,4,5,0,1.0,0.0,1.0,0.0,1.583
6ycsoe__7vho7p,6ycsoe,7vho7p,True,,6,8,0,1.0,0.0,1.0,0.0,1.583
2brpdv__621nm9,2brpdv,621nm9,True,,3,2,0,1.0,0.0,1.0,0.0,1.583
9ks3k6__7fvkzr,9ks3k6,7fvkzr,True,,3,3,1,0.6666666666666666,0.33333333333333337,0.3659238815307617,0.6340761184692383,2.2425303537050882
94xvnn__2p22qy,94xvnn,2p22qy,True,,5,3,0,1.0,0.0,1.0,0.0,1.583
2ecabq__25tdd1,2ecabq,25tdd1,True,,5,6,0,1.0,0.0,1.0,0.0,1.583
9c1ryk__65yqyq,9c1ryk,65yqyq,True,,3,8,0,1.0,0.0,1.0,0.0,1.583
3ajvr7__1nyrfm,3ajvr7,1nyrfm,True,,4,4,0,1.0,0.0,1.0,0.0,1.583
9xc25u__4zxnf9,9xc25u,4zxnf9,True,,4,3,0,1.0,0.0,1.0,0.0,1.583
8tepou__9ufi4f,8tepou,9ufi4f,True,,8,2,3,0.25,0.75,0.3938952721655369,0.6061047278344631,2.300616205324605
8nxvv7__55caop,8nxvv7,55caop,True,,10,4,1,0.8571428571428571,0.1428571428571429,0.34755899012088776,0.6524410098791122,2.2211860876975313
3k95vb__9268xx,3k95vb,9268xx,True,,10,6,0,1.0,0.0,1.0,0.0,1.583
8i899c__4vqndl,8i899c,4vqndl,True,,7,4,0,1.0,0.0,1.0,0.0,1.583
1elmr1__33gdnb,1elmr1,33gdnb,True,,1,1,0,1.0,0.0,1.0,0.0,1.583
2uqrrp__3kzfjy,2uqrrp,3kzfjy,True,,4,3,0,1.0,0.0,1.0,0.0,1.583
5e193z__27lcsm,5e193z,27lcsm,True,,3,3,0,1.0,0.0,1.0,0.0,1.583
31nrvw__65yqyq,31nrvw,65yqyq,True,,2,8,0,1.0,0.0,1.0,0.0,1.583
8hjw69__2zyy8b,8hjw69,2zyy8b,True,,5,3,0,1.0,0.0,1.0,0.0,1.583
2bexzx__59j7kc,2bexzx,59j7kc,True,,1,5,0,1.0,0.0,1.0,0.0,1.583
35g4j0__5xztwj,35g4j0,5xztwj,True,,1,5,0,1.0,0.0,1.0,0.0,1.583
8nkxyx__7naljg,8nkxyx,7naljg,True,,4,3,0,1.0,0.0,1.0,0.0,1.583
8t9lud__39wx5m,8t9lud,39wx5m,True,,3,2,0,1.0,0.0,1.0,0.0,1.583
3s5jsu__53yi05,3s5jsu,53yi05,True,,3,11,0,1.0,0.0,1.0,0.0,1.583
2ssf71__1ma3ut,2ssf71,1ma3ut,True,,4,1,1,0.0,1.0,0.4430657726479694,0.5569342273520306,2.3052208749240615
9wjit0__9alwa4,9wjit0,9alwa4,True,,2,4,0,1.0,0.0,1.0,0.0,1.583
2h7kkg__6tjt25,2h7kkg,6tjt25,True,,2,12,0,1.0,0.0,1.0,0.0,1.583
8zody5__9qzok9,8zody5,9qzok9,True,,7,7,0,1.0,0.0,1.0,0.0,1.583
8spe0d__3mllmu,8spe0d,3mllmu,True,,5,3,0,1.0,0.0,1.0,0.0,1.583
2wb42l__9e9j61,2wb42l,9e9j61,True,,1,6,0,1.0,0.0,1.0,0.0,1.583
fue5h__5gn8mw,fue5h,5gn8mw,True,,2,5,0,1.0,0.0,1.0,0.0,1.583
5jpjah__1mtesn,5jpjah,1mtesn,True,,5,5,0,1.0,0.0,1.0,0.0,1.583
877rd6__3cj447,877rd6,3cj447,True,,2,3,0,1.0,0.0,1.0,0.0,1.583
8htej3__2zk7f1,8htej3,2zk7f1,True,,3,5,2,0.4444444444444444,0.5555555555555556,0.3834136500954628,0.6165863499045372,2.271107769953625
5mo0yk__9ren28,5mo0yk,9ren28,True,,4,3,0,1.0,0.0,1.0,0.0,1.583
gsxdj__9setfd,gsxdj,9setfd,True,,2,1,0,1.0,0.0,1.0,0.0,1.583
3hw2s6__2pl8b3,3hw2s6,2pl8b3,True,,4,4,2,0.4444444444444444,0.5555555555555556,0.33590249717235565,0.6640975028276443,2.3154784356685147
9trd3g__9iduk1,9trd3g,9iduk1,True,,3,3,0,1.0,0.0,1.0,0.0,1.583
1sp8bm__53c8j2,1sp8bm,53c8j2,True,,2,7,0,1.0,0.0,1.0,0.0,1.583
6cg1j9__3s65nx,6cg1j9,3s65nx,True,,3,1,0,1.0,0.0,1.0,0.0,1.583
4sk860__4vwu63,4sk860,4vwu63,True,,3,6,0,1.0,0.0,1.0,0.0,1.583
1y6m5m__1hko3z,1y6m5m,1hko3z,True,,1,7,0,1.0,0.0,1.0,0.0,1.583
3ajqxn__2u5t29,3ajqxn,2u5t29,True,,4,3,0,1.0,0.0,1.0,0.0,1.583
99ozh1__17q0r0,99ozh1,17q0r0,True,,2,2,1,0.5,0.5,0.17982211709022522,0.8201778829097748,2.4500141248494387
2zt3ri__8fdz5n,2zt3ri,8fdz5n,True,,4,3,1,0.7142857142857143,0.2857142857142857,0.36115072667598724,0.6388492733240128,2.2373641935001527
9duguw__5lgmy6,9duguw,5lgmy6,True,,3,5,2,0.2727272727272727,0.7272727272727273,0.37469683215022087,0.6253031678497791,2.3139524466367267
3fpazx__4y0c44,3fpazx,4y0c44,True,,5,1,0,1.0,0.0,1.0,0.0,1.583
9df5b3__9u9gzb,9df5b3,9u9gzb,True,,2,1,0,1.0,0.0,1.0,0.0,1.583
8mswy3__8hljch,8mswy3,8hljch,True,,6,4,0,1.0,0.0,1.0,0.0,1.583
1aevii__4l8w8b,1aevii,4l8w8b,True,,4,6,2,0.44,0.56,0.3034633124868075,0.6965366875131924,2.3466716124685703
4jj4xb__5v975j,4jj4xb,5v975j,True,,4,5,3,0.25,0.75,0.39817757221559685,0.6018224277844031,2.296616965307854
8slom4__7cqty5,8slom4,7cqty5,True,,1,5,0,1.0,0.0,1.0,0.0,1.583
2zqxyb__67r7jc,2zqxyb,67r7jc,True,,2,2,0,1.0,0.0,1.0,0.0,1.583
8ti1e1__31pg35,8ti1e1,31pg35,True,,2,3,0,1.0,0.0,1.0,0.0,1.583
2b5c2p__6odxks,2b5c2p,6odxks,True,,1,3,0,1.0,0.0,1.0,0.0,1.583
68mv2n__94ey40,68mv2n,94ey40,True,,4,4,0,1.0,0.0,1.0,0.0,1.583
282v1z__4qt2lw,282v1z,4qt2lw,True,,5,3,0,1.0,0.0,1.0,0.0,1.583
9mwkfr__3d351o,9mwkfr,3d351o,True,,2,2,0,1.0,0.0,1.0,0.0,1.583
3hge8r__2jzjhl,3hge8r,2jzjhl,True,,5,1,0,1.0,0.0,1.0,0.0,1.583
98pupx__8bx5at,98pupx,8bx5at,True,,6,5,0,1.0,0.0,1.0,0.0,1.583
42lw1e__8ca4iq,42lw1e,8ca4iq,True,,5,3,0,1.0,0.0,1.0,0.0,1.583
2zyy8b__757k3y,2zyy8b,757k3y,True,,3,2,0,1.0,0.0,1.0,0.0,1.583
72pywm__7dec16,72pywm,7dec16,True,,1,3,0,1.0,0.0,1.0,0.0,1.583
3lx5wf__2ho3kz,3lx5wf,2ho3kz,True,,7,4,0,1.0,0.0,1.0,0.0,1.583
1rql2u__92vxsw,1rql2u,92vxsw,True,,1,4,0,1.0,0.0,1.0,0.0,1.583
368wxv__1j7nce,368wxv,1j7nce,True,,1,9,0,1.0,0.0,1.0,0.0,1.583
3k0uhm__2tztlf,3k0uhm,2tztlf,True,,2,3,0,1.0,0.0,1.0,0.0,1.583
4nf4fx__1n16a7,4nf4fx,1n16a7,True,,6,1,0,1.0,0.0,1.0,0.0,1.583
8ups7k__1jh4wt,8ups7k,1jh4wt,True,,2,5,1,0.3,0.7,0.43762700259685516,0.5623729974031448,2.249670142274797
55rg5l__4o5cny,55rg5l,4o5cny,True,,1,5,0,1.0,0.0,1.0,0.0,1.583
89jedl__3sav5t,89jedl,3sav5t,True,,2,7,0,1.0,0.0,1.0,0.0,1.583
3sp070__2nm147,3sp070,2nm147,True,,1,7,0,1.0,0.0,1.0,0.0,1.583
3d3lsu__4xsvjl,3d3lsu,4xsvjl,True,,8,2,0,1.0,0.0,1.0,0.0,1.583
5fmwkk__90v3ys,5fmwkk,90v3ys,True,,4,6,0,1.0,0.0,1.0,0.0,1.583
38rlpo__1gj3zd,38rlpo,1gj3zd,True,,2,6,0,1.0,0.0,1.0,0.0,1.583
5k28o4__2p1160,5k28o4,2p1160,True,,6,9,3,0.5,0.5,0.4461388923227787,0.5538611076772213,2.201300888459757
8kqef0__727mde,8kqef0,727mde,True,,6,6,1,0.8333333333333334,0.16666666666666663,0.40587715804576874,0.5941228419542313,2.1715346554343897
2byq9o__2xg450,2byq9o,2xg450,True,,1,4,0,1.0,0.0,1.0,0.0,1.583
2hawms__6nxvc7,2hawms,6nxvc7,True,,7,6,1,0.8461538461538461,0.15384615384615385,0.37575241923332214,0.6242475807666779,2.197077123370308
3bf5cv__3b51qi,3bf5cv,3b51qi,True,,4,3,0,1.0,0.0,1.0,0.0,1.583
9c8ip5__6w6pu7,9c8ip5,6w6pu7,True,,4,5,0,1.0,0.0,1.0,0.0,1.583
37ropz__9indua,37ropz,9indua,True,,4,2,0,1.0,0.0,1.0,0.0,1.583
5pl7ai__4ntx90,5pl7ai,4ntx90,True,,1,1,0,1.0,0.0,1.0,0.0,1.583
4vwu63__2gl8eo,4vwu63,2gl8eo,True,,6,4,0,1.0,0.0,1.0,0.0,1.583
3le596__3hx1wg,3le596,3hx1wg,True,,3,3,0,1.0,0.0,1.0,0.0,1.583
2zyjw3__4xmjty,2zyjw3,4xmjty,True,,5,3,0,1.0,0.0,1.0,0.0,1.583
87w0l6__6e1xn3,87w0l6,6e1xn3,True,,3,6,2,0.6,0.4,0.34682217985391617,0.6531778201460838,2.2738427662344276
1n16a7__3zljsi,1n16a7,3zljsi,True,,1,5,0,1.0,0.0,1.0,0.0,1.583
9wvoi5__9ifnq8,9wvoi5,9ifnq8,True,,2,3,1,0.6,0.4,0.3717591017484665,0.6282408982515335,2.250554174877107
9yd97s__8xqwff,9yd97s,8xqwff,True,,1,2,0,1.0,0.0,1.0,0.0,1.583
2lhadb__3a04v8,2lhadb,3a04v8,True,,2,4,1,0.6666666666666666,0.33333333333333337,0.4744317755103111,0.5255682244896889,2.141194831517587
8anoon__2gbobw,8anoon,2gbobw,True,,3,2,0,1.0,0.0,1.0,0.0,1.583
49ro6o__12u8p8,49ro6o,12u8p8,True,,2,11,0,1.0,0.0,1.0,0.0,1.583
37fh2s__5uhcfc,37fh2s,5uhcfc,True,,4,3,0,1.0,0.0,1.0,0.0,1.583
19n8es__67r7jc,19n8es,67r7jc,True,,2,2,0,1.0,0.0,1.0,0.0,1.583
44c1h5__5ybscp,44c1h5,5ybscp,True,,3,4,0,1.0,0.0,1.0,0.0,1.583
9a4bdb__5dhie1,9a4bdb,5dhie1,True,,1,5,0,1.0,0.0,1.0,0.0,1.583
9km8dp__6plwx7,9km8dp,6plwx7,True,,4,3,0,1.0,0.0,1.0,0.0,1.583
5iy7p1__99u9jj,5iy7p1,99u9jj,True,,4,1,0,1.0,0.0,1.0,0.0,1.583
38xwtc__3ufo8y,38xwtc,3ufo8y,True,,2,7,0,1.0,0.0,1.0,0.0,1.583
19n8es__96czpo,19n8es,96czpo,True,,2,1,0,1.0,0.0,1.0,0.0,1.583
4jhavz__4zxnf9,4jhavz,4zxnf9,True,,2,3,0,1.0,0.0,1.0,0.0,1.583
88b1dv__3j2v97,88b1dv,3j2v97,True,,1,8,1,0.7777777777777778,0.2222222222222222,0.27223536372184753,0.7277646362781525,2.307570504931278
1s9l96__8vdlfn,1s9l96,8vdlfn,True,,1,5,0,1.0,0.0,1.0,0.0,1.583
7csmze__9aei5f,7csmze,9aei5f,True,,5,1,0,1.0,0.0,1.0,0.0,1.583
2ylksx__7anabi,2ylksx,7anabi,True,,2,4,0,1.0,0.0,1.0,0.0,1.583
6w26un__2mrsnz,6w26un,2mrsnz,True,,2,3,0,1.0,0.0,1.0,0.0,1.583
762nzp__985dy9,762nzp,985dy9,True,,4,1,0,1.0,0.0,1.0,0.0,1.583
97v5y3__7cqty5,97v5y3,7cqty5,True,,6,5,0,1.0,0.0,1.0,0.0,1.583
1tedbh__66lsmj,1tedbh,66lsmj,True,,3,3,0,1.0,0.0,1.0,0.0,1.583
2w5gbx__6gg1ug,2w5gbx,6gg1ug,True,,5,4,0,1.0,0.0,1.0,0.0,1.583
282v1z__8k0l33,282v1z,8k0l33,True,,5,4,0,1.0,0.0,1.0,0.0,1.583
3plppn__2nbpyp,3plppn,2nbpyp,True,,8,5,5,0.17391304347826086,0.8260869565217391,0.35353693962097166,0.6464630603790283,2.353684026001018
6hqo8q__2ncv71,6hqo8q,2ncv71,True,,8,3,0,1.0,0.0,1.0,0.0,1.583
8snmf6__3wasd4,8snmf6,3wasd4,True,,13,3,1,0.875,0.125,0.4020099565386772,0.5979900434613228,2.166725401588529
330wg1__2hldwp,330wg1,2hldwp,True,,4,8,3,0.3888888888888889,0.6111111111111112,0.3585192868486047,0.6414807131513953,2.3055843935676434
96xrz6__36k1t2,96xrz6,36k1t2,True,,4,2,0,1.0,0.0,1.0,0.0,1.583
1dcy7t__74hrpn,1dcy7t,74hrpn,True,,2,2,1,0.5,0.5,0.5279159136116505,0.47208408638834953,2.1249293282780797
5fnht8__9imc02,5fnht8,9imc02,True,,3,2,1,0.6,0.4,0.20214474201202393,0.7978552579879761,2.4089570254349706
459lsu__8oably,459lsu,8oably,True,,1,3,0,1.0,0.0,1.0,0.0,1.583
2swc2m__5uzync,2swc2m,5uzync,True,,4,4,1,0.75,0.25,0.26828819513320923,0.7317118048667908,2.3168706545650957
1c8xxq__5rap9i,1c8xxq,5rap9i,True,,3,3,0,1.0,0.0,1.0,0.0,1.583
3bbgd4__9kwlpc,3bbgd4,9kwlpc,True,,4,5,0,1.0,0.0,1.0,0.0,1.583
123q1o__5m2evv,123q1o,5m2evv,True,,5,4,4,0.2,0.8,0.27109321020543575,0.7289067897945642,2.4254060509891433
3lx5wf__7rdzr3,3lx5wf,7rdzr3,True,,7,5,0,1.0,0.0,1.0,0.0,1.583
4g233s__96swda,4g233s,96swda,True,,1,3,0,1.0,0.0,1.0,0.0,1.583
762023__7wmiyz,762023,7wmiyz,True,,8,1,0,1.0,0.0,1.0,0.0,1.583
39jesl__7csx6a,39jesl,7csx6a,True,,7,6,0,1.0,0.0,1.0,0.0,1.583
yg0mt__2o0c8v,yg0mt,2o0c8v,True,,8,7,0,1.0,0.0,1.0,0.0,1.583
34sehe__9off99,34sehe,9off99,True,,2,1,0,1.0,0.0,1.0,0.0,1.583
5v9sks__18398h,5v9sks,18398h,True,,4,8,2,0.3181818181818182,0.6818181818181819,0.351887920498848,0.648112079501152,2.3260673255915805
4yubfw__9blohy,4yubfw,9blohy,True,,10,11,0,1.0,0.0,1.0,0.0,1.583
3e31xg__3ohnx8,3e31xg,3ohnx8,True,,4,3,1,0.5,0.5,0.2757277861237526,0.7242722138762474,2.3604478205390276
8azp1l__22vrzb,8azp1l,22vrzb,True,,2,5,0,1.0,0.0,1.0,0.0,1.583
2g0m7t__32yaes,2g0m7t,32yaes,True,,5,4,0,1.0,0.0,1.0,0.0,1.583
2h2kpv__7e9was,2h2kpv,7e9was,True,,2,2,0,1.0,0.0,1.0,0.0,1.583
9rprs0__9lf3qo,9rprs0,9lf3qo,True,,2,5,0,1.0,0.0,1.0,0.0,1.583
771ri3__7f004e,771ri3,7f004e,True,,1,1,0,1.0,0.0,1.0,0.0,1.583
8j5a3t__3acvgm,8j5a3t,3acvgm,True,,2,5,0,1.0,0.0,1.0,0.0,1.583
1r22cq__3lpioa,1r22cq,3lpioa,True,,4,6,3,0.3076923076923077,0.6923076923076923,0.3945511629184087,0.6054488370815914,2.2883440535658828
20am49__71unzq,20am49,71unzq,True,,2,2,0,1.0,0.0,1.0,0.0,1.583
9ntudz__3nf63y,9ntudz,3nf63y,True,,6,3,0,1.0,0.0,1.0,0.0,1.583
3pmxtj__1nyrfm,3pmxtj,1nyrfm,True,,1,4,0,1.0,0.0,1.0,0.0,1.583
3jlyls__5dmr2u,3jlyls,5dmr2u,True,,8,3,0,1.0,0.0,1.0,0.0,1.583
93j8kd__5qp9dc,93j8kd,5qp9dc,True,,3,1,0,1.0,0.0,1.0,0.0,1.583
74wgfd__3a1krd,74wgfd,3a1krd,True,,12,1,0,1.0,0.0,1.0,0.0,1.583
8o6k2p__77wis3,8o6k2p,77wis3,True,,2,6,0,1.0,0.0,1.0,0.0,1.583
8vj6vd__8z6jta,8vj6vd,8z6jta,True,,6,5,0,1.0,0.0,1.0,0.0,1.583
3zt4s6__2w1sk7,3zt4s6,2w1sk7,True,,6,4,2,0.5454545454545454,0.4545454545454546,0.41289504058659077,0.5871049594134092,2.223160957959819
6cgp4n__3yrhbf,6cgp4n,3yrhbf,True,,2,5,1,0.7142857142857143,0.2857142857142857,0.4410843662917614,0.5589156337082386,2.162714167462981
78pm42__7dhsaf,78pm42,7dhsaf,True,,2,3,0,1.0,0.0,1.0,0.0,1.583
3d2btz__2egtor,3d2btz,2egtor,True,,3,5,0,1.0,0.0,1.0,0.0,1.583
1sid4e__9w4xtg,1sid4e,9w4xtg,True,,3,2,0,1.0,0.0,1.0,0.0,1.583
1ixldm__7k3f2d,1ixldm,7k3f2d,True,,7,3,0,1.0,0.0,1.0,0.0,1.583
87cinr__3r9qbz,87cinr,3r9qbz,True,,7,3,0,1.0,0.0,1.0,0.0,1.583
2jymca__4uxpgg,2jymca,4uxpgg,True,,4,3,0,1.0,0.0,1.0,0.0,1.583
8j5a3t__2p60sv,8j5a3t,2p60sv,True,,2,8,0,1.0,0.0,1.0,0.0,1.583
8jpmx0__4x5ukm,8jpmx0,4x5ukm,True,,2,9,2,0.5833333333333334,0.41666666666666663,0.3205677829682827,0.6794322170317173,2.301730080819254
3bacnm__2rmo6o,3bacnm,2rmo6o,True,,11,5,2,0.7058823529411765,0.2941176470588235,0.3308432996273041,0.6691567003726959,2.2673666189486488
4q2ca1__2x0njf,4q2ca1,2x0njf,True,,3,5,0,1.0,0.0,1.0,0.0,1.583
34y2h8__2mfhiq,34y2h8,2mfhiq,True,,9,2,0,1.0,0.0,1.0,0.0,1.583
33a9pt__2hl1ej,33a9pt,2hl1ej,True,,2,9,0,1.0,0.0,1.0,0.0,1.583
2ywzst__1pfusv,2ywzst,1pfusv,True,,7,11,0,1.0,0.0,1.0,0.0,1.583
9wwyvt__200ucf,9wwyvt,200ucf,True,,2,4,0,1.0,0.0,1.0,0.0,1.583
3e8dz0__42ymiq,3e8dz0,42ymiq,True,,2,4,1,0.6666666666666666,0.33333333333333337,0.3547328859567642,0.6452671140432358,2.2529816244716443
4w8icy__5r9xk4,4w8icy,5r9xk4,True,,1,4,0,1.0,0.0,1.0,0.0,1.583
37fh2s__7sifmo,37fh2s,7sifmo,True,,4,9,0,1.0,0.0,1.0,0.0,1.583
4bqyml__2wfd0m,4bqyml,2wfd0m,True,,4,2,0,1.0,0.0,1.0,0.0,1.583
3dpbbc__38z9gl,3dpbbc,38z9gl,True,,5,4,0,1.0,0.0,1.0,0.0,1.583
14r1wu__3lp7oz,14r1wu,3lp7oz,True,,3,2,0,1.0,0.0,1.0,0.0,1.583
1eumtn__7hbq0g,1eumtn,7hbq0g,True,,3,6,0,1.0,0.0,1.0,0.0,1.583
17goqf__zh5jb,17goqf,zh5jb,True,,4,3,1,0.7142857142857143,0.2857142857142857,0.40782330930233,0.59217669069767,2.1937766685854108
6brnud__6c3o6d,6brnud,6c3o6d,True,,2,1,0,1.0,0.0,1.0,0.0,1.583
91yl7l__139orn,91yl7l,139orn,True,,3,2,2,0.16666666666666666,0.8333333333333334,0.42955902800895274,0.5704409719910473,2.284151490409106
8io4co__43lveq,8io4co,43lveq,True,,1,4,0,1.0,0.0,1.0,0.0,1.583
60puj4__59udek,60puj4,59udek,True,,8,5,5,0.17647058823529413,0.8235294117647058,0.41248866270429324,0.5875113372957068,2.2981121320181073
324xse__35c1k7,324xse,35c1k7,True,,4,3,0,1.0,0.0,1.0,0.0,1.583
3lye5i__5foyp2,3lye5i,5foyp2,True,,8,2,0,1.0,0.0,1.0,0.0,1.583
9x77d9__2irpeq,9x77d9,2irpeq,True,,2,6,0,1.0,0.0,1.0,0.0,1.583
97ef1x__79hx3x,97ef1x,79hx3x,True,,7,2,0,1.0,0.0,1.0,0.0,1.583
2fdrv3__pt37t,2fdrv3,pt37t,True,,3,7,0,1.0,0.0,1.0,0.0,1.583
3pp38v__3and4i,3pp38v,3and4i,True,,3,5,1,0.75,0.25,0.2676265984773636,0.7323734015226364,2.31748851968199
2h63aw__9crg6e,2h63aw,9crg6e,True,,5,2,2,0.5,0.5,0.3514459654688835,0.6485540345311165,2.28973461284861
2bvudi__397inu,2bvudi,397inu,True,,1,1,0,1.0,0.0,1.0,0.0,1.583
3g4x4n__3pi1oh,3g4x4n,3pi1oh,True,,6,7,3,0.4375,0.5625,0.42059674362341565,0.5794032563765843,2.2377859511300917
7cb69f__2x0njf,7cb69f,2x0njf,True,,1,5,0,1.0,0.0,1.0,0.0,1.583
2xz8q1__1o19di,2xz8q1,1o19di,True,,1,3,0,1.0,0.0,1.0,0.0,1.583
2tc9n7__7be8bv,2tc9n7,7be8bv,True,,4,2,1,0.6666666666666666,0.33333333333333337,0.22395408153533936,0.7760459184646606,2.375115949920813
1sfdgo__3wwfar,1sfdgo,3wwfar,True,,7,3,0,1.0,0.0,1.0,0.0,1.583
1jbnke__8jimss,1jbnke,8jimss,True,,4,3,0,1.0,0.0,1.0,0.0,1.583
syvlw__21kx55,syvlw,21kx55,True,,1,2,1,0.0,1.0,0.3607805520296097,0.6392194479703903,2.382067042459547
21pp75__8bmnqu,21pp75,8bmnqu,True,,5,1,0,1.0,0.0,1.0,0.0,1.583
50dilt__3gixqh,50dilt,3gixqh,True,,4,1,0,1.0,0.0,1.0,0.0,1.583
3fdgln__9usxec,3fdgln,9usxec,True,,1,5,0,1.0,0.0,1.0,0.0,1.583
3h5wf0__74i5n8,3h5wf0,74i5n8,True,,2,6,0,1.0,0.0,1.0,0.0,1.583
7axi2n__1fyy5g,7axi2n,1fyy5g,True,,2,2,0,1.0,0.0,1.0,0.0,1.583
10j000__3rsfam,10j000,3rsfam,True,,3,5,0,1.0,0.0,1.0,0.0,1.583
4w2ey8__5vg5fq,4w2ey8,5vg5fq,True,,3,4,0,1.0,0.0,1.0,0.0,1.583
4ageha__750g8c,4ageha,750g8c,True,,1,4,0,1.0,0.0,1.0,0.0,1.583
8cwzgm__2lxraj,8cwzgm,2lxraj,True,,7,2,0,1.0,0.0,1.0,0.0,1.583
2aotk2__2v426i,2aotk2,2v426i,True,,1,5,0,1.0,0.0,1.0,0.0,1.583
2b5c2p__6i8fnw,2b5c2p,6i8fnw,True,,1,11,0,1.0,0.0,1.0,0.0,1.583
4qjshf__9iz7e8,4qjshf,9iz7e8,True,,2,2,0,1.0,0.0,1.0,0.0,1.583
9cdw6h__1tehkn,9cdw6h,1tehkn,True,,6,5,0,1.0,0.0,1.0,0.0,1.583
6uf31y__2hb5ng,6uf31y,2hb5ng,True,,7,7,2,0.7333333333333333,0.2666666666666667,0.4017697051167488,0.5982302948832512,2.1955806057248015
2rju23__8klxng,2rju23,8klxng,True,,1,1,0,1.0,0.0,1.0,0.0,1.583
2yuybg__8vgmtu,2yuybg,8vgmtu,True,,3,3,0,1.0,0.0,1.0,0.0,1.583
3apcv7__964jdv,3apcv7,964jdv,True,,8,1,1,0.6,0.4,0.37722259014844894,0.6227774098515511,2.2454518230603635
4uxoo7__5o26o4,4uxoo7,5o26o4,True,,8,4,0,1.0,0.0,1.0,0.0,1.583
8u3h8l__3a04v8,8u3h8l,3a04v8,True,,2,4,1,0.6666666666666666,0.33333333333333337,0.2341865599155426,0.7658134400844574,2.3655598383615413
1zehr2__29x4wh,1zehr2,29x4wh,True,,4,1,1,0.6,0.4,0.3586220443248749,0.6413779556751251,2.2628228728049993
2j562o__5hvr6z,2j562o,5hvr6z,True,,4,14,1,0.8888888888888888,0.11111111111111116,0.40453992784023285,0.5954600721597672,2.1615557169455624
6w1z90__9ggawy,6w1z90,9ggawy,True,,1,7,0,1.0,0.0,1.0,0.0,1.583
56cshq__94oo8c,56cshq,94oo8c,True,,3,2,2,0.16666666666666666,0.8333333333333334,0.38887104019522667,0.6111289598047733,2.3221500022283443
8lm9px__6ivkvf,8lm9px,6ivkvf,True,,1,1,1,0.0,1.0,0.4324369505047798,0.5675630494952202,2.315147131923586
9botlb__2j7vom,9botlb,2j7vom,True,,5,3,0,1.0,0.0,1.0,0.0,1.583
11rm5n__2s1m4d,11rm5n,2s1m4d,True,,4,6,0,1.0,0.0,1.0,0.0,1.583
9t5uwd__10ua6u,9t5uwd,10ua6u,True,,5,6,0,1.0,0.0,1.0,0.0,1.583
6tavem__8hazot,6tavem,8hazot,True,,7,5,1,0.2727272727272727,0.7272727272727273,0.4356660068035126,0.5643339931964875,2.2570133344280174
2yiwaa__15urjv,2yiwaa,15urjv,True,,2,4,0,1.0,0.0,1.0,0.0,1.583
3b9ioi__3deh29,3b9ioi,3deh29,True,,1,3,0,1.0,0.0,1.0,0.0,1.583
4x8obh__5j36jn,4x8obh,5j36jn,True,,5,1,0,1.0,0.0,1.0,0.0,1.583
2cj2t5__52se7j,2cj2t5,52se7j,True,,6,6,1,0.8333333333333334,0.16666666666666663,0.3689035177230835,0.6310964822769165,2.2060643381317453
333pog__9snkcp,333pog,9snkcp,True,,3,3,0,1.0,0.0,1.0,0.0,1.583
3pyunt__72xp1b,3pyunt,72xp1b,True,,3,3,0,1.0,0.0,1.0,0.0,1.583
4uk34v__8sga6v,4uk34v,8sga6v,True,,9,5,2,0.6666666666666666,0.33333333333333337,0.37596725299954414,0.6240327470004559,2.233150849090392
5zutat__7dq070,5zutat,7dq070,True,,4,8,0,1.0,0.0,1.0,0.0,1.583
3e6fbp__8onb3o,3e6fbp,8onb3o,True,,3,1,0,1.0,0.0,1.0,0.0,1.583
3hf0d7__3n0nfm,3hf0d7,3n0nfm,True,,4,2,0,1.0,0.0,1.0,0.0,1.583
3l6ddx__8y1m4e,3l6ddx,8y1m4e,True,,4,7,1,0.8181818181818182,0.18181818181818177,0.3047223389148712,0.6952776610851288,2.269065262232856
9p5od2__9r4kgf,9p5od2,9r4kgf,True,,2,9,0,1.0,0.0,1.0,0.0,1.583
11vbl3__9t5uwd,11vbl3,9t5uwd,True,,5,5,2,0.6363636363636364,0.36363636363636365,0.37765058130025864,0.6223494186997414,2.2377030312145973
3e66bp__9m0o32,3e66bp,9m0o32,True,,10,6,0,1.0,0.0,1.0,0.0,1.583
3lmqzx__98de09,3lmqzx,98de09,True,,1,2,0,1.0,0.0,1.0,0.0,1.583
5m4874__781zak,5m4874,781zak,True,,9,2,1,0.8181818181818182,0.18181818181818177,0.3296860456466675,0.6703139543533325,2.245751656516032
6h9vkl__9ax5rn,6h9vkl,9ax5rn,True,,2,4,0,1.0,0.0,1.0,0.0,1.583
3rlx0o__9uhqu8,3rlx0o,9uhqu8,True,,10,3,0,1.0,0.0,1.0,0.0,1.583
9l65gv__9123mh,9l65gv,9123mh,True,,2,3,0,1.0,0.0,1.0,0.0,1.583
1azb3p__71vjhq,1azb3p,71vjhq,True,,2,5,0,1.0,0.0,1.0,0.0,1.583
4ntx90__1gop4p,4ntx90,1gop4p,True,,1,4,0,1.0,0.0,1.0,0.0,1.583
362atr__788s83,362atr,788s83,True,,6,1,0,1.0,0.0,1.0,0.0,1.583
2wm1vp__6ex4v1,2wm1vp,6ex4v1,True,,7,3,2,0.5454545454545454,0.4545454545454546,0.4253649525344372,0.5746350474655628,2.2115153071917253
2rvumo__2brpdv,2rvumo,2brpdv,True,,5,3,0,1.0,0.0,1.0,0.0,1.583
11huhu__2zmin8,11huhu,2zmin8,True,,3,6,1,0.6,0.4,0.4002174995839596,0.5997825004160404,2.22397687713854
8w8rpi__2mfukj,8w8rpi,2mfukj,True,,4,3,2,0.5,0.5,0.38475513085722923,0.6152448691427708,2.2586271832924334
3etz3v__9v4rto,3etz3v,9v4rto,True,,6,5,1,0.8181818181818182,0.18181818181818177,0.2737075835466385,0.7262924164533615,2.298029942271249
3qozqi__2our97,3qozqi,2our97,True,,4,2,2,0.0,1.0,0.41843670327216387,0.5815632967278361,2.3282219628141263
3k0uhm__4ytimz,3k0uhm,4ytimz,True,,2,6,0,1.0,0.0,1.0,0.0,1.583
9igv6w__2hzsib,9igv6w,2hzsib,True,,3,2,0,1.0,0.0,1.0,0.0,1.583
4fgyb5__9ghml2,4fgyb5,9ghml2,True,,2,6,0,1.0,0.0,1.0,0.0,1.583
23kgs6__549iee,23kgs6,549iee,True,,1,3,0,1.0,0.0,1.0,0.0,1.583
2thno0__8wvem4,2thno0,8wvem4,True,,4,4,0,1.0,0.0,1.0,0.0,1.583
2ff1of__6ur078,2ff1of,6ur078,True,,3,5,0,1.0,0.0,1.0,0.0,1.583
4d0e6x__3z92ks,4d0e6x,3z92ks,True,,3,2,1,0.6,0.4,0.39485184103250504,0.605148158967495,2.2289878656597435
1mtesn__4hyd5d,1mtesn,4hyd5d,True,,5,2,1,0.7142857142857143,0.2857142857142857,0.43086154013872147,0.5691384598612785,2.172261264807305
3343su__3hzbjr,3343su,3hzbjr,True,,3,3,0,1.0,0.0,1.0,0.0,1.583
9hjxxc__27bd38,9hjxxc,27bd38,True,,3,2,0,1.0,0.0,1.0,0.0,1.583
3hv8by__3j0u42,3hv8by,3j0u42,True,,4,2,1,0.42857142857142855,0.5714285714285714,0.3816642537713051,0.6183357462286949,2.2759494676886924
2z9ozp__3ymtdx,2z9ozp,3ymtdx,True,,6,3,2,0.5,0.5,0.30789098143577576,0.6921090185642242,2.330410612437129
9cxz63__8pbvcd,9cxz63,8pbvcd,True,,7,7,0,1.0,0.0,1.0,0.0,1.583
170qo0__7ert3c,170qo0,7ert3c,True,,5,4,3,0.25,0.75,0.37679005165894824,0.6232099483410518,2.3165907707557083
3jk9wh__3cxfnl,3jk9wh,3cxfnl,True,,3,3,0,1.0,0.0,1.0,0.0,1.583
3oldln__8oo1h0,3oldln,8oo1h0,True,,5,8,0,1.0,0.0,1.0,0.0,1.583
5nt7dd__6n90n8,5nt7dd,6n90n8,True,,1,2,0,1.0,0.0,1.0,0.0,1.583
37k22f__73utf9,37k22f,73utf9,True,,3,1,0,1.0,0.0,1.0,0.0,1.583
50j1lc__6ghopz,50j1lc,6ghopz,True,,5,4,0,1.0,0.0,1.0,0.0,1.583
30j89q__1urdwq,30j89q,1urdwq,True,,5,1,0,1.0,0.0,1.0,0.0,1.583
2uqrrp__12u8p8,2uqrrp,12u8p8,True,,4,11,0,1.0,0.0,1.0,0.0,1.583
3gwnot__9dm5xv,3gwnot,9dm5xv,True,,8,3,0,1.0,0.0,1.0,0.0,1.583
9e9j61__38u6w3,9e9j61,38u6w3,True,,6,2,1,0.75,0.25,0.19498679041862488,0.8050132095813751,2.385326836428046
773ik4__7csbul,773ik4,7csbul,True,,1,1,0,1.0,0.0,1.0,0.0,1.583
3lih95__71sahy,3lih95,71sahy,True,,2,4,0,1.0,0.0,1.0,0.0,1.583
8ihvil__1mqltv,8ihvil,1mqltv,True,,9,3,2,0.6153846153846154,0.3846153846153846,0.4445940451696515,0.5554059548303485,2.1794243904468313
207vvb__781zak,207vvb,781zak,True,,1,2,0,1.0,0.0,1.0,0.0,1.583
1gw7h7__3udb3l,1gw7h7,3udb3l,True,,9,7,0,1.0,0.0,1.0,0.0,1.583
730mf1__9sbbw3,730mf1,9sbbw3,True,,6,10,0,1.0,0.0,1.0,0.0,1.583
6o8vgu__8wvgmg,6o8vgu,8wvgmg,True,,2,3,0,1.0,0.0,1.0,0.0,1.583
9r2859__2jr8mu,9r2859,2jr8mu,True,,4,3,3,0.1,0.9,0.42777938147385913,0.5722206185261409,2.2992868356415626
1bsth6__77w55h,1bsth6,77w55h,True,,3,1,0,1.0,0.0,1.0,0.0,1.583
3rwv15__6tntig,3rwv15,6tntig,True,,5,5,0,1.0,0.0,1.0,0.0,1.583
8lxxkj__7ethag,8lxxkj,7ethag,True,,4,1,0,1.0,0.0,1.0,0.0,1.583
2zxd9r__6yyien,2zxd9r,6yyien,True,,3,3,0,1.0,0.0,1.0,0.0,1.583
9qfwwe__4zvv52,9qfwwe,4zvv52,True,,1,7,1,0.75,0.25,0.3329835385084152,0.6670164614915848,2.256451673386991
3ppfz8__31cpen,3ppfz8,31cpen,True,,5,6,0,1.0,0.0,1.0,0.0,1.583
4f7zzx__9eccvf,4f7zzx,9eccvf,True,,2,2,0,1.0,0.0,1.0,0.0,1.583
6f081y__7fwxyk,6f081y,7fwxyk,True,,4,5,0,1.0,0.0,1.0,0.0,1.583
4jhavz__2hais9,4jhavz,2hais9,True,,2,5,0,1.0,0.0,1.0,0.0,1.583
8m2mtj__5e2hl7,8m2mtj,5e2hl7,True,,3,2,0,1.0,0.0,1.0,0.0,1.583
3gkufx__5q31mn,3gkufx,5q31mn,True,,4,12,1,0.875,0.125,0.24132442474365234,0.7586755752563477,2.316789619731903
8vb8m9__970nac,8vb8m9,970nac,True,,3,13,0,1.0,0.0,1.0,0.0,1.583
2ipjal__2g3w87,2ipjal,2g3w87,True,,2,3,0,1.0,0.0,1.0,0.0,1.583
7d4sw3__3duaos,7d4sw3,3duaos,True,,2,9,0,1.0,0.0,1.0,0.0,1.583
465kyx__8y7scs,465kyx,8y7scs,True,,8,6,0,1.0,0.0,1.0,0.0,1.583
9gfoe6__3j7s5q,9gfoe6,3j7s5q,True,,1,1,0,1.0,0.0,1.0,0.0,1.583
4jl10w__8dbqo5,4jl10w,8dbqo5,True,,4,5,2,0.5,0.5,0.374331621453166,0.625668378546834,2.2683616987248882
wdgd9__3tzhmv,wdgd9,3tzhmv,True,,2,5,0,1.0,0.0,1.0,0.0,1.583
4w2ey8__9kkwpm,4w2ey8,9kkwpm,True,,3,5,0,1.0,0.0,1.0,0.0,1.583
8a4y6s__6kk6fm,8a4y6s,6kk6fm,True,,10,6,0,1.0,0.0,1.0,0.0,1.583
6xvtcj__40jnqf,6xvtcj,40jnqf,True,,2,4,0,1.0,0.0,1.0,0.0,1.583
2z9ze5__9j3dt9,2z9ze5,9j3dt9,True,,3,2,0,1.0,0.0,1.0,0.0,1.583
3ush3j__5iy2i1,3ush3j,5iy2i1,True,,4,2,0,1.0,0.0,1.0,0.0,1.583
4gcuc6__zlt0a,4gcuc6,zlt0a,True,,4,3,0,1.0,0.0,1.0,0.0,1.583
95evhf__5iys4x,95evhf,5iys4x,True,,1,4,0,1.0,0.0,1.0,0.0,1.583
8njvt9__970nac,8njvt9,970nac,True,,5,13,1,0.6666666666666666,0.33333333333333337,0.32058727244536084,0.6794127275546391,2.284870212929944
3pyt34__6hy4jg,3pyt34,6hy4jg,True,,2,2,0,1.0,0.0,1.0,0.0,1.583
3vutag__2youtl,3vutag,2youtl,True,,5,3,0,1.0,0.0,1.0,0.0,1.583
3gf8jp__1scjni,3gf8jp,1scjni,True,,9,3,0,1.0,0.0,1.0,0.0,1.583
4xecr8__4llf7y,4xecr8,4llf7y,True,,6,5,0,1.0,0.0,1.0,0.0,1.583
4f34pc__7bjgn3,4f34pc,7bjgn3,True,,5,10,3,0.5,0.5,0.3749396080772082,0.6250603919227917,2.267793900016695
35k6uk__20am49,35k6uk,20am49,True,,3,2,0,1.0,0.0,1.0,0.0,1.583
8id7gl__1rf4k7,8id7gl,1rf4k7,True,,4,5,2,0.5,0.5,0.4547417238354683,0.5452582761645317,2.193266704110056
4mp96m__8gl46k,4mp96m,8gl46k,True,,2,3,0,1.0,0.0,1.0,0.0,1.583
6zojox__23wxuw,6zojox,23wxuw,True,,5,3,2,0.4444444444444444,0.5555555555555556,0.39851735159754753,0.6014826484024525,2.257002423120828
3scspq__2wcu3g,3scspq,2wcu3g,True,,13,2,0,1.0,0.0,1.0,0.0,1.583
1zrakc__94d04s,1zrakc,94d04s,True,,3,5,0,1.0,0.0,1.0,0.0,1.583
898gne__9ly16x,898gne,9ly16x,True,,2,6,0,1.0,0.0,1.0,0.0,1.583
8n6rsd__2t0cg0,8n6rsd,2t0cg0,True,,4,4,1,0.75,0.25,0.45946428552269936,0.5405357144773006,2.138331303750351
2z8ut7__7gtcxd,2z8ut7,7gtcxd,True,,7,2,0,1.0,0.0,1.0,0.0,1.583
25nis0__z02wk,25nis0,z02wk,True,,4,4,1,0.75,0.25,0.43266651034355164,0.5673334896564484,2.163357745990157
8vo4kx__1g3mif,8vo4kx,1g3mif,True,,3,4,1,0.7142857142857143,0.2857142857142857,0.37357349693775177,0.6264265030622482,2.2257625683526907
1dy3m8__3pa3us,1dy3m8,3pa3us,True,,1,4,0,1.0,0.0,1.0,0.0,1.583
26mg30__5i4z9r,26mg30,5i4z9r,True,,3,1,0,1.0,0.0,1.0,0.0,1.583
8k6dwp__2bkghf,8k6dwp,2bkghf,True,,6,5,2,0.5833333333333334,0.41666666666666663,0.4536050106398761,0.5463949893601239,2.177486613896753
2j2h54__byqm7,2j2h54,byqm7,True,,1,3,0,1.0,0.0,1.0,0.0,1.583
65gtb7__36d2kv,65gtb7,36d2kv,True,,3,2,1,0.6,0.4,0.3795620873570442,0.6204379126429558,2.243266966617256
2fa484__554zsk,2fa484,554zsk,True,,3,5,0,1.0,0.0,1.0,0.0,1.583
3wnbvn__5rdlzq,3wnbvn,5rdlzq,True,,2,6,0,1.0,0.0,1.0,0.0,1.583
9ogv6m__9rprs0,9ogv6m,9rprs0,True,,13,2,0,1.0,0.0,1.0,0.0,1.583
5gp15g__9hpckv,5gp15g,9hpckv,True,,2,4,0,1.0,0.0,1.0,0.0,1.583
5ab0mq__77cwb1,5ab0mq,77cwb1,True,,2,3,0,1.0,0.0,1.0,0.0,1.583
2qvlhc__9cy5hf,2qvlhc,9cy5hf,True,,4,1,0,1.0,0.0,1.0,0.0,1.583
7nmutd__3pvkpd,7nmutd,3pvkpd,True,,4,8,0,1.0,0.0,1.0,0.0,1.583
8b7742__6wmvdm,8b7742,6wmvdm,True,,4,4,0,1.0,0.0,1.0,0.0,1.583
4jhavz__353ik1,4jhavz,353ik1,True,,2,1,1,0.3333333333333333,0.6666666666666667,0.4700235612690449,0.5299764387309551,2.2126783294641723
13z2e9__1hove5,13z2e9,1hove5,True,,4,1,0,1.0,0.0,1.0,0.0,1.583
3r7jlv__54wp4l,3r7jlv,54wp4l,True,,5,6,2,0.5833333333333334,0.41666666666666663,0.41758638247847557,0.5824136175215244,2.211124410736685
2hx8rw__9ri692,2hx8rw,9ri692,True,,5,10,3,0.38095238095238093,0.6190476190476191,0.4383276579901576,0.5616723420098424,2.2326553240125158
3bx94x__5mjmh3,3bx94x,5mjmh3,True,,4,1,0,1.0,0.0,1.0,0.0,1.583
5gp15g__540onp,5gp15g,540onp,True,,2,2,0,1.0,0.0,1.0,0.0,1.583
20vc2u__1f3zik,20vc2u,1f3zik,True,,3,2,1,0.6,0.4,0.4222378209233284,0.5777621790766716,2.2034120990397037
1urdwq__2fynqy,1urdwq,2fynqy,True,,1,3,0,1.0,0.0,1.0,0.0,1.583
3ly7k9__4mp3xl,3ly7k9,4mp3xl,True,,1,1,0,1.0,0.0,1.0,0.0,1.583
4ipjne__4c14gd,4ipjne,4c14gd,True,,3,1,1,0.2,0.8,0.3225133866071701,0.6774866133928299,2.3773847482475636
9b96y0__8zfjqp,9b96y0,8zfjqp,True,,5,2,0,1.0,0.0,1.0,0.0,1.583
8zlpfe__38ve65,8zlpfe,38ve65,True,,1,5,0,1.0,0.0,1.0,0.0,1.583
50rq03__64la9r,50rq03,64la9r,True,,3,2,0,1.0,0.0,1.0,0.0,1.583
6xe1w8__3jo8p6,6xe1w8,3jo8p6,True,,15,5,0,1.0,0.0,1.0,0.0,1.583
3lylkj__8d1zmm,3lylkj,8d1zmm,True,,3,2,0,1.0,0.0,1.0,0.0,1.583
2o8h4y__9n08k2,2o8h4y,9n08k2,True,,1,4,0,1.0,0.0,1.0,0.0,1.583
2s8u3j__3cvaqz,2s8u3j,3cvaqz,True,,1,1,0,1.0,0.0,1.0,0.0,1.583
9f12ql__9bns4e,9f12ql,9bns4e,True,,5,4,1,0.7777777777777778,0.2222222222222222,0.42988645285367966,0.5701135471463203,2.1603401527910595
9au6sj__7c1s88,9au6sj,7c1s88,True,,3,4,0,1.0,0.0,1.0,0.0,1.583
546qep__1ickyq,546qep,1ickyq,True,,2,3,0,1.0,0.0,1.0,0.0,1.583
9g4ga0__8d1zmm,9g4ga0,8d1zmm,True,,11,2,0,1.0,0.0,1.0,0.0,1.583
30c27g__6kk6fm,30c27g,6kk6fm,True,,3,6,0,1.0,0.0,1.0,0.0,1.583
144ni8__9wj62z,144ni8,9wj62z,True,,3,1,1,0.5,0.5,0.35990989208221436,0.6400901079177856,2.28183015178442
gb645__73kiq4,gb645,73kiq4,True,,4,5,2,0.5,0.5,0.3330370783805847,0.6669629216194153,2.306926672500372
90vqpv__6hzjec,90vqpv,6hzjec,True,,2,4,0,1.0,0.0,1.0,0.0,1.583
37e2ct__8e3gws,37e2ct,8e3gws,True,,2,1,0,1.0,0.0,1.0,0.0,1.583
1debp9__5ler6b,1debp9,5ler6b,True,,2,4,1,0.6666666666666666,0.33333333333333337,0.3656010031700134,0.6343989968299866,2.242831889806191
877rd6__8vz5z7,877rd6,8vz5z7,True,,2,7,2,0.16666666666666666,0.8333333333333334,0.35773743378619355,0.6422625662138064,2.3512256772537405
5kh5kf__4k0r9i,5kh5kf,4k0r9i,True,,2,4,0,1.0,0.0,1.0,0.0,1.583
38cvmh__2schv9,38cvmh,2schv9,True,,4,5,1,0.7777777777777778,0.2222222222222222,0.18940716981887817,0.8105928301811218,2.384923755217261
3epkwu__3uozx0,3epkwu,3uozx0,True,,3,2,1,0.6,0.4,0.31160227954387665,0.6883977204561234,2.3067346311339736
4eqpx3__7g12gi,4eqpx3,7g12gi,True,,2,5,1,0.7142857142857143,0.2857142857142857,0.423863485455513,0.576136514544487,2.1787967480759534
4cvg7t__4zie1v,4cvg7t,4zie1v,True,,2,4,0,1.0,0.0,1.0,0.0,1.583
4roahj__12aiii,4roahj,12aiii,True,,10,6,3,0.38461538461538464,0.6153846153846154,0.34154336601495744,0.6584566339850426,2.3223018812478617
651fex__8oo1h0,651fex,8oo1h0,True,,2,8,0,1.0,0.0,1.0,0.0,1.583
3iq04d__26voam,3iq04d,26voam,True,,5,3,3,0.18181818181818182,0.8181818181818181,0.4626558118810256,0.5373441881189744,2.2501802827388557
36eo8d__5gp15g,36eo8d,5gp15g,True,,1,2,0,1.0,0.0,1.0,0.0,1.583
54ms5r__2ncb45,54ms5r,2ncb45,True,,1,6,1,0.0,1.0,0.4712607524512957,0.5287392475487043,2.2788895832857348
8o6oas__9p30p9,8o6oas,9p30p9,True,,7,7,7,0.0,1.0,0.4299221561689462,0.5700778438310539,2.317495698353821
1y6m5m__3duedr,1y6m5m,3duedr,True,,1,8,0,1.0,0.0,1.0,0.0,1.583
3bnwpu__9ghml2,3bnwpu,9ghml2,True,,1,6,0,1.0,0.0,1.0,0.0,1.583
8g45cc__91dhh9,8g45cc,91dhh9,True,,5,3,0,1.0,0.0,1.0,0.0,1.583
9g9cru__3dg5b8,9g9cru,3dg5b8,True,,3,5,0,1.0,0.0,1.0,0.0,1.583
16axa6__22edfw,16axa6,22edfw,True,,3,1,0,1.0,0.0,1.0,0.0,1.583
9fypfo__2l8b74,9fypfo,2l8b74,True,,5,3,1,0.2608695652173913,0.7391304347826086,0.33247163395086926,0.6675283660491307,2.3557830019228483
34qay8__4sr43j,34qay8,4sr43j,True,,2,7,0,1.0,0.0,1.0,0.0,1.583
75jmq3__907t0e,75jmq3,907t0e,True,,5,5,0,1.0,0.0,1.0,0.0,1.583
365rsz__8hljch,365rsz,8hljch,True,,2,4,0,1.0,0.0,1.0,0.0,1.583
9ouiuv__9c2ygj,9ouiuv,9c2ygj,True,,1,2,0,1.0,0.0,1.0,0.0,1.583
4ade1g__5bd6xd,4ade1g,5bd6xd,True,,7,8,4,0.42857142857142855,0.5714285714285714,0.29047825187444687,0.7095217481255531,2.361108074860168
9s2yss__4y0c44,9s2yss,4y0c44,True,,4,1,0,1.0,0.0,1.0,0.0,1.583
2wpa6u__6igjgl,2wpa6u,6igjgl,True,,3,5,0,1.0,0.0,1.0,0.0,1.583
9ksgrx__91zw9c,9ksgrx,91zw9c,True,,9,3,0,1.0,0.0,1.0,0.0,1.583
3927kg__9cpvnj,3927kg,9cpvnj,True,,4,4,0,1.0,0.0,1.0,0.0,1.583
72dghi__77tsog,72dghi,77tsog,True,,3,6,1,0.7777777777777778,0.2222222222222222,0.3666375130414963,0.6333624869585037,2.219408337681658
8snmf6__8t7dqc,8snmf6,8t7dqc,True,,13,3,0,1.0,0.0,1.0,0.0,1.583
2nb9di__9hbfph,2nb9di,9hbfph,True,,5,7,0,1.0,0.0,1.0,0.0,1.583
37ug64__5chtd8,37ug64,5chtd8,True,,1,3,0,1.0,0.0,1.0,0.0,1.583
2wkmva__1a96ty,2wkmva,1a96ty,True,,1,8,0,1.0,0.0,1.0,0.0,1.583
3dd22t__9ju8xc,3dd22t,9ju8xc,True,,6,5,3,0.24675324675324675,0.7532467532467533,0.36926062777638435,0.6307393722236156,2.3242786685508037
34mvcm__21mnb2,34mvcm,21mnb2,True,,3,1,0,1.0,0.0,1.0,0.0,1.583
1rwf2n__4ge11v,1rwf2n,4ge11v,True,,4,5,3,0.25,0.75,0.43800159109135467,0.5619984089086454,2.2594253140797838
5wd5ov__7279rb,5wd5ov,7279rb,True,,2,2,0,1.0,0.0,1.0,0.0,1.583
7d8ci3__8ezsw9,7d8ci3,8ezsw9,True,,1,7,1,0.75,0.25,0.4409690871834755,0.5590309128165245,2.155603969479352
5j0hkz__ozotu,5j0hkz,ozotu,True,,2,1,0,1.0,0.0,1.0,0.0,1.583
91b8rh__4prrt9,91b8rh,4prrt9,True,,4,3,3,0.3,0.7,0.35908209780852,0.6409179021914799,2.323023228856623
89yso5__6obmtx,89yso5,6obmtx,True,,9,4,0,1.0,0.0,1.0,0.0,1.583
1jjdlq__8okxzn,1jjdlq,8okxzn,True,,5,1,0,1.0,0.0,1.0,0.0,1.583
3tr5v3__96jzhc,3tr5v3,96jzhc,True,,2,5,0,1.0,0.0,1.0,0.0,1.583
3pahjx__9wjit0,3pahjx,9wjit0,True,,1,2,0,1.0,0.0,1.0,0.0,1.583
6tah0m__1y6vto,6tah0m,1y6vto,True,,1,2,0,1.0,0.0,1.0,0.0,1.583
3wgagx__1qcx19,3wgagx,1qcx19,True,,6,1,0,1.0,0.0,1.0,0.0,1.583
58ln8z__9q71zz,58ln8z,9q71zz,True,,4,1,0,1.0,0.0,1.0,0.0,1.583
9wwyvt__9m0o32,9wwyvt,9m0o32,True,,2,6,0,1.0,0.0,1.0,0.0,1.583
1bsth6__3krfdy,1bsth6,3krfdy,True,,3,4,2,0.5,0.5,0.4306423016823828,0.5693576983176172,2.2157731544588226
3n0nfm__9e91ud,3n0nfm,9e91ud,True,,2,5,0,1.0,0.0,1.0,0.0,1.583
3s8meu__85fvqt,3s8meu,85fvqt,True,,2,5,0,1.0,0.0,1.0,0.0,1.583
3sqqq8__9yyet3,3sqqq8,9yyet3,True,,2,9,0,1.0,0.0,1.0,0.0,1.583
9ixuko__2owm8o,9ixuko,2owm8o,True,,2,7,0,1.0,0.0,1.0,0.0,1.583
39x85v__3rkyfy,39x85v,3rkyfy,True,,10,5,0,1.0,0.0,1.0,0.0,1.583
74i5n8__820qmi,74i5n8,820qmi,True,,6,5,0,1.0,0.0,1.0,0.0,1.583
3a796s__275ypc,3a796s,275ypc,True,,8,3,0,1.0,0.0,1.0,0.0,1.583
2chfv3__5xztwj,2chfv3,5xztwj,True,,5,5,1,0.8,0.19999999999999996,0.4122420996427536,0.5877579003572464,2.1723271031436324
8t9ma0__4xp95i,8t9ma0,4xp95i,True,,2,5,0,1.0,0.0,1.0,0.0,1.583
68cqor__2nqdep,68cqor,2nqdep,True,,4,8,2,0.6153846153846154,0.3846153846153846,0.4003714770078659,0.5996285229921341,2.220723846853123
9n4flm__9964bf,9n4flm,9964bf,True,,3,4,0,1.0,0.0,1.0,0.0,1.583
36o3q3__2trrlh,36o3q3,2trrlh,True,,4,6,0,1.0,0.0,1.0,0.0,1.583
2ygsgn__8lg4ya,2ygsgn,8lg4ya,True,,2,9,0,1.0,0.0,1.0,0.0,1.583
6ygyoj__v4w8g,6ygyoj,v4w8g,True,,2,7,1,0.7777777777777778,0.2222222222222222,0.4448249340057373,0.5551750659942627,2.146389105243153
35x8i2__67kc7a,35x8i2,67kc7a,True,,2,3,0,1.0,0.0,1.0,0.0,1.583
3f61n3__5wyr16,3f61n3,5wyr16,True,,1,2,0,1.0,0.0,1.0,0.0,1.583
29ot8n__92jpwu,29ot8n,92jpwu,True,,3,2,0,1.0,0.0,1.0,0.0,1.583
56dmkz__7fkkz9,56dmkz,7fkkz9,True,,3,1,1,0.5,0.5,0.27422700822353363,0.7257729917764664,2.361849397020042
9z5ns9__7fen5q,9z5ns9,7fen5q,True,,1,3,0,1.0,0.0,1.0,0.0,1.583
2rwmka__8kmo2q,2rwmka,8kmo2q,True,,1,9,0,1.0,0.0,1.0,0.0,1.583
36usqg__94oo8c,36usqg,94oo8c,True,,3,2,0,1.0,0.0,1.0,0.0,1.583
8vj6vd__9socrk,8vj6vd,9socrk,True,,6,6,0,1.0,0.0,1.0,0.0,1.583
3czgxf__1vp6lj,3czgxf,1vp6lj,True,,10,2,0,1.0,0.0,1.0,0.0,1.583
30o2fq__6pyj66,30o2fq,6pyj66,True,,6,4,0,1.0,0.0,1.0,0.0,1.583
98oyr5__51cd1g,98oyr5,51cd1g,True,,2,7,0,1.0,0.0,1.0,0.0,1.583
5r4u55__2d5eyz,5r4u55,2d5eyz,True,,8,5,0,1.0,0.0,1.0,0.0,1.583
8way3e__6vt9w7,8way3e,6vt9w7,True,,6,4,3,0.3076923076923077,0.6923076923076923,0.31731636822223663,0.6826836317777634,2.3604736283326377
3nq0w9__2zl0kz,3nq0w9,2zl0kz,True,,9,4,4,0.2631578947368421,0.736842105263158,0.43209227646002546,0.5679077235399745,2.262284812487666
1uybs0__76v71i,1uybs0,76v71i,True,,11,4,0,1.0,0.0,1.0,0.0,1.583
5xedmi__9ah10q,5xedmi,9ah10q,True,,7,1,0,1.0,0.0,1.0,0.0,1.583
3m492k__3b2sl6,3m492k,3b2sl6,True,,5,10,0,1.0,0.0,1.0,0.0,1.583
55caop__2hl0me,55caop,2hl0me,True,,4,5,0,1.0,0.0,1.0,0.0,1.583
7393uw__6yajjk,7393uw,6yajjk,True,,1,10,0,1.0,0.0,1.0,0.0,1.583
26622t__4bqkog,26622t,4bqkog,True,,7,3,1,0.8,0.19999999999999996,0.32681137323379517,0.6731886267662048,2.2521108585369585
1ecfgr__21ary2,1ecfgr,21ary2,True,,1,2,0,1.0,0.0,1.0,0.0,1.583
3n1gax__27eh4c,3n1gax,27eh4c,True,,1,3,0,1.0,0.0,1.0,0.0,1.583
2zi8w9__2o3xki,2zi8w9,2o3xki,True,,6,5,0,1.0,0.0,1.0,0.0,1.583
6w7mzq__5chtd8,6w7mzq,5chtd8,True,,2,3,1,0.3333333333333333,0.6666666666666667,0.36243490874767303,0.637565091252327,2.3131553720538816
9lyefq__2pdhwk,9lyefq,2pdhwk,True,,5,1,0,1.0,0.0,1.0,0.0,1.583
9he6t9__74gbs9,9he6t9,74gbs9,True,,9,8,0,1.0,0.0,1.0,0.0,1.583
3thq96__3dujnp,3thq96,3dujnp,True,,6,5,0,1.0,0.0,1.0,0.0,1.583
87cpzs__7upo02,87cpzs,7upo02,True,,6,8,0,1.0,0.0,1.0,0.0,1.583
3s5l2e__3lv3ml,3s5l2e,3lv3ml,True,,4,5,0,1.0,0.0,1.0,0.0,1.583
36y3n8__6odfwt,36y3n8,6odfwt,True,,7,2,0,1.0,0.0,1.0,0.0,1.583
8i4a3p__2w22o9,8i4a3p,2w22o9,True,,2,1,0,1.0,0.0,1.0,0.0,1.583
3cdrpo__4sk2m4,3cdrpo,4sk2m4,True,,4,7,0,1.0,0.0,1.0,0.0,1.583
1lrij7__4sc2za,1lrij7,4sc2za,True,,4,6,0,1.0,0.0,1.0,0.0,1.583
51jee8__2kjkyk,51jee8,2kjkyk,True,,2,2,0,1.0,0.0,1.0,0.0,1.583
3fwz7i__2cd206,3fwz7i,2cd206,True,,8,4,3,0.5333333333333333,0.4666666666666667,0.394547617683808,0.6054523823161919,2.2427453131784247
3c859n__8xqwff,3c859n,8xqwff,True,,1,2,0,1.0,0.0,1.0,0.0,1.583
1uybs0__2dlwkq,1uybs0,2dlwkq,True,,11,12,0,1.0,0.0,1.0,0.0,1.583
3gkak0__44nwh5,3gkak0,44nwh5,True,,3,1,0,1.0,0.0,1.0,0.0,1.583
3rkhts__9u5srr,3rkhts,9u5srr,True,,8,1,0,1.0,0.0,1.0,0.0,1.583
2cqsgr__3m0881,2cqsgr,3m0881,True,,6,2,0,1.0,0.0,1.0,0.0,1.583
53l8o4__9fi7jw,53l8o4,9fi7jw,True,,6,1,0,1.0,0.0,1.0,0.0,1.583
8483sc__7dec16,8483sc,7dec16,True,,8,3,0,1.0,0.0,1.0,0.0,1.583
3gc4mn__6jclu1,3gc4mn,6jclu1,True,,4,4,0,1.0,0.0,1.0,0.0,1.583
41fysp__2o59a7,41fysp,2o59a7,True,,5,3,3,0.2727272727272727,0.7272727272727273,0.4052886093656222,0.5947113906343777,2.2853827858952633
65zh1p__2tf7fw,65zh1p,2tf7fw,True,,1,8,0,1.0,0.0,1.0,0.0,1.583
3rfu5h__93f70b,3rfu5h,93f70b,True,,4,4,0,1.0,0.0,1.0,0.0,1.583
4y064o__5b3s39,4y064o,5b3s39,True,,1,6,0,1.0,0.0,1.0,0.0,1.583
955w8h__5fqe8c,955w8h,5fqe8c,True,,5,7,2,0.6153846153846154,0.3846153846153846,0.4361318573355675,0.5638681426644325,2.1873272276650826
8hvkvx__7c3nfl,8hvkvx,7c3nfl,True,,1,3,0,1.0,0.0,1.0,0.0,1.583
1quwta__78xk0z,1quwta,78xk0z,True,,3,8,0,1.0,0.0,1.0,0.0,1.583
7eos5h__7fen5q,7eos5h,7fen5q,True,,1,3,0,1.0,0.0,1.0,0.0,1.583
35z6rt__7c62o1,35z6rt,7c62o1,True,,5,2,0,1.0,0.0,1.0,0.0,1.583
3h3n8c__5cu2au,3h3n8c,5cu2au,True,,1,4,0,1.0,0.0,1.0,0.0,1.583
2fqw49__3f61n3,2fqw49,3f61n3,True,,3,1,0,1.0,0.0,1.0,0.0,1.583
2u4ee3__2tvkvl,2u4ee3,2tvkvl,True,,1,3,0,1.0,0.0,1.0,0.0,1.583
3qjotl__6jamp2,3qjotl,6jamp2,True,,2,2,0,1.0,0.0,1.0,0.0,1.583
5q23dw__3azhsc,5q23dw,3azhsc,True,,5,3,0,1.0,0.0,1.0,0.0,1.583
38tnv3__761nfe,38tnv3,761nfe,True,,1,4,0,1.0,0.0,1.0,0.0,1.583
9hb224__1kvkst,9hb224,1kvkst,True,,2,3,0,1.0,0.0,1.0,0.0,1.583
1ojy01__74a94r,1ojy01,74a94r,True,,2,1,0,1.0,0.0,1.0,0.0,1.583
1urdwq__9uf5b7,1urdwq,9uf5b7,True,,1,3,0,1.0,0.0,1.0,0.0,1.583
8dmlxa__79l5xe,8dmlxa,79l5xe,True,,1,3,0,1.0,0.0,1.0,0.0,1.583
2t69u1__9fn4bl,2t69u1,9fn4bl,True,,3,4,1,0.7142857142857143,0.2857142857142857,0.3113425523042679,0.6886574476957321,2.2838800475459013
1l2ils__7afjk2,1l2ils,7afjk2,True,,4,6,0,1.0,0.0,1.0,0.0,1.583
3pu2aq__9hlsac,3pu2aq,9hlsac,True,,1,3,0,1.0,0.0,1.0,0.0,1.583
3kq8kd__3j0ezc,3kq8kd,3j0ezc,True,,7,1,0,1.0,0.0,1.0,0.0,1.583
3fh8vx__277oip,3fh8vx,277oip,True,,3,4,0,1.0,0.0,1.0,0.0,1.583
2gw1y6__3reprk,2gw1y6,3reprk,True,,3,4,0,1.0,0.0,1.0,0.0,1.583
3221cq__47o6y8,3221cq,47o6y8,True,,4,8,0,1.0,0.0,1.0,0.0,1.583
4kvltm__95dtl9,4kvltm,95dtl9,True,,1,5,0,1.0,0.0,1.0,0.0,1.583
uj9x9__26mg30,uj9x9,26mg30,True,,4,3,1,0.3076923076923077,0.6923076923076923,0.3985645975917578,0.6014354024082422,2.284595906924442
1debp9__4m8ter,1debp9,4m8ter,True,,2,3,1,0.6,0.4,0.35737335681915283,0.6426266431808472,2.263989022066593
3kaldi__1ck9ny,3kaldi,1ck9ny,True,,3,2,0,1.0,0.0,1.0,0.0,1.583
3oldln__5httb2,3oldln,5httb2,True,,5,4,0,1.0,0.0,1.0,0.0,1.583
61srxy__2mevbz,61srxy,2mevbz,True,,1,1,0,1.0,0.0,1.0,0.0,1.583
8golrs__8wfmcz,8golrs,8wfmcz,True,,11,3,0,1.0,0.0,1.0,0.0,1.583
1mx5bb__3bprbv,1mx5bb,3bprbv,True,,5,2,1,0.5,0.5,0.29397372901439667,0.7060262709856033,2.343407934473455
72ay9s__274ioe,72ay9s,274ioe,True,,10,3,0,1.0,0.0,1.0,0.0,1.583
3tm1gz__6dvnoh,3tm1gz,6dvnoh,True,,5,2,0,1.0,0.0,1.0,0.0,1.583
3kbxwl__3aggem,3kbxwl,3aggem,True,,2,2,0,1.0,0.0,1.0,0.0,1.583
3wcgev__2ljby4,3wcgev,2ljby4,True,,1,2,0,1.0,0.0,1.0,0.0,1.583
78r7oz__7febu9,78r7oz,7febu9,True,,1,4,0,1.0,0.0,1.0,0.0,1.583
q7s06__16axa6,q7s06,16axa6,True,,5,3,0,1.0,0.0,1.0,0.0,1.583
2ylksx__4688f2,2ylksx,4688f2,True,,2,2,0,1.0,0.0,1.0,0.0,1.583
9x6a1z__52rugj,9x6a1z,52rugj,True,,8,3,0,1.0,0.0,1.0,0.0,1.583
29u7m1__4es909,29u7m1,4es909,True,,2,4,1,0.6666666666666666,0.33333333333333337,0.37330013513565063,0.6266998648643494,2.2356416704634823
34f8no__3aw0v1,34f8no,3aw0v1,True,,1,6,0,1.0,0.0,1.0,0.0,1.583
9l331n__6w73gt,9l331n,6w73gt,True,,2,2,1,0.5,0.5,0.4363217130303383,0.5636782869696617,2.210469152200967
3k95vb__4xr0w5,3k95vb,4xr0w5,True,,10,3,0,1.0,0.0,1.0,0.0,1.583
8zody5__38kilh,8zody5,38kilh,True,,7,6,0,1.0,0.0,1.0,0.0,1.583
33zeje__46lr6r,33zeje,46lr6r,True,,2,2,0,1.0,0.0,1.0,0.0,1.583
5omz1r__2rb9lm,5omz1r,2rb9lm,True,,2,4,0,1.0,0.0,1.0,0.0,1.583
3atgok__8zb0rc,3atgok,8zb0rc,True,,2,2,0,1.0,0.0,1.0,0.0,1.583
3tb56y__4jvd0z,3tb56y,4jvd0z,True,,3,2,0,1.0,0.0,1.0,0.0,1.583
33ercf__7qh0z2,33ercf,7qh0z2,True,,1,12,0,1.0,0.0,1.0,0.0,1.583
2uvcdq__1k07af,2uvcdq,1k07af,False,Connection error.,5,2,0,1.0,0.0,1.0,0.0,1.583
1wlimc__7b2hv6,1wlimc,7b2hv6,True,,10,3,0,1.0,0.0,1.0,0.0,1.583
9awe7a__9k3jsw,9awe7a,9k3jsw,False,Connection error.,6,5,0,1.0,0.0,1.0,0.0,1.583
4r4yuk__9tzi6n,4r4yuk,9tzi6n,True,,8,3,0,1.0,0.0,1.0,0.0,1.583
1hartx__1x0zyg,1hartx,1x0zyg,True,,6,2,0,1.0,0.0,1.0,0.0,1.583
93bzv7__2q6bdr,93bzv7,2q6bdr,True,,4,2,0,1.0,0.0,1.0,0.0,1.583
9wp74i__41ghjh,9wp74i,41ghjh,True,,3,3,0,1.0,0.0,1.0,0.0,1.583
3vynyg__2gmat6,3vynyg,2gmat6,True,,5,5,0,1.0,0.0,1.0,0.0,1.583
fvisl__3io3nf,fvisl,3io3nf,True,,2,3,0,1.0,0.0,1.0,0.0,1.583
1v37v2__9fq4lu,1v37v2,9fq4lu,True,,4,5,0,1.0,0.0,1.0,0.0,1.583
2uj6yq__9ua5w2,2uj6yq,9ua5w2,True,,8,3,0,1.0,0.0,1.0,0.0,1.583
65z9qc__92msah,65z9qc,92msah,True,,8,4,0,1.0,0.0,1.0,0.0,1.583
8g6ot1__275ypc,8g6ot1,275ypc,True,,1,3,0,1.0,0.0,1.0,0.0,1.583
73wgq7__2b172c,73wgq7,2b172c,True,,5,5,0,1.0,0.0,1.0,0.0,1.583
3ff579__3n954y,3ff579,3n954y,True,,3,5,0,1.0,0.0,1.0,0.0,1.583
2nw0yk__8f1bmg,2nw0yk,8f1bmg,True,,1,6,0,1.0,0.0,1.0,0.0,1.583
58rakr__73cu8r,58rakr,73cu8r,True,,2,2,0,1.0,0.0,1.0,0.0,1.583
9x4e6o__28fdxn,9x4e6o,28fdxn,True,,5,3,1,0.75,0.25,0.3574947416782379,0.6425052583217621,2.2335606607466936
3sa9sl__8wzf5p,3sa9sl,8wzf5p,True,,2,6,0,1.0,0.0,1.0,0.0,1.583
2bzjj0__5h8xl3,2bzjj0,5h8xl3,True,,2,4,2,0.3333333333333333,0.6666666666666667,0.3517448678612709,0.6482551321387291,2.3231388012376923
9tdjbp__phdv7,9tdjbp,phdv7,True,,5,2,0,1.0,0.0,1.0,0.0,1.583
2orjlm__40khu9,2orjlm,40khu9,True,,8,1,0,1.0,0.0,1.0,0.0,1.583
51bs11__99gatx,51bs11,99gatx,True,,4,6,2,0.5454545454545454,0.4545454545454546,0.30261362344026566,0.6973863765597343,2.326152773432772
971u5n__52rugj,971u5n,52rugj,True,,1,3,0,1.0,0.0,1.0,0.0,1.583
3r9qbz__2oj1pl,3r9qbz,2oj1pl,True,,3,4,0,1.0,0.0,1.0,0.0,1.583
5mo7pp__95rrwx,5mo7pp,95rrwx,True,,4,5,0,1.0,0.0,1.0,0.0,1.583
2xtmak__4uvqyn,2xtmak,4uvqyn,True,,2,9,0,1.0,0.0,1.0,0.0,1.583
37dmax__8mjrn8,37dmax,8mjrn8,True,,3,4,0,1.0,0.0,1.0,0.0,1.583
8ic75t__9odwkz,8ic75t,9odwkz,True,,2,2,1,0.5,0.5,0.3819572627544403,0.6180427372455597,2.261240112313628
2rmo6o__51vrpp,2rmo6o,51vrpp,True,,5,4,0,1.0,0.0,1.0,0.0,1.583
1r60ft__57vaow,1r60ft,57vaow,True,,4,2,2,0.2857142857142857,0.7142857142857143,0.26856955885887146,0.7314304411411285,2.4104400318388426
3keaoo__8s5sln,3keaoo,8s5sln,True,,9,4,0,1.0,0.0,1.0,0.0,1.583
820qmi__6pqc9f,820qmi,6pqc9f,True,,5,8,1,0.8461538461538461,0.15384615384615385,0.37181274592876434,0.6281872540712357,2.2007563842694347
30a3nv__6hy4jg,30a3nv,6hy4jg,True,,3,2,0,1.0,0.0,1.0,0.0,1.583
30nstm__2k05ga,30nstm,2k05ga,True,,6,1,1,0.3,0.7,0.4003372999529044,0.5996627000470955,2.2844949955739824
3a0u57__9yz6he,3a0u57,9yz6he,True,,3,12,0,1.0,0.0,1.0,0.0,1.583
38hmg6__8kolmj,38hmg6,8kolmj,True,,4,6,0,1.0,0.0,1.0,0.0,1.583
94kczb__3lvuz1,94kczb,3lvuz1,True,,3,5,0,1.0,0.0,1.0,0.0,1.583
4l8025__2kdpzp,4l8025,2kdpzp,True,,2,1,0,1.0,0.0,1.0,0.0,1.583
3g9i51__5l1bxq,3g9i51,5l1bxq,True,,2,2,0,1.0,0.0,1.0,0.0,1.583
2xf182__92yov6,2xf182,92yov6,True,,4,8,0,1.0,0.0,1.0,0.0,1.583
344p54__89kk4t,344p54,89kk4t,True,,3,8,0,1.0,0.0,1.0,0.0,1.583
2ii3kq__4xzd1g,2ii3kq,4xzd1g,True,,7,1,0,1.0,0.0,1.0,0.0,1.583
2z9ze5__6ygyoj,2z9ze5,6ygyoj,True,,3,2,0,1.0,0.0,1.0,0.0,1.583
37m5w9__7bmle4,37m5w9,7bmle4,True,,5,7,2,0.6153846153846154,0.3846153846153846,0.4006148912012577,0.5993851087987423,2.2204965223379145
1pz5nb__7b2hv6,1pz5nb,7b2hv6,True,,8,3,0,1.0,0.0,1.0,0.0,1.583
73d411__3tz1to,73d411,3tz1to,True,,4,3,0,1.0,0.0,1.0,0.0,1.583
3ac45f__9sbbw3,3ac45f,9sbbw3,True,,5,10,4,0.16666666666666666,0.8333333333333334,0.4679833184927702,0.5320166815072298,2.2482670455262683
4szj59__61wwhj,4szj59,61wwhj,True,,8,4,0,1.0,0.0,1.0,0.0,1.583
3x5kfi__7cqow1,3x5kfi,7cqow1,True,,2,3,0,1.0,0.0,1.0,0.0,1.583
9emt5s__2w5gbx,9emt5s,2w5gbx,True,,4,5,0,1.0,0.0,1.0,0.0,1.583
9nnnew__1ickyq,9nnnew,1ickyq,True,,5,3,0,1.0,0.0,1.0,0.0,1.583
28z1ad__5bw3sl,28z1ad,5bw3sl,True,,5,2,0,1.0,0.0,1.0,0.0,1.583
495ku7__2g5tn1,495ku7,2g5tn1,True,,3,3,0,1.0,0.0,1.0,0.0,1.583
3bd26w__99u2wv,3bd26w,99u2wv,True,,7,2,0,1.0,0.0,1.0,0.0,1.583
607n1w__9eaik3,607n1w,9eaik3,True,,2,3,1,0.6,0.4,0.4564182832837105,0.5435817167162895,2.1714909652413428
8tf0i8__3gsy9c,8tf0i8,3gsy9c,True,,4,3,0,1.0,0.0,1.0,0.0,1.583
1l1zwx__4scadm,1l1zwx,4scadm,True,,10,4,3,0.47058823529411764,0.5294117647058824,0.45362719272573787,0.5463728072742622,2.2002516823604923
1dcy7t__30h4rd,1dcy7t,30h4rd,True,,2,6,0,1.0,0.0,1.0,0.0,1.583
4lcosk__7clmoi,4lcosk,7clmoi,True,,3,11,0,1.0,0.0,1.0,0.0,1.583
49knna__8d6bhz,49knna,8d6bhz,True,,8,8,1,0.875,0.125,0.379748672246933,0.620251327753067,2.187515214988589
275e2a__6in0my,275e2a,6in0my,True,,5,6,0,1.0,0.0,1.0,0.0,1.583
2twzep__7difvk,2twzep,7difvk,True,,1,1,0,1.0,0.0,1.0,0.0,1.583
2e327m__3frcin,2e327m,3frcin,True,,2,7,1,0.7777777777777778,0.2222222222222222,0.35677482187747955,0.6432251781225204,2.228619104959733
38xwtc__5ffadv,38xwtc,5ffadv,True,,2,5,0,1.0,0.0,1.0,0.0,1.583
8yziew__83l8xu,8yziew,83l8xu,True,,5,2,0,1.0,0.0,1.0,0.0,1.583
3d5u6e__7gp8n1,3d5u6e,7gp8n1,True,,8,4,0,1.0,0.0,1.0,0.0,1.583
48p4f3__5kajmy,48p4f3,5kajmy,True,,3,6,0,1.0,0.0,1.0,0.0,1.583
9y1xu4__78wpg7,9y1xu4,78wpg7,True,,1,3,0,1.0,0.0,1.0,0.0,1.583
288ocb__8blqfh,288ocb,8blqfh,True,,3,2,1,0.6,0.4,0.41371921449899673,0.5862807855010033,2.211367625579387
3wyruy__1elmr1,3wyruy,1elmr1,True,,9,1,0,1.0,0.0,1.0,0.0,1.583
29ogi0__66eno2,29ogi0,66eno2,True,,5,1,0,1.0,0.0,1.0,0.0,1.583
3rlx0o__1zr9bd,3rlx0o,1zr9bd,True,,10,2,0,1.0,0.0,1.0,0.0,1.583
3wr9t6__6pn4ca,3wr9t6,6pn4ca,True,,4,6,0,1.0,0.0,1.0,0.0,1.583
1aevii__4qb2ie,1aevii,4qb2ie,True,,4,1,0,1.0,0.0,1.0,0.0,1.583
31gaog__1f0upk,31gaog,1f0upk,True,,1,2,0,1.0,0.0,1.0,0.0,1.583
8meu4j__21ooob,8meu4j,21ooob,True,,7,3,0,1.0,0.0,1.0,0.0,1.583
3tg9d6__2g30v8,3tg9d6,2g30v8,True,,6,4,0,1.0,0.0,1.0,0.0,1.583
9ogv6m__2zlrqe,9ogv6m,2zlrqe,True,,13,1,0,1.0,0.0,1.0,0.0,1.583
30ttev__3awu78,30ttev,3awu78,True,,4,5,3,0.3333333333333333,0.6666666666666667,0.42616628607114154,0.5738337139288585,2.253636638771494
9idcpk__9plbum,9idcpk,9plbum,True,,3,3,0,1.0,0.0,1.0,0.0,1.583
2h21lf__4xsvjl,2h21lf,4xsvjl,True,,5,2,0,1.0,0.0,1.0,0.0,1.583
3vgu2b__56h33e,3vgu2b,56h33e,True,,3,6,1,0.08333333333333333,0.9166666666666666,0.3672501736630996,0.6327498263369005,2.3591833961493647
55fuia__3njibp,55fuia,3njibp,True,,2,7,0,1.0,0.0,1.0,0.0,1.583
394m5v__3p0w41,394m5v,3p0w41,True,,4,4,0,1.0,0.0,1.0,0.0,1.583
2jqhtx__2bgsq0,2jqhtx,2bgsq0,True,,7,5,0,1.0,0.0,1.0,0.0,1.583
3am0dm__8bdke8,3am0dm,8bdke8,True,,3,3,0,1.0,0.0,1.0,0.0,1.583
330wg1__2t442r,330wg1,2t442r,True,,4,3,0,1.0,0.0,1.0,0.0,1.583
1at6b8__2m9wc8,1at6b8,2m9wc8,True,,2,1,0,1.0,0.0,1.0,0.0,1.583
2tc6w7__79bw0n,2tc6w7,79bw0n,True,,4,2,0,1.0,0.0,1.0,0.0,1.583
9awe7a__9ixfzt,9awe7a,9ixfzt,True,,6,1,0,1.0,0.0,1.0,0.0,1.583
5wijfa__3kk6mx,5wijfa,3kk6mx,True,,2,4,0,1.0,0.0,1.0,0.0,1.583
7h1w14__4f3umr,7h1w14,4f3umr,True,,3,1,0,1.0,0.0,1.0,0.0,1.583
6e3pjq__65afwx,6e3pjq,65afwx,True,,11,7,6,0.45454545454545453,0.5454545454545454,0.3202774114906788,0.6797225885093212,2.3280292890452188
7xd3qj__7gsirx,7xd3qj,7gsirx,True,,3,4,0,1.0,0.0,1.0,0.0,1.583
3kydlb__4j0lui,3kydlb,4j0lui,True,,2,2,0,1.0,0.0,1.0,0.0,1.583
3ef9ue__3nkx29,3ef9ue,3nkx29,True,,7,7,4,0.25,0.75,0.4263816885650158,0.5736183114349842,2.2702771410491316
8jrha0__25bpf5,8jrha0,25bpf5,True,,11,3,0,1.0,0.0,1.0,0.0,1.583
55bnzg__2phu5i,55bnzg,2phu5i,True,,7,3,0,1.0,0.0,1.0,0.0,1.583
585qss__7d8ttc,585qss,7d8ttc,True,,3,1,0,1.0,0.0,1.0,0.0,1.583
35ys7w__3b6e9r,35ys7w,3b6e9r,True,,4,1,0,1.0,0.0,1.0,0.0,1.583
3gh8yr__9een8c,3gh8yr,9een8c,True,,5,9,0,1.0,0.0,1.0,0.0,1.583
9f12ql__4uvrky,9f12ql,4uvrky,True,,5,4,2,0.5,0.5,0.38349754735827446,0.6165024526417255,2.2598016405221077
4q7bbm__3slygn,4q7bbm,3slygn,True,,6,1,0,1.0,0.0,1.0,0.0,1.583
40sodz__2lefa1,40sodz,2lefa1,True,,14,1,1,0.8666666666666667,0.1333333333333333,0.46585530042648315,0.5341446995735168,2.108784401598374
9wvrl7__500y3s,9wvrl7,500y3s,True,,4,3,0,1.0,0.0,1.0,0.0,1.583
3l6ddx__7f1ge7,3l6ddx,7f1ge7,True,,4,5,3,0.03333333333333333,0.9666666666666667,0.4579384908346193,0.5420615091653807,2.284594576742882
3n5rqx__348oyq,3n5rqx,348oyq,True,,2,1,0,1.0,0.0,1.0,0.0,1.583
88mixe__7fu6lg,88mixe,7fu6lg,True,,3,7,0,1.0,0.0,1.0,0.0,1.583
4llf7y__2uze33,4llf7y,2uze33,True,,5,5,1,0.6363636363636364,0.36363636363636365,0.39724869281053543,0.6027513071894646,2.21940035487515
9ke84t__57p8y6,9ke84t,57p8y6,True,,1,3,0,1.0,0.0,1.0,0.0,1.583
8iuy3n__3mggzs,8iuy3n,3mggzs,True,,2,8,1,0.8,0.19999999999999996,0.3901496157050133,0.6098503842949867,2.192959273893088
8a5vdu__6fnb2u,8a5vdu,6fnb2u,True,,5,1,0,1.0,0.0,1.0,0.0,1.583
29prx3__9hjemx,29prx3,9hjemx,True,,3,4,3,0.3,0.7,0.35164445638656616,0.6483555436134338,2.329969242180586
8g3mek__5j4wel,8g3mek,5j4wel,True,,2,1,0,1.0,0.0,1.0,0.0,1.583
9ki50h__74sv25,9ki50h,74sv25,True,,4,1,0,1.0,0.0,1.0,0.0,1.583
8v1xps__369ecr,8v1xps,369ecr,True,,5,3,2,0.4444444444444444,0.5555555555555556,0.5150031130760908,0.4849968869239092,2.1482163704760167
9asf8r__uofg9,9asf8r,uofg9,True,,5,2,1,0.7142857142857143,0.2857142857142857,0.3277595341205597,0.6722404658794403,2.268548228227666
2t8qgr__200drh,2t8qgr,200drh,True,,2,10,0,1.0,0.0,1.0,0.0,1.583
29002o__21s1im,29002o,21s1im,True,,3,9,0,1.0,0.0,1.0,0.0,1.583
6fnf9s__55r2o0,6fnf9s,55r2o0,True,,2,2,0,1.0,0.0,1.0,0.0,1.583
2zbnif__6v6pdc,2zbnif,6v6pdc,True,,3,2,0,1.0,0.0,1.0,0.0,1.583
2pig0s__7csbul,2pig0s,7csbul,True,,5,1,0,1.0,0.0,1.0,0.0,1.583
3ju9ag__8vlb46,3ju9ag,8vlb46,True,,1,2,0,1.0,0.0,1.0,0.0,1.583
96stdq__7hcs5z,96stdq,7hcs5z,True,,2,13,0,1.0,0.0,1.0,0.0,1.583
54zo5b__5vlqjl,54zo5b,5vlqjl,True,,1,4,1,0.6,0.4,0.3719780296087265,0.6280219703912735,2.25034971814841
88nj5s__3azsba,88nj5s,3azsba,True,,4,1,1,0.6,0.4,0.3258209824562073,0.6741790175437927,2.293455784484148
536hru__3q92fz,536hru,3q92fz,True,,9,4,2,0.6428571428571429,0.3571428571428571,0.38818511739373207,0.6118148826062679,2.226552490294565
2y0vik__3chjdy,2y0vik,3chjdy,True,,1,4,0,1.0,0.0,1.0,0.0,1.583
3t1dq0__6epc9m,3t1dq0,6epc9m,True,,3,1,0,1.0,0.0,1.0,0.0,1.583
28qdnd__tag2s,28qdnd,tag2s,True,,4,7,0,1.0,0.0,1.0,0.0,1.583
48tisa__3kzfjy,48tisa,3kzfjy,True,,4,3,0,1.0,0.0,1.0,0.0,1.583
3e10wt__6w8erv,3e10wt,6w8erv,True,,2,6,0,1.0,0.0,1.0,0.0,1.583
68wj6w__3uzi8x,68wj6w,3uzi8x,True,,4,3,0,1.0,0.0,1.0,0.0,1.583
3czgxf__4erion,3czgxf,4erion,True,,10,1,1,0.8181818181818182,0.18181818181818177,0.38356858491897583,0.6164314150810242,2.195430753089623
5lfzok__8wv9n9,5lfzok,8wv9n9,True,,5,5,3,0.38461538461538464,0.6153846153846154,0.35340432822704315,0.6465956717729568,2.311224928637995
698f8d__91585d,698f8d,91585d,True,,4,7,0,1.0,0.0,1.0,0.0,1.583
4fk05t__6z42z3,4fk05t,6z42z3,True,,10,1,1,0.8181818181818182,0.18181818181818177,0.38284918665885925,0.6171508133411407,2.196102599124746
5g8oqc__21mnb2,5g8oqc,21mnb2,True,,2,1,0,1.0,0.0,1.0,0.0,1.583
784yuf__4h4iva,784yuf,4h4iva,True,,4,8,2,0.22807017543859648,0.7719298245614035,0.4979602610692382,0.5020397389307618,2.207861929731298
3clnwp__4ch8y6,3clnwp,4ch8y6,True,,1,10,0,1.0,0.0,1.0,0.0,1.583
9x00c3__5rvz7k,9x00c3,5rvz7k,True,,9,4,0,1.0,0.0,1.0,0.0,1.583
34upzs__931z6c,34upzs,931z6c,True,,1,4,0,1.0,0.0,1.0,0.0,1.583
9x2xp8__4gxpql,9x2xp8,4gxpql,True,,4,4,0,1.0,0.0,1.0,0.0,1.583
36f4q1__9ywv45,36f4q1,9ywv45,True,,3,2,1,0.6,0.4,0.5418258272111416,0.4581741727888584,2.091728859967515
2zlrqe__542apa,2zlrqe,542apa,True,,1,3,0,1.0,0.0,1.0,0.0,1.583
1o19di__288oa6,1o19di,288oa6,True,,3,3,0,1.0,0.0,1.0,0.0,1.583
2aerxm__7zh1od,2aerxm,7zh1od,True,,9,3,3,0.4666666666666667,0.5333333333333333,0.2770189593235652,0.7229810406764348,2.365978660554389
6dlnza__9xi3ux,6dlnza,9xi3ux,True,,1,1,0,1.0,0.0,1.0,0.0,1.583
1stx3n__2i9q87,1stx3n,2i9q87,True,,12,1,0,1.0,0.0,1.0,0.0,1.583
3tb56y__3b7dim,3tb56y,3b7dim,True,,3,7,0,1.0,0.0,1.0,0.0,1.583
9hhao7__1w5iv3,9hhao7,1w5iv3,True,,2,2,0,1.0,0.0,1.0,0.0,1.583
398u01__5iwand,398u01,5iwand,True,,7,3,0,1.0,0.0,1.0,0.0,1.583
3a2e33__7fudx8,3a2e33,7fudx8,True,,3,6,0,1.0,0.0,1.0,0.0,1.583
2uqcja__5np08x,2uqcja,5np08x,True,,1,3,0,1.0,0.0,1.0,0.0,1.583
35ngzx__6w26un,35ngzx,6w26un,True,,5,2,0,1.0,0.0,1.0,0.0,1.583
6tyozg__5mg22i,6tyozg,5mg22i,True,,2,1,0,1.0,0.0,1.0,0.0,1.583
3aggem__3xnyqw,3aggem,3xnyqw,True,,2,1,0,1.0,0.0,1.0,0.0,1.583
28xva1__3k95vb,28xva1,3k95vb,True,,5,10,0,1.0,0.0,1.0,0.0,1.583
38v2xu__62gk1x,38v2xu,62gk1x,True,,3,3,0,1.0,0.0,1.0,0.0,1.583
1whvet__3a4d7l,1whvet,3a4d7l,True,,3,9,0,1.0,0.0,1.0,0.0,1.583
41lk50__2rg84h,41lk50,2rg84h,True,,10,3,0,1.0,0.0,1.0,0.0,1.583
4mlzg4__9g3i8k,4mlzg4,9g3i8k,True,,5,2,0,1.0,0.0,1.0,0.0,1.583
9oer6p__5wiq0v,9oer6p,5wiq0v,True,,2,2,0,1.0,0.0,1.0,0.0,1.583
8k5clm__3cxfnl,8k5clm,3cxfnl,True,,1,3,0,1.0,0.0,1.0,0.0,1.583
58k27n__68j3ss,58k27n,68j3ss,True,,1,5,0,1.0,0.0,1.0,0.0,1.583
2v80vz__762mmz,2v80vz,762mmz,True,,2,2,0,1.0,0.0,1.0,0.0,1.583
323e9a__1hj3jn,323e9a,1hj3jn,True,,1,5,0,1.0,0.0,1.0,0.0,1.583
9hhao7__zb6h7,9hhao7,zb6h7,True,,2,1,0,1.0,0.0,1.0,0.0,1.583
9blohy__6p5c81,9blohy,6p5c81,True,,11,4,0,1.0,0.0,1.0,0.0,1.583
53dwv5__514yvt,53dwv5,514yvt,True,,1,4,0,1.0,0.0,1.0,0.0,1.583
4wbwh2__3sx9ke,4wbwh2,3sx9ke,True,,10,5,0,1.0,0.0,1.0,0.0,1.583
9wvkzr__2met9s,9wvkzr,2met9s,True,,4,6,0,1.0,0.0,1.0,0.0,1.583
3and4i__86iutx,3and4i,86iutx,True,,5,7,0,1.0,0.0,1.0,0.0,1.583
3bt92m__2bvudi,3bt92m,2bvudi,True,,5,1,0,1.0,0.0,1.0,0.0,1.583
8hk5e1__5w32k3,8hk5e1,5w32k3,True,,5,2,0,1.0,0.0,1.0,0.0,1.583
3se7um__1g9fgp,3se7um,1g9fgp,True,,4,3,0,1.0,0.0,1.0,0.0,1.583
99hgal__7au7vs,99hgal,7au7vs,True,,1,6,0,1.0,0.0,1.0,0.0,1.583
3mvzcg__9d2shx,3mvzcg,9d2shx,True,,4,3,0,1.0,0.0,1.0,0.0,1.583
32hnox__4nk11m,32hnox,4nk11m,True,,5,3,0,1.0,0.0,1.0,0.0,1.583
5z5dbn__6h8zjc,5z5dbn,6h8zjc,True,,7,2,1,0.4166666666666667,0.5833333333333333,0.29571742316087085,0.7042825768391292,2.3586211651767295
1eii8f__8f01hw,1eii8f,8f01hw,True,,1,3,0,1.0,0.0,1.0,0.0,1.583
291r4o__2djgcy,291r4o,2djgcy,True,,3,1,0,1.0,0.0,1.0,0.0,1.583
1osahi__7gm1xd,1osahi,7gm1xd,True,,7,2,0,1.0,0.0,1.0,0.0,1.583
98vbid__78gjui,98vbid,78gjui,True,,1,3,0,1.0,0.0,1.0,0.0,1.583
8hf28l__2tgsnn,8hf28l,2tgsnn,True,,3,7,0,1.0,0.0,1.0,0.0,1.583
9oplp2__8dyuon,9oplp2,8dyuon,True,,2,6,0,1.0,0.0,1.0,0.0,1.583
4virgd__7d4sw3,4virgd,7d4sw3,True,,3,2,0,1.0,0.0,1.0,0.0,1.583
8bdke8__281ff4,8bdke8,281ff4,True,,3,4,0,1.0,0.0,1.0,0.0,1.583
1rm6v8__5z318w,1rm6v8,5z318w,True,,2,1,0,1.0,0.0,1.0,0.0,1.583
379zuj__99i9ic,379zuj,99i9ic,True,,2,4,2,0.2857142857142857,0.7142857142857143,0.2742455303668976,0.7257544696331024,2.405139242047497
64gjzo__1wsfk7,64gjzo,1wsfk7,True,,1,2,0,1.0,0.0,1.0,0.0,1.583
11huhu__15vqyq,11huhu,15vqyq,True,,3,2,1,0.3333333333333333,0.6666666666666667,0.3128388151526451,0.6871611848473549,2.359473163862278
3hbpml__3qyuc2,3hbpml,3qyuc2,True,,2,3,1,0.6,0.4,0.3660337030887604,0.6339662969112396,2.2559011246854066
5x89ev__20zpvn,5x89ev,20zpvn,True,,2,4,1,0.6666666666666666,0.33333333333333337,0.4552570469677448,0.5447429530322552,2.1591021105034898
986z8f__8tf0i8,986z8f,8tf0i8,True,,1,4,0,1.0,0.0,1.0,0.0,1.583
3fbqyr__706cn2,3fbqyr,706cn2,True,,8,4,0,1.0,0.0,1.0,0.0,1.583
3xxjsa__4wox7e,3xxjsa,4wox7e,True,,1,1,0,1.0,0.0,1.0,0.0,1.583
47kzfp__621nm9,47kzfp,621nm9,True,,2,2,1,0.5,0.5,0.4189118668437004,0.5810881331562996,2.226728207554668
4prmxk__2pjem4,4prmxk,2pjem4,True,,1,2,0,1.0,0.0,1.0,0.0,1.583
3pvxp9__74jwyi,3pvxp9,74jwyi,True,,4,2,0,1.0,0.0,1.0,0.0,1.583
8t5xt9__3jgj4a,8t5xt9,3jgj4a,True,,3,1,0,1.0,0.0,1.0,0.0,1.583
1nagwy__7bmz2m,1nagwy,7bmz2m,True,,3,5,0,1.0,0.0,1.0,0.0,1.583
2tslg1__379ayb,2tslg1,379ayb,True,,1,4,0,1.0,0.0,1.0,0.0,1.583
9iqmo4__9br7ty,9iqmo4,9br7ty,True,,6,3,0,1.0,0.0,1.0,0.0,1.583
3a0u57__50zxj8,3a0u57,50zxj8,True,,3,1,0,1.0,0.0,1.0,0.0,1.583
3rlx0o__2jf5xj,3rlx0o,2jf5xj,True,,10,3,0,1.0,0.0,1.0,0.0,1.583
362wbk__3tz1to,362wbk,3tz1to,True,,2,3,0,1.0,0.0,1.0,0.0,1.583
5qf8gb__3jkxxj,5qf8gb,3jkxxj,True,,1,3,0,1.0,0.0,1.0,0.0,1.583
9xpnk3__2v45ng,9xpnk3,2v45ng,True,,2,3,0,1.0,0.0,1.0,0.0,1.583
2afrgf__5onchv,2afrgf,5onchv,True,,5,10,0,1.0,0.0,1.0,0.0,1.583
1bmat9__92k6hn,1bmat9,92k6hn,True,,1,5,0,1.0,0.0,1.0,0.0,1.583
4zie1v__4hc8t0,4zie1v,4hc8t0,True,,4,1,0,1.0,0.0,1.0,0.0,1.583
6w26un__6dlidz,6w26un,6dlidz,True,,2,2,0,1.0,0.0,1.0,0.0,1.583
8v1xps__8vt98s,8v1xps,8vt98s,True,,5,4,2,0.6,0.4,0.426055409014225,0.573944590985775,2.199846853521615
626bxb__6p8r49,626bxb,6p8r49,True,,2,2,0,1.0,0.0,1.0,0.0,1.583
2ftwq7__76orxw,2ftwq7,76orxw,True,,1,3,0,1.0,0.0,1.0,0.0,1.583
8gsnbq__79whkn,8gsnbq,79whkn,True,,3,3,0,1.0,0.0,1.0,0.0,1.583
4l0h3d__5c56p7,4l0h3d,5c56p7,True,,1,5,0,1.0,0.0,1.0,0.0,1.583
5xedmi__9h798f,5xedmi,9h798f,True,,7,2,0,1.0,0.0,1.0,0.0,1.583
3ekq21__9emwqh,3ekq21,9emwqh,True,,5,6,1,0.2857142857142857,0.7142857142857143,0.3395732945452134,0.6604267054547865,2.344129643081368
529csb__pj15a,529csb,pj15a,True,,2,1,0,1.0,0.0,1.0,0.0,1.583
3i7lfk__77xbtv,3i7lfk,77xbtv,True,,5,2,0,1.0,0.0,1.0,0.0,1.583
6y27qv__207bnl,6y27qv,207bnl,True,,2,3,0,1.0,0.0,1.0,0.0,1.583
3e66bp__2ff1of,3e66bp,2ff1of,True,,10,3,0,1.0,0.0,1.0,0.0,1.583
9buvtz__4iv5oy,9buvtz,4iv5oy,True,,5,2,0,1.0,0.0,1.0,0.0,1.583
4w8icy__4u8v3k,4w8icy,4u8v3k,True,,1,1,0,1.0,0.0,1.0,0.0,1.583
31c3yw__1756w4,31c3yw,1756w4,True,,2,5,0,1.0,0.0,1.0,0.0,1.583
2gc4xz__3qzndz,2gc4xz,3qzndz,True,,5,2,0,1.0,0.0,1.0,0.0,1.583
1j5epy__3t3ou8,1j5epy,3t3ou8,True,,2,3,2,0.16666666666666666,0.8333333333333334,0.41360493563115597,0.586395064368844,2.29905101728073
2wgu1b__3dwy0i,2wgu1b,3dwy0i,True,,1,9,0,1.0,0.0,1.0,0.0,1.583
1dxfck__2qtzsb,1dxfck,2qtzsb,True,,2,8,0,1.0,0.0,1.0,0.0,1.583
1uh4xr__3qp7bu,1uh4xr,3qp7bu,True,,6,6,0,1.0,0.0,1.0,0.0,1.583
2rokzf__2nftg5,2rokzf,2nftg5,True,,5,4,0,1.0,0.0,1.0,0.0,1.583
8m2mtj__3c226y,8m2mtj,3c226y,True,,3,1,0,1.0,0.0,1.0,0.0,1.583
57t0nw__8nbirt,57t0nw,8nbirt,True,,4,4,0,1.0,0.0,1.0,0.0,1.583
319f2n__3nb6xg,319f2n,3nb6xg,True,,2,8,0,1.0,0.0,1.0,0.0,1.583
1s4j23__9y7q3q,1s4j23,9y7q3q,True,,2,1,0,1.0,0.0,1.0,0.0,1.583
3fgya0__5hupvx,3fgya0,5hupvx,True,,6,1,1,0.7142857142857143,0.2857142857142857,0.3849780857563019,0.6150219142436981,2.2151118228550466
3q76qj__536777,3q76qj,536777,True,,10,1,0,1.0,0.0,1.0,0.0,1.583
91v3kp__2nqtxu,91v3kp,2nqtxu,True,,4,4,0,1.0,0.0,1.0,0.0,1.583
9au6sj__6p5c81,9au6sj,6p5c81,True,,3,4,0,1.0,0.0,1.0,0.0,1.583
33x9p8__3ii9o6,33x9p8,3ii9o6,True,,1,4,0,1.0,0.0,1.0,0.0,1.583
2fskc9__51dy3o,2fskc9,51dy3o,True,,7,2,2,0.6,0.4,0.43651831336319447,0.5634816866368055,2.1900755471501125
8ivqvf__3ju9ag,8ivqvf,3ju9ag,True,,5,1,0,1.0,0.0,1.0,0.0,1.583
94aqc6__2bz9sj,94aqc6,2bz9sj,True,,3,3,0,1.0,0.0,1.0,0.0,1.583
30bt96__2j25v0,30bt96,2j25v0,True,,3,4,1,0.7142857142857143,0.2857142857142857,0.4181395173072815,0.5818604826927185,2.1841423619295868
6y27qv__58o17e,6y27qv,58o17e,True,,2,2,1,0.5,0.5,0.3123529702425003,0.6876470297574997,2.326243561090529
1urdwq__288oa6,1urdwq,288oa6,True,,1,3,0,1.0,0.0,1.0,0.0,1.583
qajw0__706cn2,qajw0,706cn2,True,,2,4,0,1.0,0.0,1.0,0.0,1.583
38n94d__9sblwg,38n94d,9sblwg,True,,4,2,0,1.0,0.0,1.0,0.0,1.583
1hhf0a__1puqfi,1hhf0a,1puqfi,True,,2,5,0,1.0,0.0,1.0,0.0,1.583
8wgkcb__6z67xg,8wgkcb,6z67xg,True,,2,2,0,1.0,0.0,1.0,0.0,1.583
3fh8vx__2g6x2b,3fh8vx,2g6x2b,True,,3,6,0,1.0,0.0,1.0,0.0,1.583
37ropz__imp3o,37ropz,imp3o,True,,4,8,1,0.8333333333333334,0.16666666666666663,0.3562784492969513,0.6437215507030487,2.2178548895349106
8v3rd7__9q7tcb,8v3rd7,9q7tcb,True,,1,4,0,1.0,0.0,1.0,0.0,1.583
3if8uz__2mevbz,3if8uz,2mevbz,True,,5,1,1,0.6666666666666666,0.33333333333333337,0.24121415615081787,0.7587858438491821,2.358996766237418
3apcv7__68w90z,3apcv7,68w90z,True,,8,8,0,1.0,0.0,1.0,0.0,1.583
9yf9mz__5n6znk,9yf9mz,5n6znk,True,,3,3,0,1.0,0.0,1.0,0.0,1.583
3bmpqt__99le80,3bmpqt,99le80,True,,5,2,0,1.0,0.0,1.0,0.0,1.583
8k8r4i__4vrg7l,8k8r4i,4vrg7l,True,,1,4,0,1.0,0.0,1.0,0.0,1.583
9sz5ug__3dx6ni,9sz5ug,3dx6ni,True,,15,2,0,1.0,0.0,1.0,0.0,1.583
94g1p3__1fc6uy,94g1p3,1fc6uy,True,,2,9,0,1.0,0.0,1.0,0.0,1.583
2rzreg__8n3mjd,2rzreg,8n3mjd,True,,2,7,0,1.0,0.0,1.0,0.0,1.583
5iu78y__72o6zo,5iu78y,72o6zo,True,,2,7,0,1.0,0.0,1.0,0.0,1.583
2yzsid__585qss,2yzsid,585qss,True,,4,3,0,1.0,0.0,1.0,0.0,1.583
1dlj67__1n4pa8,1dlj67,1n4pa8,True,,4,1,0,1.0,0.0,1.0,0.0,1.583
5v2ywe__1i4kar,5v2ywe,1i4kar,True,,3,7,0,1.0,0.0,1.0,0.0,1.583
1xeiyg__2cag0r,1xeiyg,2cag0r,True,,5,5,3,0.3076923076923077,0.6923076923076923,0.422807772954305,0.5771922270456951,2.261955205453359
2whi6l__2u4ee3,2whi6l,2u4ee3,True,,5,1,0,1.0,0.0,1.0,0.0,1.583
2uqfeb__9ydp8g,2uqfeb,9ydp8g,True,,2,1,0,1.0,0.0,1.0,0.0,1.583
1b5uid__27cyks,1b5uid,27cyks,True,,5,3,0,1.0,0.0,1.0,0.0,1.583
3bfp81__7bmu23,3bfp81,7bmu23,True,,2,5,0,1.0,0.0,1.0,0.0,1.583
s5l85__5zkr68,s5l85,5zkr68,True,,4,6,3,0.3076923076923077,0.6923076923076923,0.36965042104323703,0.630349578956763,2.311598856403106
6muf7q__3a93z0,6muf7q,3a93z0,True,,3,4,0,1.0,0.0,1.0,0.0,1.583
2kfwyp__92mh85,2kfwyp,92mh85,True,,1,3,0,1.0,0.0,1.0,0.0,1.583
37qqld__3bmpqt,37qqld,3bmpqt,True,,4,5,0,1.0,0.0,1.0,0.0,1.583
5qp9dc__7690lz,5qp9dc,7690lz,True,,1,6,0,1.0,0.0,1.0,0.0,1.583
21a18i__9jtqih,21a18i,9jtqih,True,,6,5,4,0.26785714285714285,0.7321428571428572,0.3403044383972883,0.6596955616027117,2.347055756409344
381k5k__97o5k8,381k5k,97o5k8,True,,2,2,0,1.0,0.0,1.0,0.0,1.583
4m89zm__380vm2,4m89zm,380vm2,True,,3,8,0,1.0,0.0,1.0,0.0,1.583
8vfhm6__9omjb6,8vfhm6,9omjb6,True,,4,5,2,0.3333333333333333,0.6666666666666667,0.31910273929437,0.6808972607056301,2.3536232851063215
5sodig__3tmxwp,5sodig,3tmxwp,True,,5,3,0,1.0,0.0,1.0,0.0,1.583
17a5up__21fm59,17a5up,21fm59,True,,4,4,2,0.5555555555555556,0.4444444444444444,0.25508466362953186,0.7449153363704681,2.3684986548586022
363zxm__9bns4e,363zxm,9bns4e,True,,3,4,0,1.0,0.0,1.0,0.0,1.583
6gjp9c__8twzat,6gjp9c,8twzat,True,,5,5,1,0.8,0.19999999999999996,0.3070760518312454,0.6929239481687546,2.2705416751947998
34395g__2b5nu8,34395g,2b5nu8,True,,7,4,0,1.0,0.0,1.0,0.0,1.583
2h3kmm__2uze33,2h3kmm,2uze33,True,,4,5,2,0.26666666666666666,0.7333333333333334,0.4074664614163339,0.5925335385836661,2.2845737383499523
49qiwe__7frqey,49qiwe,7frqey,True,,3,3,0,1.0,0.0,1.0,0.0,1.583
2g68ql__9kxluo,2g68ql,9kxluo,True,,8,5,0,1.0,0.0,1.0,0.0,1.583
2shrxr__51vrpp,2shrxr,51vrpp,True,,2,4,0,1.0,0.0,1.0,0.0,1.583
3hi695__4dbk47,3hi695,4dbk47,True,,9,1,0,1.0,0.0,1.0,0.0,1.583
5jblt5__2nnm9j,5jblt5,2nnm9j,True,,6,7,3,0.4375,0.5625,0.4200371565918128,0.5799628434081872,2.238308549458906
3gcmp5__96jzhc,3gcmp5,96jzhc,True,,4,5,1,0.7777777777777778,0.2222222222222222,0.3941982761025429,0.6058017238974571,2.1936693410589463
8k7jda__9h35mb,8k7jda,9h35mb,True,,6,4,0,1.0,0.0,1.0,0.0,1.583
2f8cqn__6gq0s0,2f8cqn,6gq0s0,True,,3,6,3,0.15789473684210525,0.8421052631578947,0.36298834457993506,0.6370116554200649,2.348094658681009
626bxb__2ts1jo,626bxb,2ts1jo,True,,2,9,0,1.0,0.0,1.0,0.0,1.583
3qlzoi__9aa55j,3qlzoi,9aa55j,True,,1,6,0,1.0,0.0,1.0,0.0,1.583
1cbelb__25rt18,1cbelb,25rt18,True,,3,1,0,1.0,0.0,1.0,0.0,1.583
3t7slw__9pl9tx,3t7slw,9pl9tx,True,,2,2,0,1.0,0.0,1.0,0.0,1.583
36wcak__4qrdv0,36wcak,4qrdv0,True,,4,1,0,1.0,0.0,1.0,0.0,1.583
31fgjj__3elcii,31fgjj,3elcii,True,,5,2,0,1.0,0.0,1.0,0.0,1.583
1qs7wp__2lu4ek,1qs7wp,2lu4ek,True,,2,1,0,1.0,0.0,1.0,0.0,1.583
3qyntk__4lcosk,3qyntk,4lcosk,True,,1,3,0,1.0,0.0,1.0,0.0,1.583
3p9yq7__9ur4s8,3p9yq7,9ur4s8,True,,2,3,0,1.0,0.0,1.0,0.0,1.583
8vfnyo__8e8nj5,8vfnyo,8e8nj5,True,,2,7,0,1.0,0.0,1.0,0.0,1.583
3w1w2t__7vqwg6,3w1w2t,7vqwg6,True,,4,7,0,1.0,0.0,1.0,0.0,1.583
8h521m__74r1qc,8h521m,74r1qc,True,,7,2,0,1.0,0.0,1.0,0.0,1.583
9q93du__2j5tz2,9q93du,2j5tz2,True,,2,5,0,1.0,0.0,1.0,0.0,1.583
3g1dnn__77dlpq,3g1dnn,77dlpq,True,,5,1,0,1.0,0.0,1.0,0.0,1.583
3cp6hd__715zpo,3cp6hd,715zpo,True,,3,6,0,1.0,0.0,1.0,0.0,1.583
3inp25__6cpq0n,3inp25,6cpq0n,True,,2,4,0,1.0,0.0,1.0,0.0,1.583
9he6t9__7c3m44,9he6t9,7c3m44,True,,9,3,0,1.0,0.0,1.0,0.0,1.583
8sf1ur__3uwn95,8sf1ur,3uwn95,True,,5,4,4,0.10526315789473684,0.8947368421052632,0.43571155816316604,0.5642884418368339,2.2908152916208926
2sjfba__5ogxqp,2sjfba,5ogxqp,True,,1,1,0,1.0,0.0,1.0,0.0,1.583
3if8uz__47to2e,3if8uz,47to2e,True,,5,5,4,0.05,0.95,0.40784956365823744,0.5921504363417626,2.328004292499572
3jstdl__386nnj,3jstdl,386nnj,True,,3,3,0,1.0,0.0,1.0,0.0,1.583
4t4l7n__7g12gi,4t4l7n,7g12gi,True,,8,5,0,1.0,0.0,1.0,0.0,1.583
3dd22t__77w786,3dd22t,77w786,True,,6,3,0,1.0,0.0,1.0,0.0,1.583
3s208p__3tl912,3s208p,3tl912,True,,6,3,0,1.0,0.0,1.0,0.0,1.583
3l8n68__2prz7e,3l8n68,2prz7e,True,,1,2,0,1.0,0.0,1.0,0.0,1.583
63c7ui__9u14m0,63c7ui,9u14m0,True,,6,4,0,1.0,0.0,1.0,0.0,1.583
5khves__64hf4i,5khves,64hf4i,True,,6,2,0,1.0,0.0,1.0,0.0,1.583
9e7gqt__79bha4,9e7gqt,79bha4,True,,11,5,0,1.0,0.0,1.0,0.0,1.583
363zxm__13l1xz,363zxm,13l1xz,True,,3,4,0,1.0,0.0,1.0,0.0,1.583
365dsl__9qyplw,365dsl,9qyplw,True,,4,5,2,0.5,0.5,0.381651870906353,0.618348129093647,2.261525317760557
52p5gp__7fudx8,52p5gp,7fudx8,True,,2,6,0,1.0,0.0,1.0,0.0,1.583
6opkhv__hwo4n,6opkhv,hwo4n,True,,2,6,0,1.0,0.0,1.0,0.0,1.583
87cinr__5gglcv,87cinr,5gglcv,True,,7,7,0,1.0,0.0,1.0,0.0,1.583
9kkwpm__2ecabq,9kkwpm,2ecabq,True,,5,5,1,0.8,0.19999999999999996,0.33955085277557373,0.6604491472244263,2.2402134585928914
3ea2lw__1ny7ji,3ea2lw,1ny7ji,True,,9,2,1,0.23809523809523808,0.7619047619047619,0.3884337916970253,0.6115662083029747,2.3081226343151005
9emt5s__8wj264,9emt5s,8wj264,True,,4,1,0,1.0,0.0,1.0,0.0,1.583
5mezjy__7c62o1,5mezjy,7c62o1,True,,5,2,0,1.0,0.0,1.0,0.0,1.583
3tr5v3__3jmxi9,3tr5v3,3jmxi9,True,,2,5,0,1.0,0.0,1.0,0.0,1.583
2hagxr__4ade1g,2hagxr,4ade1g,True,,4,7,3,0.42857142857142855,0.5714285714285714,0.34871863573789597,0.651281364262104,2.306717380370093
38n94d__5u2205,38n94d,5u2205,True,,4,6,0,1.0,0.0,1.0,0.0,1.583
2ts1jo__1p5yq7,2ts1jo,1p5yq7,True,,9,4,4,0.11764705882352941,0.8823529411764706,0.3995248387966837,0.6004751612033163,2.322107282459542
9m948r__5kcz6s,9m948r,5kcz6s,True,,2,3,0,1.0,0.0,1.0,0.0,1.583
29u7m1__30ynhu,29u7m1,30ynhu,True,,2,2,0,1.0,0.0,1.0,0.0,1.583
675kal__288oa6,675kal,288oa6,True,,4,3,0,1.0,0.0,1.0,0.0,1.583
91d1et__4aglga,91d1et,4aglga,True,,2,1,0,1.0,0.0,1.0,0.0,1.583
2legk7__2ha4p2,2legk7,2ha4p2,True,,1,1,0,1.0,0.0,1.0,0.0,1.583
6utdob__9dejen,6utdob,9dejen,True,,3,5,0,1.0,0.0,1.0,0.0,1.583
6x9ns4__9u8e50,6x9ns4,9u8e50,True,,2,9,0,1.0,0.0,1.0,0.0,1.583
3dhspl__hvkv4,3dhspl,hvkv4,True,,4,2,0,1.0,0.0,1.0,0.0,1.583
1uhfyk__3b21ny,1uhfyk,3b21ny,True,,2,7,0,1.0,0.0,1.0,0.0,1.583
33vy5d__3yv1k4,33vy5d,3yv1k4,True,,1,3,0,1.0,0.0,1.0,0.0,1.583
1m5zmn__9mkft9,1m5zmn,9mkft9,True,,3,4,0,1.0,0.0,1.0,0.0,1.583
9lf0gt__2e9ndt,9lf0gt,2e9ndt,True,,3,5,0,1.0,0.0,1.0,0.0,1.583
3i68i7__3o86h6,3i68i7,3o86h6,True,,1,3,0,1.0,0.0,1.0,0.0,1.583
vw5bn__51u55v,vw5bn,51u55v,True,,3,5,0,1.0,0.0,1.0,0.0,1.583
30egi9__7eozil,30egi9,7eozil,True,,3,1,0,1.0,0.0,1.0,0.0,1.583
2ukmgi__5id6gg,2ukmgi,5id6gg,True,,5,2,0,1.0,0.0,1.0,0.0,1.583
2dy9cq__40khu9,2dy9cq,40khu9,True,,4,1,0,1.0,0.0,1.0,0.0,1.583
36wv2s__7jgqis,36wv2s,7jgqis,True,,5,1,0,1.0,0.0,1.0,0.0,1.583
2t7h0a__1p5yq7,2t7h0a,1p5yq7,True,,8,4,0,1.0,0.0,1.0,0.0,1.583
2jkrgx__3l5964,2jkrgx,3l5964,True,,4,7,2,0.5833333333333334,0.41666666666666663,0.36776696890592575,0.6322330310940742,2.2576507610720893
33z83p__4gzg7v,33z83p,4gzg7v,True,,4,1,0,1.0,0.0,1.0,0.0,1.583
4scadm__1lz4q9,4scadm,1lz4q9,True,,4,4,0,1.0,0.0,1.0,0.0,1.583
2zqxyb__9r4kgf,2zqxyb,9r4kgf,True,,2,9,1,0.8181818181818182,0.18181818181818177,0.3352549225091934,0.6647450774908066,2.240550882414119
4gcuc6__380vm2,4gcuc6,380vm2,True,,4,8,4,0.3333333333333333,0.6666666666666667,0.4103301400318742,0.5896698599681258,2.2684260155575657
92k6hn__28ja4x,92k6hn,28ja4x,True,,5,2,2,0.5,0.5,0.40445180237293243,0.5955481976270676,2.2402324617639184
2tslg1__3s3cm2,2tslg1,3s3cm2,True,,1,3,0,1.0,0.0,1.0,0.0,1.583
34fman__6tgxmy,34fman,6tgxmy,True,,3,11,2,0.7333333333333333,0.2666666666666667,0.38263561576604843,0.6173643842339516,2.2134499317694205
38yqri__9mqdxi,38yqri,9mqdxi,True,,8,1,0,1.0,0.0,1.0,0.0,1.583
3minun__6zlpc7,3minun,6zlpc7,True,,9,5,1,0.8571428571428571,0.1428571428571429,0.4709359910339117,0.5290640089660883,2.1059643065448586
63c7ui__99tcwp,63c7ui,99tcwp,True,,6,6,0,1.0,0.0,1.0,0.0,1.583
30bt96__4k5m3d,30bt96,4k5m3d,True,,3,1,0,1.0,0.0,1.0,0.0,1.583
2n08s9__3ilkxv,2n08s9,3ilkxv,True,,5,1,0,1.0,0.0,1.0,0.0,1.583
88khjw__8o6k2p,88khjw,8o6k2p,True,,2,2,0,1.0,0.0,1.0,0.0,1.583
32lw23__9hmzki,32lw23,9hmzki,True,,2,8,0,1.0,0.0,1.0,0.0,1.583
8zody5__6v9kxl,8zody5,6v9kxl,True,,7,1,0,1.0,0.0,1.0,0.0,1.583
8gaghn__5eiuxs,8gaghn,5eiuxs,True,,6,11,1,0.7777777777777778,0.2222222222222222,0.24545442312955856,0.7545455768704414,2.3325812253504163
1hh07c__2ok93x,1hh07c,2ok93x,True,,3,5,0,1.0,0.0,1.0,0.0,1.583
2h98mx__71nk23,2h98mx,71nk23,True,,2,3,0,1.0,0.0,1.0,0.0,1.583
8jdjf5__1xeiyg,8jdjf5,1xeiyg,True,,8,5,0,1.0,0.0,1.0,0.0,1.583
8d2izn__9ogcz4,8d2izn,9ogcz4,True,,2,4,0,1.0,0.0,1.0,0.0,1.583
3sgvdp__97aht3,3sgvdp,97aht3,True,,1,1,0,1.0,0.0,1.0,0.0,1.583
3lylkj__8p6w0b,3lylkj,8p6w0b,True,,3,7,1,0.8,0.19999999999999996,0.321682408452034,0.678317591547966,2.256900798746645
9j9f3q__3nzmfs,9j9f3q,3nzmfs,True,,4,2,1,0.6666666666666666,0.33333333333333337,0.28627483546733856,0.7137251645326614,2.316914597823719
28jple__4z4x0n,28jple,4z4x0n,True,,7,1,0,1.0,0.0,1.0,0.0,1.583
2w1sk7__3vgu2b,2w1sk7,3vgu2b,True,,4,3,0,1.0,0.0,1.0,0.0,1.583
31nkew__3exy3y,31nkew,3exy3y,True,,2,7,0,1.0,0.0,1.0,0.0,1.583
93tzo4__3ohnx8,93tzo4,3ohnx8,True,,5,3,3,0.2727272727272727,0.7272727272727273,0.4082600977271795,0.5917399022728205,2.2826077129144053
3t2n88__9hxp5n,3t2n88,9hxp5n,True,,6,1,0,1.0,0.0,1.0,0.0,1.583
1nagwy__7mnhcb,1nagwy,7mnhcb,True,,3,1,0,1.0,0.0,1.0,0.0,1.583
3o0kdy__3qzd4f,3o0kdy,3qzd4f,True,,1,2,0,1.0,0.0,1.0,0.0,1.583
4wjk6f__7b8oiq,4wjk6f,7b8oiq,True,,2,2,0,1.0,0.0,1.0,0.0,1.583
8hnajm__9musnv,8hnajm,9musnv,True,,3,10,0,1.0,0.0,1.0,0.0,1.583
90of93__6obmtx,90of93,6obmtx,True,,1,4,0,1.0,0.0,1.0,0.0,1.583
4wqdiy__5ehdls,4wqdiy,5ehdls,True,,3,2,0,1.0,0.0,1.0,0.0,1.583
157dx1__4bfpns,157dx1,4bfpns,True,,4,6,0,1.0,0.0,1.0,0.0,1.583
1uqutz__5xe1wq,1uqutz,5xe1wq,True,,4,3,1,0.7142857142857143,0.2857142857142857,0.4066357687115669,0.5933642312884331,2.1948857127431247
33lr4s__14gl0x,33lr4s,14gl0x,True,,5,6,3,0.38095238095238093,0.6190476190476191,0.3382119193673134,0.6617880806326866,2.3261534123123897
3q8tsi__706cn2,3q8tsi,706cn2,True,,2,4,2,0.2857142857142857,0.7142857142857143,0.3388647250831127,0.6611352749168873,2.344791376102024
2w22o9__1p1bdq,2w22o9,1p1bdq,True,,1,3,1,0.0,1.0,0.4381351663420598,0.5618648336579402,2.3098255681531503
70qag7__8ezcdc,70qag7,8ezcdc,True,,3,3,3,0.0,1.0,0.46305094100534916,0.5369490589946508,2.286556726195104
3b8eha__39voem,3b8eha,39voem,True,,5,2,0,1.0,0.0,1.0,0.0,1.583
9cm1xn__9i5kbc,9cm1xn,9i5kbc,True,,6,7,0,1.0,0.0,1.0,0.0,1.583
90a5fa__9r7580,90a5fa,9r7580,True,,9,2,0,1.0,0.0,1.0,0.0,1.583
4yubfw__3dz210,4yubfw,3dz210,True,,10,6,0,1.0,0.0,1.0,0.0,1.583
36sq8u__2t9epd,36sq8u,2t9epd,True,,1,7,0,1.0,0.0,1.0,0.0,1.583
56l0kx__5rlen3,56l0kx,5rlen3,True,,1,1,0,1.0,0.0,1.0,0.0,1.583
7xfd09__37hxu0,7xfd09,37hxu0,True,,2,2,0,1.0,0.0,1.0,0.0,1.583
1bodbt__2iiobs,1bodbt,2iiobs,True,,10,2,0,1.0,0.0,1.0,0.0,1.583
93f70b__98gcaw,93f70b,98gcaw,True,,4,7,2,0.5833333333333334,0.41666666666666663,0.3883024714887142,0.6116975285112858,2.238472655210023
3pxtzv__1jjdlq,3pxtzv,1jjdlq,True,,6,5,4,0.038461538461538464,0.9615384615384616,0.3276324790591995,0.6723675209408004,2.4052509508835365
33m5k3__8wfmcz,33m5k3,8wfmcz,True,,1,3,0,1.0,0.0,1.0,0.0,1.583
3hi00e__6jamp2,3hi00e,6jamp2,True,,3,2,1,0.3333333333333333,0.6666666666666667,0.3570404499769211,0.6429595500230789,2.3181932570998867
3hi695__4ytimz,3hi695,4ytimz,True,,9,6,0,1.0,0.0,1.0,0.0,1.583
2s8u3j__7f5ora,2s8u3j,7f5ora,True,,1,6,0,1.0,0.0,1.0,0.0,1.583
97w78x__9rj4y8,97w78x,9rj4y8,True,,5,4,0,1.0,0.0,1.0,0.0,1.583
3h3ohp__1ickyq,3h3ohp,1ickyq,True,,1,3,0,1.0,0.0,1.0,0.0,1.583
5na9io__1r1i28,5na9io,1r1i28,True,,8,9,0,1.0,0.0,1.0,0.0,1.583
3ep8hg__970nac,3ep8hg,970nac,True,,7,13,0,1.0,0.0,1.0,0.0,1.583
8uecdk__3pf2yi,8uecdk,3pf2yi,True,,1,1,0,1.0,0.0,1.0,0.0,1.583
6zxr6m__3woija,6zxr6m,3woija,True,,4,2,0,1.0,0.0,1.0,0.0,1.583
3pnxh3__7h7pwm,3pnxh3,7h7pwm,True,,4,3,0,1.0,0.0,1.0,0.0,1.583
330wg1__33rkzw,330wg1,33rkzw,True,,4,2,0,1.0,0.0,1.0,0.0,1.583
752kg5__2p6vw1,752kg5,2p6vw1,True,,4,2,0,1.0,0.0,1.0,0.0,1.583
1zo0y8__3u8kl4,1zo0y8,3u8kl4,True,,2,2,0,1.0,0.0,1.0,0.0,1.583
35yv1l__2l5qx4,35yv1l,2l5qx4,True,,1,1,0,1.0,0.0,1.0,0.0,1.583
9j9c41__79cov7,9j9c41,79cov7,True,,4,2,1,0.2222222222222222,0.7777777777777778,0.3466263487935066,0.6533736512064934,2.3503745417506328
3331bv__4b5md8,3331bv,4b5md8,True,,7,8,2,0.6666666666666666,0.33333333333333337,0.3918498829007149,0.6081501170992851,2.218318061025689
4lgfdg__2z2kug,4lgfdg,2z2kug,True,,5,5,5,0.0,1.0,0.4152175586670637,0.5847824413329363,2.331228321960829
3609ox__9alwa4,3609ox,9alwa4,True,,3,4,1,0.7142857142857143,0.2857142857142857,0.4679964818060398,0.5320035181939602,2.1375809427841963
2u81uj__5fiaf3,2u81uj,5fiaf3,True,,3,4,0,1.0,0.0,1.0,0.0,1.583
57uc94__3jk9wh,57uc94,3jk9wh,True,,3,3,3,0.0,1.0,0.3767748499910037,0.6232251500089963,2.367129967593401
1ai6k0__3jqyd6,1ai6k0,3jqyd6,True,,4,3,0,1.0,0.0,1.0,0.0,1.583
63h6hg__4cb5cr,63h6hg,4cb5cr,True,,3,3,0,1.0,0.0,1.0,0.0,1.583
1tqt7j__65z9qc,1tqt7j,65z9qc,True,,4,8,0,1.0,0.0,1.0,0.0,1.583
3ptz50__2pj7be,3ptz50,2pj7be,True,,3,4,0,1.0,0.0,1.0,0.0,1.583
43kfk3__960idh,43kfk3,960idh,True,,5,2,0,1.0,0.0,1.0,0.0,1.583
4avquu__3903mc,4avquu,3903mc,True,,4,2,0,1.0,0.0,1.0,0.0,1.583
30xnp0__3ilkxv,30xnp0,3ilkxv,True,,1,1,0,1.0,0.0,1.0,0.0,1.583
9brvax__9y4moo,9brvax,9y4moo,True,,2,2,0,1.0,0.0,1.0,0.0,1.583
3g885f__9ada84,3g885f,9ada84,True,,1,6,0,1.0,0.0,1.0,0.0,1.583
17b306__3trkam,17b306,3trkam,True,,1,4,1,0.6,0.4,0.33128271996974945,0.6687172800302505,2.288355067820251
9d101j__3go4dv,9d101j,3go4dv,True,,5,4,4,0.06666666666666667,0.9333333333333333,0.3805496599525213,0.6194503400474787,2.350131339237007
9ft4se__2jkndb,9ft4se,2jkndb,True,,6,4,0,1.0,0.0,1.0,0.0,1.583
8lcw67__7elzya,8lcw67,7elzya,True,,7,2,0,1.0,0.0,1.0,0.0,1.583
4hzsyu__971xuc,4hzsyu,971xuc,True,,3,3,2,0.2857142857142857,0.7142857142857143,0.3392501026391983,0.6607498973608017,2.3444314720023955
6fc9dp__39hn8r,6fc9dp,39hn8r,True,,6,14,0,1.0,0.0,1.0,0.0,1.583
3uwn95__7cbpqq,3uwn95,7cbpqq,True,,4,1,0,1.0,0.0,1.0,0.0,1.583
2uzdy9__9csbo2,2uzdy9,9csbo2,True,,4,4,0,1.0,0.0,1.0,0.0,1.583
1m3fm7__9rj4y8,1m3fm7,9rj4y8,True,,1,4,0,1.0,0.0,1.0,0.0,1.583
5fv4ug__92k6hn,5fv4ug,92k6hn,True,,4,5,3,0.5,0.5,0.37129206707080203,0.628707932929198,2.2712003385625783
1zdeoj__55mo4w,1zdeoj,55mo4w,True,,3,4,0,1.0,0.0,1.0,0.0,1.583
2b5c2p__96far9,2b5c2p,96far9,True,,1,3,0,1.0,0.0,1.0,0.0,1.583
6ii4hn__7njpw1,6ii4hn,7njpw1,True,,3,6,0,1.0,0.0,1.0,0.0,1.583
536777__8em8r4,536777,8em8r4,True,,1,4,0,1.0,0.0,1.0,0.0,1.583
348oyq__9tbprm,348oyq,9tbprm,True,,1,2,0,1.0,0.0,1.0,0.0,1.583
9y4moo__44jewz,9y4moo,44jewz,True,,2,2,0,1.0,0.0,1.0,0.0,1.583
3b9ioi__207bnl,3b9ioi,207bnl,True,,1,3,1,0.5,0.5,0.4550381489098072,0.5449618510901928,2.192989872733131
2rbnzi__32vdpi,2rbnzi,32vdpi,True,,9,4,2,0.6428571428571429,0.3571428571428571,0.37079063802957535,0.6292093619704247,2.242797194572751
1uqutz__3hclak,1uqutz,3hclak,True,,4,4,0,1.0,0.0,1.0,0.0,1.583
9x50kk__3slygn,9x50kk,3slygn,True,,1,1,0,1.0,0.0,1.0,0.0,1.583
32vdpi__385zfd,32vdpi,385zfd,True,,4,2,0,1.0,0.0,1.0,0.0,1.583
89w1mi__2ypc3j,89w1mi,2ypc3j,True,,1,3,0,1.0,0.0,1.0,0.0,1.583
8gpc6w__9s3z1q,8gpc6w,9s3z1q,True,,3,2,0,1.0,0.0,1.0,0.0,1.583
3lthyy__5bipzh,3lthyy,5bipzh,True,,5,11,0,1.0,0.0,1.0,0.0,1.583
4virgd__8erjh5,4virgd,8erjh5,True,,3,4,1,0.3,0.7,0.4934309209153677,0.5065690790846322,2.197554862957138
3kh9hs__p44z2,3kh9hs,p44z2,True,,5,3,0,1.0,0.0,1.0,0.0,1.583
88gqbg__6dck1n,88gqbg,6dck1n,True,,2,6,0,1.0,0.0,1.0,0.0,1.583
54ui6c__38w7ii,54ui6c,38w7ii,True,,1,3,0,1.0,0.0,1.0,0.0,1.583
2yon9l__91ch3w,2yon9l,91ch3w,True,,1,6,1,0.7142857142857143,0.2857142857142857,0.44128141179680824,0.5587185882031918,2.1625301466658176
3lbyyw__32mrno,3lbyyw,32mrno,True,,5,3,0,1.0,0.0,1.0,0.0,1.583
1lbb4d__61wwhj,1lbb4d,61wwhj,True,,4,4,0,1.0,0.0,1.0,0.0,1.583
9ssesy__90p25b,9ssesy,90p25b,True,,2,3,0,1.0,0.0,1.0,0.0,1.583
49mc6t__8fo30g,49mc6t,8fo30g,True,,8,1,0,1.0,0.0,1.0,0.0,1.583
4wg44w__1apev4,4wg44w,1apev4,True,,4,6,0,1.0,0.0,1.0,0.0,1.583
99ozh1__2own66,99ozh1,2own66,True,,2,2,0,1.0,0.0,1.0,0.0,1.583
5fv4ug__9kldph,5fv4ug,9kldph,True,,4,7,0,1.0,0.0,1.0,0.0,1.583
536hru__8lm9px,536hru,8lm9px,True,,9,1,0,1.0,0.0,1.0,0.0,1.583
6gkx9b__1uaj9c,6gkx9b,1uaj9c,True,,1,7,0,1.0,0.0,1.0,0.0,1.583
3q92fz__1gkfeu,3q92fz,1gkfeu,True,,4,1,0,1.0,0.0,1.0,0.0,1.583
5c1n5b__6o8vgu,5c1n5b,6o8vgu,True,,1,2,0,1.0,0.0,1.0,0.0,1.583
58waff__3s5jsu,58waff,3s5jsu,True,,6,3,0,1.0,0.0,1.0,0.0,1.583
9mqjf3__vddjr,9mqjf3,vddjr,True,,2,4,2,0.1111111111111111,0.8888888888888888,0.4256475943451126,0.5743524056548874,2.299032156085544
21s790__4lpgvg,21s790,4lpgvg,True,,4,4,0,1.0,0.0,1.0,0.0,1.583
6it3bu__9wkuyj,6it3bu,9wkuyj,True,,11,3,0,1.0,0.0,1.0,0.0,1.583
4gik9o__52nn26,4gik9o,52nn26,True,,1,8,0,1.0,0.0,1.0,0.0,1.583
6tah0m__8cwbxs,6tah0m,8cwbxs,True,,1,1,0,1.0,0.0,1.0,0.0,1.583
5zkr3b__5drgj9,5zkr3b,5drgj9,True,,3,2,0,1.0,0.0,1.0,0.0,1.583
1stx3n__8xc4rm,1stx3n,8xc4rm,True,,12,2,0,1.0,0.0,1.0,0.0,1.583
2cbxkh__2ryogr,2cbxkh,2ryogr,True,,1,4,0,1.0,0.0,1.0,0.0,1.583
3osl20__4zxnf9,3osl20,4zxnf9,True,,4,3,0,1.0,0.0,1.0,0.0,1.583
3lenza__11huhu,3lenza,11huhu,True,,4,3,0,1.0,0.0,1.0,0.0,1.583
3c256f__79cov7,3c256f,79cov7,True,,5,2,0,1.0,0.0,1.0,0.0,1.583
3gixqh__8xvkhr,3gixqh,8xvkhr,True,,1,9,0,1.0,0.0,1.0,0.0,1.583
4bejq6__9emwqh,4bejq6,9emwqh,True,,2,6,0,1.0,0.0,1.0,0.0,1.583
38yusq__9wd96d,38yusq,9wd96d,True,,4,5,0,1.0,0.0,1.0,0.0,1.583
4jly1a__3n0nfm,4jly1a,3n0nfm,True,,4,2,0,1.0,0.0,1.0,0.0,1.583
9xn60m__5ybscp,9xn60m,5ybscp,True,,5,4,2,0.26666666666666666,0.7333333333333334,0.4321094687495913,0.5678905312504088,2.2615596338014234
1q3p9l__3reprk,1q3p9l,3reprk,True,,16,4,0,1.0,0.0,1.0,0.0,1.583
3bpim9__8nwwf9,3bpim9,8nwwf9,True,,3,2,1,0.6,0.4,0.4431089721620083,0.5568910278379917,2.1839205308979004
339166__5fv4ug,339166,5fv4ug,True,,3,4,0,1.0,0.0,1.0,0.0,1.583
3go4dv__7e5093,3go4dv,7e5093,True,,4,5,2,0.2,0.8,0.41309909895062447,0.5869009010493755,2.292786751490012
2ssxlm__4mlzg4,2ssxlm,4mlzg4,True,,3,5,0,1.0,0.0,1.0,0.0,1.583
9iuwlc__2hs54r,9iuwlc,2hs54r,True,,3,4,0,1.0,0.0,1.0,0.0,1.583
9wnag7__2twzep,9wnag7,2twzep,True,,6,1,0,1.0,0.0,1.0,0.0,1.583
9kaxbv__8wbffv,9kaxbv,8wbffv,True,,2,3,0,1.0,0.0,1.0,0.0,1.583
59zvh6__uubw2,59zvh6,uubw2,True,,5,1,0,1.0,0.0,1.0,0.0,1.583
379zuj__3dcd54,379zuj,3dcd54,True,,2,3,0,1.0,0.0,1.0,0.0,1.583
9tshxn__4srbgd,9tshxn,4srbgd,True,,5,2,0,1.0,0.0,1.0,0.0,1.583
3gutcg__1f3zik,3gutcg,1f3zik,True,,6,2,1,0.75,0.25,0.397573783993721,0.602426216006279,2.196130843128264
9buvtz__gk3ym,9buvtz,gk3ym,True,,5,1,0,1.0,0.0,1.0,0.0,1.583
3pahjx__9k4tt0,3pahjx,9k4tt0,True,,1,3,0,1.0,0.0,1.0,0.0,1.583
8teowp__7be8bv,8teowp,7be8bv,True,,4,2,1,0.6666666666666666,0.33333333333333337,0.168308287858963,0.831691712141037,2.427083556635181
2g68ql__4ccago,2g68ql,4ccago,True,,8,5,0,1.0,0.0,1.0,0.0,1.583
2vlupk__1owz1v,2vlupk,1owz1v,True,,7,2,1,0.7777777777777778,0.2222222222222222,0.38835518062114716,0.6116448193788528,2.1991262079290217
38v2xu__79l5xe,38v2xu,79l5xe,True,,3,3,0,1.0,0.0,1.0,0.0,1.583
1gw7h7__9hpckv,1gw7h7,9hpckv,True,,9,4,3,0.5,0.5,0.4128955537453294,0.5871044462546706,2.232346842357237
3pqa7y__7a2kpr,3pqa7y,7a2kpr,True,,2,2,0,1.0,0.0,1.0,0.0,1.583
1x8oor__8fe2na,1x8oor,8fe2na,True,,3,11,0,1.0,0.0,1.0,0.0,1.583
8gpc6w__3gf9tt,8gpc6w,3gf9tt,True,,3,2,0,1.0,0.0,1.0,0.0,1.583
4cdizx__8ojnq3,4cdizx,8ojnq3,True,,6,7,0,1.0,0.0,1.0,0.0,1.583
12lpqk__4xp95i,12lpqk,4xp95i,True,,2,5,0,1.0,0.0,1.0,0.0,1.583
9qkibo__9gp3rx,9qkibo,9gp3rx,True,,6,5,3,0.42857142857142855,0.5714285714285714,0.32119668026765186,0.6788033197323482,2.332420134583754
73akvm__7bjgn3,73akvm,7bjgn3,True,,5,10,0,1.0,0.0,1.0,0.0,1.583
1fcdbd__2hl343,1fcdbd,2hl343,True,,1,8,1,0.0,1.0,0.38800310995429754,0.6119968900457025,2.3566438956136815
7cj66y__7e2s2u,7cj66y,7e2s2u,True,,3,2,0,1.0,0.0,1.0,0.0,1.583
9e1rq2__5vocqi,9e1rq2,5vocqi,True,,4,1,0,1.0,0.0,1.0,0.0,1.583
3ov43b__p9ys3,3ov43b,p9ys3,True,,2,2,0,1.0,0.0,1.0,0.0,1.583
3dsopk__2i2zqt,3dsopk,2i2zqt,True,,2,2,0,1.0,0.0,1.0,0.0,1.583
9b96y0__61z7bj,9b96y0,61z7bj,True,,5,3,0,1.0,0.0,1.0,0.0,1.583
3qlesh__4w8icy,3qlesh,4w8icy,True,,2,1,0,1.0,0.0,1.0,0.0,1.583
1cbelb__8kolmj,1cbelb,8kolmj,True,,3,6,0,1.0,0.0,1.0,0.0,1.583
o8s1o__2jw2ta,o8s1o,2jw2ta,True,,2,1,1,0.3333333333333333,0.6666666666666667,0.3485049903392792,0.6514950096607208,2.3261645228554806
4f2n00__4nyr9r,4f2n00,4nyr9r,True,,2,4,0,1.0,0.0,1.0,0.0,1.583
now7m__6hxxpk,now7m,6hxxpk,True,,2,3,0,1.0,0.0,1.0,0.0,1.583
1537it__3a93z0,1537it,3a93z0,True,,8,4,0,1.0,0.0,1.0,0.0,1.583
3bpim9__9jwt84,3bpim9,9jwt84,True,,3,6,0,1.0,0.0,1.0,0.0,1.583
1s4j23__2xea49,1s4j23,2xea49,True,,2,7,0,1.0,0.0,1.0,0.0,1.583
3std6d__8vz5z7,3std6d,8vz5z7,True,,3,7,2,0.25,0.75,0.4383829969447106,0.5616170030552894,2.2590691191533345
8iu83c__4e2kvl,8iu83c,4e2kvl,True,,2,1,0,1.0,0.0,1.0,0.0,1.583
6xnzf1__57r4af,6xnzf1,57r4af,True,,3,2,0,1.0,0.0,1.0,0.0,1.583
68fo8s__3aqyax,68fo8s,3aqyax,True,,2,2,0,1.0,0.0,1.0,0.0,1.583
38qhmf__303ysd,38qhmf,303ysd,True,,1,5,0,1.0,0.0,1.0,0.0,1.583
385lqm__3mal0u,385lqm,3mal0u,True,,5,2,2,0.375,0.625,0.44446475245058537,0.5555352475494146,2.2281268676863983
3lbyyw__7dju4w,3lbyyw,7dju4w,True,,5,6,0,1.0,0.0,1.0,0.0,1.583
58c29m__3hlps6,58c29m,3hlps6,True,,3,6,0,1.0,0.0,1.0,0.0,1.583
5hrwqf__46lr6r,5hrwqf,46lr6r,True,,1,2,0,1.0,0.0,1.0,0.0,1.583
9ksgrx__275e2a,9ksgrx,275e2a,True,,9,5,1,0.45,0.55,0.3312416076660156,0.6687583923339844,2.318708462600708
5rxhtz__3xnyqw,5rxhtz,3xnyqw,True,,4,1,0,1.0,0.0,1.0,0.0,1.583
2zaimz__5rvz7k,2zaimz,5rvz7k,True,,3,4,0,1.0,0.0,1.0,0.0,1.583
8m2agq__51oyld,8m2agq,51oyld,True,,1,2,0,1.0,0.0,1.0,0.0,1.583
2943cv__64mxf8,2943cv,64mxf8,True,,1,3,0,1.0,0.0,1.0,0.0,1.583
9blohy__2nqtxu,9blohy,2nqtxu,True,,11,4,0,1.0,0.0,1.0,0.0,1.583
4sku5w__8etx2t,4sku5w,8etx2t,True,,2,2,0,1.0,0.0,1.0,0.0,1.583
38g8k8__3sqpzh,38g8k8,3sqpzh,True,,3,6,0,1.0,0.0,1.0,0.0,1.583
8gsd6i__4vphej,8gsd6i,4vphej,True,,3,4,1,0.7142857142857143,0.2857142857142857,0.3342251777648926,0.6657748222351074,2.262509963628224
2dglmb__23kgs6,2dglmb,23kgs6,True,,5,1,0,1.0,0.0,1.0,0.0,1.583
8x1we1__3kzypx,8x1we1,3kzypx,True,,2,2,0,1.0,0.0,1.0,0.0,1.583
91p2pf__3x1c7s,91p2pf,3x1c7s,True,,4,4,0,1.0,0.0,1.0,0.0,1.583
16ycii__22vrzb,16ycii,22vrzb,True,,3,5,1,0.75,0.25,0.3739204406738281,0.6260795593261719,2.2182207004547116
44gzyk__99vzlr,44gzyk,99vzlr,True,,1,6,0,1.0,0.0,1.0,0.0,1.583
3vkzok__24m5oq,3vkzok,24m5oq,True,,7,1,0,1.0,0.0,1.0,0.0,1.583
37gyxt__64ddtd,37gyxt,64ddtd,True,,3,1,0,1.0,0.0,1.0,0.0,1.583
898beq__8c6xlu,898beq,8c6xlu,True,,5,1,0,1.0,0.0,1.0,0.0,1.583
39andp__34sk56,39andp,34sk56,True,,11,2,0,1.0,0.0,1.0,0.0,1.583
2x8hue__9ktgv9,2x8hue,9ktgv9,True,,7,1,0,1.0,0.0,1.0,0.0,1.583
2x8bis__2y4lwu,2x8bis,2y4lwu,True,,4,2,0,1.0,0.0,1.0,0.0,1.583
8klxng__9bp0ht,8klxng,9bp0ht,True,,1,5,0,1.0,0.0,1.0,0.0,1.583
3gjphc__90jzjb,3gjphc,90jzjb,True,,2,4,0,1.0,0.0,1.0,0.0,1.583
93c7ul__8zixhp,93c7ul,8zixhp,True,,1,9,0,1.0,0.0,1.0,0.0,1.583
17b306__9lgvhd,17b306,9lgvhd,True,,1,6,0,1.0,0.0,1.0,0.0,1.583
7fkkz9__1zukpv,7fkkz9,1zukpv,True,,1,5,0,1.0,0.0,1.0,0.0,1.583
2myipj__syvlw,2myipj,syvlw,True,,2,1,1,0.3333333333333333,0.6666666666666667,0.4276204854249954,0.5723795145750046,2.25227856199493
8acjdb__3pzt46,8acjdb,3pzt46,True,,4,2,0,1.0,0.0,1.0,0.0,1.583
8gqko4__1fq1bw,8gqko4,1fq1bw,True,,4,6,1,0.8,0.19999999999999996,0.33930376172065735,0.6606962382793427,2.240444216929078
3w0qti__6v3cdb,3w0qti,6v3cdb,True,,3,2,0,1.0,0.0,1.0,0.0,1.583
34cehl__8sd0nv,34cehl,8sd0nv,True,,5,11,1,0.875,0.125,0.3975520730018616,0.6024479269981384,2.1708886190235614
2979iy__335fkb,2979iy,335fkb,True,,2,1,0,1.0,0.0,1.0,0.0,1.583
2jkt69__2hoetb,2jkt69,2hoetb,True,,5,5,4,0.1875,0.8125,0.40254147397354245,0.5974585260264575,2.3051727674561087
3hi695__2wqo3y,3hi695,2wqo3y,True,,9,3,0,1.0,0.0,1.0,0.0,1.583
3mao95__93p9k7,3mao95,93p9k7,True,,4,7,0,1.0,0.0,1.0,0.0,1.583
1q3p9l__1x2xj2,1q3p9l,1x2xj2,True,,16,1,1,0.0,1.0,0.44866955271572806,0.5513304472842719,2.299987504718781
2l1o25__7304iz,2l1o25,7304iz,True,,3,3,0,1.0,0.0,1.0,0.0,1.583
307bvy__7g76r1,307bvy,7g76r1,True,,3,4,0,1.0,0.0,1.0,0.0,1.583
3073nu__1ep77h,3073nu,1ep77h,True,,3,4,1,0.5,0.5,0.35750434547662735,0.6424956545233727,2.2840766917593776
5e88mi__501z3k,5e88mi,501z3k,True,,8,5,0,1.0,0.0,1.0,0.0,1.583
3hs286__1techx,3hs286,1techx,True,,3,14,1,0.8823529411764706,0.11764705882352944,0.47287274338304996,0.52712725661695,2.099060615542805
3wwf29__wwjy4,3wwf29,wwjy4,True,,3,7,1,0.8,0.19999999999999996,0.27899251878261566,0.7210074812173843,2.2967688867089153
3dpbbc__991mgl,3dpbbc,991mgl,True,,5,9,0,1.0,0.0,1.0,0.0,1.583
87beb6__3g02hj,87beb6,3g02hj,True,,4,5,0,1.0,0.0,1.0,0.0,1.583
3gazqc__2nhhv7,3gazqc,2nhhv7,True,,7,5,0,1.0,0.0,1.0,0.0,1.583
3vlrkh__79kr46,3vlrkh,79kr46,True,,5,2,0,1.0,0.0,1.0,0.0,1.583
94b930__2o7i36,94b930,2o7i36,True,,2,1,0,1.0,0.0,1.0,0.0,1.583
38i0ec__2vrrcv,38i0ec,2vrrcv,True,,3,6,2,0.5,0.5,0.2342996671795845,0.7657003328204155,2.399137540820986
78icvu__9u0ond,78icvu,9u0ond,True,,4,8,0,1.0,0.0,1.0,0.0,1.583
9nc5m1__6z42z3,9nc5m1,6z42z3,True,,2,1,0,1.0,0.0,1.0,0.0,1.583
2hb5ng__94qz9p,2hb5ng,94qz9p,True,,7,8,2,0.75,0.25,0.3854227215051651,0.6145772784948349,2.207478720386326
13222g__2i2zqt,13222g,2i2zqt,True,,6,2,0,1.0,0.0,1.0,0.0,1.583
9de1nq__74z8at,9de1nq,74z8at,True,,2,5,0,1.0,0.0,1.0,0.0,1.583
1w9m11__73a77l,1w9m11,73a77l,True,,3,2,0,1.0,0.0,1.0,0.0,1.583
5bes7b__3eiokw,5bes7b,3eiokw,True,,1,7,1,0.0,1.0,0.4149313414735453,0.5850686585264546,2.331495620197856
3sq16v__183lul,3sq16v,183lul,True,,4,7,1,0.8181818181818182,0.18181818181818177,0.2959993779659271,0.7040006220340729,2.2772116354630754
6u9y6v__69cpwr,6u9y6v,69cpwr,True,,4,1,0,1.0,0.0,1.0,0.0,1.583
6ia6lc__6jhpk8,6ia6lc,6jhpk8,True,,1,4,0,1.0,0.0,1.0,0.0,1.583
3331bv__6tyhlx,3331bv,6tyhlx,True,,7,1,0,1.0,0.0,1.0,0.0,1.583
670wba__8hyloi,670wba,8hyloi,True,,1,2,0,1.0,0.0,1.0,0.0,1.583
8h0kds__7emq8n,8h0kds,7emq8n,True,,2,5,0,1.0,0.0,1.0,0.0,1.583
2tm2gp__5gtirw,2tm2gp,5gtirw,True,,4,5,0,1.0,0.0,1.0,0.0,1.583
1klo4n__97cd4d,1klo4n,97cd4d,True,,11,1,0,1.0,0.0,1.0,0.0,1.583
5lfzok__6ecb9i,5lfzok,6ecb9i,True,,5,2,0,1.0,0.0,1.0,0.0,1.583
2gbp90__6jhpk8,2gbp90,6jhpk8,True,,5,4,0,1.0,0.0,1.0,0.0,1.583
3rn8dy__8ybd48,3rn8dy,8ybd48,True,,9,1,0,1.0,0.0,1.0,0.0,1.583
3iq04d__91k0re,3iq04d,91k0re,True,,5,1,0,1.0,0.0,1.0,0.0,1.583
3tdoat__7gqz6w,3tdoat,7gqz6w,True,,2,4,0,1.0,0.0,1.0,0.0,1.583
9x00c3__39f069,9x00c3,39f069,True,,9,5,3,0.47058823529411764,0.5294117647058824,0.3764355704188347,0.6235644295811653,2.272340938432909
3vynyg__11rm5n,3vynyg,11rm5n,True,,5,4,1,0.7777777777777778,0.2222222222222222,0.5272781904786825,0.4727218095213175,2.0693860090230696
32w3lf__2d5eyz,32w3lf,2d5eyz,True,,1,5,0,1.0,0.0,1.0,0.0,1.583
37w8ys__51zbcr,37w8ys,51zbcr,True,,6,2,0,1.0,0.0,1.0,0.0,1.583
3m71t9__2tvkvl,3m71t9,2tvkvl,True,,7,3,0,1.0,0.0,1.0,0.0,1.583
72pywm__2v6gg5,72pywm,2v6gg5,True,,1,4,0,1.0,0.0,1.0,0.0,1.583
9u1vfg__78gjui,9u1vfg,78gjui,True,,2,3,1,0.6,0.4,0.38669638335704803,0.613303616642952,2.2366042475828527
28rrpd__8v3rd7,28rrpd,8v3rd7,True,,4,1,0,1.0,0.0,1.0,0.0,1.583
3pi1oh__6d7bkd,3pi1oh,6d7bkd,True,,7,3,0,1.0,0.0,1.0,0.0,1.583
42y3ez__74h1mz,42y3ez,74h1mz,True,,1,1,0,1.0,0.0,1.0,0.0,1.583
1jxsux__40bls2,1jxsux,40bls2,True,,4,7,0,1.0,0.0,1.0,0.0,1.583
2d4tut__54e8ex,2d4tut,54e8ex,True,,2,1,0,1.0,0.0,1.0,0.0,1.583
39f069__3hzbjr,39f069,3hzbjr,True,,5,3,0,1.0,0.0,1.0,0.0,1.583
6347ek__3pg22h,6347ek,3pg22h,True,,5,7,0,1.0,0.0,1.0,0.0,1.583
3bs3us__z02wk,3bs3us,z02wk,True,,1,4,0,1.0,0.0,1.0,0.0,1.583
5w875i__8f0l31,5w875i,8f0l31,True,,2,15,0,1.0,0.0,1.0,0.0,1.583
3f3y0a__8x1prf,3f3y0a,8x1prf,True,,6,9,0,1.0,0.0,1.0,0.0,1.583
4uzb66__10ua6u,4uzb66,10ua6u,True,,3,6,0,1.0,0.0,1.0,0.0,1.583
3xpzpk__3n0qoe,3xpzpk,3n0qoe,True,,2,3,0,1.0,0.0,1.0,0.0,1.583
1huvvj__1kvkst,1huvvj,1kvkst,True,,3,3,0,1.0,0.0,1.0,0.0,1.583
64brj4__9oorec,64brj4,9oorec,True,,1,4,0,1.0,0.0,1.0,0.0,1.583
s5l85__4ku704,s5l85,4ku704,True,,4,3,0,1.0,0.0,1.0,0.0,1.583
3tum6h__7h7pwm,3tum6h,7h7pwm,True,,2,3,0,1.0,0.0,1.0,0.0,1.583
877rd6__2zwvla,877rd6,2zwvla,True,,2,7,0,1.0,0.0,1.0,0.0,1.583
507lq0__71vjhq,507lq0,71vjhq,True,,2,5,0,1.0,0.0,1.0,0.0,1.583
1klp6h__2qkn0x,1klp6h,2qkn0x,True,,2,1,0,1.0,0.0,1.0,0.0,1.583
7asd13__6x9ns4,7asd13,6x9ns4,True,,4,2,0,1.0,0.0,1.0,0.0,1.583
38mzb3__56803t,38mzb3,56803t,True,,1,7,0,1.0,0.0,1.0,0.0,1.583
39dzpw__1lr6sq,39dzpw,1lr6sq,True,,6,3,0,1.0,0.0,1.0,0.0,1.583
8jbl0z__36mtrp,8jbl0z,36mtrp,True,,6,1,0,1.0,0.0,1.0,0.0,1.583
3aa1ke__1o36bv,3aa1ke,1o36bv,True,,1,3,0,1.0,0.0,1.0,0.0,1.583
34f8no__5nt7dd,34f8no,5nt7dd,True,,1,1,0,1.0,0.0,1.0,0.0,1.583
71sahy__7fozy7,71sahy,7fozy7,True,,4,6,1,0.8,0.19999999999999996,0.39141895622015,0.60858104377985,2.191773836786002
3n9ewr__53zp22,3n9ewr,53zp22,True,,3,1,0,1.0,0.0,1.0,0.0,1.583
3mfxsi__6cawol,3mfxsi,6cawol,True,,2,4,0,1.0,0.0,1.0,0.0,1.583
8lxxkj__980jh3,8lxxkj,980jh3,True,,4,5,0,1.0,0.0,1.0,0.0,1.583
4ujh5f__12u8p8,4ujh5f,12u8p8,True,,4,11,0,1.0,0.0,1.0,0.0,1.583
2i9qsl__6ilk6p,2i9qsl,6ilk6p,True,,4,8,0,1.0,0.0,1.0,0.0,1.583
3f3ddr__288oa6,3f3ddr,288oa6,True,,4,3,0,1.0,0.0,1.0,0.0,1.583
2un4iv__3r9qbz,2un4iv,3r9qbz,True,,4,3,0,1.0,0.0,1.0,0.0,1.583
40kerd__6jisfi,40kerd,6jisfi,True,,3,3,0,1.0,0.0,1.0,0.0,1.583
3qm7ez__3exdkj,3qm7ez,3exdkj,True,,3,6,0,1.0,0.0,1.0,0.0,1.583
9iku4p__2z4sd5,9iku4p,2z4sd5,True,,8,5,0,1.0,0.0,1.0,0.0,1.583
4ishud__3sbvka,4ishud,3sbvka,True,,6,5,1,0.8181818181818182,0.18181818181818177,0.36063481867313385,0.6393651813268661,2.216848597386615
87l9et__970nac,87l9et,970nac,True,,4,13,0,1.0,0.0,1.0,0.0,1.583
9emt5s__4y0c44,9emt5s,4y0c44,True,,4,1,0,1.0,0.0,1.0,0.0,1.583
42y3ez__9q7zgy,42y3ez,9q7zgy,True,,1,6,0,1.0,0.0,1.0,0.0,1.583
1zfen9__uo548,1zfen9,uo548,True,,3,4,0,1.0,0.0,1.0,0.0,1.583
9fbgtg__809e8n,9fbgtg,809e8n,True,,5,4,0,1.0,0.0,1.0,0.0,1.583
2yuybg__2tf7fw,2yuybg,2tf7fw,True,,3,8,1,0.8181818181818182,0.18181818181818177,0.42268044501543045,0.5773195549845695,2.158904186945544
3g6unq__3pl4p0,3g6unq,3pl4p0,True,,7,2,0,1.0,0.0,1.0,0.0,1.583
465kyx__1m8932,465kyx,1m8932,True,,8,8,4,0.45454545454545453,0.5454545454545454,0.4073029141873121,0.5926970858126879,2.2467561720768328
3jas05__4epbla,3jas05,4epbla,True,,2,6,0,1.0,0.0,1.0,0.0,1.583
2lori9__5b4114,2lori9,5b4114,True,,3,1,0,1.0,0.0,1.0,0.0,1.583
20c8ma__3al372,20c8ma,3al372,True,,4,7,1,0.8181818181818182,0.18181818181818177,0.4269474744796753,0.5730525255203247,2.1549192081288857
2bwspu__9yz9ba,2bwspu,9yz9ba,True,,5,3,3,0.1111111111111111,0.8888888888888888,0.3970113083720207,0.6029886916279793,2.3257755835558145
9yd97s__9roaa6,9yd97s,9roaa6,True,,1,3,0,1.0,0.0,1.0,0.0,1.583
29avbx__5gx198,29avbx,5gx198,True,,3,4,0,1.0,0.0,1.0,0.0,1.583
3d99la__19hb5r,3d99la,19hb5r,True,,2,7,1,0.6,0.4,0.41466790810227394,0.5853320918977261,2.2104816406232866
9xs5oj__38kilh,9xs5oj,38kilh,True,,10,6,0,1.0,0.0,1.0,0.0,1.583
90lgcd__9g7am1,90lgcd,9g7am1,True,,1,2,0,1.0,0.0,1.0,0.0,1.583
4ch8y6__8yucpi,4ch8y6,8yucpi,True,,10,5,0,1.0,0.0,1.0,0.0,1.583
8ge2ek__514yvt,8ge2ek,514yvt,True,,6,4,3,0.06451612903225806,0.935483870967742,0.3659987912646362,0.6340012087353638,2.3641550191605365
39dzpw__2zagjt,39dzpw,2zagjt,True,,6,2,0,1.0,0.0,1.0,0.0,1.583
52rugj__4ndn66,52rugj,4ndn66,True,,3,8,0,1.0,0.0,1.0,0.0,1.583
1n7ggz__3sav5t,1n7ggz,3sav5t,True,,2,7,0,1.0,0.0,1.0,0.0,1.583
34c4ui__379ayb,34c4ui,379ayb,True,,17,4,0,1.0,0.0,1.0,0.0,1.583
6plwx7__7dufmn,6plwx7,7dufmn,True,,3,5,0,1.0,0.0,1.0,0.0,1.583
3kwmv7__9f2kft,3kwmv7,9f2kft,True,,6,11,0,1.0,0.0,1.0,0.0,1.583
32qvy4__5kuayt,32qvy4,5kuayt,True,,1,4,0,1.0,0.0,1.0,0.0,1.583
3dsopk__2oj1pl,3dsopk,2oj1pl,True,,2,4,0,1.0,0.0,1.0,0.0,1.583
8utfze__17e1mt,8utfze,17e1mt,True,,4,1,0,1.0,0.0,1.0,0.0,1.583
4gxsfd__3v7y8s,4gxsfd,3v7y8s,True,,3,1,0,1.0,0.0,1.0,0.0,1.583
4gl969__9qjdec,4gl969,9qjdec,True,,5,2,0,1.0,0.0,1.0,0.0,1.583
3jmye3__4lcosk,3jmye3,4lcosk,True,,4,3,1,0.7142857142857143,0.2857142857142857,0.4248634874820709,0.5751365125179291,2.177862846183351
37azai__13r76u,37azai,13r76u,True,,2,2,0,1.0,0.0,1.0,0.0,1.583
4oe0ir__55ax7u,4oe0ir,55ax7u,True,,4,1,0,1.0,0.0,1.0,0.0,1.583
3oew37__59vj4v,3oew37,59vj4v,True,,1,5,0,1.0,0.0,1.0,0.0,1.583
2t9epd__3o6is8,2t9epd,3o6is8,True,,7,4,3,0.35714285714285715,0.6428571428571428,0.3929492626339197,0.6070507373660803,2.279846112197611
1zdbwb__2kdpzp,1zdbwb,2kdpzp,True,,5,1,0,1.0,0.0,1.0,0.0,1.583
1zy2xq__3ibtfh,1zy2xq,3ibtfh,True,,4,2,0,1.0,0.0,1.0,0.0,1.583
1zehr2__5a1dot,1zehr2,5a1dot,True,,4,3,0,1.0,0.0,1.0,0.0,1.583
1z9ydp__77ppol,1z9ydp,77ppol,True,,4,10,0,1.0,0.0,1.0,0.0,1.583
3fbqyr__34xatv,3fbqyr,34xatv,True,,8,10,0,1.0,0.0,1.0,0.0,1.583
68fo8s__559e0e,68fo8s,559e0e,True,,2,3,0,1.0,0.0,1.0,0.0,1.583
1at6b8__2met9s,1at6b8,2met9s,True,,2,6,0,1.0,0.0,1.0,0.0,1.583
38lff5__8g4dos,38lff5,8g4dos,True,,2,3,0,1.0,0.0,1.0,0.0,1.583
2df4ef__3sg9vr,2df4ef,3sg9vr,True,,4,2,0,1.0,0.0,1.0,0.0,1.583
4ba0rh__3f9rc9,4ba0rh,3f9rc9,True,,3,3,0,1.0,0.0,1.0,0.0,1.583
2tgsnn__4zh412,2tgsnn,4zh412,True,,7,3,2,0.6363636363636364,0.36363636363636365,0.3875490203499794,0.6124509796500206,2.2284588789860633
428fod__65z9qc,428fod,65z9qc,True,,3,8,0,1.0,0.0,1.0,0.0,1.583
6tavem__907t0e,6tavem,907t0e,True,,7,5,0,1.0,0.0,1.0,0.0,1.583
35n3tp__5xov28,35n3tp,5xov28,True,,1,2,0,1.0,0.0,1.0,0.0,1.583
5v2ywe__wobgi,5v2ywe,wobgi,True,,3,3,1,0.6666666666666666,0.33333333333333337,0.24565467238426208,0.7543453276157379,2.3548497681270044
1q3p9l__511guc,1q3p9l,511guc,True,,16,3,0,1.0,0.0,1.0,0.0,1.583
2szp2c__2e20ib,2szp2c,2e20ib,True,,1,4,0,1.0,0.0,1.0,0.0,1.583
6v8l0g__1r1i28,6v8l0g,1r1i28,True,,14,9,5,0.5526315789473685,0.4473684210526315,0.32887388703723747,0.6711261129627626,2.3001778347906607
1hhf0a__7hbq0g,1hhf0a,7hbq0g,True,,2,6,0,1.0,0.0,1.0,0.0,1.583
n0v7a__8vz5z7,n0v7a,8vz5z7,True,,2,7,1,0.26666666666666666,0.7333333333333334,0.3324807994067669,0.6675192005932331,2.354602848100687
20lmoe__4ytimz,20lmoe,4ytimz,True,,4,6,0,1.0,0.0,1.0,0.0,1.583
2renbq__98ogid,2renbq,98ogid,True,,1,11,0,1.0,0.0,1.0,0.0,1.583
607n1w__9z3d2z,607n1w,9z3d2z,True,,2,4,2,0.42857142857142855,0.5714285714285714,0.4298798255622387,0.5701201744377613,2.2309209451931395
9xrwnt__14aeu6,9xrwnt,14aeu6,True,,2,7,0,1.0,0.0,1.0,0.0,1.583
6ujnj4__1v1h76,6ujnj4,1v1h76,True,,3,3,0,1.0,0.0,1.0,0.0,1.583
34pq25__9xi3ux,34pq25,9xi3ux,True,,3,1,0,1.0,0.0,1.0,0.0,1.583
3p6rv0__y66ia,3p6rv0,y66ia,True,,4,7,2,0.5,0.5,0.3344015081723531,0.665598491827647,2.3056524315178395
29avbx__335jvc,29avbx,335jvc,True,,3,2,0,1.0,0.0,1.0,0.0,1.583
2mx648__9nnnew,2mx648,9nnnew,True,,2,5,1,0.7142857142857143,0.2857142857142857,0.4802006334066391,0.5197993665933609,2.126183485604397
1v6dev__2x7v83,1v6dev,2x7v83,True,,3,4,1,0.7142857142857143,0.2857142857142857,0.4031518027186394,0.5968481972813606,2.19813938858392
4uk34v__3qcr7o,4uk34v,3qcr7o,True,,9,5,0,1.0,0.0,1.0,0.0,1.583
26d3dg__9sspe9,26d3dg,9sspe9,True,,3,1,0,1.0,0.0,1.0,0.0,1.583
3ija8r__9gc311,3ija8r,9gc311,True,,4,6,2,0.6363636363636364,0.36363636363636365,0.4128167852759361,0.5871832147240639,2.2048613133217123
3aobp4__3bf8d4,3aobp4,3bf8d4,True,,4,2,1,0.6666666666666666,0.33333333333333337,0.3843199238181114,0.6156800761818886,2.2253502898129325
34ntti__2d1da3,34ntti,2d1da3,True,,5,2,0,1.0,0.0,1.0,0.0,1.583
90vqpv__85yn4f,90vqpv,85yn4f,True,,2,3,0,1.0,0.0,1.0,0.0,1.583
297tv4__96uiks,297tv4,96uiks,True,,4,2,0,1.0,0.0,1.0,0.0,1.583
8ufz2h__6nujqy,8ufz2h,6nujqy,True,,5,5,0,1.0,0.0,1.0,0.0,1.583
1t0fe5__72zdgt,1t0fe5,72zdgt,True,,4,2,0,1.0,0.0,1.0,0.0,1.583
9m51nb__8m33i9,9m51nb,8m33i9,True,,5,4,0,1.0,0.0,1.0,0.0,1.583
866n22__3b857o,866n22,3b857o,True,,5,3,0,1.0,0.0,1.0,0.0,1.583
3cubmd__2fpcv8,3cubmd,2fpcv8,True,,4,2,0,1.0,0.0,1.0,0.0,1.583
3g30dp__7rdzr3,3g30dp,7rdzr3,True,,3,5,0,1.0,0.0,1.0,0.0,1.583
8nfg1q__4kkk04,8nfg1q,4kkk04,True,,6,3,0,1.0,0.0,1.0,0.0,1.583
6c6ezm__5l3frw,6c6ezm,5l3frw,True,,1,3,0,1.0,0.0,1.0,0.0,1.583
3ccxzs__2lr4ay,3ccxzs,2lr4ay,True,,1,4,0,1.0,0.0,1.0,0.0,1.583
3gazqc__40jdm4,3gazqc,40jdm4,True,,7,2,1,0.7777777777777778,0.2222222222222222,0.1927867829799652,0.8072132170200348,2.3817675344861216
3aa1ke__3rs4bd,3aa1ke,3rs4bd,True,,1,2,0,1.0,0.0,1.0,0.0,1.583
6zlpc7__5b4psp,6zlpc7,5b4psp,True,,5,6,0,1.0,0.0,1.0,0.0,1.583
3e4xwv__8fe2na,3e4xwv,8fe2na,True,,5,11,2,0.5789473684210527,0.42105263157894735,0.3603103856245677,0.6396896143754323,2.2655008677073214
3dcd54__20nhlb,3dcd54,20nhlb,True,,3,3,1,0.6666666666666666,0.33333333333333337,0.4063454419374466,0.5936545580625534,2.204780658441285
3e81ip__2w22o9,3e81ip,2w22o9,True,,8,1,0,1.0,0.0,1.0,0.0,1.583
8jbl0z__9dagj7,8jbl0z,9dagj7,True,,6,1,0,1.0,0.0,1.0,0.0,1.583
2ylbd7__3iw00w,2ylbd7,3iw00w,True,,4,6,0,1.0,0.0,1.0,0.0,1.583
931z6c__7269u2,931z6c,7269u2,True,,4,4,0,1.0,0.0,1.0,0.0,1.583
2bzjj0__6c6ezm,2bzjj0,6c6ezm,True,,2,1,1,0.3333333333333333,0.6666666666666667,0.39616120606660843,0.6038387939333916,2.281658382987728
fw7y5__vw5bn,fw7y5,vw5bn,True,,3,3,0,1.0,0.0,1.0,0.0,1.583
11vbl3__2pjs64,11vbl3,2pjs64,True,,5,10,1,0.8666666666666667,0.1333333333333333,0.3771928921341896,0.6228071078658104,2.191586224702547
37e2ct__40qr5c,37e2ct,40qr5c,True,,2,5,1,0.7142857142857143,0.2857142857142857,0.43378888070583344,0.5662111192941666,2.1695274214516793
26622t__92as36,26622t,92as36,True,,7,2,2,0.0,1.0,0.478614851266944,0.5213851487330561,2.272021590401801
1ytrna__9p59sp,1ytrna,9p59sp,True,,3,7,0,1.0,0.0,1.0,0.0,1.583
44frso__6ii4hn,44frso,6ii4hn,True,,6,3,0,1.0,0.0,1.0,0.0,1.583
4674t5__74fz81,4674t5,74fz81,True,,3,7,0,1.0,0.0,1.0,0.0,1.583
9dyp9c__5cjod7,9dyp9c,5cjod7,True,,4,4,0,1.0,0.0,1.0,0.0,1.583
1spxqp__7q2ycw,1spxqp,7q2ycw,True,,8,5,1,0.8461538461538461,0.15384615384615385,0.38938913494348526,0.6106108650565147,2.184341794568587
28bprc__74152u,28bprc,74152u,True,,8,1,0,1.0,0.0,1.0,0.0,1.583
5eiuxs__7h99qe,5eiuxs,7h99qe,True,,11,3,0,1.0,0.0,1.0,0.0,1.583
2fzqrh__6hy4jg,2fzqrh,6hy4jg,True,,5,2,0,1.0,0.0,1.0,0.0,1.583
4ytimz__39p86l,4ytimz,39p86l,True,,6,3,0,1.0,0.0,1.0,0.0,1.583
1zdbwb__8vmoan,1zdbwb,8vmoan,True,,5,1,0,1.0,0.0,1.0,0.0,1.583
3h2cv7__8vmoan,3h2cv7,8vmoan,True,,2,1,0,1.0,0.0,1.0,0.0,1.583
3imy1i__2hawms,3imy1i,2hawms,True,,4,7,1,0.8181818181818182,0.18181818181818177,0.2977384179830551,0.7022615820169449,2.2755875459910793
6wpmy8__zi585,6wpmy8,zi585,True,,2,5,0,1.0,0.0,1.0,0.0,1.583
344p54__38rwce,344p54,38rwce,True,,3,3,0,1.0,0.0,1.0,0.0,1.583
3tl912__9eht55,3tl912,9eht55,True,,3,1,0,1.0,0.0,1.0,0.0,1.583
8yozze__6y4e12,8yozze,6y4e12,True,,1,4,0,1.0,0.0,1.0,0.0,1.583
3thq96__5z1e0v,3thq96,5z1e0v,True,,6,9,0,1.0,0.0,1.0,0.0,1.583
92yfkp__4vg5x7,92yfkp,4vg5x7,True,,1,2,0,1.0,0.0,1.0,0.0,1.583
4rox3w__42vna2,4rox3w,42vna2,True,,3,3,0,1.0,0.0,1.0,0.0,1.583
4dkhvx__3jaewk,4dkhvx,3jaewk,True,,1,2,0,1.0,0.0,1.0,0.0,1.583
34fman__8yn3tl,34fman,8yn3tl,True,,3,2,0,1.0,0.0,1.0,0.0,1.583
2l6u08__33b3mr,2l6u08,33b3mr,True,,3,3,0,1.0,0.0,1.0,0.0,1.583
2jkt69__37jjk7,2jkt69,37jjk7,True,,5,4,0,1.0,0.0,1.0,0.0,1.583
6ecnn0__9brka1,6ecnn0,9brka1,True,,2,3,0,1.0,0.0,1.0,0.0,1.583
9tve1k__7n1jw5,9tve1k,7n1jw5,True,,3,7,0,1.0,0.0,1.0,0.0,1.583
8jqtqc__3338fd,8jqtqc,3338fd,True,,2,5,0,1.0,0.0,1.0,0.0,1.583
8d7pj9__9u14m0,8d7pj9,9u14m0,True,,4,4,0,1.0,0.0,1.0,0.0,1.583
2ryogr__8dkcws,2ryogr,8dkcws,True,,4,5,1,0.7777777777777778,0.2222222222222222,0.48661502078175545,0.5133849792182446,2.1073613432030296
3bbgd4__2oqckw,3bbgd4,2oqckw,True,,4,5,0,1.0,0.0,1.0,0.0,1.583
3bn3bu__3smld1,3bn3bu,3smld1,True,,4,2,0,1.0,0.0,1.0,0.0,1.583
4v6nmi__3h5wf0,4v6nmi,3h5wf0,True,,5,2,0,1.0,0.0,1.0,0.0,1.583
8i0vh4__3wfmio,8i0vh4,3wfmio,True,,1,6,0,1.0,0.0,1.0,0.0,1.583
51yyks__964xeo,51yyks,964xeo,True,,6,4,3,0.3076923076923077,0.6923076923076923,0.36260107159614563,0.6373989284038544,2.3181822438517443
326ad6__jnd3z,326ad6,jnd3z,True,,4,3,0,1.0,0.0,1.0,0.0,1.583
8w8rpi__26rfqn,8w8rpi,26rfqn,True,,4,2,0,1.0,0.0,1.0,0.0,1.583
3g0x4j__2j4thz,3g0x4j,2j4thz,True,,11,3,0,1.0,0.0,1.0,0.0,1.583
6x9ns4__6gq0s0,6x9ns4,6gq0s0,True,,2,6,0,1.0,0.0,1.0,0.0,1.583
1x3c9s__4gmbc9,1x3c9s,4gmbc9,True,,3,1,0,1.0,0.0,1.0,0.0,1.583
3t2n88__4vtbbc,3t2n88,4vtbbc,True,,6,5,0,1.0,0.0,1.0,0.0,1.583
5hrwqf__2kjkyk,5hrwqf,2kjkyk,True,,1,2,0,1.0,0.0,1.0,0.0,1.583
2nnm9j__369ecr,2nnm9j,369ecr,True,,7,3,0,1.0,0.0,1.0,0.0,1.583
33leq9__1uv0ef,33leq9,1uv0ef,True,,1,3,0,1.0,0.0,1.0,0.0,1.583
igreq__78t55f,igreq,78t55f,True,,5,2,0,1.0,0.0,1.0,0.0,1.583
3vfmrb__25o4ua,3vfmrb,25o4ua,True,,1,2,0,1.0,0.0,1.0,0.0,1.583
n0v7a__74e9b9,n0v7a,74e9b9,True,,2,4,1,0.42857142857142855,0.5714285714285714,0.41718418151140213,0.5828158184885979,2.2427774071722157
34upzs__7fvkzr,34upzs,7fvkzr,True,,1,3,0,1.0,0.0,1.0,0.0,1.583
14vqy8__sxr0m,14vqy8,sxr0m,True,,3,2,0,1.0,0.0,1.0,0.0,1.583
6y2fr3__8vlb46,6y2fr3,8vlb46,True,,1,2,0,1.0,0.0,1.0,0.0,1.583
8st78y__z8cpu,8st78y,z8cpu,True,,5,5,0,1.0,0.0,1.0,0.0,1.583
33x9p8__5zkr3b,33x9p8,5zkr3b,True,,1,3,0,1.0,0.0,1.0,0.0,1.583
3hs286__38u6w3,3hs286,38u6w3,True,,3,2,0,1.0,0.0,1.0,0.0,1.583
7f6i87__5mjwoq,7f6i87,5mjwoq,True,,9,4,0,1.0,0.0,1.0,0.0,1.583
36womh__3lm97t,36womh,3lm97t,True,,4,1,0,1.0,0.0,1.0,0.0,1.583
2lxraj__3lvuz1,2lxraj,3lvuz1,True,,2,5,0,1.0,0.0,1.0,0.0,1.583
4vwu63__1nqz8a,4vwu63,1nqz8a,True,,6,3,0,1.0,0.0,1.0,0.0,1.583
2twzep__1kpfbb,2twzep,1kpfbb,True,,1,2,0,1.0,0.0,1.0,0.0,1.583
1xi3uz__7gh64j,1xi3uz,7gh64j,True,,1,4,0,1.0,0.0,1.0,0.0,1.583
5jblt5__5fmwkk,5jblt5,5fmwkk,True,,6,4,2,0.5454545454545454,0.4545454545454546,0.37296516820788383,0.6270348317921162,2.2604514657742936
7f6i87__8tuwm6,7f6i87,8tuwm6,True,,9,2,0,1.0,0.0,1.0,0.0,1.583
1j3zkk__2ougzs,1j3zkk,2ougzs,True,,1,4,1,0.3333333333333333,0.6666666666666667,0.3108115717768669,0.6891884282231331,2.361366406450917
57brla__8s3i68,57brla,8s3i68,True,,2,5,0,1.0,0.0,1.0,0.0,1.583
2aotk2__3w1et7,2aotk2,3w1et7,True,,1,7,0,1.0,0.0,1.0,0.0,1.583
5m49bb__6fnf9s,5m49bb,6fnf9s,True,,8,2,0,1.0,0.0,1.0,0.0,1.583
3jq17j__2xqrqw,3jq17j,2xqrqw,True,,6,6,0,1.0,0.0,1.0,0.0,1.583
3fns94__4kp9ua,3fns94,4kp9ua,True,,4,3,0,1.0,0.0,1.0,0.0,1.583
9yf9mz__5kbr7r,9yf9mz,5kbr7r,True,,3,5,0,1.0,0.0,1.0,0.0,1.583
8k5clm__3rwv15,8k5clm,3rwv15,True,,1,5,0,1.0,0.0,1.0,0.0,1.583
4oe0ir__28ja4x,4oe0ir,28ja4x,True,,4,2,1,0.6666666666666666,0.33333333333333337,0.19068679213523865,0.8093132078647614,2.406184271491567
395lj2__4ci3qq,395lj2,4ci3qq,True,,7,5,1,0.8333333333333334,0.16666666666666663,0.13275828957557678,0.8672417104244232,2.426600366698702
70pobe__3bwg2b,70pobe,3bwg2b,True,,7,6,1,0.8461538461538461,0.15384615384615385,0.36455969512462616,0.6354403048753738,2.2075300084154192
2ujxhs__1xo5yr,2ujxhs,1xo5yr,True,,3,2,0,1.0,0.0,1.0,0.0,1.583
19lzl3__89y25h,19lzl3,89y25h,True,,5,2,0,1.0,0.0,1.0,0.0,1.583
4bfsjj__3lchyb,4bfsjj,3lchyb,True,,4,4,0,1.0,0.0,1.0,0.0,1.583
3r9qbz__8biojf,3r9qbz,8biojf,True,,3,1,1,0.5,0.5,0.24278637766838074,0.7572136223316193,2.391211801895499
2b0lzk__5ugw10,2b0lzk,5ugw10,True,,5,1,1,0.0,1.0,0.46669470686465503,0.533305293135345,2.2831538132590987
9p59sp__3qyuc2,9p59sp,3qyuc2,True,,7,3,0,1.0,0.0,1.0,0.0,1.583
21236f__9dwvdf,21236f,9dwvdf,True,,3,1,0,1.0,0.0,1.0,0.0,1.583
9rywki__9h992r,9rywki,9h992r,True,,2,3,0,1.0,0.0,1.0,0.0,1.583
4l9dza__1jktkx,4l9dza,1jktkx,True,,7,4,3,0.35714285714285715,0.6428571428571428,0.410039234906435,0.589960765093565,2.263885787092309
3jg26f__23kgs6,3jg26f,23kgs6,True,,7,1,0,1.0,0.0,1.0,0.0,1.583
1sejfc__8ml0wk,1sejfc,8ml0wk,True,,3,8,0,1.0,0.0,1.0,0.0,1.583
3i44nc__10837z,3i44nc,10837z,True,,2,4,0,1.0,0.0,1.0,0.0,1.583
8lfjzs__74ae04,8lfjzs,74ae04,True,,4,5,2,0.3333333333333333,0.6666666666666667,0.32542868951956433,0.6745713104804356,2.3477154801910123
9p5od2__92t6xr,9p5od2,92t6xr,True,,2,4,0,1.0,0.0,1.0,0.0,1.583
30bt96__6hq3s9,30bt96,6hq3s9,True,,3,4,1,0.7142857142857143,0.2857142857142857,0.4050679877400398,0.5949320122599602,2.1963498633924337
3lx5wf__1763d7,3lx5wf,1763d7,True,,7,5,1,0.8333333333333334,0.16666666666666663,0.42581265419721603,0.574187345802784,2.152916895578553
31hhkk__2s2epk,31hhkk,2s2epk,True,,3,1,0,1.0,0.0,1.0,0.0,1.583
9npt9o__1yzweq,9npt9o,1yzweq,True,,3,1,0,1.0,0.0,1.0,0.0,1.583
5adfv6__4svmd4,5adfv6,4svmd4,True,,7,2,0,1.0,0.0,1.0,0.0,1.583
5jpjah__1v0jia,5jpjah,1v0jia,True,,5,4,0,1.0,0.0,1.0,0.0,1.583
2duvr1__771ri3,2duvr1,771ri3,True,,2,1,0,1.0,0.0,1.0,0.0,1.583
6xvtcj__2zam05,6xvtcj,2zam05,True,,2,3,0,1.0,0.0,1.0,0.0,1.583
8o4rhe__74h1mz,8o4rhe,74h1mz,True,,4,1,0,1.0,0.0,1.0,0.0,1.583
1cde9k__y6uds,1cde9k,y6uds,True,,6,3,0,1.0,0.0,1.0,0.0,1.583
32vdpi__6f081y,32vdpi,6f081y,True,,4,4,0,1.0,0.0,1.0,0.0,1.583
340gyy__5prerr,340gyy,5prerr,True,,6,4,0,1.0,0.0,1.0,0.0,1.583
9xvf4a__964jdv,9xvf4a,964jdv,True,,4,1,0,1.0,0.0,1.0,0.0,1.583
36usqg__77h6wn,36usqg,77h6wn,True,,3,1,0,1.0,0.0,1.0,0.0,1.583
6gx1bv__2v6gg5,6gx1bv,2v6gg5,True,,6,4,0,1.0,0.0,1.0,0.0,1.583
87004i__71unzq,87004i,71unzq,True,,3,2,0,1.0,0.0,1.0,0.0,1.583
3cq0ux__3bb894,3cq0ux,3bb894,True,,3,9,0,1.0,0.0,1.0,0.0,1.583
94blyq__8d62y8,94blyq,8d62y8,True,,2,5,0,1.0,0.0,1.0,0.0,1.583
3r9w9u__8vb8m9,3r9w9u,8vb8m9,True,,3,3,1,0.6666666666666666,0.33333333333333337,0.3529036194086075,0.6470963805913925,2.254689976500968
2bzjj0__3qeda5,2bzjj0,3qeda5,True,,2,5,2,0.07692307692307693,0.9230769230769231,0.35917920619249344,0.6408207938075066,2.3680163854906766
27me76__1j34yy,27me76,1j34yy,True,,2,4,0,1.0,0.0,1.0,0.0,1.583
3fmodw__727mde,3fmodw,727mde,True,,2,6,0,1.0,0.0,1.0,0.0,1.583
3nqef1__2zwvla,3nqef1,2zwvla,True,,1,7,0,1.0,0.0,1.0,0.0,1.583
533mj5__8g4dos,533mj5,8g4dos,True,,2,3,1,0.6,0.4,0.451737679541111,0.548262320458889,2.1758621810765564
3h5f1i__96ktcb,3h5f1i,96ktcb,True,,9,1,0,1.0,0.0,1.0,0.0,1.583
342iw4__9u5srr,342iw4,9u5srr,True,,8,1,0,1.0,0.0,1.0,0.0,1.583
87btxe__67bqvw,87btxe,67bqvw,True,,4,3,2,0.375,0.625,0.350340835750103,0.649659164249897,2.316029193492979
1l2ils__752kg5,1l2ils,752kg5,True,,4,4,2,0.4444444444444444,0.5555555555555556,0.37923720479011536,0.6207627952098846,2.275008152224289
95q9w6__749drw,95q9w6,749drw,True,,5,3,0,1.0,0.0,1.0,0.0,1.583
28g4qc__58xto9,28g4qc,58xto9,True,,3,7,3,0.3076923076923077,0.6923076923076923,0.3265330145756404,0.6734669854243596,2.351866202303194
8w50jl__207lwo,8w50jl,207lwo,True,,2,5,0,1.0,0.0,1.0,0.0,1.583
6o0mcs__8d7pj9,6o0mcs,8d7pj9,True,,1,4,0,1.0,0.0,1.0,0.0,1.583
4n5pv4__1sph3h,4n5pv4,1sph3h,True,,3,6,0,1.0,0.0,1.0,0.0,1.583
9ju3b4__5rd22q,9ju3b4,5rd22q,True,,7,6,3,0.4375,0.5625,0.4797818132986625,0.5202181867013376,2.182513014560379
4bqkog__92kgu5,4bqkog,92kgu5,True,,3,6,0,1.0,0.0,1.0,0.0,1.583
8n47o4__54wp4l,8n47o4,54wp4l,True,,5,6,2,0.42857142857142855,0.5714285714285714,0.2912716269493103,0.7087283730506897,2.360367141877753
1gjyeb__91ybue,1gjyeb,91ybue,True,,2,7,0,1.0,0.0,1.0,0.0,1.583
8mb8yr__3hqoib,8mb8yr,3hqoib,True,,4,1,0,1.0,0.0,1.0,0.0,1.583
2jkt69__7e5093,2jkt69,7e5093,True,,5,5,0,1.0,0.0,1.0,0.0,1.583
2ikfbf__5mezjy,2ikfbf,5mezjy,True,,1,5,0,1.0,0.0,1.0,0.0,1.583
3klo2f__v0ppf,3klo2f,v0ppf,True,,3,2,0,1.0,0.0,1.0,0.0,1.583
3t4gve__2u6cq6,3t4gve,2u6cq6,True,,2,4,0,1.0,0.0,1.0,0.0,1.583
5ifsdg__7bmle4,5ifsdg,7bmle4,True,,1,7,0,1.0,0.0,1.0,0.0,1.583
8s97hm__4zvv52,8s97hm,4zvv52,True,,1,7,0,1.0,0.0,1.0,0.0,1.583
90a5fa__1z5coh,90a5fa,1z5coh,True,,9,2,2,0.0,1.0,0.4036643122219377,0.5963356877780623,2.342017898815932
2x8hue__6ied8s,2x8hue,6ied8s,True,,7,3,0,1.0,0.0,1.0,0.0,1.583
3kbcpm__7dju4w,3kbcpm,7dju4w,True,,1,6,0,1.0,0.0,1.0,0.0,1.583
303ysd__40khu9,303ysd,40khu9,True,,5,1,0,1.0,0.0,1.0,0.0,1.583
32ejqd__4vg5x7,32ejqd,4vg5x7,True,,5,2,0,1.0,0.0,1.0,0.0,1.583
44gzyk__3fmodw,44gzyk,3fmodw,True,,1,2,0,1.0,0.0,1.0,0.0,1.583
9snvt4__3qtldv,9snvt4,3qtldv,True,,5,4,3,0.3333333333333333,0.6666666666666667,0.4400881687179208,0.5599118312820792,2.240634992567667
19bxe8__2zjyg6,19bxe8,2zjyg6,True,,3,4,0,1.0,0.0,1.0,0.0,1.583
1sph3h__8m3ptp,1sph3h,8m3ptp,True,,6,2,0,1.0,0.0,1.0,0.0,1.583
6tjt25__3n13b6,6tjt25,3n13b6,True,,12,7,3,0.5909090909090909,0.40909090909090906,0.4190978482365608,0.5809021517634392,2.2081817922591487
1csjmk__8bvzg8,1csjmk,8bvzg8,True,,11,6,5,0.20754716981132076,0.7924528301886793,0.33379799127578735,0.6662020087242126,2.3653207729286745
3gfgx8__2youtl,3gfgx8,2youtl,True,,3,3,0,1.0,0.0,1.0,0.0,1.583
4qe1wr__72jnjj,4qe1wr,72jnjj,True,,4,3,0,1.0,0.0,1.0,0.0,1.583
35hh4m__704puj,35hh4m,704puj,True,,2,1,0,1.0,0.0,1.0,0.0,1.583
7qbdep__99pgfk,7qbdep,99pgfk,True,,6,4,1,0.8,0.19999999999999996,0.3604990988969803,0.6395009011030197,2.22064989154011
53vivz__6f0opd,53vivz,6f0opd,True,,2,2,0,1.0,0.0,1.0,0.0,1.583
17q0r0__32qx6h,17q0r0,32qx6h,True,,2,4,1,0.6666666666666666,0.33333333333333337,0.36132240295410156,0.6386775970458984,2.246827674547831
8ks2d1__6jolt7,8ks2d1,6jolt7,True,,4,5,1,0.7777777777777778,0.2222222222222222,0.4264451339840889,0.5735548660159111,2.16355400048337
20wb2g__33x9p8,20wb2g,33x9p8,True,,3,1,0,1.0,0.0,1.0,0.0,1.583
1aevii__9ump3q,1aevii,9ump3q,True,,4,2,0,1.0,0.0,1.0,0.0,1.583
356fbx__92gnv3,356fbx,92gnv3,True,,2,6,0,1.0,0.0,1.0,0.0,1.583
9sxvau__2o1bnq,9sxvau,2o1bnq,True,,5,4,2,0.5,0.5,0.4832732295617461,0.5167267704382539,2.166621130912285
6muf7q__2fhrfs,6muf7q,2fhrfs,True,,3,1,0,1.0,0.0,1.0,0.0,1.583
2axphm__9oer6p,2axphm,9oer6p,True,,8,2,0,1.0,0.0,1.0,0.0,1.583
49b36r__37oi30,49b36r,37oi30,True,,6,5,0,1.0,0.0,1.0,0.0,1.583
6uf31y__4kvltm,6uf31y,4kvltm,True,,7,1,0,1.0,0.0,1.0,0.0,1.583
3gtztm__9h4h27,3gtztm,9h4h27,True,,6,8,0,1.0,0.0,1.0,0.0,1.583
4glx9t__3wnbvn,4glx9t,3wnbvn,True,,5,2,0,1.0,0.0,1.0,0.0,1.583
772am5__3lvuz1,772am5,3lvuz1,True,,2,5,1,0.5,0.5,0.3723897933959961,0.6276102066040039,2.2701751719474794
30q6i0__6uwcbf,30q6i0,6uwcbf,True,,12,10,0,1.0,0.0,1.0,0.0,1.583
2bzjj0__6hp5pe,2bzjj0,6hp5pe,True,,2,5,0,1.0,0.0,1.0,0.0,1.583
5rap9i__52p5gp,5rap9i,52p5gp,True,,3,2,0,1.0,0.0,1.0,0.0,1.583
y0i0p__6potvz,y0i0p,6potvz,True,,4,4,0,1.0,0.0,1.0,0.0,1.583
2nl5zz__2o026b,2nl5zz,2o026b,True,,2,3,1,0.6,0.4,0.44076069444417953,0.5592393055558205,2.1861135874585806
6zf5ss__67zy46,6zf5ss,67zy46,True,,4,4,0,1.0,0.0,1.0,0.0,1.583
1f0upk__9u7hc5,1f0upk,9u7hc5,True,,2,13,0,1.0,0.0,1.0,0.0,1.583
1rc1no__8thfjx,1rc1no,8thfjx,True,,1,2,0,1.0,0.0,1.0,0.0,1.583
77ppol__3io3nf,77ppol,3io3nf,True,,10,3,0,1.0,0.0,1.0,0.0,1.583
3fwz7i__1ae9mh,3fwz7i,1ae9mh,True,,8,6,0,1.0,0.0,1.0,0.0,1.583
1km7lv__7jlcop,1km7lv,7jlcop,True,,1,2,0,1.0,0.0,1.0,0.0,1.583
28g4qc__2ces7r,28g4qc,2ces7r,True,,3,3,0,1.0,0.0,1.0,0.0,1.583
11huhu__6eon9x,11huhu,6eon9x,True,,3,2,0,1.0,0.0,1.0,0.0,1.583
2s2epk__2gt1c3,2s2epk,2gt1c3,True,,1,7,0,1.0,0.0,1.0,0.0,1.583
9idcpk__5c4k3t,9idcpk,5c4k3t,True,,3,3,0,1.0,0.0,1.0,0.0,1.583
8oidt5__7a2kpr,8oidt5,7a2kpr,True,,7,2,0,1.0,0.0,1.0,0.0,1.583
336w4p__2xu5hi,336w4p,2xu5hi,True,,3,1,0,1.0,0.0,1.0,0.0,1.583
2hzsib__3io3nf,2hzsib,3io3nf,True,,2,3,0,1.0,0.0,1.0,0.0,1.583
3cbf0r__4lr83x,3cbf0r,4lr83x,True,,2,4,0,1.0,0.0,1.0,0.0,1.583
3opw3q__9j9rzc,3opw3q,9j9rzc,True,,7,5,1,0.8333333333333334,0.16666666666666663,0.38330699503421783,0.6166930049657822,2.1926129306708773
8hc46g__39958r,8hc46g,39958r,True,,8,4,0,1.0,0.0,1.0,0.0,1.583
4q6hwj__5xuvmr,4q6hwj,5xuvmr,True,,2,9,0,1.0,0.0,1.0,0.0,1.583
9h75j7__9u1vfg,9h75j7,9u1vfg,True,,4,2,0,1.0,0.0,1.0,0.0,1.583
3jvf41__2ql93l,3jvf41,2ql93l,True,,6,7,0,1.0,0.0,1.0,0.0,1.583
8xj3v5__92nvv4,8xj3v5,92nvv4,True,,6,5,2,0.42857142857142855,0.5714285714285714,0.33239974578221637,0.6676002542177837,2.3219575916997024
705xd7__i1m9x,705xd7,i1m9x,True,,5,5,0,1.0,0.0,1.0,0.0,1.583
39f069__9p4ej5,39f069,9p4ej5,True,,5,3,0,1.0,0.0,1.0,0.0,1.583
703gbi__24m5oq,703gbi,24m5oq,True,,4,1,0,1.0,0.0,1.0,0.0,1.583
8e113j__3aezcb,8e113j,3aezcb,True,,3,5,0,1.0,0.0,1.0,0.0,1.583
9wvkzr__2hv0dt,9wvkzr,2hv0dt,True,,4,4,0,1.0,0.0,1.0,0.0,1.583
88nj5s__99pfkq,88nj5s,99pfkq,True,,4,1,0,1.0,0.0,1.0,0.0,1.583
3d764z__16axa6,3d764z,16axa6,True,,2,3,1,0.6,0.4,0.3959469348192215,0.6040530651807785,2.227965157572329
3ik66u__9221ui,3ik66u,9221ui,True,,1,4,0,1.0,0.0,1.0,0.0,1.583
szirr__8142k0,szirr,8142k0,True,,2,8,0,1.0,0.0,1.0,0.0,1.583
9tfxtt__8yv1rm,9tfxtt,8yv1rm,True,,2,9,0,1.0,0.0,1.0,0.0,1.583
1ipn6s__7fw2fj,1ipn6s,7fw2fj,True,,7,6,0,1.0,0.0,1.0,0.0,1.583
37nzjp__7cimxf,37nzjp,7cimxf,True,,4,5,0,1.0,0.0,1.0,0.0,1.583
4cok6w__7chxfs,4cok6w,7chxfs,True,,3,2,1,0.3333333333333333,0.6666666666666667,0.3138587661087513,0.6861412338912487,2.3585206316643705
87pxh2__4xp95i,87pxh2,4xp95i,True,,3,5,0,1.0,0.0,1.0,0.0,1.583
8z7ow7__6jisfi,8z7ow7,6jisfi,True,,4,3,0,1.0,0.0,1.0,0.0,1.583
7v8tu4__5nk99r,7v8tu4,5nk99r,True,,7,3,0,1.0,0.0,1.0,0.0,1.583
34sk56__2renbq,34sk56,2renbq,True,,2,1,0,1.0,0.0,1.0,0.0,1.583
2ygsgn__4vfbyj,2ygsgn,4vfbyj,True,,2,1,0,1.0,0.0,1.0,0.0,1.583
2a5c29__70pobe,2a5c29,70pobe,True,,3,7,0,1.0,0.0,1.0,0.0,1.583
8io4co__15wqgv,8io4co,15wqgv,True,,1,2,0,1.0,0.0,1.0,0.0,1.583
8mrjao__6qg7j4,8mrjao,6qg7j4,True,,4,4,0,1.0,0.0,1.0,0.0,1.583
5j5ysh__2qtzsb,5j5ysh,2qtzsb,True,,3,8,0,1.0,0.0,1.0,0.0,1.583
2dvek6__9jaj4v,2dvek6,9jaj4v,True,,2,3,1,0.6,0.4,0.4395647682249546,0.5604352317750454,2.187230462954715
34cz8b__4lqh0s,34cz8b,4lqh0s,True,,6,4,0,1.0,0.0,1.0,0.0,1.583
2a1xm4__54duku,2a1xm4,54duku,True,,8,4,0,1.0,0.0,1.0,0.0,1.583
9x905m__92a1xb,9x905m,92a1xb,True,,3,2,0,1.0,0.0,1.0,0.0,1.583
19xpm3__4szj59,19xpm3,4szj59,True,,2,8,0,1.0,0.0,1.0,0.0,1.583
675kal__52rugj,675kal,52rugj,True,,4,3,0,1.0,0.0,1.0,0.0,1.583
2s1emx__3hqvnn,2s1emx,3hqvnn,True,,6,6,0,1.0,0.0,1.0,0.0,1.583
9co0ah__42i79p,9co0ah,42i79p,True,,1,5,1,0.6666666666666666,0.33333333333333337,0.42639247328042984,0.5736075267195702,2.186058735870073
9xrwnt__6n0322,9xrwnt,6n0322,True,,2,2,0,1.0,0.0,1.0,0.0,1.583
3j1yzr__8oh15i,3j1yzr,8oh15i,True,,1,2,0,1.0,0.0,1.0,0.0,1.583
169jh4__6jclu1,169jh4,6jclu1,True,,9,4,0,1.0,0.0,1.0,0.0,1.583
4s2qv6__9oorec,4s2qv6,9oorec,True,,7,4,0,1.0,0.0,1.0,0.0,1.583
1bv51k__2u1squ,1bv51k,2u1squ,True,,2,3,0,1.0,0.0,1.0,0.0,1.583
9ib7p0__8xyn2j,9ib7p0,8xyn2j,True,,5,1,0,1.0,0.0,1.0,0.0,1.583
288ocb__2oe8fw,288ocb,2oe8fw,True,,3,9,0,1.0,0.0,1.0,0.0,1.583
o986g__768x1w,o986g,768x1w,True,,2,1,0,1.0,0.0,1.0,0.0,1.583
33rkzw__5sdmba,33rkzw,5sdmba,True,,2,4,2,0.2857142857142857,0.7142857142857143,0.30295374244451523,0.6970462575554848,2.37832864278821
1uryyk__762mmz,1uryyk,762mmz,True,,2,2,0,1.0,0.0,1.0,0.0,1.583
3a5s5y__2j95jy,3a5s5y,2j95jy,True,,6,3,0,1.0,0.0,1.0,0.0,1.583
5fnht8__62n803,5fnht8,62n803,True,,3,5,0,1.0,0.0,1.0,0.0,1.583
502drk__8hljch,502drk,8hljch,True,,3,4,0,1.0,0.0,1.0,0.0,1.583
6e0krk__3p0v6c,6e0krk,3p0v6c,True,,3,3,0,1.0,0.0,1.0,0.0,1.583
5cjod7__2hl1ej,5cjod7,2hl1ej,True,,4,9,0,1.0,0.0,1.0,0.0,1.583
2wb42l__7fu6lg,2wb42l,7fu6lg,True,,1,7,0,1.0,0.0,1.0,0.0,1.583
3e6vd5__8d6bhz,3e6vd5,8d6bhz,True,,5,8,0,1.0,0.0,1.0,0.0,1.583
3g9rgq__3t5mug,3g9rgq,3t5mug,True,,3,1,0,1.0,0.0,1.0,0.0,1.583
5e22xi__9ytfxq,5e22xi,9ytfxq,True,,1,3,0,1.0,0.0,1.0,0.0,1.583
7clpxb__6jh975,7clpxb,6jh975,True,,6,3,0,1.0,0.0,1.0,0.0,1.583
9ymzf1__2mfhiq,9ymzf1,2mfhiq,True,,5,2,0,1.0,0.0,1.0,0.0,1.583
4spacd__4dgh7a,4spacd,4dgh7a,True,,5,1,0,1.0,0.0,1.0,0.0,1.583
25nis0__78yf8o,25nis0,78yf8o,True,,4,8,0,1.0,0.0,1.0,0.0,1.583
3hi00e__22edfw,3hi00e,22edfw,True,,3,1,0,1.0,0.0,1.0,0.0,1.583
42mexm__3p6aip,42mexm,3p6aip,True,,9,2,2,0.5833333333333334,0.41666666666666663,0.4423844749107957,0.5576155250892043,2.1879654722141413
4czyrs__8b3wnv,4czyrs,8b3wnv,True,,2,2,0,1.0,0.0,1.0,0.0,1.583
9x4par__3hv8by,9x4par,3hv8by,True,,4,4,0,1.0,0.0,1.0,0.0,1.583
3o8dix__98iny8,3o8dix,98iny8,True,,1,2,0,1.0,0.0,1.0,0.0,1.583
95rq1u__2731ww,95rq1u,2731ww,True,,5,2,0,1.0,0.0,1.0,0.0,1.583
2gxbf2__4wj8o9,2gxbf2,4wj8o9,True,,3,1,0,1.0,0.0,1.0,0.0,1.583
2iiobs__30cc1w,2iiobs,30cc1w,True,,2,2,0,1.0,0.0,1.0,0.0,1.583
8l326g__34o7t9,8l326g,34o7t9,True,,2,3,0,1.0,0.0,1.0,0.0,1.583
4yt0jq__p9ys3,4yt0jq,p9ys3,True,,2,2,0,1.0,0.0,1.0,0.0,1.583
9gp3rx__5ig643,9gp3rx,5ig643,True,,5,5,2,0.5454545454545454,0.4545454545454546,0.35719336196780205,0.642806638032198,2.2751807556219057
26ewqy__6jlifb,26ewqy,6jlifb,True,,6,3,0,1.0,0.0,1.0,0.0,1.583
9mj0b1__274ioe,9mj0b1,274ioe,True,,1,3,1,0.0,1.0,0.4220366304119428,0.5779633695880573,2.3248599908582865
2cj2t5__30rbqm,2cj2t5,30rbqm,True,,6,6,1,0.8333333333333334,0.16666666666666663,0.3828776031732559,0.6171223968267441,2.1930139397298296
2sggv8__2roi15,2sggv8,2roi15,True,,4,2,0,1.0,0.0,1.0,0.0,1.583
3yrhbf__40jdm4,3yrhbf,40jdm4,True,,5,2,1,0.7142857142857143,0.2857142857142857,0.31148701906204224,0.6885129809379578,2.283745130040816
3n7e7j__2crjhm,3n7e7j,2crjhm,True,,4,7,0,1.0,0.0,1.0,0.0,1.583
2y6155__8n3mjd,2y6155,8n3mjd,True,,3,7,0,1.0,0.0,1.0,0.0,1.583
3ekm9c__1i1pzw,3ekm9c,1i1pzw,True,,4,1,0,1.0,0.0,1.0,0.0,1.583
36o3q3__7005hu,36o3q3,7005hu,True,,4,2,0,1.0,0.0,1.0,0.0,1.583
3d3lsu__1i1pzw,3d3lsu,1i1pzw,True,,8,1,0,1.0,0.0,1.0,0.0,1.583
37fhqm__7bp6ku,37fhqm,7bp6ku,True,,2,8,0,1.0,0.0,1.0,0.0,1.583
91wxnx__2oxz6s,91wxnx,2oxz6s,True,,4,4,2,0.4444444444444444,0.5555555555555556,0.19130964577198029,0.8086903542280197,2.4505136995913253
43kfk3__14gi5b,43kfk3,14gi5b,True,,5,3,0,1.0,0.0,1.0,0.0,1.583
314sca__783lq8,314sca,783lq8,True,,3,2,0,1.0,0.0,1.0,0.0,1.583
9mjmu0__8rmnt9,9mjmu0,8rmnt9,True,,3,2,0,1.0,0.0,1.0,0.0,1.583
5w0hay__7gsxqp,5w0hay,7gsxqp,True,,3,8,3,0.5,0.5,0.40020788709322613,0.5997921129067738,2.244195854243636
7pubpx__2fs77s,7pubpx,2fs77s,True,,7,4,1,0.6666666666666666,0.33333333333333337,0.2683475390076637,0.7316524609923363,2.3336568999874094
2to8td__2pq65b,2to8td,2pq65b,True,,5,3,4,0.2857142857142857,0.7142857142857143,0.3973786439746618,0.6026213560253382,2.290145227249206
3atgok__2tmjsq,3atgok,2tmjsq,True,,2,5,1,0.5,0.5,0.2693128138780594,0.7306871861219406,2.3664387631192803
2m8ogz__2vuc5r,2m8ogz,2vuc5r,True,,9,2,0,1.0,0.0,1.0,0.0,1.583
4vay2x__2kfi6b,4vay2x,2kfi6b,True,,4,1,0,1.0,0.0,1.0,0.0,1.583
3if8uz__93q2a1,3if8uz,93q2a1,True,,5,4,0,1.0,0.0,1.0,0.0,1.583
74gbs9__7flgqi,74gbs9,7flgqi,True,,8,2,0,1.0,0.0,1.0,0.0,1.583
65tnb9__5iq8h5,65tnb9,5iq8h5,True,,1,5,0,1.0,0.0,1.0,0.0,1.583
9ess1g__99u2wv,9ess1g,99u2wv,True,,4,2,0,1.0,0.0,1.0,0.0,1.583
4nztw4__gk3ym,4nztw4,gk3ym,True,,3,1,0,1.0,0.0,1.0,0.0,1.583
9wtpuv__5direc,9wtpuv,5direc,True,,2,10,0,1.0,0.0,1.0,0.0,1.583
2j95jy__170qo0,2j95jy,170qo0,True,,3,5,3,0.2727272727272727,0.7272727272727273,0.35791776577631634,0.6420822342236836,2.329622416723316
36sq8u__4izi0x,36sq8u,4izi0x,True,,1,2,0,1.0,0.0,1.0,0.0,1.583
5zkr68__9y33d6,5zkr68,9y33d6,True,,6,3,0,1.0,0.0,1.0,0.0,1.583
9jzgny__8fo95a,9jzgny,8fo95a,True,,6,3,0,1.0,0.0,1.0,0.0,1.583
343qlu__9tdjbp,343qlu,9tdjbp,True,,8,5,0,1.0,0.0,1.0,0.0,1.583
3yuepy__3cdxln,3yuepy,3cdxln,True,,2,6,2,0.5555555555555556,0.4444444444444444,0.33209699392318726,0.6679030060768127,2.296576839597358
8fworq__74jtj9,8fworq,74jtj9,True,,1,2,0,1.0,0.0,1.0,0.0,1.583
3abz8w__4c14gd,3abz8w,4c14gd,True,,1,1,0,1.0,0.0,1.0,0.0,1.583
8cajs2__928esj,8cajs2,928esj,True,,5,3,0,1.0,0.0,1.0,0.0,1.583
9c8ip5__5ih13m,9c8ip5,5ih13m,True,,4,6,2,0.38461538461538464,0.6153846153846154,0.2885902648170789,0.7114097351829212,2.371754782456561
5ab0mq__p44z2,5ab0mq,p44z2,True,,2,3,0,1.0,0.0,1.0,0.0,1.583
3kjzvf__3krfdy,3kjzvf,3krfdy,True,,3,4,0,1.0,0.0,1.0,0.0,1.583
5cldkr__8pbvcd,5cldkr,8pbvcd,True,,8,7,3,0.20930232558139536,0.7906976744186046,0.5061410578200594,0.49385894217994064,2.2040148661018466
1debp9__5kbr7r,1debp9,5kbr7r,True,,2,5,0,1.0,0.0,1.0,0.0,1.583
4erion__6561qa,4erion,6561qa,True,,1,8,0,1.0,0.0,1.0,0.0,1.583
9d101j__2ywzst,9d101j,2ywzst,True,,5,7,1,0.6923076923076923,0.3076923076923077,0.32385586202144623,0.6761441379785538,2.2766356258427867
33isuu__1tehkn,33isuu,1tehkn,True,,6,5,1,0.8181818181818182,0.18181818181818177,0.37442639470100403,0.625573605298996,2.203968644534187
8g73gr__8gpc6w,8g73gr,8gpc6w,True,,5,3,0,1.0,0.0,1.0,0.0,1.583
39ixii__1o241p,39ixii,1o241p,True,,3,3,2,0.2857142857142857,0.7142857142857143,0.47555954521521926,0.5244404547847807,2.2171320835806494
4sr43j__7dib0y,4sr43j,7dib0y,True,,7,3,0,1.0,0.0,1.0,0.0,1.583
5pl7ai__9tg4wc,5pl7ai,9tg4wc,True,,1,6,0,1.0,0.0,1.0,0.0,1.583
3s33k6__74e9b9,3s33k6,74e9b9,True,,1,4,1,0.6,0.4,0.2797321379184723,0.7202678620815277,2.336498156397939
4nztw4__55lrlr,4nztw4,55lrlr,True,,3,2,0,1.0,0.0,1.0,0.0,1.583
38ox7u__2le8ou,38ox7u,2le8ou,True,,8,2,1,0.8,0.19999999999999996,0.4864778062328696,0.5135221937671304,2.102998376759123
9qpeqr__4ci3qq,9qpeqr,4ci3qq,True,,3,5,0,1.0,0.0,1.0,0.0,1.583
3s14d7__2roi15,3s14d7,2roi15,True,,3,2,2,0.16666666666666666,0.8333333333333334,0.33034081757068634,0.6696591824293137,2.3768113771374026
39ixii__3w1q69,39ixii,3w1q69,True,,3,4,0,1.0,0.0,1.0,0.0,1.583
3trvtu__8o8x6r,3trvtu,8o8x6r,True,,4,1,0,1.0,0.0,1.0,0.0,1.583
9w6hes__35wcah,9w6hes,35wcah,True,,2,7,0,1.0,0.0,1.0,0.0,1.583
1ogn2n__74h1mz,1ogn2n,74h1mz,True,,2,1,0,1.0,0.0,1.0,0.0,1.583
3nx64a__9lyefq,3nx64a,9lyefq,True,,8,5,0,1.0,0.0,1.0,0.0,1.583
4cimj6__3jlccj,4cimj6,3jlccj,True,,6,3,0,1.0,0.0,1.0,0.0,1.583
28c2ps__945did,28c2ps,945did,True,,11,2,0,1.0,0.0,1.0,0.0,1.583
16ycii__2taj6r,16ycii,2taj6r,True,,3,2,0,1.0,0.0,1.0,0.0,1.583
kbtqs__91ehis,kbtqs,91ehis,True,,3,1,0,1.0,0.0,1.0,0.0,1.583
4rox3w__96c65b,4rox3w,96c65b,True,,3,3,0,1.0,0.0,1.0,0.0,1.583
5n7669__2y262w,5n7669,2y262w,True,,2,7,0,1.0,0.0,1.0,0.0,1.583
7elq89__7f3kd4,7elq89,7f3kd4,True,,2,2,0,1.0,0.0,1.0,0.0,1.583
1vp6lj__57p8y6,1vp6lj,57p8y6,True,,2,3,0,1.0,0.0,1.0,0.0,1.583
9l331n__7rdzr3,9l331n,7rdzr3,True,,2,5,0,1.0,0.0,1.0,0.0,1.583
559e0e__5iy2i1,559e0e,5iy2i1,True,,3,2,0,1.0,0.0,1.0,0.0,1.583
9qyplw__9it4xk,9qyplw,9it4xk,True,,5,7,0,1.0,0.0,1.0,0.0,1.583
3gazqc__2xuccl,3gazqc,2xuccl,True,,7,3,0,1.0,0.0,1.0,0.0,1.583
9k62qj__2oegcg,9k62qj,2oegcg,True,,1,7,0,1.0,0.0,1.0,0.0,1.583
32imuk__1i1pzw,32imuk,1i1pzw,True,,6,1,0,1.0,0.0,1.0,0.0,1.583
9sz5ug__9wac48,9sz5ug,9wac48,True,,15,3,0,1.0,0.0,1.0,0.0,1.583
6e1xn3__79sby3,6e1xn3,79sby3,True,,6,4,0,1.0,0.0,1.0,0.0,1.583
4xthb5__4avquu,4xthb5,4avquu,True,,1,4,0,1.0,0.0,1.0,0.0,1.583
284zmy__7elq89,284zmy,7elq89,True,,3,2,0,1.0,0.0,1.0,0.0,1.583
87940j__6igjgl,87940j,6igjgl,True,,3,5,0,1.0,0.0,1.0,0.0,1.583
63apfj__3bacnm,63apfj,3bacnm,True,,1,11,0,1.0,0.0,1.0,0.0,1.583
2zbr1a__2nkzs8,2zbr1a,2nkzs8,True,,9,3,0,1.0,0.0,1.0,0.0,1.583
292658__5k3jix,292658,5k3jix,True,,3,2,1,0.6,0.4,0.3465406745672226,0.6534593254327774,2.274105664021671
5hbf44__4jinvr,5hbf44,4jinvr,True,,3,7,0,1.0,0.0,1.0,0.0,1.583
2bydfm__30cp1d,2bydfm,30cp1d,True,,5,2,0,1.0,0.0,1.0,0.0,1.583
3h4yrg__73mhgh,3h4yrg,73mhgh,True,,8,3,1,0.8181818181818182,0.18181818181818177,0.4632631577551365,0.5367368422448635,2.1210039915179326
9hfyyi__52jgnv,9hfyyi,52jgnv,True,,8,4,0,1.0,0.0,1.0,0.0,1.583
2iii5k__3wcgev,2iii5k,3wcgev,True,,4,1,0,1.0,0.0,1.0,0.0,1.583
8vxixu__956plz,8vxixu,956plz,True,,3,9,1,0.6923076923076923,0.3076923076923077,0.4356013583019376,0.5643986416980624,2.1722765068664356
9cipom__2tc9n7,9cipom,2tc9n7,True,,4,4,0,1.0,0.0,1.0,0.0,1.583
37azai__3j8e0o,37azai,3j8e0o,True,,2,3,0,1.0,0.0,1.0,0.0,1.583
jzjcn__715zpo,jzjcn,715zpo,True,,2,6,5,0.05555555555555555,0.9444444444444444,0.426841788738966,0.5731582112610341,2.309144675718902
1lsiqf__6p7qc5,1lsiqf,6p7qc5,True,,8,4,0,1.0,0.0,1.0,0.0,1.583
32yaes__7dju4w,32yaes,7dju4w,True,,4,6,1,0.8,0.19999999999999996,0.3200504332780838,0.6799495667219162,2.2584249003615975
3f4t17__23wxuw,3f4t17,23wxuw,True,,5,3,0,1.0,0.0,1.0,0.0,1.583
38ltwy__9l8w1a,38ltwy,9l8w1a,True,,1,4,0,1.0,0.0,1.0,0.0,1.583
38a945__3ushtf,38a945,3ushtf,True,,3,2,2,0.0,1.0,0.47360556821028393,0.526394431789716,2.2766997598484155
3q9994__2saoe0,3q9994,2saoe0,True,,3,8,1,0.8181818181818182,0.18181818181818177,0.3048710227012634,0.6951289772987366,2.2689264064447445
2ksl18__9acoj7,2ksl18,9acoj7,True,,3,2,0,1.0,0.0,1.0,0.0,1.583
649me2__9tbprm,649me2,9tbprm,True,,3,2,0,1.0,0.0,1.0,0.0,1.583
31c3yw__1f3zik,31c3yw,1f3zik,True,,2,2,0,1.0,0.0,1.0,0.0,1.583
zh5jb__4avquu,zh5jb,4avquu,True,,3,4,2,0.375,0.625,0.38534936867654324,0.6146506313234568,2.2833347245929763
1xujjo__8l4j56,1xujjo,8l4j56,True,,5,4,0,1.0,0.0,1.0,0.0,1.583
7u7tfv__5vlqjl,7u7tfv,5vlqjl,True,,8,4,1,0.8333333333333334,0.16666666666666663,0.42741209268569946,0.5725879073143005,2.1514231799741586
2lkxvg__2tua96,2lkxvg,2tua96,True,,1,2,0,1.0,0.0,1.0,0.0,1.583
2ncv71__8fp2sv,2ncv71,8fp2sv,True,,3,2,0,1.0,0.0,1.0,0.0,1.583
993t8d__9ncfn1,993t8d,9ncfn1,True,,11,1,0,1.0,0.0,1.0,0.0,1.583
3gx3l8__6xyxww,3gx3l8,6xyxww,True,,4,5,0,1.0,0.0,1.0,0.0,1.583
34cj0a__2duvr1,34cj0a,2duvr1,True,,1,2,0,1.0,0.0,1.0,0.0,1.583
6w6pu7__93xdyk,6w6pu7,93xdyk,True,,5,2,0,1.0,0.0,1.0,0.0,1.583
8tshzg__74cckz,8tshzg,74cckz,True,,6,4,0,1.0,0.0,1.0,0.0,1.583
2felra__64mxf8,2felra,64mxf8,True,,5,3,1,0.21428571428571427,0.7857142857142857,0.4110991954803467,0.5889008045196533,2.2917673184837613
2wbz9l__8euma2,2wbz9l,8euma2,True,,2,2,1,0.5,0.5,0.48765290156006813,0.5123470984399319,2.1625309552330525
2uot38__1pl0uq,2uot38,1pl0uq,True,,12,9,0,1.0,0.0,1.0,0.0,1.583
6xn1o1__48bj25,6xn1o1,48bj25,True,,6,2,0,1.0,0.0,1.0,0.0,1.583
5pl7ai__70vpvq,5pl7ai,70vpvq,True,,1,2,0,1.0,0.0,1.0,0.0,1.583
2zqh21__8akbpi,2zqh21,8akbpi,True,,5,2,0,1.0,0.0,1.0,0.0,1.583
4m89zm__2ybpvn,4m89zm,2ybpvn,True,,3,5,0,1.0,0.0,1.0,0.0,1.583
4zwpmm__2d9key,4zwpmm,2d9key,True,,6,6,1,0.8333333333333334,0.16666666666666663,0.40659844875335693,0.5934015512466431,2.1708610420425734
8h4jg3__96mp9b,8h4jg3,96mp9b,True,,8,4,0,1.0,0.0,1.0,0.0,1.583
8mlkeu__9plbum,8mlkeu,9plbum,True,,2,3,0,1.0,0.0,1.0,0.0,1.583
51vjpq__2ocsgx,51vjpq,2ocsgx,True,,1,7,0,1.0,0.0,1.0,0.0,1.583
7olemr__2oqf07,7olemr,2oqf07,True,,1,5,0,1.0,0.0,1.0,0.0,1.583
61d4za__64la9r,61d4za,64la9r,True,,7,2,0,1.0,0.0,1.0,0.0,1.583
5kciu8__3t239x,5kciu8,3t239x,True,,3,2,0,1.0,0.0,1.0,0.0,1.583
2rwmka__51x9fe,2rwmka,51x9fe,True,,1,8,0,1.0,0.0,1.0,0.0,1.583
8vj7lu__73b7z4,8vj7lu,73b7z4,True,,4,8,0,1.0,0.0,1.0,0.0,1.583
3cdwnl__20c8ma,3cdwnl,20c8ma,True,,4,4,0,1.0,0.0,1.0,0.0,1.583
1sph3h__79yksa,1sph3h,79yksa,True,,6,7,0,1.0,0.0,1.0,0.0,1.583
8kpdqh__2x35k5,8kpdqh,2x35k5,True,,10,3,0,1.0,0.0,1.0,0.0,1.583
6delln__6hia04,6delln,6hia04,True,,1,2,0,1.0,0.0,1.0,0.0,1.583
8lsqpq__784qn0,8lsqpq,784qn0,True,,2,3,0,1.0,0.0,1.0,0.0,1.583
8m2agq__8x8cz3,8m2agq,8x8cz3,True,,1,2,0,1.0,0.0,1.0,0.0,1.583
1aya01__2zyy8b,1aya01,2zyy8b,True,,1,3,0,1.0,0.0,1.0,0.0,1.583
2tgsnn__2a0o0r,2tgsnn,2a0o0r,True,,7,4,0,1.0,0.0,1.0,0.0,1.583
30ttev__57brla,30ttev,57brla,True,,4,2,0,1.0,0.0,1.0,0.0,1.583
9cm1xn__9r4kgf,9cm1xn,9r4kgf,True,,6,9,0,1.0,0.0,1.0,0.0,1.583
6hif0h__9mj0b1,6hif0h,9mj0b1,True,,2,1,1,0.3333333333333333,0.6666666666666667,0.4537338577210903,0.5462661422789097,2.2278912836076072
75rxa9__7fen5q,75rxa9,7fen5q,True,,1,3,0,1.0,0.0,1.0,0.0,1.583
2smap3__9xu9kc,2smap3,9xu9kc,True,,9,2,0,1.0,0.0,1.0,0.0,1.583
27u6yl__1m5ee5,27u6yl,1m5ee5,True,,4,3,1,0.7142857142857143,0.2857142857142857,0.3649906516075134,0.6350093483924866,2.2337780876066002
4qihsh__3zt1ue,4qihsh,3zt1ue,True,,1,2,0,1.0,0.0,1.0,0.0,1.583
8id7gl__1csjmk,8id7gl,1csjmk,True,,4,11,0,1.0,0.0,1.0,0.0,1.583
4a6dmz__5tie6d,4a6dmz,5tie6d,True,,4,1,0,1.0,0.0,1.0,0.0,1.583
31nkew__2oe8fw,31nkew,2oe8fw,True,,2,9,0,1.0,0.0,1.0,0.0,1.583
4jd9g4__94g1p3,4jd9g4,94g1p3,True,,5,2,1,0.7142857142857143,0.2857142857142857,0.2718578428030014,0.7281421571969986,2.320754817749134
7i40rq__9ebhb4,7i40rq,9ebhb4,True,,4,2,0,1.0,0.0,1.0,0.0,1.583
3n6eh5__1ayq7j,3n6eh5,1ayq7j,True,,8,6,2,0.6666666666666666,0.33333333333333337,0.326445110142231,0.673554889857769,2.279399578304837
349uo7__5u512v,349uo7,5u512v,True,,3,5,0,1.0,0.0,1.0,0.0,1.583
57jw2n__3in6zf,57jw2n,3in6zf,True,,6,12,4,0.4166666666666667,0.5833333333333333,0.48049706825986505,0.519502931740135,2.1860554546187787
90of93__3o5s7a,90of93,3o5s7a,True,,1,2,0,1.0,0.0,1.0,0.0,1.583
2gxmbg__31g1hz,2gxmbg,31g1hz,True,,1,4,0,1.0,0.0,1.0,0.0,1.583
6hkxu5__7cdv13,6hkxu5,7cdv13,True,,6,7,0,1.0,0.0,1.0,0.0,1.583
4jtj8f__773ra5,4jtj8f,773ra5,True,,7,2,0,1.0,0.0,1.0,0.0,1.583
9dedzw__3sxj0g,9dedzw,3sxj0g,True,,8,3,0,1.0,0.0,1.0,0.0,1.583
993t8d__3p0v6c,993t8d,3p0v6c,True,,11,3,0,1.0,0.0,1.0,0.0,1.583
8a5vdu__5m49bb,8a5vdu,5m49bb,True,,5,8,0,1.0,0.0,1.0,0.0,1.583
9jhh2j__14gl0x,9jhh2j,14gl0x,True,,7,6,6,0.10714285714285714,0.8928571428571429,0.40039340189347666,0.5996065981065233,2.3234190305431106
2b3qhr__898beq,2b3qhr,898beq,True,,3,5,0,1.0,0.0,1.0,0.0,1.583
5hvr6z__4h4iva,5hvr6z,4h4iva,True,,14,8,2,0.782608695652174,0.21739130434782605,0.35755207017064095,0.642447929829359,2.226916904276334
3loeox__9rj4y8,3loeox,9rj4y8,True,,3,4,0,1.0,0.0,1.0,0.0,1.583
6dkblo__8548g1,6dkblo,8548g1,True,,5,4,1,0.7777777777777778,0.2222222222222222,0.39653194695711136,0.6034680530428886,2.191489925847865
3m1dy9__99iph6,3m1dy9,99iph6,True,,4,7,0,1.0,0.0,1.0,0.0,1.583
8i8nij__4wj8o9,8i8nij,4wj8o9,True,,2,1,1,0.3333333333333333,0.6666666666666667,0.35317298769950867,0.6468270123004913,2.321805080120762
36keq8__38g8k8,36keq8,38g8k8,True,,6,3,0,1.0,0.0,1.0,0.0,1.583
1nd2ly__2oo217,1nd2ly,2oo217,True,,4,4,3,0.18181818181818182,0.8181818181818181,0.48201731344064075,0.5179826865593593,2.232098576432331
97i0m9__8ab942,97i0m9,8ab942,True,,3,2,0,1.0,0.0,1.0,0.0,1.583
761nfe__1a5uar,761nfe,1a5uar,True,,4,2,0,1.0,0.0,1.0,0.0,1.583
8m2agq__3m5vxu,8m2agq,3m5vxu,True,,1,2,1,0.0,1.0,0.3662251681089401,0.6337748318910599,2.376982315503061
3aok62__9lthq3,3aok62,9lthq3,True,,3,7,1,0.8,0.19999999999999996,0.43913428112864494,0.5608657188713551,2.1472124948539584
2wbbiz__6nujqy,2wbbiz,6nujqy,True,,2,5,0,1.0,0.0,1.0,0.0,1.583
8bzldl__78pm42,8bzldl,78pm42,True,,5,2,0,1.0,0.0,1.0,0.0,1.583
4sk860__8u1c28,4sk860,8u1c28,True,,3,1,0,1.0,0.0,1.0,0.0,1.583
9hls5y__3abcyg,9hls5y,3abcyg,True,,4,4,0,1.0,0.0,1.0,0.0,1.583
3vutag__9gc311,3vutag,9gc311,True,,5,6,4,0.17647058823529413,0.8235294117647058,0.34835722111165524,0.6516427788883448,2.358004485321472
2tlxmo__3e1c65,2tlxmo,3e1c65,True,,5,2,0,1.0,0.0,1.0,0.0,1.583
3vwv2k__9498tg,3vwv2k,9498tg,True,,5,1,0,1.0,0.0,1.0,0.0,1.583
5gp15g__14xeqc,5gp15g,14xeqc,True,,2,2,1,0.5,0.5,0.2870640307664871,0.7129359692335129,2.349860901667178
9sf4zz__3azvkf,9sf4zz,3azvkf,True,,4,8,0,1.0,0.0,1.0,0.0,1.583
6xvtcj__4k5b91,6xvtcj,4k5b91,True,,2,3,1,0.3333333333333333,0.6666666666666667,0.298141285777092,0.701858714222908,2.373199186546107
8jdjf5__2e5m9c,8jdjf5,2e5m9c,True,,8,5,0,1.0,0.0,1.0,0.0,1.583
3rlx0o__9qd66l,3rlx0o,9qd66l,True,,10,3,0,1.0,0.0,1.0,0.0,1.583
3w1w2t__2oe8fw,3w1w2t,2oe8fw,True,,4,9,0,1.0,0.0,1.0,0.0,1.583
39xm8q__5v2ywe,39xm8q,5v2ywe,True,,3,3,0,1.0,0.0,1.0,0.0,1.583
92e43u__2jqncx,92e43u,2jqncx,True,,7,2,0,1.0,0.0,1.0,0.0,1.583
960vyx__58o17e,960vyx,58o17e,True,,3,2,0,1.0,0.0,1.0,0.0,1.583
3754h8__3hnqmi,3754h8,3hnqmi,True,,5,3,0,1.0,0.0,1.0,0.0,1.583
286z6j__9wtpuv,286z6j,9wtpuv,True,,3,2,0,1.0,0.0,1.0,0.0,1.583
9q7tcb__464mnd,9q7tcb,464mnd,True,,4,6,0,1.0,0.0,1.0,0.0,1.583
3cvaqz__9xx3b6,3cvaqz,9xx3b6,True,,1,4,0,1.0,0.0,1.0,0.0,1.583
z6flv__3n0qoe,z6flv,3n0qoe,True,,3,3,0,1.0,0.0,1.0,0.0,1.583
1z29b1__3hx1wg,1z29b1,3hx1wg,True,,1,3,1,0.5,0.5,0.15848606824874878,0.8415139317512512,2.4699398608624934
9p7oqm__9cnu2b,9p7oqm,9cnu2b,True,,1,4,0,1.0,0.0,1.0,0.0,1.583
1owz1v__9j7m7t,1owz1v,9j7m7t,True,,2,3,0,1.0,0.0,1.0,0.0,1.583
1g3wlu__6m2npm,1g3wlu,6m2npm,True,,2,5,1,0.7142857142857143,0.2857142857142857,0.42236507683992386,0.5776349231600761,2.180196111882052
6yrft1__5ce26x,6yrft1,5ce26x,True,,4,4,4,0.0,1.0,0.4362676376476884,0.5637323623523116,2.3115696532008236
14vi0r__6ts0ip,14vi0r,6ts0ip,True,,6,8,2,0.6666666666666666,0.33333333333333337,0.31633440405130386,0.6836655959486961,2.2888419667231537
9jhlhr__2yvonh,9jhlhr,2yvonh,True,,10,3,0,1.0,0.0,1.0,0.0,1.583
3th0p6__21jpga,3th0p6,21jpga,True,,4,3,2,0.5,0.5,0.30244170501828194,0.6975582949817181,2.3354996916834265
5o26o4__9e91ud,5o26o4,9e91ud,True,,4,5,1,0.6,0.4,0.36769234761595726,0.6323076523840427,2.2543521165614573
14xeqc__6zdn9g,14xeqc,6zdn9g,True,,2,1,0,1.0,0.0,1.0,0.0,1.583
f0ki9__9kldph,f0ki9,9kldph,True,,6,7,0,1.0,0.0,1.0,0.0,1.583
6uiiye__2pno1q,6uiiye,2pno1q,True,,5,9,3,0.47058823529411764,0.5294117647058824,0.31015418469905853,0.6898458153009415,2.334241124556608
6xnzf1__9h0bo6,6xnzf1,9h0bo6,True,,3,4,1,0.5,0.5,0.3939865864813328,0.6060134135186672,2.250005926885083
8iq3ls__6w7mzq,8iq3ls,6w7mzq,True,,4,2,1,0.6666666666666666,0.33333333333333337,0.22811421751976013,0.7718857824802399,2.3712307989249624
9bzxow__95rq1u,9bzxow,95rq1u,True,,4,5,0,1.0,0.0,1.0,0.0,1.583
394m5v__8s3i68,394m5v,8s3i68,True,,4,5,0,1.0,0.0,1.0,0.0,1.583
20lmoe__2fyek2,20lmoe,2fyek2,True,,4,4,0,1.0,0.0,1.0,0.0,1.583
8i9lfg__3bioza,8i9lfg,3bioza,True,,5,2,0,1.0,0.0,1.0,0.0,1.583
6tf75v__522cj6,6tf75v,522cj6,True,,1,3,0,1.0,0.0,1.0,0.0,1.583
w8jwe__3s6jaa,w8jwe,3s6jaa,True,,5,8,0,1.0,0.0,1.0,0.0,1.583
9eqmb2__5e7etd,9eqmb2,5e7etd,True,,3,2,0,1.0,0.0,1.0,0.0,1.583
fvisl__4sku5w,fvisl,4sku5w,True,,2,2,0,1.0,0.0,1.0,0.0,1.583
2khn79__3rsfam,2khn79,3rsfam,True,,4,5,0,1.0,0.0,1.0,0.0,1.583
9s7egf__4dbk47,9s7egf,4dbk47,True,,6,1,1,0.7142857142857143,0.2857142857142857,0.3244837373495102,0.6755162626504898,2.2716074948321494
z02wk__6gkx9b,z02wk,6gkx9b,True,,4,1,0,1.0,0.0,1.0,0.0,1.583
3j0u42__1ny7ji,3j0u42,1ny7ji,True,,2,2,1,0.5,0.5,0.327297642827034,0.672702357172966,2.312286731363833
31a9zh__40bls2,31a9zh,40bls2,True,,3,7,0,1.0,0.0,1.0,0.0,1.583
3i4c2g__9u0y0n,3i4c2g,9u0y0n,True,,6,1,0,1.0,0.0,1.0,0.0,1.583
2a8kf2__3gqkb2,2a8kf2,3gqkb2,True,,3,2,1,0.6,0.4,0.3689570873975754,0.6310429126024246,2.2531709760794043
2lu4ek__3rbvjp,2lu4ek,3rbvjp,True,,1,11,0,1.0,0.0,1.0,0.0,1.583
1fiqsd__9k1jfq,1fiqsd,9k1jfq,True,,2,8,0,1.0,0.0,1.0,0.0,1.583
8w8rpi__2v7h2h,8w8rpi,2v7h2h,True,,4,2,0,1.0,0.0,1.0,0.0,1.583
3uuczw__2pdv0n,3uuczw,2pdv0n,True,,2,6,0,1.0,0.0,1.0,0.0,1.583
36hncq__3d68qz,36hncq,3d68qz,True,,1,1,0,1.0,0.0,1.0,0.0,1.583
87b09y__3k95vb,87b09y,3k95vb,True,,1,10,0,1.0,0.0,1.0,0.0,1.583
31cpdu__2ut4i7,31cpdu,2ut4i7,True,,3,2,0,1.0,0.0,1.0,0.0,1.583
9x2xp8__43p879,9x2xp8,43p879,True,,4,6,0,1.0,0.0,1.0,0.0,1.583
2kbyqy__6dlidz,2kbyqy,6dlidz,True,,7,2,0,1.0,0.0,1.0,0.0,1.583
2fa484__5lhcvq,2fa484,5lhcvq,True,,3,4,0,1.0,0.0,1.0,0.0,1.583
3dcau9__2xurfn,3dcau9,2xurfn,True,,3,3,0,1.0,0.0,1.0,0.0,1.583
9hls5y__32onku,9hls5y,32onku,True,,4,3,0,1.0,0.0,1.0,0.0,1.583
2afrgf__90vqpv,2afrgf,90vqpv,True,,5,2,0,1.0,0.0,1.0,0.0,1.583
2932q1__7ghfws,2932q1,7ghfws,True,,5,5,3,0.3076923076923077,0.6923076923076923,0.36426133289933205,0.635738667100668,2.3166317258206983
6iaas5__6it3bu,6iaas5,6it3bu,True,,5,11,0,1.0,0.0,1.0,0.0,1.583
9gfoe6__6mpxwl,9gfoe6,6mpxwl,True,,1,3,0,1.0,0.0,1.0,0.0,1.583
3lclh1__4ul2su,3lclh1,4ul2su,True,,7,1,1,0.75,0.25,0.3511895537376404,0.6488104462623596,2.2394490757644174
1uiuej__5mg22i,1uiuej,5mg22i,True,,3,1,0,1.0,0.0,1.0,0.0,1.583
3cn0dn__3k4gc2,3cn0dn,3k4gc2,True,,2,3,0,1.0,0.0,1.0,0.0,1.583
3mvzcg__2sg35y,3mvzcg,2sg35y,True,,4,2,0,1.0,0.0,1.0,0.0,1.583
5im7lt__5iys4x,5im7lt,5iys4x,True,,5,4,0,1.0,0.0,1.0,0.0,1.583
71y4jw__9q5dlp,71y4jw,9q5dlp,True,,3,3,0,1.0,0.0,1.0,0.0,1.583
7i40rq__1a8s1t,7i40rq,1a8s1t,True,,4,3,0,1.0,0.0,1.0,0.0,1.583
4xfh51__y42hw,4xfh51,y42hw,True,,7,2,0,1.0,0.0,1.0,0.0,1.583
4r20sf__6a0n8r,4r20sf,6a0n8r,True,,1,6,1,0.7142857142857143,0.2857142857142857,0.30745571851730347,0.6925442814826965,2.2875099616195476
2tslg1__3hi00e,2tslg1,3hi00e,True,,1,3,0,1.0,0.0,1.0,0.0,1.583
3ivtdu__1w5nm0,3ivtdu,1w5nm0,True,,3,3,0,1.0,0.0,1.0,0.0,1.583
5tv8s5__37nyeh,5tv8s5,37nyeh,True,,4,5,0,1.0,0.0,1.0,0.0,1.583
4kd4yu__9lgt6w,4kd4yu,9lgt6w,True,,7,5,5,0.09090909090909091,0.9090909090909091,0.4240382494671004,0.5759617505328996,2.3046179515499476
1ddn51__63qo85,1ddn51,63qo85,True,,3,2,1,0.6,0.4,0.23613125085830688,0.7638687491416931,2.3772170248234272
2uk639__6q1lm3,2uk639,6q1lm3,True,,5,3,0,1.0,0.0,1.0,0.0,1.583
3a86wi__8mlkeu,3a86wi,8mlkeu,True,,4,2,0,1.0,0.0,1.0,0.0,1.583
6zuvan__6jh975,6zuvan,6jh975,True,,3,3,0,1.0,0.0,1.0,0.0,1.583
2tvjbb__3tqjke,2tvjbb,3tqjke,True,,1,4,0,1.0,0.0,1.0,0.0,1.583
3jgl49__7y4h0z,3jgl49,7y4h0z,True,,5,8,0,1.0,0.0,1.0,0.0,1.583
3agprf__77hyq7,3agprf,77hyq7,True,,4,4,0,1.0,0.0,1.0,0.0,1.583
8ivqvf__3bmh8z,8ivqvf,3bmh8z,True,,5,1,0,1.0,0.0,1.0,0.0,1.583
3e3nt2__2j25v0,3e3nt2,2j25v0,True,,3,4,0,1.0,0.0,1.0,0.0,1.583
3bjrbl__9268xx,3bjrbl,9268xx,True,,3,6,0,1.0,0.0,1.0,0.0,1.583
2sy4o5__10eqw5,2sy4o5,10eqw5,True,,4,1,0,1.0,0.0,1.0,0.0,1.583
1mvj6s__2bngcd,1mvj6s,2bngcd,True,,6,2,0,1.0,0.0,1.0,0.0,1.583
1ajynt__9hmz5e,1ajynt,9hmz5e,True,,4,4,2,0.4444444444444444,0.5555555555555556,0.3098452314734459,0.6901547685265541,2.3398133161047268
x4fx5__14gi5b,x4fx5,14gi5b,True,,3,3,0,1.0,0.0,1.0,0.0,1.583
35b5jv__9p10pa,35b5jv,9p10pa,True,,1,4,0,1.0,0.0,1.0,0.0,1.583
91p9tw__2vrrcv,91p9tw,2vrrcv,True,,4,6,0,1.0,0.0,1.0,0.0,1.583
36cg87__6p5c81,36cg87,6p5c81,True,,7,4,0,1.0,0.0,1.0,0.0,1.583
3fynsr__3l7r15,3fynsr,3l7r15,True,,1,2,0,1.0,0.0,1.0,0.0,1.583
2xbax3__4lo8b3,2xbax3,4lo8b3,True,,7,1,0,1.0,0.0,1.0,0.0,1.583
42ymiq__79kv3r,42ymiq,79kv3r,True,,4,7,3,0.23529411764705882,0.7647058823529411,0.3906741673126817,0.6093258326873183,2.306596453970216
4yus94__3m71t9,4yus94,3m71t9,True,,3,7,0,1.0,0.0,1.0,0.0,1.583
8t5sww__3cd5zk,8t5sww,3cd5zk,True,,6,1,0,1.0,0.0,1.0,0.0,1.583
2b5jwn__8wo714,2b5jwn,8wo714,True,,2,2,0,1.0,0.0,1.0,0.0,1.583
2trbm7__3spsmc,2trbm7,3spsmc,True,,1,9,0,1.0,0.0,1.0,0.0,1.583
tt6a4__9bq118,tt6a4,9bq118,True,,10,3,0,1.0,0.0,1.0,0.0,1.583
3pf2yi__7gpfjz,3pf2yi,7gpfjz,True,,1,9,0,1.0,0.0,1.0,0.0,1.583
8igmqj__9wtpuv,8igmqj,9wtpuv,True,,1,2,0,1.0,0.0,1.0,0.0,1.583
36270l__53dwv5,36270l,53dwv5,True,,4,1,0,1.0,0.0,1.0,0.0,1.583
8ty4f6__6pqc9f,8ty4f6,6pqc9f,True,,3,8,0,1.0,0.0,1.0,0.0,1.583
4tyhy1__8p6hrt,4tyhy1,8p6hrt,True,,4,4,1,0.75,0.25,0.4429566450417042,0.5570433549582958,2.1537477891955525
89d67r__5x6y9g,89d67r,5x6y9g,True,,3,2,0,1.0,0.0,1.0,0.0,1.583
3rziy3__6ozm0x,3rziy3,6ozm0x,True,,3,1,0,1.0,0.0,1.0,0.0,1.583
7cbpqq__7k3f2d,7cbpqq,7k3f2d,True,,1,3,0,1.0,0.0,1.0,0.0,1.583
3gva1a__5fhgl8,3gva1a,5fhgl8,True,,8,5,0,1.0,0.0,1.0,0.0,1.583
31l0p1__3n43a5,31l0p1,3n43a5,True,,6,5,0,1.0,0.0,1.0,0.0,1.583
3ru8aa__34sehe,3ru8aa,34sehe,True,,3,2,0,1.0,0.0,1.0,0.0,1.583
53azlv__55qtuc,53azlv,55qtuc,True,,5,3,1,0.75,0.25,0.41278450191020966,0.5872154980897903,2.181925553666055
2zxd9r__274ioe,2zxd9r,274ioe,True,,3,3,1,0.6666666666666666,0.33333333333333337,0.37076203525066376,0.6292379647493362,2.2380120019460716
8iuy3n__5o26o4,8iuy3n,5o26o4,True,,2,4,1,0.6666666666666666,0.33333333333333337,0.39202721416950226,0.6079727858304977,2.2181524513537685
74gbs9__1pl0uq,74gbs9,1pl0uq,True,,8,9,0,1.0,0.0,1.0,0.0,1.583
35ms5u__77e9rg,35ms5u,77e9rg,True,,7,5,0,1.0,0.0,1.0,0.0,1.583
3ipacg__2d16cx,3ipacg,2d16cx,True,,6,2,0,1.0,0.0,1.0,0.0,1.583
5erifr__8njvt9,5erifr,8njvt9,True,,3,5,1,0.75,0.25,0.4286790117621422,0.5713209882378578,2.1670816709153353
2yzsid__58364e,2yzsid,58364e,True,,4,6,1,0.8,0.19999999999999996,0.20636451244354248,0.7936354875564575,2.3645961818289756
2j4thz__1t0fe5,2j4thz,1t0fe5,True,,3,4,0,1.0,0.0,1.0,0.0,1.583
51oyld__8e4b1z,51oyld,8e4b1z,True,,2,6,0,1.0,0.0,1.0,0.0,1.583
2w82tx__83l8xu,2w82tx,83l8xu,True,,2,2,0,1.0,0.0,1.0,0.0,1.583
9spqmb__95q9w6,9spqmb,95q9w6,True,,3,5,1,0.75,0.25,0.43602942675352097,0.563970573246479,2.1602171183548866
3cl9d7__3pw8fz,3cl9d7,3pw8fz,True,,5,8,1,0.8461538461538461,0.15384615384615385,0.4136466458439827,0.5863533541560173,2.161687705138612
31e6tb__1q3p9l,31e6tb,1q3p9l,True,,2,16,0,1.0,0.0,1.0,0.0,1.583
6e8ksl__34s0so,6e8ksl,34s0so,True,,6,2,0,1.0,0.0,1.0,0.0,1.583
6htdd2__9u8rh4,6htdd2,9u8rh4,True,,2,1,0,1.0,0.0,1.0,0.0,1.583
28oztj__96mf2i,28oztj,96mf2i,True,,4,2,1,0.6666666666666666,0.33333333333333337,0.4265037328004837,0.5734962671995163,2.185954830604295
55bm5v__13z3k5,55bm5v,13z3k5,True,,5,7,0,1.0,0.0,1.0,0.0,1.583
318ihl__5i4z9r,318ihl,5i4z9r,True,,7,1,0,1.0,0.0,1.0,0.0,1.583
99hgal__874lyi,99hgal,874lyi,True,,1,2,0,1.0,0.0,1.0,0.0,1.583
3ahbvm__583t45,3ahbvm,583t45,True,,2,4,0,1.0,0.0,1.0,0.0,1.583
3pvxp9__4fvp9k,3pvxp9,4fvp9k,True,,4,10,1,0.8571428571428571,0.1428571428571429,0.3260973393917084,0.6739026606082916,2.241229123313512
26d3dg__1khp1i,26d3dg,1khp1i,True,,3,2,1,0.6,0.4,0.2721225172281265,0.7278774827718735,2.3436047811606526
8ftuku__4uxoo7,8ftuku,4uxoo7,True,,2,8,0,1.0,0.0,1.0,0.0,1.583
8mjrn8__23kgs6,8mjrn8,23kgs6,True,,4,1,0,1.0,0.0,1.0,0.0,1.583
7djgex__8mswy3,7djgex,8mswy3,True,,3,6,0,1.0,0.0,1.0,0.0,1.583
2w2hxz__3g9rgq,2w2hxz,3g9rgq,True,,6,3,0,1.0,0.0,1.0,0.0,1.583
9x4par__5ykg8n,9x4par,5ykg8n,True,,4,4,0,1.0,0.0,1.0,0.0,1.583
71tjsb__9rywki,71tjsb,9rywki,True,,4,2,0,1.0,0.0,1.0,0.0,1.583
6ia6lc__2obo7a,6ia6lc,2obo7a,True,,1,1,0,1.0,0.0,1.0,0.0,1.583
3n1few__2iy93u,3n1few,2iy93u,True,,4,3,0,1.0,0.0,1.0,0.0,1.583
4jtj8f__77b18y,4jtj8f,77b18y,True,,7,6,1,0.8461538461538461,0.15384615384615385,0.2908090651035309,0.7091909348964691,2.2764057217921203
3bfs0r__9wjit0,3bfs0r,9wjit0,True,,1,2,0,1.0,0.0,1.0,0.0,1.583
8c2p3v__2gbobw,8c2p3v,2gbobw,True,,2,2,0,1.0,0.0,1.0,0.0,1.583
115ils__78mc4g,115ils,78mc4g,True,,5,5,0,1.0,0.0,1.0,0.0,1.583
3j0u42__3ushtf,3j0u42,3ushtf,True,,2,2,1,0.5,0.5,0.3827880471944809,0.6172119528055191,2.2604642427250745
5gtirw__93zh2g,5gtirw,93zh2g,True,,5,3,1,0.5555555555555556,0.4444444444444444,0.2417578250169754,0.7582421749830246,2.3809445894388688
2vi5q5__9ozr79,2vi5q5,9ozr79,True,,1,3,1,0.5,0.5,0.34570135176181793,0.6542986482381821,2.2950995075896383
3al372__17qlgo,3al372,17qlgo,True,,7,4,3,0.35714285714285715,0.6428571428571428,0.37029921760161716,0.6297007823983829,2.3009989892532783
1zhi66__8628eg,1zhi66,8628eg,True,,2,6,0,1.0,0.0,1.0,0.0,1.583
4h2c45__9hdrqu,4h2c45,9hdrqu,True,,1,2,0,1.0,0.0,1.0,0.0,1.583
27u9a7__9ppy1l,27u9a7,9ppy1l,True,,2,9,0,1.0,0.0,1.0,0.0,1.583
38e99v__37i3s7,38e99v,37i3s7,True,,5,3,0,1.0,0.0,1.0,0.0,1.583
9gf8kg__3qjotl,9gf8kg,3qjotl,True,,6,2,0,1.0,0.0,1.0,0.0,1.583
32hnox__1qcx19,32hnox,1qcx19,True,,5,1,0,1.0,0.0,1.0,0.0,1.583
94b930__3kwmv7,94b930,3kwmv7,True,,2,6,0,1.0,0.0,1.0,0.0,1.583
8kywb3__3n0qoe,8kywb3,3n0qoe,True,,3,3,0,1.0,0.0,1.0,0.0,1.583
n0v7a__5lcpsf,n0v7a,5lcpsf,True,,2,10,2,0.3939393939393939,0.6060606060606061,0.38946657654430183,0.6105334234556982,2.275662012650125
2w5gbx__91dtox,2w5gbx,91dtox,True,,5,2,0,1.0,0.0,1.0,0.0,1.583
3mip0m__4yl99e,3mip0m,4yl99e,True,,3,4,0,1.0,0.0,1.0,0.0,1.583
1p5yq7__3hsvoa,1p5yq7,3hsvoa,True,,4,6,0,1.0,0.0,1.0,0.0,1.583
6vsic0__3cdsoc,6vsic0,3cdsoc,True,,4,2,2,0.2857142857142857,0.7142857142857143,0.3314123973250389,0.6685876026749611,2.351751104995289
3m49uf__3rnkrs,3m49uf,3rnkrs,True,,5,4,0,1.0,0.0,1.0,0.0,1.583
3iw836__8o7cco,3iw836,8o7cco,True,,4,3,0,1.0,0.0,1.0,0.0,1.583
6tp6ua__8u474j,6tp6ua,8u474j,True,,1,3,0,1.0,0.0,1.0,0.0,1.583
